﻿序號,縣市別代碼,機關代碼,市話,傳真,年,月,日,時,分,縣市,區,死亡數量,受傷數量,2-30,天候,道路照明設備,道路類別,道路速限,道路型態,事故位置,路面鋪裝,路面狀態,路面缺陷,障礙物,視距,號誌種類,號誌動作,分向設施,快車道或一般車道間,快慢車道間,路面邊線,事故類型及型態,受傷程度,主要傷處,保護裝備,行動電話或功能裝置,當事者區分_類別,車輛用途,當事者行動狀態,駕照狀態,駕照種類,飲酒情形,車輛撞擊部位最初,車輛撞擊部位其他,肇事因素個別,肇事因素主要,肇事逃逸,職業,共享經濟或外送平台,GPS座標X,GPS座標Y,事故類別
453,66000,387130000C,(04)23274275,(04)23288582,2025,09,2,8,30,臺中市,北屯區,0,0,0,7,,,50,,,,,,,,,,,,,,17,,,,,C03,,,3,,2,,,84,84,1,12,4,120.682889,24.193579,3
454,66000,387130000C,(04)23274275,(04)23288582,2025,09,2,8,36,臺中市,東區,0,0,0,6,,,50,,,,,,,,,,,,,,,,,,,B03,,,1,,1,,,50,50,1,12,4,120.694793,24.146401,3
455,66000,387130000C,(04)23274275,(04)23288582,2025,09,2,8,37,臺中市,西屯區,0,1,0,7,2,3,80,13,9,1,5,4,6,6,4,4,5,4,5,2,13,3,10,3,1,B03,7,9,1,8,2,1,,7,7,1,12,4,120.656182,24.199924,2
456,66000,387130000C,(04)23274275,(04)23288582,2025,09,2,8,45,臺中市,北屯區,0,0,0,7,,,50,,,,,,,,,,,,,,13,,,,,B03,,,1,,1,,,59,59,1,12,4,120.719424,24.162885,3
457,66000,387130000C,(04)23274275,(04)23288582,2025,09,2,8,51,臺中市,西區,0,0,0,7,,,50,,,,,,,,,,,,,,17,,,,,B03,,,1,,1,,,7,7,1,12,4,120.65777,24.15806,3
458,66000,387130000C,(04)23274275,(04)23288582,2025,09,2,8,52,臺中市,西區,0,2,0,7,2,6,50,4,1,1,5,4,6,6,4,4,10,5,5,2,17,2,9,1,1,C03,7,6,1,10,2,11,,39,39,1,12,4,120.655243,24.138352,2
459,66000,387130000C,(04)23274275,(04)23288582,2025,09,2,8,53,臺中市,西屯區,0,2,0,7,2,6,50,3,1,1,5,4,6,6,1,1,10,5,5,2,17,2,9,5,4,C03,7,9,1,10,2,11,,21,21,1,12,4,120.647847,24.196114,2
460,66000,387130000C,(04)23274275,(04)23288582,2025,09,2,8,56,臺中市,西屯區,0,1,0,7,2,6,50,3,1,1,5,4,6,6,4,4,10,5,5,2,17,2,9,5,4,C03,7,1,1,10,2,14,,51,51,1,13,4,120.651904,24.163654,2
461,66000,387130000C,(04)23274275,(04)23288582,2025,09,2,8,56,臺中市,神岡區,0,1,0,6,1,6,50,3,1,1,5,4,1,6,4,4,1,5,4,1,13,2,9,1,1,C03,7,9,1,10,2,11,,84,84,1,12,4,120.707659,24.258036,2
462,66000,387130000C,(04)23274275,(04)23288582,2025,09,2,9,2,臺中市,北區,0,1,0,7,2,6,50,4,2,1,5,4,6,6,2,1,10,5,5,2,12,2,9,2,1,C03,7,9,1,10,2,12,,84,84,1,13,4,120.673735,24.164806,2
463,66000,387130000C,(04)23274275,(04)23288582,2025,09,2,9,5,臺中市,東區,0,2,0,7,1,6,50,4,1,1,5,4,6,6,1,1,10,5,5,2,17,2,9,1,1,C03,7,6,1,10,2,11,,11,11,1,12,4,120.689069,24.134083,2
464,66000,387130000C,(04)23274275,(04)23288582,2025,09,2,9,6,臺中市,太平區,0,0,0,7,,,50,,,,,,,,,,,,,,,,,,,B03,,,1,,2,,,76,76,1,12,4,120.72507,24.144142,4
465,66000,387130000C,(04)23274275,(04)23288582,2025,09,2,9,7,臺中市,霧峰區,0,1,0,7,2,6,30,5,9,1,5,4,6,2,4,4,10,5,5,1,17,2,9,5,4,C03,7,9,1,10,2,16,,6,6,1,12,4,120.664605,24.051887,2
466,66000,387130000C,(04)23274275,(04)23288582,2025,09,2,9,10,臺中市,大里區,0,0,0,7,3,6,50,4,4,1,5,4,6,6,1,1,5,5,5,2,13,,,,,B03,,,1,,2,,,84,84,1,12,4,120.682797,24.106266,3
467,66000,387130000C,(04)23274275,(04)23288582,2025,09,2,9,16,臺中市,西屯區,0,0,0,7,,,50,,,,,,,,,,,,,,14,,,,,B03,,,1,,1,,,49,49,1,12,4,120.655725,24.173551,3
468,66000,387130000C,(04)23274275,(04)23288582,2025,09,2,9,18,臺中市,大雅區,1,1,0,7,3,6,50,3,1,1,5,4,6,6,4,4,10,5,5,2,16,1,9,2,4,C03,7,9,1,10,9,11,,4,4,1,13,4,120.624083,24.209466,1
469,66000,387130000C,(04)23274275,(04)23288582,2025,09,2,9,21,臺中市,西屯區,0,1,0,7,2,6,30,5,1,1,5,4,6,6,4,4,10,5,5,2,15,2,9,2,1,C03,7,9,1,10,2,11,,15,15,1,12,4,120.650295,24.166057,2
470,66000,387130000C,(04)23274275,(04)23288582,2025,09,2,9,23,臺中市,東區,0,1,0,7,3,6,50,4,9,1,5,4,6,6,3,1,5,5,5,2,18,2,9,5,4,C03,7,9,1,10,2,16,,84,84,1,6,4,120.687264,24.140116,2
471,66000,387130000C,(04)23274275,(04)23288582,2025,09,2,9,26,臺中市,北屯區,0,0,0,7,,3,80,,,,,,,,,,,,,,20,,,,,B03,,,1,,2,,,59,59,1,12,4,120.684969,24.201052,3
472,66000,387130000C,(04)23274275,(04)23288582,2025,09,2,9,27,臺中市,大雅區,0,0,0,6,,,30,,,,,,,,,,,,,,,,,,,B12,,,1,,2,,,49,49,1,12,4,120.653237,24.227529,3
473,66000,387130000C,(04)23274275,(04)23288582,2025,09,2,9,28,臺中市,北區,0,0,0,7,,,50,,,,,,,,,,,,,,17,,,,,C03,,,1,,9,,,8,8,2,13,4,120.679238,24.156863,3
474,66000,387130000C,(04)23274275,(04)23288582,2025,09,2,9,30,臺中市,北區,0,0,0,7,,,50,,,,,,,,,,,,,,14,,,,,B03,,,1,,1,,,84,84,1,13,4,120.67456,24.15143,3
475,66000,387130000C,(04)23274275,(04)23288582,2025,09,2,9,34,臺中市,豐原區,0,2,0,6,2,6,30,11,9,1,5,4,6,6,4,4,5,5,5,1,12,3,10,3,1,B03,7,9,1,8,2,2,,84,84,1,12,4,120.750222,24.25585,2
476,66000,387130000C,(04)23274275,(04)23288582,2025,09,2,9,36,臺中市,南屯區,0,1,0,7,3,6,50,3,2,1,5,4,6,6,4,4,5,5,5,2,17,3,10,3,1,B03,7,13,1,8,2,4,,76,76,1,12,4,120.651373,24.140984,2
477,66000,387130000C,(04)23274275,(04)23288582,2025,09,2,9,37,臺中市,西屯區,0,0,0,7,,,50,,,,,,,,,,,,,,21,,,,,A41,,,1,,2,,,39,39,1,12,4,120.60242,24.168091,3
478,66000,387130000C,(04)23274275,(04)23288582,2025,09,2,9,46,臺中市,大里區,0,1,0,7,3,6,30,3,1,1,5,4,6,6,4,4,10,5,5,2,14,3,10,5,4,B03,7,2,1,8,2,3,,49,49,1,13,4,120.701603,24.087163,2
479,66000,387130000C,(04)23274275,(04)23288582,2025,09,2,9,52,臺中市,大肚區,0,1,0,7,3,6,50,4,1,1,5,4,6,6,1,1,5,4,5,1,12,3,10,3,1,A11,7,1,1,7,2,2,,51,51,1,6,4,120.577084,24.118268,2
480,66000,387130000C,(04)23274275,(04)23288582,2025,09,2,9,53,臺中市,南屯區,0,2,0,7,2,6,50,5,1,1,5,4,6,6,1,1,10,5,5,2,13,2,9,2,4,C03,7,9,1,10,2,11,12,7,7,1,13,4,120.635973,24.147642,2
481,66000,387130000C,(04)23274275,(04)23288582,2025,09,2,9,55,臺中市,沙鹿區,0,0,0,7,,,50,,,,,,,,,,,,,,,,,,,B12,,,1,,2,,,84,84,1,6,4,120.566985,24.20311,3
482,66000,387130000C,(04)23274275,(04)23288582,2025,09,2,10,0,臺中市,潭子區,0,1,0,7,2,6,50,13,7,1,5,4,6,6,4,4,5,5,4,2,12,3,10,3,1,B03,7,1,1,8,2,8,,51,51,1,13,4,120.703583,24.21249,2
483,66000,387130000C,(04)23274275,(04)23288582,2025,09,2,10,0,臺中市,沙鹿區,0,0,0,7,,,50,,,,,,,,,,,,,,2,,,,,C03,,,1,,2,,,40,40,1,6,4,120.559823,24.238738,3
484,66000,387130000C,(04)23274275,(04)23288582,2025,09,2,10,2,臺中市,北屯區,0,0,0,7,,,50,,,,,,,,,,,,,,14,,,,,B03,,,1,,1,,,49,49,1,6,4,120.722543,24.176029,3
485,66000,387130000C,(04)23274275,(04)23288582,2025,09,2,10,4,臺中市,北區,0,0,0,7,2,6,50,3,2,1,5,4,6,6,1,1,5,4,5,2,14,3,10,3,1,B03,7,2,1,8,1,7,,49,49,1,12,4,120.68115,24.157397,3
486,66000,387130000C,(04)23274275,(04)23288582,2025,09,2,10,6,臺中市,西屯區,0,0,0,7,,,50,,,,,,,,,,,,,,13,,,,,B03,,,1,,1,,,7,7,1,12,4,120.61751,24.188461,3
487,66000,387130000C,(04)23274275,(04)23288582,2025,09,2,10,13,臺中市,龍井區,0,0,0,7,,,30,,,,,,,,,,,,,,,,,,,B03,,,1,,2,,,6,6,1,12,4,120.545299,24.196925,3
488,66000,387130000C,(04)23274275,(04)23288582,2025,09,2,10,14,臺中市,梧棲區,0,1,0,5,3,6,30,4,1,1,4,4,6,6,4,4,10,5,5,2,15,2,8,1,1,C03,7,9,1,10,2,11,,13,13,1,6,4,120.546274,24.25247,2
489,66000,387130000C,(04)23274275,(04)23288582,2025,09,2,10,20,臺中市,南屯區,0,0,0,7,,,50,,,,,,,,,,,,,,,,,,,B03,,,1,,1,,,84,84,1,6,4,120.636701,24.140579,4
490,66000,387130000C,(04)23274275,(04)23288582,2025,09,2,10,21,臺中市,北區,0,0,0,7,,,50,,,,,,,,,,,,,,14,,,,,B03,,,1,,1,,,78,78,1,13,4,120.682701,24.152981,3
491,66000,387130000C,(04)23274275,(04)23288582,2025,09,2,10,23,臺中市,南區,0,1,0,7,2,6,50,13,9,1,5,4,6,6,4,4,1,4,5,2,12,3,10,3,1,B03,7,9,1,8,2,2,,8,8,1,12,4,120.65763,24.130612,2
492,66000,387130000C,(04)23274275,(04)23288582,2025,09,2,10,28,臺中市,梧棲區,0,1,0,5,3,6,30,13,9,1,4,4,6,6,4,4,10,5,5,2,17,3,10,3,1,B03,7,1,1,8,2,16,,51,51,1,6,4,120.550972,24.244242,2
493,66000,387130000C,(04)23274275,(04)23288582,2025,09,2,10,30,臺中市,龍井區,0,1,0,7,3,6,30,4,1,1,5,4,6,6,4,4,10,5,5,1,15,2,9,2,1,C03,7,9,1,10,2,11,,12,12,1,13,4,120.535796,24.211237,2
494,66000,387130000C,(04)23274275,(04)23288582,2025,09,2,10,30,臺中市,豐原區,0,0,0,6,,,30,,,,,,,,,,,,,,17,,,,,B03,,,1,,2,,,43,43,1,13,4,120.709067,24.243777,3
495,66000,387130000C,(04)23274275,(04)23288582,2025,09,2,10,33,臺中市,龍井區,0,0,0,7,,,50,,,,,,,,,,,,,,,,,,,B03,,,1,,2,,,7,7,1,12,4,120.54974,24.209119,3
496,66000,387130000C,(04)23274275,(04)23288582,2025,09,2,10,35,臺中市,北屯區,0,0,0,7,,,50,,,,,,,,,,,,,,17,,,,,G06,,,7,21,10,,,84,84,1,12,4,120.719475,24.163003,3
497,66000,387130000C,(04)23274275,(04)23288582,2025,09,2,10,36,臺中市,大肚區,0,1,0,7,3,6,50,13,9,1,4,4,6,6,4,4,5,4,5,2,12,3,10,3,1,B03,7,9,1,8,2,2,,8,8,2,6,4,120.545188,24.150887,2
498,66000,387130000C,(04)23274275,(04)23288582,2025,09,2,10,40,臺中市,霧峰區,0,0,0,7,,,50,,,,,,,,,,,,,,13,,,,,B03,,,1,,2,,,7,7,1,6,4,120.695781,24.01222,3
499,66000,387130000C,(04)23274275,(04)23288582,2025,09,2,10,41,臺中市,西屯區,0,0,0,5,,,50,,,,,,,,,,,,,,17,,,,,B12,,,1,,2,,,50,50,1,12,4,120.665982,24.178195,3
500,66000,387130000C,(04)23274275,(04)23288582,2025,09,2,10,41,臺中市,西屯區,0,0,0,7,,,50,,,,,,,,,,,,,,13,,,,,B12,,,1,,1,,,59,59,1,13,4,120.639799,24.174258,3
501,66000,387130000C,(04)23274275,(04)23288582,2025,09,2,10,42,臺中市,南屯區,0,0,0,7,,,50,,,,,,,,,,,,,,,,,,,B03,,,1,,1,,,59,59,1,12,4,120.640042,24.139986,4
502,66000,387130000C,(04)23274275,(04)23288582,2025,09,2,10,44,臺中市,沙鹿區,0,0,0,7,,,50,,,,,,,,,,,,,,,,,,,A41,,,1,,2,,,7,7,1,13,4,120.615374,24.24374,3
503,66000,387130000C,(04)23274275,(04)23288582,2025,09,2,10,45,臺中市,龍井區,0,0,0,5,,,30,,,,,,,,,,,,,,15,,,,,B03,,,1,,2,,,6,6,1,13,4,120.597324,24.188982,3
504,66000,387130000C,(04)23274275,(04)23288582,2025,09,2,10,53,臺中市,北屯區,0,0,0,5,,,50,,,,,,,,,,,,,,14,,,,,B12,,,1,,9,,,84,84,2,12,4,120.663649,24.185354,3
505,66000,387130000C,(04)23274275,(04)23288582,2025,09,2,10,55,臺中市,龍井區,0,1,0,5,2,6,50,13,9,1,4,4,6,6,1,1,7,5,5,1,17,3,10,3,1,B03,7,5,1,8,2,6,,8,8,1,13,4,120.583352,24.179648,2
506,66000,387130000C,(04)23274275,(04)23288582,2025,09,2,10,57,臺中市,大里區,0,1,0,7,2,6,50,4,1,1,5,4,6,6,4,4,10,5,5,2,15,3,10,5,4,B03,7,9,1,8,2,8,,6,6,1,12,4,120.697206,24.094189,2
507,66000,387130000C,(04)23274275,(04)23288582,2025,09,2,10,59,臺中市,南屯區,0,0,0,7,,,50,,,,,,,,,,,,,,17,,,,,B12,,,1,,10,,,50,50,1,13,4,120.651389,24.149754,3
508,66000,387130000C,(04)23274275,(04)23288582,2025,09,2,10,59,臺中市,梧棲區,0,0,0,5,,,50,,,,,,,,,,,,,,16,,,,,C03,,,1,,2,,,51,51,1,5,4,120.528366,24.22188,3
509,66000,387130000C,(04)23274275,(04)23288582,2025,09,2,11,0,臺中市,北屯區,0,0,0,5,,,50,,,,,,,,,,,,,,14,,,,,B12,,,1,,2,,,49,49,1,12,4,120.683949,24.196762,3
510,66000,387130000C,(04)23274275,(04)23288582,2025,09,2,11,0,臺中市,霧峰區,0,0,0,7,,,40,,,,,,,,,,,,,,,,,,,C03,,,1,,1,,,7,7,1,13,4,120.683154,24.065205,3
511,66000,387130000C,(04)23274275,(04)23288582,2025,09,2,11,5,臺中市,烏日區,0,1,0,5,2,6,50,13,7,1,4,4,6,6,4,4,1,4,1,2,20,2,6,3,1,B12,7,9,1,8,2,5,,84,84,1,6,4,120.593606,24.10818,2
512,66000,387130000C,(04)23274275,(04)23288582,2025,09,2,11,5,臺中市,沙鹿區,0,1,0,5,3,6,40,13,9,1,4,4,6,6,4,4,1,4,4,1,18,2,8,2,1,C03,7,9,1,10,2,11,12,59,59,1,6,4,120.58067,24.200609,2
513,66000,387130000C,(04)23274275,(04)23288582,2025,09,2,11,11,臺中市,西屯區,0,2,0,7,2,6,50,13,9,1,5,4,6,6,4,4,10,5,5,2,17,2,9,5,4,C02,7,15,1,10,2,14,,20,20,1,12,4,120.626872,24.186694,2
514,66000,387130000C,(04)23274275,(04)23288582,2025,09,2,11,13,臺中市,豐原區,0,0,0,6,,,50,,,,,,,,,,,,,,14,,,,,B03,,,1,,2,,,50,50,1,12,4,120.735543,24.247743,3
515,66000,387130000C,(04)23274275,(04)23288582,2025,09,2,11,14,臺中市,北屯區,0,2,0,5,2,6,50,4,1,1,4,4,6,6,4,4,10,5,5,2,15,2,9,5,4,C03,7,9,1,10,2,11,,12,12,1,12,4,120.707468,24.169753,2
516,66000,387130000C,(04)23274275,(04)23288582,2025,09,2,11,15,臺中市,大里區,0,0,0,7,,,50,,,,,,,,,,,,,,17,,,,,B13,,,1,,1,,,8,8,1,12,4,120.681544,24.11508,3
517,66000,387130000C,(04)23274275,(04)23288582,2025,09,2,11,18,臺中市,西屯區,0,1,0,5,2,6,40,13,8,1,4,4,6,6,4,4,1,4,1,2,18,2,9,2,1,C03,7,9,1,10,2,14,,82,82,1,12,4,120.638941,24.169023,2
518,66000,387130000C,(04)23274275,(04)23288582,2025,09,2,11,21,臺中市,西屯區,0,1,0,5,3,6,30,3,1,1,4,4,6,6,4,4,10,5,5,2,12,3,10,3,1,B03,7,15,1,8,1,4,,76,76,1,12,4,120.63926,24.180533,2
519,66000,387130000C,(04)23274275,(04)23288582,2025,09,2,11,21,臺中市,太平區,0,0,0,5,,,50,,,,,,,,,,,,,,14,,,,,B03,,,1,,1,,,50,50,1,12,4,120.725275,24.149842,3
520,66000,387130000C,(04)23274275,(04)23288582,2025,09,2,11,36,臺中市,潭子區,0,1,0,5,3,6,50,13,9,1,4,4,6,6,4,4,9,5,5,2,17,3,10,3,1,B03,7,9,1,8,9,4,,4,4,1,13,4,120.689794,24.230855,2
521,66000,387130000C,(04)23274275,(04)23288582,2025,09,2,11,36,臺中市,霧峰區,0,2,0,7,2,6,50,4,1,1,5,4,6,6,1,1,10,5,5,2,16,2,9,2,1,C03,7,6,1,10,2,12,,48,48,1,6,4,120.698603,24.064494,2
522,66000,387130000C,(04)23274275,(04)23288582,2025,09,2,11,42,臺中市,潭子區,0,0,0,5,,,50,,,,,,,,,,,,,,11,,,,,B03,,,1,,2,,,41,41,1,13,4,120.687463,24.225772,3
523,66000,387130000C,(04)23274275,(04)23288582,2025,09,2,11,48,臺中市,大里區,0,0,0,5,3,6,50,4,7,1,4,4,6,6,1,1,1,4,4,1,13,,,,,B12,,,1,,2,,,84,84,1,12,4,120.679841,24.115802,3
524,66000,387130000C,(04)23274275,(04)23288582,2025,09,2,11,48,臺中市,龍井區,0,0,0,7,,,50,,,,,,,,,,,,,,,,,,,A05,,,1,,2,,,50,50,1,6,4,120.547069,24.19973,3
525,66000,387130000C,(04)23274275,(04)23288582,2025,09,2,11,51,臺中市,西屯區,0,1,0,7,2,6,30,13,9,1,4,4,6,6,4,4,10,5,5,2,17,3,10,3,1,B12,7,9,1,8,1,1,,85,85,1,12,4,120.664398,24.206195,2
526,66000,387130000C,(04)23274275,(04)23288582,2025,09,2,11,55,臺中市,東區,0,0,0,5,,3,80,,,,,,,,,,,,,,,,,,,B03,,,1,,2,,,84,84,1,12,4,120.704391,24.126792,3
527,66000,387130000C,(04)23274275,(04)23288582,2025,09,2,11,55,臺中市,西屯區,0,0,0,5,,,50,,,,,,,,,,,,,,13,,,,,B03,,,1,,1,,,59,59,1,12,4,120.617001,24.184058,3
528,66000,387130000C,(04)23274275,(04)23288582,2025,09,2,11,58,臺中市,龍井區,0,0,0,7,,,60,,,,,,,,,,,,,,,,,,,A42,,,1,,1,,,87,87,1,12,4,120.546385,24.217555,3
529,66000,387130000C,(04)23274275,(04)23288582,2025,09,2,12,0,臺中市,豐原區,0,0,0,5,,,50,,,,,,,,,,,,,,17,,,,,B12,,,1,,2,,,84,84,1,12,4,120.724704,24.260625,3
530,66000,387130000C,(04)23274275,(04)23288582,2025,09,2,12,4,臺中市,東區,0,2,0,5,3,6,50,4,2,1,4,4,6,6,1,1,5,4,5,2,13,2,9,1,1,C03,7,9,1,10,2,14,,7,7,1,6,4,120.696951,24.142767,2
531,66000,387130000C,(04)23274275,(04)23288582,2025,09,2,12,5,臺中市,沙鹿區,0,0,0,7,,,50,,,,,,,,,,,,,,,,,,,B12,,,1,,1,,,8,8,1,6,4,120.561567,24.237858,4
532,66000,387130000C,(04)23274275,(04)23288582,2025,09,2,12,7,臺中市,神岡區,0,1,0,7,3,6,50,3,1,1,5,4,6,6,4,4,5,4,4,2,12,3,10,3,1,B03,7,1,1,8,2,15,,51,51,1,13,4,120.678518,24.250079,2
533,66000,387130000C,(04)23274275,(04)23288582,2025,09,2,12,10,臺中市,烏日區,0,0,0,7,,,50,,,,,,,,,,,,,,16,,,,,C03,,,1,,1,,,21,21,1,6,4,120.613494,24.103006,3
534,66000,387130000C,(04)23274275,(04)23288582,2025,09,2,12,18,臺中市,大雅區,0,0,0,7,,,50,,,,,,,,,,,,,,,,,,,B03,,,1,,1,,,49,49,1,12,4,120.64722,24.225821,3
535,66000,387130000C,(04)23274275,(04)23288582,2025,09,2,12,20,臺中市,東區,0,1,0,7,3,6,50,4,9,1,4,4,6,6,2,1,5,5,5,2,18,2,9,5,4,C03,7,9,1,10,2,16,,84,84,1,6,4,120.673648,24.147735,2
536,66000,387130000C,(04)23274275,(04)23288582,2025,09,2,12,22,臺中市,南區,0,1,0,5,2,6,40,3,1,1,4,4,6,6,1,1,10,5,5,2,18,2,9,1,1,C03,7,9,1,10,2,14,,84,84,1,12,4,120.66595,24.127065,2
537,66000,387130000C,(04)23274275,(04)23288582,2025,09,2,12,26,臺中市,太平區,0,0,0,5,,,30,,,,,,,,,,,,,,17,,,,,B12,,,1,,1,,,78,78,1,12,4,120.73103,24.128615,3
538,66000,387130000C,(04)23274275,(04)23288582,2025,09,2,12,26,臺中市,太平區,0,0,0,7,,,30,,,,,,,,,,,,,,14,,,,,B03,,,1,,9,,,49,49,1,12,4,120.719176,24.11131,3
539,66000,387130000C,(04)23274275,(04)23288582,2025,09,2,12,28,臺中市,潭子區,0,1,0,5,3,6,60,13,7,1,4,4,6,6,4,4,1,4,4,1,17,2,9,2,1,C03,7,9,1,10,2,12,,84,84,1,13,4,120.704805,24.205095,2
540,66000,387130000C,(04)23274275,(04)23288582,2025,09,2,12,29,臺中市,大雅區,0,0,0,7,,,50,,,,,,,,,,,,,,,,,,,A11,,,1,,2,,,8,8,1,13,4,120.63067,24.22875,3
541,66000,387130000C,(04)23274275,(04)23288582,2025,09,2,12,31,臺中市,豐原區,0,1,0,5,2,6,50,3,1,1,4,4,6,6,1,1,5,2,5,1,18,2,9,1,1,C03,7,9,3,19,2,12,,21,21,1,13,4,120.720475,24.266226,2
542,66000,387130000C,(04)23274275,(04)23288582,2025,09,2,12,32,臺中市,太平區,0,0,0,5,,,50,,,,,,,,,,,,,,13,,,,,B03,,,1,,1,,,84,84,1,12,4,120.710678,24.140807,3
543,66000,387130000C,(04)23274275,(04)23288582,2025,09,2,12,33,臺中市,西屯區,0,1,0,7,2,6,40,4,1,1,5,4,6,6,2,1,1,4,1,2,13,3,10,3,1,B12,7,9,1,8,2,1,,59,59,1,12,4,120.649351,24.162537,2
544,66000,387130000C,(04)23274275,(04)23288582,2025,09,2,12,42,臺中市,北屯區,0,0,0,7,,,50,,,,,,,,,,,,,,14,,,,,B03,,,1,,1,,,49,49,1,12,4,120.69049,24.170333,3
545,66000,387130000C,(04)23274275,(04)23288582,2025,09,2,12,42,臺中市,太平區,0,0,0,7,,,50,,,,,,,,,,,,,,14,,,,,B12,,,1,,1,,,49,49,1,13,4,120.706494,24.117296,3
546,66000,387130000C,(04)23274275,(04)23288582,2025,09,2,12,48,臺中市,北屯區,0,0,0,7,,,60,,,,,,,,,,,,,,13,,,,,B03,,,1,,2,,,84,84,1,12,4,120.718829,24.163144,3
547,66000,387130000C,(04)23274275,(04)23288582,2025,09,2,12,49,臺中市,沙鹿區,0,1,0,7,2,6,50,3,1,1,5,4,6,6,4,4,5,5,5,2,9,3,10,3,1,B03,7,9,1,8,2,2,,20,20,1,13,4,120.56048,24.238126,2
548,66000,387130000C,(04)23274275,(04)23288582,2025,09,2,12,52,臺中市,西區,0,0,0,7,,,50,,,,,,,,,,,,,,,,,,,B02,,,1,,1,,,50,50,1,12,4,120.664317,24.14687,3
549,66000,387130000C,(04)23274275,(04)23288582,2025,09,2,12,53,臺中市,烏日區,0,1,0,5,2,6,30,13,9,1,4,4,6,6,4,4,10,5,5,1,12,3,10,3,1,B03,7,6,1,8,2,4,,48,48,1,6,4,120.659035,24.051729,2
550,66000,387130000C,(04)23274275,(04)23288582,2025,09,2,12,54,臺中市,北屯區,0,1,0,5,3,6,50,4,1,1,4,4,6,6,4,4,10,5,5,2,15,3,10,5,4,B12,7,9,1,8,2,2,,15,15,1,12,4,120.717185,24.170868,2
551,66000,387130000C,(04)23274275,(04)23288582,2025,09,2,12,54,臺中市,西屯區,0,1,0,7,2,6,50,13,9,1,5,4,6,6,4,4,1,4,5,2,12,3,10,3,1,B03,7,1,1,8,2,8,,51,51,1,12,4,120.623419,24.182487,2
552,66000,387130000C,(04)23274275,(04)23288582,2025,09,2,13,0,臺中市,梧棲區,0,1,0,7,2,6,50,4,1,1,5,4,6,6,4,4,10,5,5,2,16,2,9,1,1,C03,7,4,1,10,2,12,,1,1,1,12,4,120.530039,24.258151,2
553,66000,387130000C,(04)23274275,(04)23288582,2025,09,2,13,1,臺中市,西屯區,0,0,0,6,,,0,,,,,,,,,,,,,,17,,,,,B03,,,1,,1,,,51,51,1,12,4,120.640315,24.173256,3
554,66000,387130000C,(04)23274275,(04)23288582,2025,09,2,13,1,臺中市,梧棲區,0,0,0,7,,,60,,,,,,,,,,,,,,17,,,,,B03,,,1,,2,,,59,59,1,6,4,120.536124,24.250102,4
555,66000,387130000C,(04)23274275,(04)23288582,2025,09,2,13,2,臺中市,南區,0,0,0,7,,,50,,,,,,,,,,,,,,14,,,,,B03,,,1,,2,,,49,49,1,6,4,120.660397,24.115736,3
556,66000,387130000C,(04)23274275,(04)23288582,2025,09,2,13,5,臺中市,南區,0,1,0,7,1,6,50,4,1,1,5,4,6,6,1,1,10,5,5,2,17,3,10,3,1,B03,7,11,1,8,2,2,,45,45,1,12,4,120.652059,24.112797,2
557,66000,387130000C,(04)23274275,(04)23288582,2025,09,2,13,6,臺中市,北屯區,0,1,0,7,2,6,50,13,8,1,4,4,6,6,4,4,1,4,4,2,18,2,9,1,1,C03,7,7,1,10,2,14,,84,84,1,12,4,120.682544,24.187774,2
558,66000,387130000C,(04)23274275,(04)23288582,2025,09,2,13,6,臺中市,北屯區,0,1,0,7,3,6,40,13,8,1,5,4,6,6,4,4,1,4,4,2,12,3,10,1,1,C03,7,9,1,10,2,12,,84,84,1,12,4,120.66321,24.186967,2
559,66000,387130000C,(04)23274275,(04)23288582,2025,09,2,13,15,臺中市,北屯區,0,1,0,7,3,6,50,13,9,1,5,4,6,6,4,4,1,4,5,2,12,3,10,3,1,B03,7,5,1,8,2,2,,47,47,1,6,4,120.693543,24.163384,2
560,66000,387130000C,(04)23274275,(04)23288582,2025,09,2,13,15,臺中市,大里區,0,0,0,7,,,50,,,,,,,,,,,,,,17,,,,,B03,,,1,,2,,,40,40,1,12,4,120.671649,24.102599,3
561,66000,387130000C,(04)23274275,(04)23288582,2025,09,2,13,18,臺中市,霧峰區,0,1,0,7,2,6,40,5,1,1,5,4,6,6,1,1,5,5,5,2,16,3,10,5,4,B12,7,6,1,4,2,8,,84,84,1,12,4,120.674098,24.041757,2
562,66000,387130000C,(04)23274275,(04)23288582,2025,09,2,13,23,臺中市,西屯區,0,0,0,7,,,50,,,,,,,,,,,,,,30,,,,,B03,,,1,,2,,,84,84,1,13,4,120.628206,24.180739,3
563,66000,387130000C,(04)23274275,(04)23288582,2025,09,2,13,25,臺中市,太平區,0,1,0,7,3,6,50,3,1,1,5,4,6,6,4,4,5,4,5,1,16,2,9,3,1,B03,7,11,1,8,2,8,,45,45,1,12,4,120.714876,24.126736,2
564,66000,387130000C,(04)23274275,(04)23288582,2025,09,2,13,25,臺中市,沙鹿區,0,1,0,7,2,6,30,11,9,1,5,4,6,6,4,4,10,5,5,2,18,2,9,2,1,C03,7,9,1,10,2,14,,84,84,1,6,4,120.566377,24.235049,2
565,66000,387130000C,(04)23274275,(04)23288582,2025,09,2,13,27,臺中市,東勢區,0,1,0,6,2,6,30,11,9,1,4,4,6,6,4,4,10,5,4,1,11,2,7,5,4,C03,7,6,1,10,2,11,,41,41,1,13,4,120.76826,24.314498,2