﻿序號,縣市別代碼,機關代碼,市話,傳真,年,月,日,時,分,縣市,區,死亡數量,受傷數量,2-30,天候,道路照明設備,道路類別,道路速限,道路型態,事故位置,路面鋪裝,路面狀態,路面缺陷,障礙物,視距,號誌種類,號誌動作,分向設施,快車道或一般車道間,快慢車道間,路面邊線,事故類型及型態,受傷程度,主要傷處,保護裝備,行動電話或功能裝置,當事者區分_類別,車輛用途,當事者行動狀態,駕照狀態,駕照種類,飲酒情形,車輛撞擊部位最初,車輛撞擊部位其他,肇事因素個別,肇事因素主要,肇事逃逸,職業,共享經濟或外送平台,GPS座標X,GPS座標Y,事故類別
566,66000,387130000C,(04)23274275,(04)23288582,2025,09,2,13,30,臺中市,西屯區,0,0,0,7,,,50,,,,,,,,,,,,,,13,,,,,A31,,,1,,1,,,84,84,1,12,4,120.611822,24.19315,3
567,66000,387130000C,(04)23274275,(04)23288582,2025,09,2,13,30,臺中市,沙鹿區,0,2,0,7,2,6,50,4,9,1,5,4,6,6,4,4,4,4,5,2,15,3,10,3,1,B12,7,9,1,8,2,7,,12,12,1,12,4,120.561332,24.240022,2
568,66000,387130000C,(04)23274275,(04)23288582,2025,09,2,13,30,臺中市,沙鹿區,0,0,0,7,,,50,,,,,,,,,,,,,,17,,,,,B12,,,1,,9,,,84,84,1,6,4,120.559399,24.239894,3
569,66000,387130000C,(04)23274275,(04)23288582,2025,09,2,13,35,臺中市,沙鹿區,0,1,0,7,2,6,30,11,9,1,5,4,6,6,4,4,10,5,5,2,18,2,9,2,1,C03,7,9,5,19,2,12,,84,84,1,6,4,120.565597,24.234733,2
570,66000,387130000C,(04)23274275,(04)23288582,2025,09,2,13,37,臺中市,龍井區,0,1,0,7,3,6,50,13,9,1,5,4,6,6,4,4,10,5,5,2,18,2,9,2,1,C03,7,9,1,9,2,14,,6,6,1,6,4,120.530548,24.190671,2
571,66000,387130000C,(04)23274275,(04)23288582,2025,09,2,13,39,臺中市,龍井區,0,1,0,7,3,6,50,3,9,1,5,4,6,6,4,4,5,5,5,1,17,3,10,3,1,B02,7,5,1,8,2,2,,39,39,1,12,4,120.51294,24.196476,2
572,66000,387130000C,(04)23274275,(04)23288582,2025,09,2,13,47,臺中市,東區,0,1,0,7,3,6,50,4,9,1,5,4,6,6,1,1,5,5,5,2,16,2,9,5,4,C03,7,6,1,10,2,13,,48,48,1,6,4,120.692936,24.129648,2
573,66000,387130000C,(04)23274275,(04)23288582,2025,09,2,13,48,臺中市,北區,0,1,0,7,2,6,50,13,9,1,5,4,6,6,4,4,10,4,5,2,17,3,10,3,1,B03,7,5,1,8,2,2,,47,47,1,12,4,120.678019,24.167273,2
574,66000,387130000C,(04)23274275,(04)23288582,2025,09,2,14,0,臺中市,太平區,0,1,0,6,2,6,50,5,1,1,5,4,6,6,1,1,10,5,5,2,16,3,10,3,1,B03,7,6,1,8,2,2,,14,14,1,13,4,120.729063,24.113667,2
575,66000,387130000C,(04)23274275,(04)23288582,2025,09,2,14,5,臺中市,豐原區,0,2,0,7,3,6,50,3,1,1,5,4,6,6,2,1,5,5,4,2,16,2,9,1,1,C03,7,6,1,10,2,12,,48,48,1,12,4,120.715071,24.249229,2
576,66000,387130000C,(04)23274275,(04)23288582,2025,09,2,14,10,臺中市,東勢區,0,0,0,6,,,30,,,,,,,,,,,,,,14,,,,,B12,,,1,,2,,,49,49,1,13,4,120.80676,24.292866,3
577,66000,387130000C,(04)23274275,(04)23288582,2025,09,2,14,15,臺中市,西屯區,0,0,0,6,,,40,,,,,,,,,,,,,,30,,,,,B03,,,1,,2,,,55,55,1,12,4,120.629778,24.162371,3
578,66000,387130000C,(04)23274275,(04)23288582,2025,09,2,14,20,臺中市,豐原區,0,1,0,7,1,6,60,13,9,1,5,4,6,6,4,4,1,4,4,2,18,2,9,1,1,C03,7,9,1,10,2,11,,84,84,1,6,4,120.732591,24.246742,2
579,66000,387130000C,(04)23274275,(04)23288582,2025,09,2,14,21,臺中市,西屯區,0,0,0,7,,,50,,,,,,,,,,,,,,13,,,,,A11,,,1,,2,,,59,59,1,12,4,120.595107,24.170365,3
580,66000,387130000C,(04)23274275,(04)23288582,2025,09,2,14,30,臺中市,南區,0,0,0,7,,,50,,,,,,,,,,,,,,17,,,,,B11,,,1,,1,,,51,51,1,12,4,120.666754,24.116141,3
581,66000,387130000C,(04)23274275,(04)23288582,2025,09,2,14,33,臺中市,中區,0,0,0,7,,,50,,,,,,,,,,,,,,,,,,,A12,,,1,,1,,,7,7,1,12,4,120.682192,24.1401,3
582,66000,387130000C,(04)23274275,(04)23288582,2025,09,2,14,34,臺中市,豐原區,0,0,0,7,,,50,,,,,,,,,,,,,,,,,,,B13,,,1,,2,,,84,84,1,13,4,120.707468,24.250306,3
583,66000,387130000C,(04)23274275,(04)23288582,2025,09,2,14,45,臺中市,西屯區,0,1,0,5,2,6,50,3,1,1,4,4,6,6,4,4,10,5,5,2,16,3,10,3,1,B03,7,5,1,8,2,2,,14,14,1,12,4,120.650884,24.164961,2
584,66000,387130000C,(04)23274275,(04)23288582,2025,09,2,14,50,臺中市,南區,0,0,0,7,,,50,,,,,,,,,,,,,,17,,,,,B13,,,1,,1,,,84,84,1,12,4,120.664331,24.121336,3
585,66000,387130000C,(04)23274275,(04)23288582,2025,09,2,14,57,臺中市,大里區,0,0,0,7,3,6,50,13,9,1,5,4,6,6,4,4,9,5,4,1,35,3,10,5,4,B12,7,11,1,8,2,4,,72,72,1,13,4,120.686316,24.092995,3
586,66000,387130000C,(04)23274275,(04)23288582,2025,09,2,14,57,臺中市,太平區,0,0,0,7,,3,80,,,,,,,,,,,,,,13,,,,,B03,,,1,,1,,,7,7,1,12,4,120.714272,24.148696,3
587,66000,387130000C,(04)23274275,(04)23288582,2025,09,2,15,4,臺中市,南屯區,0,0,0,6,,,50,,,,,,,,,,,,,,,,,,,B03,,,1,,2,,,84,84,1,12,4,120.644523,24.151124,3
588,66000,387130000C,(04)23274275,(04)23288582,2025,09,2,15,7,臺中市,西屯區,0,0,0,7,,,30,,,,,,,,,,,,,,14,,,,,B11,,,1,,1,,,51,51,1,12,4,120.653265,24.17376,4
589,66000,387130000C,(04)23274275,(04)23288582,2025,09,2,15,18,臺中市,西屯區,0,2,0,5,2,6,40,3,1,1,4,4,6,6,2,1,10,5,5,2,16,2,8,2,4,C03,7,6,3,19,2,13,,11,11,1,13,4,120.635997,24.169145,2
590,66000,387130000C,(04)23274275,(04)23288582,2025,09,2,15,20,臺中市,西區,0,0,0,7,,,50,,,,,,,,,,,,,,17,,,,,B03,,,1,,2,,,84,84,1,12,4,120.675341,24.138191,3
591,66000,387130000C,(04)23274275,(04)23288582,2025,09,2,15,25,臺中市,西區,0,0,0,6,,,50,,,,,,,,,,,,,,,,,,,B03,,,1,,1,,,59,59,1,12,4,120.657633,24.151045,3
592,66000,387130000C,(04)23274275,(04)23288582,2025,09,2,15,25,臺中市,龍井區,0,0,0,7,,,40,,,,,,,,,,,,,,,,,,,C03,,,3,,2,,,51,51,1,13,4,120.523666,24.208606,3
593,66000,387130000C,(04)23274275,(04)23288582,2025,09,2,15,29,臺中市,西屯區,0,0,0,5,,,50,,,,,,,,,,,,,,17,,,,,B01,,,1,,1,,,8,8,1,12,4,120.647873,24.169797,3
594,66000,387130000C,(04)23274275,(04)23288582,2025,09,2,15,29,臺中市,西屯區,0,2,0,7,2,6,50,3,1,1,4,4,6,6,4,4,5,4,5,2,12,2,9,5,4,C03,7,8,1,10,2,14,,40,40,1,13,4,120.620999,24.18477,2
595,66000,387130000C,(04)23274275,(04)23288582,2025,09,2,15,30,臺中市,北區,0,1,0,7,2,6,50,13,9,1,5,4,6,6,4,4,2,4,5,2,17,2,9,5,1,C03,7,15,1,10,2,13,,84,84,1,13,4,120.685079,24.151991,2
596,66000,387130000C,(04)23274275,(04)23288582,2025,09,2,15,30,臺中市,北屯區,0,0,0,7,,,40,,,,,,,,,,,,,,13,,,,,B03,,,1,,1,,,84,84,1,6,4,120.719128,24.161982,3
597,66000,387130000C,(04)23274275,(04)23288582,2025,09,2,15,30,臺中市,大里區,0,0,0,7,,,50,,,,,,,,,,,,,,17,,,,,B03,,,1,,2,,,51,51,1,6,4,120.69019,24.122389,3
598,66000,387130000C,(04)23274275,(04)23288582,2025,09,2,15,33,臺中市,西屯區,0,0,0,7,,,50,,,,,,,,,,,,,,12,,,,,B01,,,1,,2,,,8,8,1,12,4,120.65633,24.16003,3
599,66000,387130000C,(04)23274275,(04)23288582,2025,09,2,15,39,臺中市,南屯區,0,1,0,5,2,6,50,4,1,1,4,4,6,6,1,1,10,5,5,2,17,3,10,3,1,B03,7,5,1,8,2,2,,84,84,1,12,4,120.633316,24.124181,2
600,66000,387130000C,(04)23274275,(04)23288582,2025,09,2,15,45,臺中市,北屯區,0,1,0,7,2,6,50,4,1,1,5,4,6,6,1,1,10,5,5,2,17,3,10,3,1,B13,7,5,1,8,2,2,,20,20,1,12,4,120.690746,24.163,2
601,66000,387130000C,(04)23274275,(04)23288582,2025,09,2,15,50,臺中市,北區,0,1,0,5,2,6,40,3,8,1,4,4,6,6,1,1,1,4,4,2,18,2,9,5,4,C03,7,12,1,10,2,14,,84,84,1,13,4,120.672846,24.168785,2
602,66000,387130000C,(04)23274275,(04)23288582,2025,09,2,15,51,臺中市,潭子區,0,0,0,5,,,50,,,,,,,,,,,,,,16,,,,,C03,,,1,,2,,,13,13,1,12,4,120.696419,24.1955,3
603,66000,387130000C,(04)23274275,(04)23288582,2025,09,2,15,56,臺中市,梧棲區,0,1,0,7,3,6,60,3,1,1,5,4,5,6,4,4,10,5,5,2,16,3,10,3,1,B03,7,5,1,8,2,2,,14,14,1,6,4,120.540269,24.259674,2
604,66000,387130000C,(04)23274275,(04)23288582,2025,09,2,16,0,臺中市,西區,0,0,0,7,,,30,,,,,,,,,,,,,,17,,,,,B03,,,1,,9,,,51,51,1,12,4,120.660877,24.157864,3
605,66000,387130000C,(04)23274275,(04)23288582,2025,09,2,16,4,臺中市,大里區,0,2,0,7,2,6,50,3,1,1,5,4,6,6,4,4,10,5,5,1,17,2,9,1,1,C03,7,6,1,10,2,12,,14,14,1,13,4,120.714492,24.09464,2
606,66000,387130000C,(04)23274275,(04)23288582,2025,09,2,16,5,臺中市,北區,0,1,0,7,3,6,50,18,24,1,5,4,6,6,4,4,10,5,5,2,17,2,9,5,4,C03,7,15,1,10,2,14,,84,84,1,13,4,120.68002,24.158979,2
607,66000,387130000C,(04)23274275,(04)23288582,2025,09,2,16,5,臺中市,北屯區,0,2,0,7,2,6,50,5,2,1,5,4,6,6,2,1,1,4,5,2,12,2,9,2,1,C03,7,9,1,10,2,14,,85,85,1,12,4,120.686981,24.201355,2
608,66000,387130000C,(04)23274275,(04)23288582,2025,09,2,16,5,臺中市,烏日區,0,0,0,7,2,6,50,13,7,1,5,4,6,6,4,4,5,4,4,1,13,3,10,3,1,B03,7,9,1,8,1,5,,84,84,1,6,4,120.616226,24.1059,3
609,66000,387130000C,(04)23274275,(04)23288582,2025,09,2,16,11,臺中市,西區,0,0,0,7,,,50,,,,,,,,,,,,,,,,,,,B03,,,1,,1,,,51,51,1,12,4,120.663845,24.160091,3
610,66000,387130000C,(04)23274275,(04)23288582,2025,09,2,16,11,臺中市,北屯區,0,0,0,7,,,50,,,,,,,,,,,,,,13,,,,,B03,,,1,,1,,,84,84,1,12,4,120.665691,24.183165,3
611,66000,387130000C,(04)23274275,(04)23288582,2025,09,2,16,11,臺中市,太平區,0,0,0,7,,,50,,,,,,,,,,,,,,13,,,,,C03,,,1,,2,,,7,7,1,13,4,120.701814,24.154239,3
612,66000,387130000C,(04)23274275,(04)23288582,2025,09,2,16,13,臺中市,東區,0,0,0,7,,,0,,,,,,,,,,,,,,9,,,,,H01,,,7,,10,,,109,109,1,13,5,120.70021,24.13266,3
613,66000,387130000C,(04)23274275,(04)23288582,2025,09,2,16,16,臺中市,東區,0,2,0,7,2,6,0,18,21,1,5,4,6,6,4,4,10,5,5,2,17,2,9,1,1,C03,7,9,1,10,2,11,,39,39,1,12,4,120.686343,24.143029,2
614,66000,387130000C,(04)23274275,(04)23288582,2025,09,2,16,17,臺中市,北屯區,0,2,0,7,2,6,30,3,1,1,5,4,6,6,4,4,10,5,5,2,17,2,9,1,1,C04,7,9,1,10,2,15,,20,20,1,12,4,120.667651,24.173906,2
615,66000,387130000C,(04)23274275,(04)23288582,2025,09,2,16,19,臺中市,沙鹿區,0,0,0,7,,,50,,,,,,,,,,,,,,,,,,,B03,,,1,,2,,,8,8,1,13,4,120.581569,24.223433,3
616,66000,387130000C,(04)23274275,(04)23288582,2025,09,2,16,24,臺中市,霧峰區,0,2,0,7,2,6,30,4,1,1,5,4,6,6,1,1,10,5,5,1,17,2,9,1,1,C03,7,9,1,10,2,11,,21,21,1,13,4,120.685145,24.056749,2
617,66000,387130000C,(04)23274275,(04)23288582,2025,09,2,16,28,臺中市,東區,0,0,0,7,,,50,,,,,,,,,,,,,,16,,,,,B03,,,1,,1,,,45,45,1,12,4,120.690337,24.13035,3
618,66000,387130000C,(04)23274275,(04)23288582,2025,09,2,16,29,臺中市,西屯區,0,0,0,7,,3,80,,,,,,,,,,,,,,13,,,,,B03,,,1,,1,,,59,59,1,12,4,120.632994,24.172073,3
619,66000,387130000C,(04)23274275,(04)23288582,2025,09,2,16,30,臺中市,北屯區,0,0,0,7,,,50,,,,,,,,,,,,,,13,,,,,B03,,,1,,1,,,7,7,1,6,4,120.695482,24.165253,4
620,66000,387130000C,(04)23274275,(04)23288582,2025,09,2,16,32,臺中市,南區,0,0,0,7,,,50,,,,,,,,,,,,,,17,,,,,B03,,,1,,1,,,7,7,1,12,4,120.665455,24.113744,3
621,66000,387130000C,(04)23274275,(04)23288582,2025,09,2,16,35,臺中市,東區,0,0,0,7,,,50,,,,,,,,,,,,,,13,,,,,B03,,,1,,2,,,59,59,1,13,4,120.69173,24.147501,3
622,66000,387130000C,(04)23274275,(04)23288582,2025,09,2,16,37,臺中市,北區,0,2,0,7,2,6,50,13,9,1,5,4,6,6,4,4,1,4,5,2,13,2,9,1,1,C03,7,9,1,11,2,11,,59,59,1,12,4,120.674061,24.165329,2
623,66000,387130000C,(04)23274275,(04)23288582,2025,09,2,16,37,臺中市,豐原區,0,0,0,7,,,50,,,,,,,,,,,,,,13,,,,,B03,,,1,,1,,,59,59,1,12,4,120.733623,24.255427,3
624,66000,387130000C,(04)23274275,(04)23288582,2025,09,2,16,40,臺中市,大里區,0,0,0,7,,,50,,,,,,,,,,,,,,17,,,,,,,,,,,,,86,86,1,,,120.695372,24.091139,4
625,66000,387130000C,(04)23274275,(04)23288582,2025,09,2,16,40,臺中市,梧棲區,0,0,0,7,,,30,,,,,,,,,,,,,,15,,,,,B03,,,1,,1,,,15,15,1,12,4,120.524664,24.227376,3
626,66000,387130000C,(04)23274275,(04)23288582,2025,09,2,16,42,臺中市,北屯區,0,0,0,7,,3,80,,,,,,,,,,,,,,,,,,,B02,,,1,,1,,,40,40,1,12,4,120.720775,24.174059,3
627,66000,387130000C,(04)23274275,(04)23288582,2025,09,2,16,42,臺中市,西屯區,0,1,0,7,2,6,40,13,8,1,5,4,6,6,4,4,1,4,1,2,13,2,8,1,1,C03,7,9,1,10,2,11,,7,7,1,13,4,120.636594,24.159777,2
628,66000,387130000C,(04)23274275,(04)23288582,2025,09,2,16,45,臺中市,太平區,0,1,0,7,2,6,40,3,2,1,5,4,6,6,4,4,5,5,5,2,17,2,8,2,1,C03,7,9,1,10,2,14,,84,84,1,12,4,120.714067,24.123827,2
629,66000,387130000C,(04)23274275,(04)23288582,2025,09,2,16,46,臺中市,西屯區,0,2,0,7,2,6,50,3,9,1,5,4,6,6,2,1,9,2,5,2,13,2,9,2,1,C03,7,9,1,10,2,11,,7,7,1,12,4,120.64478,24.182945,2
630,66000,387130000C,(04)23274275,(04)23288582,2025,09,2,16,47,臺中市,大雅區,0,0,0,7,,,50,,,,,,,,,,,,,,,,,,,F01,,,7,,1,,,48,48,1,13,4,120.652164,24.227425,3
631,66000,387130000C,(04)23274275,(04)23288582,2025,09,2,16,47,臺中市,西區,0,1,0,7,2,6,40,4,2,1,5,4,6,6,1,1,5,5,4,2,13,3,10,1,1,C04,7,9,1,8,2,11,13,7,7,1,12,4,120.655238,24.152431,2
632,66000,387130000C,(04)23274275,(04)23288582,2025,09,2,16,47,臺中市,北區,0,0,0,7,,,50,,,,,,,,,,,,,,17,,,,,C03,,,1,,11,,,1,1,1,13,4,120.686668,24.161525,3
633,66000,387130000C,(04)23274275,(04)23288582,2025,09,2,16,50,臺中市,北屯區,0,1,0,7,2,6,50,13,9,1,5,4,6,6,4,4,9,4,4,2,17,3,10,3,1,B03,7,2,1,8,2,7,,49,49,1,12,4,120.683631,24.18693,2
634,66000,387130000C,(04)23274275,(04)23288582,2025,09,2,16,52,臺中市,西屯區,0,0,0,7,,,40,,,,,,,,,,,,,,12,,,,,C03,,,1,,2,,,8,8,1,12,4,120.661792,24.163676,3
635,66000,387130000C,(04)23274275,(04)23288582,2025,09,2,16,55,臺中市,豐原區,0,0,0,7,2,6,50,13,9,1,5,4,6,6,4,4,10,5,5,2,17,3,10,3,1,B03,7,15,1,8,2,4,,84,84,1,12,4,120.715507,24.243075,3
636,66000,387130000C,(04)23274275,(04)23288582,2025,09,2,17,2,臺中市,大里區,0,1,0,7,3,6,30,4,1,1,5,4,6,6,4,4,10,5,5,2,15,2,9,2,1,C03,7,9,1,10,2,11,,15,15,1,6,4,120.694922,24.120319,2
637,66000,387130000C,(04)23274275,(04)23288582,2025,09,2,17,4,臺中市,南屯區,0,0,0,7,,,50,,,,,,,,,,,,,,13,,,,,B03,,,1,,1,,,59,59,1,12,4,120.616937,24.1561,3
638,66000,387130000C,(04)23274275,(04)23288582,2025,09,2,17,6,臺中市,西屯區,0,0,0,7,,,50,,,,,,,,,,,,,,16,,,,,B03,,,1,,1,,,14,14,1,12,4,120.653651,24.168344,3
639,66000,387130000C,(04)23274275,(04)23288582,2025,09,2,17,11,臺中市,烏日區,1,0,0,7,3,6,50,5,1,1,5,4,6,6,1,1,10,5,4,2,16,3,10,3,1,B03,7,6,1,8,2,8,,11,11,1,6,4,120.608072,24.117699,1
640,66000,387130000C,(04)23274275,(04)23288582,2025,09,2,17,13,臺中市,太平區,0,3,0,7,2,6,50,4,1,1,5,4,6,6,4,4,10,5,5,2,17,3,10,3,1,B03,7,6,1,8,2,5,,14,14,1,12,4,120.716619,24.137113,2
641,66000,387130000C,(04)23274275,(04)23288582,2025,09,2,17,14,臺中市,南屯區,0,1,0,7,2,6,50,13,9,1,5,4,6,6,4,4,5,5,5,2,13,2,9,2,1,C03,7,9,1,10,1,11,,7,7,1,13,4,120.610822,24.140369,2
642,66000,387130000C,(04)23274275,(04)23288582,2025,09,2,17,15,臺中市,神岡區,0,1,0,7,2,6,50,3,1,1,5,4,6,6,3,1,10,5,5,2,17,3,10,3,1,B03,7,5,1,8,2,2,,84,84,1,6,4,120.682469,24.270082,2
643,66000,387130000C,(04)23274275,(04)23288582,2025,09,2,17,16,臺中市,霧峰區,0,1,0,7,2,6,30,13,9,1,5,4,6,6,4,4,10,5,5,1,26,2,9,2,1,C03,7,9,1,10,2,11,,59,59,1,13,4,120.664471,24.045954,2
644,66000,387130000C,(04)23274275,(04)23288582,2025,09,2,17,20,臺中市,后里區,0,2,0,7,2,6,50,4,1,1,5,4,6,6,4,4,5,4,4,2,16,2,9,1,1,C03,7,6,1,10,2,11,,12,12,1,12,4,120.714017,24.304755,2
645,66000,387130000C,(04)23274275,(04)23288582,2025,09,2,17,24,臺中市,潭子區,0,1,0,6,2,6,50,4,2,1,5,4,6,6,1,1,5,5,5,1,18,2,9,2,1,C03,7,9,1,10,2,14,,84,84,1,12,4,120.701197,24.194379,2
646,66000,387130000C,(04)23274275,(04)23288582,2025,09,2,17,24,臺中市,西屯區,0,0,0,7,,,40,,,,,,,,,,,,,,13,,,,,B12,,,1,,2,,,7,7,1,13,4,120.647847,24.196114,3
647,66000,387130000C,(04)23274275,(04)23288582,2025,09,2,17,26,臺中市,神岡區,0,2,0,7,2,6,50,13,9,1,5,4,6,6,4,4,9,4,4,2,9,2,9,5,4,C03,7,9,1,10,2,12,,59,59,1,12,4,120.695788,24.248046,2
648,66000,387130000C,(04)23274275,(04)23288582,2025,09,2,17,31,臺中市,西區,0,1,0,7,1,6,50,3,1,1,5,4,6,6,4,4,10,5,5,1,17,3,10,5,4,B01,7,6,1,4,2,1,,20,20,1,12,4,120.659894,24.158815,2
649,66000,387130000C,(04)23274275,(04)23288582,2025,09,2,17,34,臺中市,潭子區,0,1,0,7,3,6,50,3,1,1,5,4,6,6,4,4,5,5,5,1,17,2,9,2,1,C03,7,6,5,19,2,12,,14,14,1,13,4,120.701151,24.196109,2
650,66000,387130000C,(04)23274275,(04)23288582,2025,09,2,17,35,臺中市,西屯區,0,1,0,7,2,6,50,13,9,1,5,4,6,6,4,4,1,5,5,1,12,2,9,2,1,C03,7,9,1,10,2,14,,59,59,1,12,4,120.646491,24.157846,2
651,66000,387130000C,(04)23274275,(04)23288582,2025,09,2,17,35,臺中市,太平區,0,1,0,7,2,6,50,5,1,1,5,4,6,6,1,1,10,5,5,2,13,2,9,2,1,C03,7,9,3,19,2,11,,7,7,1,13,4,120.711097,24.126682,2
652,66000,387130000C,(04)23274275,(04)23288582,2025,09,2,17,36,臺中市,太平區,0,2,0,7,2,6,50,3,1,1,5,4,6,6,4,4,10,5,5,2,16,2,9,2,1,C03,7,6,3,19,6,11,,14,14,1,12,4,120.717873,24.117256,2
653,66000,387130000C,(04)23274275,(04)23288582,2025,09,2,17,36,臺中市,東勢區,0,0,0,7,,,60,,,,,,,,,,,,,,12,,,,,B03,,,1,,2,,,40,40,1,12,4,120.80177,24.293851,3
654,66000,387130000C,(04)23274275,(04)23288582,2025,09,2,17,37,臺中市,大里區,0,1,0,7,2,6,50,3,2,1,5,4,6,6,4,4,1,5,5,1,16,3,10,3,1,B03,7,7,1,7,2,5,,40,40,1,13,4,120.671233,24.10154,2
655,66000,387130000C,(04)23274275,(04)23288582,2025,09,2,17,40,臺中市,西區,0,1,0,7,2,6,40,13,8,1,5,4,6,6,4,4,5,4,4,2,18,2,9,5,4,C04,7,9,1,10,2,12,,84,84,1,12,4,120.669639,24.148068,2
656,66000,387130000C,(04)23274275,(04)23288582,2025,09,2,17,40,臺中市,沙鹿區,0,0,0,7,,,50,,,,,,,,,,,,,,14,,,,,B12,,,1,,2,,,49,49,1,12,4,120.556749,24.222639,3
657,66000,387130000C,(04)23274275,(04)23288582,2025,09,2,17,42,臺中市,北屯區,0,0,0,7,,,50,,,,,,,,,,,,,,12,,,,,B03,,,1,,1,,,8,8,1,12,4,120.688978,24.171038,3
658,66000,387130000C,(04)23274275,(04)23288582,2025,09,2,17,42,臺中市,烏日區,0,0,0,7,,,60,,,,,,,,,,,,,,,,,,,B12,,,1,,1,,,7,7,1,6,4,120.644517,24.092747,3
659,66000,387130000C,(04)23274275,(04)23288582,2025,09,2,17,44,臺中市,烏日區,0,0,0,7,2,6,50,13,9,1,5,4,6,6,1,1,1,4,5,2,13,3,10,3,1,B11,7,1,1,7,1,1,,84,84,1,6,4,120.649144,24.093276,3
660,66000,387130000C,(04)23274275,(04)23288582,2025,09,2,17,45,臺中市,南屯區,0,1,0,7,2,6,50,4,1,1,5,4,6,6,1,1,10,5,5,2,17,2,9,2,1,C03,7,1,1,10,2,14,,51,51,1,12,4,120.634736,24.148522,2
661,66000,387130000C,(04)23274275,(04)23288582,2025,09,2,17,45,臺中市,南屯區,0,1,0,7,3,6,50,3,1,1,5,4,6,6,1,1,10,5,5,2,17,3,10,2,1,C03,7,6,1,10,2,13,,48,48,1,12,4,120.595307,24.140329,2
662,66000,387130000C,(04)23274275,(04)23288582,2025,09,2,17,45,臺中市,南屯區,0,0,0,7,3,6,50,13,9,1,5,4,6,6,4,4,3,2,5,2,13,,,,,B03,,,1,,1,,,7,7,1,12,4,120.6083,24.144907,3
663,66000,387130000C,(04)23274275,(04)23288582,2025,09,2,17,45,臺中市,太平區,0,0,0,7,,,30,,,,,,,,,,,,,,,,,,,B03,,,1,,2,,,8,8,1,12,4,120.708594,24.154226,3
664,66000,387130000C,(04)23274275,(04)23288582,2025,09,2,17,46,臺中市,烏日區,0,1,0,7,1,6,50,3,2,1,5,4,6,6,4,4,1,4,4,2,9,3,10,3,1,A04,7,9,1,2,2,16,,84,84,1,6,4,120.625567,24.108842,2
665,66000,387130000C,(04)23274275,(04)23288582,2025,09,2,17,46,臺中市,神岡區,0,1,0,7,2,6,30,3,1,1,5,4,6,6,4,4,10,5,5,2,17,3,10,3,1,B03,7,6,1,8,2,1,,14,14,1,6,4,120.671015,24.245017,2
666,66000,387130000C,(04)23274275,(04)23288582,2025,09,2,17,47,臺中市,大雅區,0,0,0,7,,,30,,,,,,,,,,,,,,15,,,,,C03,,,1,,2,,,15,15,1,12,4,120.662602,24.226286,3
667,66000,387130000C,(04)23274275,(04)23288582,2025,09,2,17,47,臺中市,大雅區,0,1,0,7,3,6,50,13,7,1,5,4,6,6,4,4,9,4,4,1,12,2,8,2,1,C03,7,9,1,10,2,12,,84,84,1,13,4,120.649822,24.222526,2
668,66000,387130000C,(04)23274275,(04)23288582,2025,09,2,17,47,臺中市,南區,0,2,0,7,1,6,40,13,7,1,5,4,6,6,4,4,9,5,4,2,17,2,9,1,1,C03,7,1,1,10,2,14,,51,51,1,12,4,120.653912,24.120431,2
669,66000,387130000C,(04)23274275,(04)23288582,2025,09,2,17,49,臺中市,大里區,0,2,0,6,1,6,40,4,2,1,5,4,6,6,1,1,10,5,5,2,17,2,9,1,1,C03,7,9,1,10,2,11,,7,7,1,13,4,120.688281,24.083089,2
670,66000,387130000C,(04)23274275,(04)23288582,2025,09,2,17,50,臺中市,后里區,0,0,0,6,,,50,,,,,,,,,,,,,,14,,,,,B12,,,1,,1,,,49,49,1,12,4,120.730317,24.313694,3
671,66000,387130000C,(04)23274275,(04)23288582,2025,09,2,17,51,臺中市,西屯區,0,1,0,7,2,6,50,3,9,1,5,4,6,6,4,4,5,5,4,2,17,2,9,5,4,C03,7,1,1,10,2,14,,51,51,1,12,4,120.637431,24.173788,2
672,66000,387130000C,(04)23274275,(04)23288582,2025,09,2,17,52,臺中市,西屯區,0,2,0,7,2,6,50,8,9,1,5,4,6,6,4,4,1,4,5,2,13,2,9,2,4,C03,7,9,1,10,2,11,,84,84,1,13,4,120.651801,24.197981,2
673,66000,387130000C,(04)23274275,(04)23288582,2025,09,2,17,53,臺中市,南屯區,0,0,0,7,,,50,,,,,,,,,,,,,,,,,,,C03,,,1,,1,,,7,7,1,13,4,120.623597,24.152617,3
674,66000,387130000C,(04)23274275,(04)23288582,2025,09,2,17,54,臺中市,大里區,0,0,0,7,,,40,,,,,,,,,,,,,,17,,,,,B03,,,1,,2,,,59,59,1,13,4,120.701779,24.085461,3
675,66000,387130000C,(04)23274275,(04)23288582,2025,09,2,17,55,臺中市,西屯區,0,0,0,7,,,30,,,,,,,,,,,,,,,,,,,B12,,,1,,1,,,8,8,1,13,4,120.647531,24.184212,3
676,66000,387130000C,(04)23274275,(04)23288582,2025,09,2,17,55,臺中市,西屯區,0,0,0,7,,,40,,,,,,,,,,,,,,,,,,,B03,,,1,,1,,,7,7,1,13,4,120.624383,24.178531,3
677,66000,387130000C,(04)23274275,(04)23288582,2025,09,2,17,59,臺中市,南區,0,1,0,7,1,6,30,13,9,1,5,4,6,6,4,4,10,5,5,2,17,3,10,3,1,A12,7,14,1,3,2,4,,76,76,1,6,4,120.683403,24.130899,2