﻿序號,縣市別代碼,機關代碼,市話,傳真,年,月,日,時,分,縣市,區,死亡數量,受傷數量,2-30,天候,道路照明設備,道路類別,道路速限,道路型態,事故位置,路面鋪裝,路面狀態,路面缺陷,障礙物,視距,號誌種類,號誌動作,分向設施,快車道或一般車道間,快慢車道間,路面邊線,事故類型及型態,受傷程度,主要傷處,保護裝備,行動電話或功能裝置,當事者區分_類別,車輛用途,當事者行動狀態,駕照狀態,駕照種類,飲酒情形,車輛撞擊部位最初,車輛撞擊部位其他,肇事因素個別,肇事因素主要,肇事逃逸,職業,共享經濟或外送平台,GPS座標X,GPS座標Y,事故類別
791,66000,387130000C,(04)23274275,(04)23288582,2025,09,3,7,22,臺中市,北屯區,0,1,0,7,2,6,50,13,8,1,5,4,6,6,4,4,1,4,4,2,13,3,10,1,1,C03,7,9,1,10,2,11,,8,8,1,12,4,120.661805,24.189738,2
792,66000,387130000C,(04)23274275,(04)23288582,2025,09,3,7,23,臺中市,大里區,0,0,0,7,,,50,,,,,,,,,,,,,,17,,,,,B03,,,1,,2,,,20,20,1,12,4,120.673819,24.104205,3
793,66000,387130000C,(04)23274275,(04)23288582,2025,09,3,7,25,臺中市,大雅區,0,0,0,7,,,50,,,,,,,,,,,,,,,,,,,C03,,,1,,1,,,84,84,1,12,4,120.65032,24.219499,3
794,66000,387130000C,(04)23274275,(04)23288582,2025,09,3,7,25,臺中市,西屯區,0,0,0,7,,3,80,,,,,,,,,,,,,,13,,,,,B03,,,1,,2,,,7,7,1,12,4,120.636076,24.183609,3
795,66000,387130000C,(04)23274275,(04)23288582,2025,09,3,7,28,臺中市,北屯區,0,0,0,7,,,50,,,,,,,,,,,,,,16,,,,,A12,,,1,,1,,,59,59,1,12,4,120.694473,24.173567,3
796,66000,387130000C,(04)23274275,(04)23288582,2025,09,3,7,30,臺中市,南屯區,0,0,0,7,,,50,,,,,,,,,,,,,,17,,,,,B03,,,1,,2,,,85,85,1,6,4,120.629612,24.122199,3
797,66000,387130000C,(04)23274275,(04)23288582,2025,09,3,7,30,臺中市,北屯區,0,0,0,7,,,50,,,,,,,,,,,,,,17,,,,,,,,,,,,,109,109,1,,,120.705874,24.172907,3
798,66000,387130000C,(04)23274275,(04)23288582,2025,09,3,7,30,臺中市,西屯區,0,0,0,7,,,40,,,,,,,,,,,,,,13,,,,,B03,,,1,,1,,,7,7,1,12,4,120.656039,24.159299,3
799,66000,387130000C,(04)23274275,(04)23288582,2025,09,3,7,31,臺中市,太平區,0,1,0,7,2,6,30,4,1,1,5,4,6,6,3,1,5,5,5,1,15,2,9,1,1,C03,7,9,1,10,2,11,,24,24,1,6,4,120.724009,24.142079,2
800,66000,387130000C,(04)23274275,(04)23288582,2025,09,3,7,35,臺中市,北屯區,0,0,0,7,,3,80,,,,,,,,,,,,,,13,,,,,B03,,,1,,1,,,7,7,1,12,4,120.679403,24.201096,3
801,66000,387130000C,(04)23274275,(04)23288582,2025,09,3,7,36,臺中市,大甲區,0,0,0,7,,,50,,,,,,,,,,,,,,,,,,,C03,,,1,,2,,,7,7,1,6,4,120.619146,24.351075,3
802,66000,387130000C,(04)23274275,(04)23288582,2025,09,3,7,36,臺中市,神岡區,0,2,0,7,2,6,30,4,1,1,5,4,6,6,4,4,10,5,5,1,16,2,9,5,4,C03,7,6,1,10,2,11,,14,14,1,12,4,120.703889,24.264111,2
803,66000,387130000C,(04)23274275,(04)23288582,2025,09,3,7,38,臺中市,北屯區,0,0,0,7,2,6,50,13,9,1,5,4,6,6,4,4,9,5,5,2,17,3,10,3,1,B03,7,11,1,8,1,5,,45,45,1,13,4,120.687308,24.195173,3
804,66000,387130000C,(04)23274275,(04)23288582,2025,09,3,7,38,臺中市,西屯區,0,0,0,7,,,70,,,,,,,,,,,,,,12,,,,,B03,,,1,,1,,,40,40,1,12,4,120.626942,24.177412,3
805,66000,387130000C,(04)23274275,(04)23288582,2025,09,3,7,40,臺中市,南屯區,0,2,0,7,2,6,50,13,7,1,5,4,6,6,4,4,4,3,4,2,13,2,9,2,4,C03,7,9,1,10,2,11,12,84,84,1,13,4,120.620452,24.139953,2
806,66000,387130000C,(04)23274275,(04)23288582,2025,09,3,7,41,臺中市,西屯區,0,1,0,7,2,6,50,13,9,1,5,4,6,6,4,4,1,4,5,2,17,3,10,5,4,B12,7,8,1,8,1,3,,40,40,1,12,4,120.653536,24.167717,2
807,66000,387130000C,(04)23274275,(04)23288582,2025,09,3,7,43,臺中市,南區,0,2,0,7,3,6,50,3,1,1,5,4,6,6,1,1,10,5,5,2,13,2,9,1,1,C03,7,9,1,10,2,11,,82,82,1,6,4,120.657849,24.11258,2
808,66000,387130000C,(04)23274275,(04)23288582,2025,09,3,7,44,臺中市,北屯區,0,1,0,7,2,6,50,4,2,1,5,4,6,6,2,1,4,1,5,2,13,3,10,3,1,B03,7,9,1,8,2,8,,59,59,1,12,4,120.73342,24.161044,2
809,66000,387130000C,(04)23274275,(04)23288582,2025,09,3,7,45,臺中市,沙鹿區,0,0,0,7,,,50,,,,,,,,,,,,,,,,,,,B03,,,1,,2,,,59,59,1,13,4,120.568273,24.208093,3
810,66000,387130000C,(04)23274275,(04)23288582,2025,09,3,7,46,臺中市,大雅區,0,0,0,7,,,0,,,,,,,,,,,,,,,,,,,B03,,,1,,1,,,51,51,1,13,4,120.670142,24.237987,3
811,66000,387130000C,(04)23274275,(04)23288582,2025,09,3,7,46,臺中市,西屯區,0,2,0,7,2,6,30,3,2,1,5,4,6,6,4,4,1,4,4,2,12,2,9,2,1,C03,7,5,1,10,2,14,,12,12,1,12,4,120.650894,24.208919,2
812,66000,387130000C,(04)23274275,(04)23288582,2025,09,3,7,46,臺中市,神岡區,0,1,0,7,1,6,50,13,9,1,5,4,6,6,4,4,9,5,5,1,13,2,9,1,1,C03,7,7,1,10,2,14,,84,84,1,12,4,120.682372,24.259531,2
813,66000,387130000C,(04)23274275,(04)23288582,2025,09,3,7,47,臺中市,北屯區,0,1,0,7,2,6,50,3,1,1,5,4,6,6,4,4,10,5,5,2,16,3,10,5,4,B03,7,5,1,8,2,2,,20,20,1,12,4,120.694592,24.170218,2
814,66000,387130000C,(04)23274275,(04)23288582,2025,09,3,7,47,臺中市,霧峰區,0,0,0,7,,,50,,,,,,,,,,,,,,16,,,,,C03,,,3,,2,,,48,48,1,12,4,120.696525,24.060901,4
815,66000,387130000C,(04)23274275,(04)23288582,2025,09,3,7,48,臺中市,大雅區,0,0,0,7,,,50,,,,,,,,,,,,,,,,,,,C03,,,1,,1,,,51,51,1,12,4,120.605833,24.237982,3
816,66000,387130000C,(04)23274275,(04)23288582,2025,09,3,7,48,臺中市,南屯區,0,0,0,7,,,50,,,,,,,,,,,,,,,,,,,B03,,,1,,2,,,40,40,1,12,4,120.611613,24.136204,3
817,66000,387130000C,(04)23274275,(04)23288582,2025,09,3,7,48,臺中市,西屯區,0,1,0,7,2,6,50,13,9,1,5,4,6,6,4,4,1,4,5,2,12,3,10,3,1,B03,7,9,1,8,2,2,,84,84,1,12,4,120.657145,24.197844,2
818,66000,387130000C,(04)23274275,(04)23288582,2025,09,3,7,48,臺中市,大甲區,0,2,0,7,2,6,50,13,9,1,5,4,6,6,4,4,5,5,5,1,3,2,7,6,5,H01,8,16,7,21,10,17,,95,95,1,6,5,120.626028,24.354829,2
819,66000,387130000C,(04)23274275,(04)23288582,2025,09,3,7,49,臺中市,大里區,0,0,0,7,,,50,,,,,,,,,,,,,,17,,,,,B03,,,3,,2,,,51,51,1,12,4,120.67799,24.094484,3
820,66000,387130000C,(04)23274275,(04)23288582,2025,09,3,7,50,臺中市,東區,0,0,0,7,,,50,,,,,,,,,,,,,,9,,,,,,,,,,,,,85,85,1,,,120.700722,24.127289,4
821,66000,387130000C,(04)23274275,(04)23288582,2025,09,3,7,50,臺中市,南屯區,0,1,0,7,1,6,50,3,2,1,5,4,6,6,4,4,1,4,1,2,17,3,10,3,1,B03,7,5,1,8,2,2,,14,14,1,6,4,120.62412,24.134286,2
822,66000,387130000C,(04)23274275,(04)23288582,2025,09,3,7,51,臺中市,太平區,0,2,0,7,3,6,50,13,9,1,5,4,6,6,4,4,5,5,4,1,16,2,9,2,1,C03,7,1,1,10,2,14,,51,51,1,12,4,120.715232,24.146838,2
823,66000,387130000C,(04)23274275,(04)23288582,2025,09,3,7,51,臺中市,梧棲區,0,2,0,7,3,6,70,13,12,1,5,4,6,6,4,4,1,4,4,1,13,2,9,1,1,C03,7,9,1,10,2,11,,7,7,1,6,4,120.549758,24.240532,2
824,66000,387130000C,(04)23274275,(04)23288582,2025,09,3,7,52,臺中市,西屯區,0,1,0,7,1,6,40,4,1,1,5,4,6,6,2,1,10,5,5,2,16,3,10,3,1,B03,7,5,1,8,2,2,,11,11,1,12,4,120.65611,24.159334,2
825,66000,387130000C,(04)23274275,(04)23288582,2025,09,3,7,52,臺中市,西屯區,0,0,0,7,,,50,,,,,,,,,,,,,,13,,,,,B03,,,3,,2,,,88,88,1,12,4,120.65736,24.200602,3
826,66000,387130000C,(04)23274275,(04)23288582,2025,09,3,7,53,臺中市,梧棲區,0,2,0,7,3,6,50,3,1,1,5,4,6,6,4,4,10,5,5,2,16,3,10,3,1,B03,7,6,1,8,2,8,,59,59,1,6,4,120.543718,24.245515,2
827,66000,387130000C,(04)23274275,(04)23288582,2025,09,3,7,54,臺中市,潭子區,0,0,0,7,,,50,,,,,,,,,,,,,,,,,,,C03,,,1,,2,,,7,7,1,13,4,120.709811,24.20077,3
828,66000,387130000C,(04)23274275,(04)23288582,2025,09,3,7,57,臺中市,太平區,0,0,0,7,,,30,,,,,,,,,,,,,,17,,,,,A12,,,1,,9,,,84,84,1,12,4,120.716516,24.152978,3
829,66000,387130000C,(04)23274275,(04)23288582,2025,09,3,7,58,臺中市,西屯區,0,0,0,7,,,70,,,,,,,,,,,,,,13,,,,,B03,,,1,,1,,,7,7,1,12,4,120.614944,24.183333,3
830,66000,387130000C,(04)23274275,(04)23288582,2025,09,3,7,58,臺中市,西屯區,0,2,0,7,2,6,50,4,1,1,5,4,6,6,1,1,5,4,5,2,16,2,9,2,1,C03,7,6,1,10,2,12,,26,26,1,12,4,120.645096,24.178816,2
831,66000,387130000C,(04)23274275,(04)23288582,2025,09,3,7,59,臺中市,西屯區,0,0,0,7,,,50,,,,,,,,,,,,,,12,,,,,B03,,,1,,1,,,40,40,1,12,4,120.644176,24.171624,3
832,66000,387130000C,(04)23274275,(04)23288582,2025,09,3,8,0,臺中市,北屯區,0,0,0,7,,3,40,,,,,,,,,,,,,,13,,,,,B03,,,1,,1,,,59,59,1,12,4,120.722358,24.185903,3
833,66000,387130000C,(04)23274275,(04)23288582,2025,09,3,8,1,臺中市,東區,0,1,0,7,3,6,50,13,7,1,5,4,6,6,1,1,5,4,4,2,17,2,9,5,4,C03,7,9,1,10,2,11,,7,7,1,6,4,120.705602,24.144607,2
834,66000,387130000C,(04)23274275,(04)23288582,2025,09,3,8,4,臺中市,北區,0,0,0,7,,,40,,,,,,,,,,,,,,17,,,,,B03,,,1,,1,,,59,59,1,12,4,120.689875,24.158181,3
835,66000,387130000C,(04)23274275,(04)23288582,2025,09,3,8,4,臺中市,大甲區,0,0,0,7,,,50,,,,,,,,,,,,,,,,,,,B03,,,1,,2,,,7,7,1,6,4,120.624619,24.352206,3
836,66000,387130000C,(04)23274275,(04)23288582,2025,09,3,8,5,臺中市,南屯區,0,0,0,7,,,50,,,,,,,,,,,,,,13,,,,,B03,,,1,,1,,,7,7,1,13,4,120.626015,24.144023,3
837,66000,387130000C,(04)23274275,(04)23288582,2025,09,3,8,5,臺中市,北屯區,0,0,0,7,,,50,,,,,,,,,,,,,,17,,,,,C03,,,1,,1,,,87,87,1,12,4,120.676344,24.184374,4
838,66000,387130000C,(04)23274275,(04)23288582,2025,09,3,8,6,臺中市,南屯區,0,1,0,7,2,6,30,4,1,1,5,4,6,6,4,4,10,5,5,2,16,3,10,5,4,B03,7,6,1,8,2,1,,14,14,1,13,4,120.607005,24.133622,2
839,66000,387130000C,(04)23274275,(04)23288582,2025,09,3,8,7,臺中市,太平區,0,3,0,7,3,6,50,4,1,1,5,4,6,6,1,1,5,5,5,1,9,2,9,2,1,C03,7,9,1,10,2,11,,84,84,1,12,4,120.724506,24.130134,2
840,66000,387130000C,(04)23274275,(04)23288582,2025,09,3,8,7,臺中市,外埔區,0,1,0,7,2,6,30,11,9,1,5,4,6,6,4,4,10,5,5,2,11,3,10,3,1,B03,7,9,1,8,2,5,,41,41,1,12,4,120.643918,24.31564,2
841,66000,387130000C,(04)23274275,(04)23288582,2025,09,3,8,8,臺中市,北屯區,0,0,0,7,,,50,,,,,,,,,,,,,,17,,,,,B03,,,1,,9,,,82,82,1,13,4,120.680868,24.173489,3
842,66000,387130000C,(04)23274275,(04)23288582,2025,09,3,8,8,臺中市,西屯區,0,1,0,7,2,6,50,13,9,1,5,4,6,6,4,4,10,5,5,2,17,3,10,5,4,B03,7,6,1,8,2,5,,20,20,1,12,4,120.647674,24.166781,2
843,66000,387130000C,(04)23274275,(04)23288582,2025,09,3,8,8,臺中市,大里區,0,1,0,7,2,6,50,13,7,1,5,4,6,6,4,4,1,2,4,2,17,2,9,2,1,C03,7,8,1,10,2,14,,84,84,1,6,4,120.689023,24.07821,2
844,66000,387130000C,(04)23274275,(04)23288582,2025,09,3,8,10,臺中市,南屯區,0,0,0,7,,,50,,,,,,,,,,,,,,,,,,,B01,,,1,,1,,,43,43,1,6,4,120.62229,24.140263,3
845,66000,387130000C,(04)23274275,(04)23288582,2025,09,3,8,11,臺中市,北區,0,0,0,7,,,50,,,,,,,,,,,,,,13,,,,,B03,,,1,,9,,,7,7,1,13,4,120.681625,24.163302,3
846,66000,387130000C,(04)23274275,(04)23288582,2025,09,3,8,11,臺中市,大里區,0,0,0,7,,,30,,,,,,,,,,,,,,,,,,,B03,,,1,,2,,,49,49,1,6,4,120.700986,24.099231,3
847,66000,387130000C,(04)23274275,(04)23288582,2025,09,3,8,13,臺中市,北屯區,0,3,0,7,2,6,50,3,1,1,5,4,6,6,1,1,1,3,5,2,12,2,9,4,1,B03,7,6,1,8,2,2,,25,25,1,6,4,120.720876,24.167004,2
848,66000,387130000C,(04)23274275,(04)23288582,2025,09,3,8,13,臺中市,西屯區,0,1,0,7,2,6,50,4,1,1,5,4,6,6,2,1,10,5,5,2,18,2,8,1,1,C03,7,6,1,10,2,14,,84,84,1,12,4,120.646692,24.155593,2
849,66000,387130000C,(04)23274275,(04)23288582,2025,09,3,8,18,臺中市,西屯區,0,0,0,7,,,50,,,,,,,,,,,,,,13,,,,,C03,,,1,,1,,,7,7,1,12,4,120.635202,24.169229,3
850,66000,387130000C,(04)23274275,(04)23288582,2025,09,3,8,19,臺中市,清水區,0,1,0,7,2,6,50,4,1,1,5,4,6,6,1,1,8,4,4,1,16,2,9,1,1,C03,7,9,1,10,2,11,,87,87,1,12,4,120.571383,24.275531,2
851,66000,387130000C,(04)23274275,(04)23288582,2025,09,3,8,20,臺中市,大雅區,0,0,0,7,,,50,,,,,,,,,,,,,,,,,,,B03,,,1,,2,,,48,48,1,13,4,120.648355,24.221185,3
852,66000,387130000C,(04)23274275,(04)23288582,2025,09,3,8,20,臺中市,清水區,0,1,0,7,2,6,50,4,1,1,5,4,6,6,1,1,8,3,4,2,15,2,9,1,1,C03,7,9,1,10,2,12,,21,21,1,12,4,120.585843,24.288147,2
853,66000,387130000C,(04)23274275,(04)23288582,2025,09,3,8,22,臺中市,北區,0,1,0,7,2,6,50,3,2,1,5,4,6,6,4,4,1,4,5,2,13,2,9,1,1,C03,7,7,1,10,2,12,,7,7,1,12,4,120.672597,24.162969,2
854,66000,387130000C,(04)23274275,(04)23288582,2025,09,3,8,23,臺中市,北屯區,0,0,0,7,,,50,,,,,,,,,,,,,,12,,,,,B03,,,1,8,1,,,8,8,1,12,4,120.681685,24.17266,3
855,66000,387130000C,(04)23274275,(04)23288582,2025,09,3,8,24,臺中市,西屯區,0,1,0,7,1,6,40,13,8,1,5,4,6,6,2,1,1,4,5,2,13,3,10,4,1,B03,7,9,1,8,2,8,,7,7,1,12,4,120.643211,24.165929,2
856,66000,387130000C,(04)23274275,(04)23288582,2025,09,3,8,26,臺中市,烏日區,0,0,0,7,,,50,,,,,,,,,,,,,,12,,,,,B03,,,1,,2,,,8,8,1,12,4,120.586559,24.112813,3
857,66000,387130000C,(04)23274275,(04)23288582,2025,09,3,8,27,臺中市,北屯區,0,1,0,7,2,6,50,4,1,1,5,4,6,6,2,1,10,5,5,1,16,2,9,1,1,C03,7,9,1,10,2,14,,1,1,1,12,4,120.676132,24.195406,2
858,66000,387130000C,(04)23274275,(04)23288582,2025,09,3,8,27,臺中市,西屯區,0,0,0,7,,,50,,,,,,,,,,,,,,12,,,,,B03,,,1,,1,,,40,40,1,12,4,120.662472,24.165095,3
859,66000,387130000C,(04)23274275,(04)23288582,2025,09,3,8,28,臺中市,大雅區,0,0,0,7,,,60,,,,,,,,,,,,,,,,,,,B03,,,1,,2,,,7,7,1,12,4,120.648783,24.217649,3
860,66000,387130000C,(04)23274275,(04)23288582,2025,09,3,8,28,臺中市,豐原區,0,0,0,7,2,6,50,13,9,1,5,4,6,6,4,4,5,5,5,1,12,3,10,3,1,B03,7,7,1,8,2,2,,50,50,1,12,4,120.722833,24.246334,3
861,66000,387130000C,(04)23274275,(04)23288582,2025,09,3,8,29,臺中市,沙鹿區,0,0,0,7,,,60,,,,,,,,,,,,,,13,,,,,B03,,,1,,2,,,59,59,1,6,4,120.585228,24.25065,3
862,66000,387130000C,(04)23274275,(04)23288582,2025,09,3,8,30,臺中市,東區,0,1,0,7,1,6,50,13,7,1,5,4,6,6,4,4,1,4,5,2,13,2,9,1,1,C03,7,9,3,19,2,11,,7,7,1,12,4,120.69966,24.13268,2
863,66000,387130000C,(04)23274275,(04)23288582,2025,09,3,8,30,臺中市,北屯區,0,2,0,7,3,6,50,13,9,1,5,4,6,6,4,4,1,4,5,2,12,2,2,3,1,B03,7,7,1,8,2,6,,84,84,1,12,4,120.664438,24.201294,2
864,66000,387130000C,(04)23274275,(04)23288582,2025,09,3,8,31,臺中市,南區,0,1,0,7,2,6,50,3,1,1,5,4,6,6,4,4,10,5,5,2,17,2,9,1,1,C03,7,6,1,10,2,14,,48,48,1,12,4,120.671564,24.118996,2
865,66000,387130000C,(04)23274275,(04)23288582,2025,09,3,8,31,臺中市,霧峰區,0,1,0,7,3,6,50,3,2,1,5,4,6,6,4,4,5,5,4,1,17,3,10,1,1,C03,7,9,1,10,2,12,,84,84,1,12,4,120.697546,24.064764,2
866,66000,387130000C,(04)23274275,(04)23288582,2025,09,3,8,32,臺中市,霧峰區,0,0,0,7,,,30,,,,,,,,,,,,,,17,,,,,B12,,,1,,11,,,84,84,1,12,4,120.678688,24.045068,3
867,66000,387130000C,(04)23274275,(04)23288582,2025,09,3,8,33,臺中市,大里區,0,2,0,7,2,6,50,3,1,1,5,4,6,6,4,4,5,5,4,2,16,2,7,1,1,C03,7,1,1,10,2,12,,51,51,1,13,2,120.686928,24.100471,2
868,66000,387130000C,(04)23274275,(04)23288582,2025,09,3,8,34,臺中市,南屯區,0,0,0,7,,,50,,,,,,,,,,,,,,,,,,,B12,,,1,,1,,,68,68,1,12,4,120.646946,24.142282,3
869,66000,387130000C,(04)23274275,(04)23288582,2025,09,3,8,39,臺中市,大里區,0,1,0,7,2,6,50,4,1,1,5,4,6,6,1,1,10,5,5,2,16,2,9,2,1,F03,7,6,7,21,2,14,,48,48,1,6,4,120.688558,24.08062,2
870,66000,387130000C,(04)23274275,(04)23288582,2025,09,3,8,40,臺中市,北屯區,0,1,0,7,3,6,50,3,1,1,5,4,6,6,1,1,10,5,5,2,18,2,7,1,1,C03,7,9,1,10,2,14,,59,59,1,12,4,120.681061,24.176374,2
871,66000,387130000C,(04)23274275,(04)23288582,2025,09,3,8,42,臺中市,沙鹿區,0,1,0,7,2,6,30,4,1,1,5,4,6,6,4,4,10,5,5,2,15,2,9,1,1,C03,7,9,1,9,2,11,,12,12,1,12,4,120.568684,24.230553,2
872,66000,387130000C,(04)23274275,(04)23288582,2025,09,3,8,44,臺中市,霧峰區,0,0,0,7,,,50,,,,,,,,,,,,,,13,,,,,B03,,,1,,2,,,7,7,1,12,4,120.71439,24.075532,3
873,66000,387130000C,(04)23274275,(04)23288582,2025,09,3,8,45,臺中市,北區,0,0,0,7,,,50,,,,,,,,,,,,,,12,,,,,B03,,,1,,1,,,39,39,1,13,4,120.682839,24.163251,3
874,66000,387130000C,(04)23274275,(04)23288582,2025,09,3,8,45,臺中市,清水區,0,2,0,7,2,6,50,3,2,1,5,4,6,6,4,4,9,4,5,1,12,2,9,1,1,C03,7,6,1,10,1,14,,14,14,1,12,4,120.577578,24.309689,2
875,66000,387130000C,(04)23274275,(04)23288582,2025,09,3,8,46,臺中市,外埔區,0,0,0,7,3,6,50,13,9,1,5,4,6,6,4,4,10,5,5,2,27,,,,,A42,,,1,,2,,,49,49,1,12,4,120.624745,24.328664,3
876,66000,387130000C,(04)23274275,(04)23288582,2025,09,3,8,47,臺中市,大里區,0,1,0,7,2,6,50,13,9,1,5,4,6,6,1,1,5,5,5,2,17,3,10,3,1,B03,7,9,1,8,2,1,,7,7,1,12,4,120.679313,24.095348,2
877,66000,387130000C,(04)23274275,(04)23288582,2025,09,3,8,55,臺中市,北區,0,1,0,7,2,6,50,13,9,1,5,4,6,6,4,4,2,4,5,2,18,2,9,2,1,C03,7,9,1,10,5,14,,84,84,1,12,4,120.685791,24.155475,2
878,66000,387130000C,(04)23274275,(04)23288582,2025,09,3,8,55,臺中市,東區,0,0,0,7,,3,80,,,,,,,,,,,,,,17,,,,,B03,,,1,,2,,,87,87,1,6,4,120.708634,24.134608,3
879,66000,387130000C,(04)23274275,(04)23288582,2025,09,3,8,55,臺中市,西屯區,0,1,0,7,2,6,30,5,1,1,5,4,6,6,2,1,10,5,5,2,16,3,10,3,1,B03,7,6,1,8,2,4,,85,85,1,12,4,120.624058,24.194116,2
880,66000,387130000C,(04)23274275,(04)23288582,2025,09,3,8,59,臺中市,南區,0,1,0,7,3,6,50,5,1,1,5,4,6,6,1,1,1,5,5,2,12,3,10,3,1,B03,7,6,3,19,2,6,,11,11,1,13,4,120.677711,24.126373,2
881,66000,387130000C,(04)23274275,(04)23288582,2025,09,3,9,5,臺中市,南區,0,0,0,7,,,50,,,,,,,,,,,,,,,,,,,B03,,,1,,1,,,7,7,1,6,4,120.670076,24.114792,3
882,66000,387130000C,(04)23274275,(04)23288582,2025,09,3,9,7,臺中市,南屯區,0,0,0,7,,,50,,,,,,,,,,,,,,13,,,,,B03,,,5,,2,,,7,7,1,13,4,120.625451,24.145158,3
883,66000,387130000C,(04)23274275,(04)23288582,2025,09,3,9,12,臺中市,南屯區,0,0,0,7,,,40,,,,,,,,,,,,,,,,,,,B12,,,1,,9,,,8,8,1,13,4,120.640559,24.153825,3
884,66000,387130000C,(04)23274275,(04)23288582,2025,09,3,9,20,臺中市,大里區,0,1,0,7,2,6,50,4,1,1,5,4,6,6,1,1,5,5,4,2,17,3,10,1,1,C03,7,6,1,10,1,16,,11,11,1,13,4,120.682412,24.100469,2
885,66000,387130000C,(04)23274275,(04)23288582,2025,09,3,9,24,臺中市,北屯區,0,1,0,7,3,6,50,3,1,1,5,4,6,6,4,4,1,4,5,2,16,3,10,3,1,B03,7,5,1,8,2,2,,14,14,1,6,4,120.696587,24.17077,2
886,66000,387130000C,(04)23274275,(04)23288582,2025,09,3,9,24,臺中市,太平區,0,1,0,7,3,6,30,13,9,1,5,4,6,6,4,4,10,5,5,2,14,3,10,3,1,B12,7,2,1,8,1,7,,49,49,1,12,4,120.71697,24.139983,2
887,66000,387130000C,(04)23274275,(04)23288582,2025,09,3,9,26,臺中市,北區,0,0,0,7,,,50,,,,,,,,,,,,,,13,,,,,C03,,,1,,1,,,7,7,1,13,4,120.690505,24.152368,3
888,66000,387130000C,(04)23274275,(04)23288582,2025,09,3,9,26,臺中市,北屯區,0,0,0,7,,,50,,,,,,,,,,,,,,16,,,,,B03,,,1,,1,,,25,25,1,13,4,120.720906,24.178274,3
889,66000,387130000C,(04)23274275,(04)23288582,2025,09,3,9,27,臺中市,石岡區,0,0,0,7,,,50,,,,,,,,,,,,,,13,,,,,B12,,,1,,1,,,7,7,1,13,4,120.809538,24.256343,3
890,66000,387130000C,(04)23274275,(04)23288582,2025,09,3,9,28,臺中市,大雅區,0,1,0,7,3,6,30,4,1,1,5,4,6,6,4,4,10,5,5,2,17,2,9,2,1,C03,7,10,1,8,2,11,,15,15,1,12,4,120.666188,24.23822,2
891,66000,387130000C,(04)23274275,(04)23288582,2025,09,3,9,28,臺中市,西屯區,0,1,0,7,2,6,40,4,1,1,5,4,6,6,2,1,10,5,5,2,15,3,10,1,1,C03,7,9,1,10,2,12,,21,21,1,12,4,120.659821,24.164504,2
892,66000,387130000C,(04)23274275,(04)23288582,2025,09,3,9,31,臺中市,西屯區,0,0,0,7,,,50,,,,,,,,,,,,,,12,,,,,B03,,,1,,1,,,40,40,1,12,4,120.639069,24.168932,3
893,66000,387130000C,(04)23274275,(04)23288582,2025,09,3,9,35,臺中市,西屯區,0,3,0,7,2,6,50,3,1,1,5,4,6,6,1,1,10,5,5,2,17,2,9,5,4,C03,7,9,1,10,2,11,,21,21,1,12,4,120.642153,24.16443,2
894,66000,387130000C,(04)23274275,(04)23288582,2025,09,3,9,36,臺中市,南屯區,0,0,0,7,,,30,,,,,,,,,,,,,,16,,,,,A12,,,1,,1,,,50,50,1,13,4,120.650601,24.15274,3
895,66000,387130000C,(04)23274275,(04)23288582,2025,09,3,9,37,臺中市,北區,0,1,0,6,2,6,50,3,2,1,5,4,6,6,4,4,1,4,4,2,16,3,10,3,1,B03,7,5,1,8,2,2,,14,14,1,12,4,120.673965,24.164508,2
896,66000,387130000C,(04)23274275,(04)23288582,2025,09,3,9,38,臺中市,北區,0,1,0,7,2,6,50,5,2,1,5,4,6,6,3,1,10,5,5,2,18,2,9,2,1,C03,7,9,3,19,2,14,,84,84,1,13,4,120.697451,24.15572,2
897,66000,387130000C,(04)23274275,(04)23288582,2025,09,3,9,41,臺中市,南屯區,0,0,0,7,3,6,50,13,9,1,5,4,6,6,4,4,5,5,4,2,14,,,,,B03,,,1,,9,,,50,50,2,12,4,120.638776,24.148782,3
898,66000,387130000C,(04)23274275,(04)23288582,2025,09,3,9,45,臺中市,大里區,0,0,0,7,3,6,50,13,9,1,5,4,6,6,1,1,5,5,5,2,13,,,,,C03,,,1,,9,,,84,84,1,12,4,120.69936,24.110444,3
899,66000,387130000C,(04)23274275,(04)23288582,2025,09,3,9,50,臺中市,南屯區,0,0,0,7,,,50,,,,,,,,,,,,,,,,,,,A31,,,1,,2,,,82,82,1,6,4,120.6382,24.122642,3
900,66000,387130000C,(04)23274275,(04)23288582,2025,09,3,9,53,臺中市,北屯區,0,0,0,7,,,50,,,,,,,,,,,,,,13,,,,,B03,,,1,8,1,,,7,7,1,12,4,120.68629,24.189799,3
901,66000,387130000C,(04)23274275,(04)23288582,2025,09,3,9,54,臺中市,大甲區,0,1,0,7,3,6,50,3,1,1,5,4,6,6,4,4,1,4,4,1,17,3,10,3,1,B12,7,5,1,8,2,2,,14,14,1,6,4,120.615852,24.334932,2
902,66000,387130000C,(04)23274275,(04)23288582,2025,09,3,9,56,臺中市,沙鹿區,0,0,0,7,,,50,,,,,,,,,,,,,,,,,,,C03,,,1,,2,,,11,11,1,13,4,120.564858,24.240908,3
903,66000,387130000C,(04)23274275,(04)23288582,2025,09,3,9,57,臺中市,北屯區,0,0,0,7,,,50,,,,,,,,,,,,,,17,,,,,B03,,,1,,1,,,51,51,1,12,4,120.687266,24.174272,3
904,66000,387130000C,(04)23274275,(04)23288582,2025,09,3,9,57,臺中市,豐原區,0,0,0,7,,,50,,,,,,,,,,,,,,17,,,,,B03,,,1,,2,,,34,34,1,13,4,120.743885,24.256104,3