﻿序號,縣市別代碼,機關代碼,市話,傳真,年,月,日,時,分,縣市,區,死亡數量,受傷數量,2-30,天候,道路照明設備,道路類別,道路速限,道路型態,事故位置,路面鋪裝,路面狀態,路面缺陷,障礙物,視距,號誌種類,號誌動作,分向設施,快車道或一般車道間,快慢車道間,路面邊線,事故類型及型態,受傷程度,主要傷處,保護裝備,行動電話或功能裝置,當事者區分_類別,車輛用途,當事者行動狀態,駕照狀態,駕照種類,飲酒情形,車輛撞擊部位最初,車輛撞擊部位其他,肇事因素個別,肇事因素主要,肇事逃逸,職業,共享經濟或外送平台,GPS座標X,GPS座標Y,事故類別
1017,66000,387130000C,(04)23274275,(04)23288582,2025,09,3,15,30,臺中市,大甲區,0,1,0,7,2,6,40,4,9,1,5,4,6,6,1,1,6,4,5,1,12,3,10,1,1,C03,7,8,1,10,2,14,,40,40,1,12,4,120.623759,24.346959,2
1018,66000,387130000C,(04)23274275,(04)23288582,2025,09,3,15,30,臺中市,豐原區,0,0,0,7,,,50,,,,,,,,,,,,,,17,,,,,B03,,,1,,2,,,51,51,1,12,4,120.718911,24.248243,3
1019,66000,387130000C,(04)23274275,(04)23288582,2025,09,3,15,32,臺中市,西屯區,0,0,0,7,,,50,,,,,,,,,,,,,,14,,,,,B03,,,1,,1,,,84,84,1,13,4,120.628428,24.183967,3
1020,66000,387130000C,(04)23274275,(04)23288582,2025,09,3,15,33,臺中市,清水區,0,0,0,7,,,70,,,,,,,,,,,,,,,,,,,B12,,,1,,2,,,7,7,1,12,4,120.574793,24.277701,3
1021,66000,387130000C,(04)23274275,(04)23288582,2025,09,3,15,36,臺中市,豐原區,0,1,0,7,2,6,50,13,9,1,5,4,6,6,4,4,5,4,5,2,17,2,9,2,1,C04,7,9,1,10,2,12,,34,34,1,13,4,120.7126,24.242131,2
1022,66000,387130000C,(04)23274275,(04)23288582,2025,09,3,15,40,臺中市,潭子區,0,0,0,7,2,6,40,13,9,1,5,4,6,6,4,4,10,5,5,2,17,3,10,3,1,B03,7,3,1,8,2,5,,50,50,1,12,4,120.699745,24.203499,3
1023,66000,387130000C,(04)23274275,(04)23288582,2025,09,3,15,40,臺中市,西屯區,0,1,0,7,3,6,40,3,1,1,5,4,6,6,1,1,4,4,4,2,16,2,9,5,4,C03,7,6,1,8,2,14,,39,39,1,12,4,120.59047,24.175215,2
1024,66000,387130000C,(04)23274275,(04)23288582,2025,09,3,15,43,臺中市,外埔區,0,2,0,7,3,6,50,4,1,1,5,4,6,6,4,4,5,4,4,1,16,3,10,3,1,B03,7,11,1,8,2,5,,45,45,1,6,4,120.638221,24.342046,2
1025,66000,387130000C,(04)23274275,(04)23288582,2025,09,3,15,44,臺中市,大里區,0,0,0,7,,,50,,,,,,,,,,,,,,16,,,,,C03,,,1,,2,,,4,4,1,13,4,120.674822,24.109239,3
1026,66000,387130000C,(04)23274275,(04)23288582,2025,09,3,15,45,臺中市,西屯區,0,0,0,7,,,50,,,,,,,,,,,,,,,,,,,B03,,,1,,2,,,7,7,1,12,4,120.666671,24.172966,3
1027,66000,387130000C,(04)23274275,(04)23288582,2025,09,3,15,45,臺中市,清水區,0,0,0,7,,,30,,,,,,,,,,,,,,,,,,,B03,,,1,,2,,,49,49,1,12,4,120.559996,24.263803,3
1028,66000,387130000C,(04)23274275,(04)23288582,2025,09,3,15,46,臺中市,大里區,0,0,0,7,,,50,,,,,,,,,,,,,,14,,,,,B03,,,1,,2,,,49,49,1,6,4,120.689244,24.106297,3
1029,66000,387130000C,(04)23274275,(04)23288582,2025,09,3,15,47,臺中市,大里區,0,0,0,7,,,50,,,,,,,,,,,,,,,,,,,A12,,,1,,2,,,51,51,1,13,4,120.705001,24.095781,3
1030,66000,387130000C,(04)23274275,(04)23288582,2025,09,3,15,50,臺中市,北區,0,2,0,7,2,6,50,4,1,1,5,4,6,6,4,4,5,5,5,2,17,2,9,5,1,B03,7,9,1,8,2,5,,15,15,1,13,4,120.666442,24.161603,2
1031,66000,387130000C,(04)23274275,(04)23288582,2025,09,3,15,50,臺中市,南屯區,0,0,0,7,3,6,50,13,7,1,5,4,6,6,1,1,5,5,4,2,13,,,,,B03,,,1,,1,,,7,7,1,12,4,120.641311,24.153684,3
1032,66000,387130000C,(04)23274275,(04)23288582,2025,09,3,15,50,臺中市,南屯區,0,0,0,7,3,6,40,13,8,1,5,4,6,6,4,4,3,4,4,2,12,,,,,B03,,,1,,1,,,59,59,1,12,4,120.6366,24.154312,3
1033,66000,387130000C,(04)23274275,(04)23288582,2025,09,3,15,50,臺中市,豐原區,0,1,0,7,3,6,30,13,9,1,5,4,6,6,4,4,10,5,5,1,27,2,9,1,4,C03,7,9,1,10,2,12,,84,84,1,12,4,120.731968,24.271845,2
1034,66000,387130000C,(04)23274275,(04)23288582,2025,09,3,15,51,臺中市,烏日區,0,1,0,7,3,6,50,3,1,1,5,4,6,6,4,4,5,4,5,1,12,2,9,1,1,C03,7,12,1,10,2,12,11,87,87,1,6,4,120.642745,24.093785,2
1035,66000,387130000C,(04)23274275,(04)23288582,2025,09,3,15,52,臺中市,北屯區,0,2,0,7,3,6,50,4,1,1,5,4,6,6,4,4,10,5,5,2,15,2,9,2,1,C03,7,9,1,10,2,11,,12,12,1,6,4,120.687952,24.168008,2
1036,66000,387130000C,(04)23274275,(04)23288582,2025,09,3,15,53,臺中市,豐原區,0,0,0,7,,,30,,,,,,,,,,,,,,17,,,,,B12,,,1,,2,,,51,51,1,12,4,120.714251,24.234766,3
1037,66000,387130000C,(04)23274275,(04)23288582,2025,09,3,15,54,臺中市,清水區,0,2,0,7,3,6,50,4,1,1,5,4,6,6,1,1,1,4,4,2,16,2,9,2,1,C03,7,6,1,10,2,11,,39,39,1,12,4,120.576377,24.271535,2
1038,66000,387130000C,(04)23274275,(04)23288582,2025,09,3,15,55,臺中市,南區,0,0,0,7,,,50,,,,,,,,,,,,,,17,,,,,B03,,,1,,1,,,87,87,1,12,4,120.6549,24.115786,3
1039,66000,387130000C,(04)23274275,(04)23288582,2025,09,3,16,2,臺中市,太平區,0,2,0,7,2,6,30,3,1,1,5,4,6,6,4,4,10,5,5,2,17,2,9,1,1,C03,7,6,1,10,2,14,,14,14,1,12,4,120.736197,24.146286,2
1040,66000,387130000C,(04)23274275,(04)23288582,2025,09,3,16,8,臺中市,南屯區,0,0,0,7,,,50,,,,,,,,,,,,,,,,,,,C03,,,1,,2,,,84,84,1,13,4,120.637001,24.151441,3
1041,66000,387130000C,(04)23274275,(04)23288582,2025,09,3,16,8,臺中市,大里區,0,1,0,7,3,6,50,4,2,1,5,4,6,6,4,4,5,5,5,1,12,2,7,1,1,C03,7,9,1,10,2,12,,8,8,1,13,4,120.668256,24.107633,2
1042,66000,387130000C,(04)23274275,(04)23288582,2025,09,3,16,9,臺中市,后里區,0,0,0,7,,,50,,,,,,,,,,,,,,11,3,10,3,1,B03,7,9,1,8,2,5,,8,8,1,13,4,120.716619,24.308608,3
1043,66000,387130000C,(04)23274275,(04)23288582,2025,09,3,16,12,臺中市,太平區,0,0,0,7,,,50,,,,,,,,,,,,,,13,,,,,C03,,,1,,2,,,7,7,1,12,4,120.717117,24.124115,3
1044,66000,387130000C,(04)23274275,(04)23288582,2025,09,3,16,13,臺中市,神岡區,0,1,0,7,2,6,50,13,9,1,5,4,6,6,4,4,5,5,5,1,17,3,10,3,1,B12,7,6,1,8,2,1,,39,39,1,6,4,120.657283,24.278247,2
1045,66000,387130000C,(04)23274275,(04)23288582,2025,09,3,16,15,臺中市,北屯區,0,0,0,7,,,50,,,,,,,,,,,,,,12,,,,,C03,,,1,,1,,,84,84,1,12,4,120.692918,24.16228,3
1046,66000,387130000C,(04)23274275,(04)23288582,2025,09,3,16,15,臺中市,太平區,0,0,0,7,,,50,,,,,,,,,,,,,,,,,,,C03,,,1,,9,,,7,7,1,12,4,120.725034,24.108008,3
1047,66000,387130000C,(04)23274275,(04)23288582,2025,09,3,16,15,臺中市,龍井區,0,1,0,7,2,6,50,13,9,1,5,4,6,6,4,4,4,4,5,1,18,2,9,5,4,F01,7,9,7,21,2,15,,87,87,1,5,4,120.552726,24.208844,2
1048,66000,387130000C,(04)23274275,(04)23288582,2025,09,3,16,18,臺中市,南區,0,1,0,7,3,6,50,13,7,1,5,4,6,6,4,4,5,5,5,2,12,2,9,2,1,C03,7,8,1,10,2,11,,40,40,1,12,4,120.654836,24.108878,2
1049,66000,387130000C,(04)23274275,(04)23288582,2025,09,3,16,20,臺中市,北屯區,0,1,0,7,2,6,50,4,1,1,5,4,6,6,4,4,10,5,5,2,16,3,10,3,1,B03,7,6,1,8,2,8,,14,14,1,12,4,120.702043,24.169017,2
1050,66000,387130000C,(04)23274275,(04)23288582,2025,09,3,16,20,臺中市,大里區,0,0,0,7,,,50,,,,,,,,,,,,,,17,,,,,B03,,,1,,2,,,40,40,1,6,4,120.695845,24.111238,3
1051,66000,387130000C,(04)23274275,(04)23288582,2025,09,3,16,25,臺中市,西屯區,0,1,0,7,2,6,40,13,9,1,5,4,6,6,4,4,9,5,5,2,12,2,9,2,1,C03,7,8,3,19,2,14,,42,42,1,12,4,120.618578,24.183302,2
1052,66000,387130000C,(04)23274275,(04)23288582,2025,09,3,16,25,臺中市,梧棲區,0,0,0,7,,,70,,,,,,,,,,,,,,14,,,,,B03,,,1,,1,,,49,49,1,12,4,120.514015,24.228148,3
1053,66000,387130000C,(04)23274275,(04)23288582,2025,09,3,16,27,臺中市,西屯區,0,1,0,7,2,6,50,3,1,1,5,4,6,6,2,1,10,5,5,2,11,3,10,3,4,B03,7,6,1,8,2,1,,11,11,1,12,4,120.643344,24.170436,2
1054,66000,387130000C,(04)23274275,(04)23288582,2025,09,3,16,30,臺中市,潭子區,0,2,0,7,2,6,50,13,9,1,5,4,6,6,4,4,5,5,5,1,16,2,9,2,1,C03,7,5,1,10,2,12,,84,84,1,12,4,120.710929,24.212774,2
1055,66000,387130000C,(04)23274275,(04)23288582,2025,09,3,16,31,臺中市,大雅區,0,0,0,7,,,30,,,,,,,,,,,,,,15,,,,,B03,,,1,,1,,,15,15,1,12,4,120.648004,24.227222,3
1056,66000,387130000C,(04)23274275,(04)23288582,2025,09,3,16,31,臺中市,西屯區,0,0,0,7,,,50,,,,,,,,,,,,,,12,,,,,B03,,,1,,2,,,8,8,1,13,4,120.664791,24.166642,3
1057,66000,387130000C,(04)23274275,(04)23288582,2025,09,3,16,33,臺中市,神岡區,0,0,0,7,,,40,,,,,,,,,,,,,,17,,,,,B12,,,1,,2,,,51,51,1,12,4,120.681772,24.247184,3
1058,66000,387130000C,(04)23274275,(04)23288582,2025,09,3,16,34,臺中市,北屯區,0,2,0,7,3,6,50,3,1,1,5,4,6,6,1,1,5,4,5,2,12,2,9,3,1,B03,7,11,1,8,2,8,,39,39,1,6,4,120.682552,24.188158,2
1059,66000,387130000C,(04)23274275,(04)23288582,2025,09,3,16,34,臺中市,太平區,0,1,0,7,2,6,50,3,1,1,5,4,6,6,2,1,5,5,4,1,16,2,6,4,1,F01,7,9,7,21,2,14,,84,84,1,12,1,120.713755,24.144455,2
1060,66000,387130000C,(04)23274275,(04)23288582,2025,09,3,16,35,臺中市,北區,0,0,0,7,,,40,,,,,,,,,,,,,,,,,,,B12,,,1,,1,,,49,49,1,12,4,120.669729,24.157184,3
1061,66000,387130000C,(04)23274275,(04)23288582,2025,09,3,16,37,臺中市,東區,0,1,0,7,2,6,50,4,2,1,5,4,6,6,1,1,10,5,5,2,17,2,9,1,1,C03,7,6,3,19,2,12,,39,39,1,13,4,120.696959,24.144646,2
1062,66000,387130000C,(04)23274275,(04)23288582,2025,09,3,16,39,臺中市,北屯區,0,0,0,7,,,30,,,,,,,,,,,,,,16,,,,,C03,,,1,10,1,,,14,14,1,6,4,120.666571,24.182443,4
1063,66000,387130000C,(04)23274275,(04)23288582,2025,09,3,16,40,臺中市,北屯區,0,0,0,7,,,50,,,,,,,,,,,,,,17,,,,,B03,,,1,,9,,,77,77,1,6,4,120.693401,24.172435,3
1064,66000,387130000C,(04)23274275,(04)23288582,2025,09,3,16,41,臺中市,太平區,0,1,0,7,2,6,50,4,1,1,5,4,6,6,4,4,10,5,5,2,17,2,8,1,1,C03,7,6,1,10,2,11,,12,12,1,12,4,120.724654,24.141611,2
1065,66000,387130000C,(04)23274275,(04)23288582,2025,09,3,16,41,臺中市,烏日區,0,0,0,7,,,50,,,,,,,,,,,,,,14,,,,,B03,,,1,,1,,,49,49,1,6,4,120.618544,24.102818,3
1066,66000,387130000C,(04)23274275,(04)23288582,2025,09,3,16,41,臺中市,豐原區,0,0,0,7,,,50,,,,,,,,,,,,,,17,,,,,B03,,,1,,2,,,8,8,1,12,4,120.70221,24.244336,3
1067,66000,387130000C,(04)23274275,(04)23288582,2025,09,3,16,49,臺中市,大里區,0,0,0,6,,,40,,,,,,,,,,,,,,17,,,,,C03,,,1,,2,,,11,11,1,13,4,120.695793,24.096603,3
1068,66000,387130000C,(04)23274275,(04)23288582,2025,09,3,16,51,臺中市,西區,0,1,0,6,3,6,50,4,1,1,5,4,6,6,1,1,10,5,5,2,13,2,9,1,1,C03,7,9,1,10,2,12,,7,7,1,6,4,120.662609,24.155678,2
1069,66000,387130000C,(04)23274275,(04)23288582,2025,09,3,16,52,臺中市,沙鹿區,0,1,0,7,2,6,40,13,7,1,5,4,6,6,4,4,1,4,4,2,17,3,10,3,1,B12,7,1,1,6,2,4,,51,51,1,12,4,120.553974,24.218052,2
1070,66000,387130000C,(04)23274275,(04)23288582,2025,09,3,17,0,臺中市,南屯區,0,0,0,7,3,6,40,13,8,1,5,4,6,6,4,4,5,5,4,2,12,,,,,B03,,,1,,2,,,51,51,1,12,4,120.610034,24.130044,3
1071,66000,387130000C,(04)23274275,(04)23288582,2025,09,3,17,0,臺中市,南屯區,0,0,0,7,3,6,50,13,8,1,5,4,6,6,4,4,1,4,1,2,12,,,,,B03,,,1,,1,,,20,20,1,12,4,120.623368,24.151771,3
1072,66000,387130000C,(04)23274275,(04)23288582,2025,09,3,17,4,臺中市,南區,0,0,0,7,,,50,,,,,,,,,,,,,,13,,,,,B03,,,1,,9,,,85,85,1,12,4,120.668575,24.11266,3
1073,66000,387130000C,(04)23274275,(04)23288582,2025,09,3,17,7,臺中市,南區,0,0,0,7,,,30,,,,,,,,,,,,,,17,,,,,B03,,,1,,1,,,84,84,1,12,4,120.66907,24.118571,3
1074,66000,387130000C,(04)23274275,(04)23288582,2025,09,3,17,7,臺中市,南屯區,0,1,0,7,2,6,50,3,2,1,5,4,6,6,4,4,1,4,5,2,16,3,10,3,1,B03,7,5,1,8,2,2,,14,14,1,12,4,120.625102,24.148809,2
1075,66000,387130000C,(04)23274275,(04)23288582,2025,09,3,17,8,臺中市,潭子區,0,1,0,7,2,6,50,3,9,1,5,4,6,6,4,4,5,4,5,2,13,2,9,2,1,C03,7,9,1,10,2,11,,84,84,1,12,4,120.700548,24.21228,2
1076,66000,387130000C,(04)23274275,(04)23288582,2025,09,3,17,9,臺中市,西屯區,0,0,0,7,,,50,,,,,,,,,,,,,,17,,,,,A05,,,1,1,1,,,59,59,1,12,4,120.654215,24.169838,3
1077,66000,387130000C,(04)23274275,(04)23288582,2025,09,3,17,9,臺中市,清水區,0,0,0,7,,,50,,,,,,,,,,,,,,,,,,,B03,,,1,,2,,,7,7,1,12,4,120.550967,24.281274,3
1078,66000,387130000C,(04)23274275,(04)23288582,2025,09,3,17,9,臺中市,大甲區,0,2,0,7,2,6,60,13,7,1,5,4,6,6,4,4,5,5,4,1,16,2,9,2,1,C03,7,1,1,10,2,12,,51,51,1,6,4,120.608575,24.356199,2
1079,66000,387130000C,(04)23274275,(04)23288582,2025,09,3,17,10,臺中市,南區,0,1,0,7,2,6,50,11,9,1,5,4,6,6,4,4,10,5,5,2,17,3,10,1,1,C03,7,9,1,10,2,11,,7,7,1,12,4,120.657347,24.125967,2
1080,66000,387130000C,(04)23274275,(04)23288582,2025,09,3,17,11,臺中市,西區,0,1,0,7,3,6,50,4,1,1,5,4,6,6,4,4,10,5,5,2,15,2,9,2,1,C03,7,9,1,10,2,12,,15,15,1,12,4,120.660184,24.155275,2
1081,66000,387130000C,(04)23274275,(04)23288582,2025,09,3,17,12,臺中市,東勢區,0,0,0,7,,,50,,,,,,,,,,,,,,13,,,,,B03,,,1,,1,,,7,7,1,13,4,120.823209,24.268681,3
1082,66000,387130000C,(04)23274275,(04)23288582,2025,09,3,17,16,臺中市,西屯區,0,1,0,7,3,6,50,3,2,1,5,4,6,6,4,4,5,4,4,2,13,2,8,5,4,C03,7,9,1,10,2,11,,7,7,1,12,4,120.606042,24.161706,2
1083,66000,387130000C,(04)23274275,(04)23288582,2025,09,3,17,16,臺中市,大里區,0,1,0,7,3,6,50,4,1,1,5,4,6,6,3,1,10,5,5,2,16,3,10,1,1,C03,7,6,1,10,2,11,,20,20,1,12,4,120.690382,24.106123,2
1084,66000,387130000C,(04)23274275,(04)23288582,2025,09,3,17,20,臺中市,梧棲區,0,1,0,7,2,6,50,13,14,1,5,4,6,6,4,4,5,5,5,1,16,3,10,1,1,C03,7,6,1,10,2,14,,34,34,1,12,4,120.528436,24.234708,2
1085,66000,387130000C,(04)23274275,(04)23288582,2025,09,3,17,24,臺中市,北區,0,0,0,7,,,50,,,,,,,,,,,,,,17,,,,,C04,,,1,,1,,,8,8,1,13,4,120.694467,24.159959,3
1086,66000,387130000C,(04)23274275,(04)23288582,2025,09,3,17,25,臺中市,西屯區,0,0,0,7,,,30,,,,,,,,,,,,,,,,,,,C03,,,1,,1,,,7,7,1,12,4,120.642467,24.18153,3
1087,66000,387130000C,(04)23274275,(04)23288582,2025,09,3,17,25,臺中市,太平區,0,0,0,7,,3,50,,,,,,,,,,,,,,13,,,,,B03,,,1,,1,,,7,7,1,12,4,120.716855,24.154778,3
1088,66000,387130000C,(04)23274275,(04)23288582,2025,09,3,17,28,臺中市,潭子區,0,0,0,7,,,60,,,,,,,,,,,,,,13,,,,,B03,,,1,,2,,,84,84,1,12,4,120.687179,24.213149,3
1089,66000,387130000C,(04)23274275,(04)23288582,2025,09,3,17,30,臺中市,南屯區,0,0,0,7,,,50,,,,,,,,,,,,,,,,,,,C03,,,3,,2,,,7,7,1,12,4,120.628968,24.117314,3
1090,66000,387130000C,(04)23274275,(04)23288582,2025,09,3,17,30,臺中市,清水區,0,1,0,7,3,6,30,3,1,1,5,4,6,6,3,2,10,5,5,2,16,3,10,3,1,B12,7,6,1,8,2,8,,12,12,1,12,4,120.578991,24.278014,2
1091,66000,387130000C,(04)23274275,(04)23288582,2025,09,3,17,30,臺中市,豐原區,0,2,0,7,2,6,50,4,1,1,5,4,6,6,2,1,1,4,5,1,17,2,9,1,1,C03,7,9,1,10,2,14,,26,26,1,12,4,120.709368,24.249954,2
1092,66000,387130000C,(04)23274275,(04)23288582,2025,09,3,17,38,臺中市,南區,0,0,0,7,,,50,,,,,,,,,,,,,,12,,,,,B03,,,1,,2,,,59,59,1,12,4,120.662144,24.12057,3
1093,66000,387130000C,(04)23274275,(04)23288582,2025,09,3,17,38,臺中市,西屯區,0,1,0,7,2,6,50,4,7,1,5,4,6,6,1,1,1,4,4,2,12,2,9,2,1,C03,7,8,1,10,2,14,,40,40,1,12,4,120.65958,24.175435,2
1094,66000,387130000C,(04)23274275,(04)23288582,2025,09,3,17,38,臺中市,大里區,0,0,0,7,,,50,,,,,,,,,,,,,,13,,,,,C03,,,1,,1,,,7,7,1,6,4,120.684273,24.107472,3
1095,66000,387130000C,(04)23274275,(04)23288582,2025,09,3,17,39,臺中市,神岡區,0,1,0,7,2,6,40,13,7,1,5,4,6,6,4,4,5,4,4,2,17,2,8,2,1,C03,7,1,1,10,2,14,,51,51,1,6,4,120.679288,24.249193,2
1096,66000,387130000C,(04)23274275,(04)23288582,2025,09,3,17,39,臺中市,豐原區,0,0,0,7,,,50,,,,,,,,,,,,,,17,,,,,B03,,,1,,11,,,87,87,1,12,4,120.722209,24.249794,3
1097,66000,387130000C,(04)23274275,(04)23288582,2025,09,3,17,41,臺中市,南區,0,1,0,7,1,6,50,3,1,1,5,4,6,6,1,1,10,5,5,2,16,3,10,3,1,B03,7,6,1,8,2,1,,11,11,1,12,4,120.652751,24.121612,2
1098,66000,387130000C,(04)23274275,(04)23288582,2025,09,3,17,42,臺中市,潭子區,0,0,0,7,,3,80,,,,,,,,,,,,,,,,,,,B13,,,1,,9,,,40,40,1,12,4,120.722572,24.190711,3
1099,66000,387130000C,(04)23274275,(04)23288582,2025,09,3,17,45,臺中市,西區,0,0,0,7,,,50,,,,,,,,,,,,,,,,,,,C03,,,1,,9,,,50,50,2,12,4,120.654758,24.153431,3
1100,66000,387130000C,(04)23274275,(04)23288582,2025,09,3,17,46,臺中市,西區,0,0,0,7,,,50,,,,,,,,,,,,,,,,,,,B02,,,1,,1,,,84,84,1,12,4,120.661803,24.154396,3
1101,66000,387130000C,(04)23274275,(04)23288582,2025,09,3,17,47,臺中市,西屯區,0,0,0,7,,,40,,,,,,,,,,,,,,13,,,,,B03,,,1,,1,,,59,59,1,12,4,120.632506,24.171037,3
1102,66000,387130000C,(04)23274275,(04)23288582,2025,09,3,17,48,臺中市,梧棲區,0,0,0,7,,,50,,,,,,,,,,,,,,12,,,,,B03,,,1,,1,,,1,1,1,6,4,120.531009,24.249858,3
1103,66000,387130000C,(04)23274275,(04)23288582,2025,09,3,17,49,臺中市,烏日區,0,3,0,7,3,6,40,4,2,1,5,4,6,6,2,1,1,4,4,1,13,2,8,1,1,C03,7,9,1,10,2,11,14,7,7,1,6,4,120.590046,24.113627,2
1104,66000,387130000C,(04)23274275,(04)23288582,2025,09,3,17,50,臺中市,南屯區,0,2,0,7,3,6,50,4,1,1,5,4,6,6,4,4,5,5,5,2,16,2,9,1,1,C03,7,5,1,10,2,14,,14,14,1,12,4,120.64317,24.135858,2
1105,66000,387130000C,(04)23274275,(04)23288582,2025,09,3,17,50,臺中市,太平區,0,0,0,7,,,50,,,,,,,,,,,,,,11,,,,,B03,,,1,,9,,,8,8,1,6,4,120.716213,24.15989,3
1106,66000,387130000C,(04)23274275,(04)23288582,2025,09,3,17,51,臺中市,太平區,0,0,0,7,,,50,,,,,,,,,,,,,,13,,,,,F03,,,7,,1,,,7,7,1,12,4,120.734618,24.144773,3
1107,66000,387130000C,(04)23274275,(04)23288582,2025,09,3,17,55,臺中市,北屯區,0,0,0,7,,,50,,,,,,,,,,,,,,,,,,,B12,,,5,,1,,,84,84,1,12,4,120.747314,24.193103,3
1108,66000,387130000C,(04)23274275,(04)23288582,2025,09,3,17,55,臺中市,大肚區,0,1,0,6,1,6,50,13,9,1,5,4,6,6,4,4,9,5,5,2,17,2,9,1,1,C03,7,9,1,10,2,11,,8,8,1,6,4,120.567839,24.156339,2
1109,66000,387130000C,(04)23274275,(04)23288582,2025,09,3,17,58,臺中市,太平區,0,2,0,7,2,6,50,3,1,1,5,4,6,6,4,4,10,5,5,2,17,2,9,1,1,C03,7,6,1,10,2,11,,14,14,1,12,4,120.717132,24.148617,2
1110,66000,387130000C,(04)23274275,(04)23288582,2025,09,3,18,0,臺中市,南區,0,0,0,7,,,50,,,,,,,,,,,,,,17,,,,,,,,,,,,,86,86,1,,,120.654564,24.110053,3
1111,66000,387130000C,(04)23274275,(04)23288582,2025,09,3,18,0,臺中市,北屯區,0,1,0,7,2,6,50,4,1,1,5,4,6,6,1,1,10,5,5,2,17,3,10,3,1,B03,7,5,1,8,11,5,,84,84,1,12,4,120.699617,24.164779,2
1112,66000,387130000C,(04)23274275,(04)23288582,2025,09,3,18,3,臺中市,西屯區,0,0,0,7,,,40,,,,,,,,,,,,,,13,,,,,B03,,,1,,2,,,7,7,1,13,4,120.638895,24.169489,3
1113,66000,387130000C,(04)23274275,(04)23288582,2025,09,3,18,3,臺中市,大里區,0,1,0,7,2,6,30,3,1,1,5,4,6,6,4,4,10,5,5,2,12,3,10,3,1,B03,7,6,1,8,2,8,,8,8,1,6,4,120.704748,24.087838,2
1114,66000,387130000C,(04)23274275,(04)23288582,2025,09,3,18,8,臺中市,北屯區,0,1,0,7,1,6,50,3,1,1,5,4,6,6,1,1,10,5,5,2,16,2,9,2,1,C03,7,6,1,10,2,14,,36,36,1,13,4,120.727765,24.163197,2
1115,66000,387130000C,(04)23274275,(04)23288582,2025,09,3,18,18,臺中市,大里區,0,0,0,7,,,50,,,,,,,,,,,,,,12,,,,,B03,,,1,,1,,,84,84,1,6,4,120.675288,24.09636,3
1116,66000,387130000C,(04)23274275,(04)23288582,2025,09,3,18,18,臺中市,大里區,0,1,0,6,3,6,50,3,1,1,5,4,3,3,1,1,10,5,5,2,12,3,10,3,1,B03,7,9,1,8,9,4,,84,84,1,12,4,120.676853,24.097614,2
1117,66000,387130000C,(04)23274275,(04)23288582,2025,09,3,18,20,臺中市,豐原區,0,0,0,7,,,50,,,,,,,,,,,,,,13,,,,,B03,,,1,,2,,,56,56,1,12,4,120.714085,24.236701,3
1118,66000,387130000C,(04)23274275,(04)23288582,2025,09,3,18,24,臺中市,北屯區,0,1,0,7,1,6,50,4,1,1,5,4,6,6,2,1,10,5,5,2,18,2,9,1,1,C03,7,9,1,9,2,12,,85,85,1,12,4,120.682159,24.185449,2
1119,66000,387130000C,(04)23274275,(04)23288582,2025,09,3,18,26,臺中市,烏日區,0,1,0,7,1,6,50,8,9,1,5,4,6,6,4,4,5,4,5,1,11,3,10,3,1,B03,7,9,5,19,2,5,,84,84,1,6,4,120.638111,24.049445,2
1120,66000,387130000C,(04)23274275,(04)23288582,2025,09,3,18,28,臺中市,中區,0,1,0,7,1,6,50,4,2,1,5,4,6,6,1,1,1,2,4,2,13,2,9,1,1,C03,7,9,1,10,2,11,,84,84,1,13,4,120.685337,24.141694,2
1121,66000,387130000C,(04)23274275,(04)23288582,2025,09,3,18,30,臺中市,西屯區,0,0,0,7,,,50,,,,,,,,,,,,,,,,,,,A12,,,1,,9,,,78,78,1,12,4,120.657221,24.170326,3
1122,66000,387130000C,(04)23274275,(04)23288582,2025,09,3,18,32,臺中市,潭子區,0,0,0,7,,,50,,,,,,,,,,,,,,,,,,,C03,,,1,,2,,,84,84,1,12,4,120.705639,24.200359,3
1123,66000,387130000C,(04)23274275,(04)23288582,2025,09,3,18,32,臺中市,潭子區,0,1,0,7,1,6,50,13,9,1,5,4,6,6,4,4,1,4,4,1,13,2,8,2,1,C03,7,8,1,10,2,11,,84,84,1,12,4,120.705676,24.200328,2
1124,66000,387130000C,(04)23274275,(04)23288582,2025,09,3,18,33,臺中市,北屯區,0,1,0,6,1,6,50,5,1,1,5,4,6,6,2,1,10,5,5,2,12,3,10,3,1,B03,7,9,1,8,2,2,,8,8,1,6,4,120.698127,24.170439,2
1125,66000,387130000C,(04)23274275,(04)23288582,2025,09,3,18,34,臺中市,西屯區,0,0,0,7,,,50,,,,,,,,,,,,,,17,,,,,C03,,,1,,2,,,21,21,1,12,2,120.613697,24.172532,3
1126,66000,387130000C,(04)23274275,(04)23288582,2025,09,3,18,35,臺中市,北屯區,0,0,0,7,,,50,,,,,,,,,,,,,,9,,,,,C03,,,1,,1,,,8,8,1,6,4,120.701958,24.169788,4
1127,66000,387130000C,(04)23274275,(04)23288582,2025,09,3,18,36,臺中市,大里區,0,1,0,7,3,6,50,13,9,1,5,4,6,6,4,4,9,5,4,1,12,3,10,1,1,C03,7,5,1,10,2,12,,84,84,1,13,4,120.704053,24.093626,2
1128,66000,387130000C,(04)23274275,(04)23288582,2025,09,3,18,36,臺中市,大里區,0,0,0,7,,,60,,,,,,,,,,,,,,12,,,,,B03,,,6,,11,,,8,8,1,13,4,120.689912,24.100873,3