﻿序號,縣市別代碼,機關代碼,市話,傳真,年,月,日,時,分,縣市,區,死亡數量,受傷數量,2-30,天候,道路照明設備,道路類別,道路速限,道路型態,事故位置,路面鋪裝,路面狀態,路面缺陷,障礙物,視距,號誌種類,號誌動作,分向設施,快車道或一般車道間,快慢車道間,路面邊線,事故類型及型態,受傷程度,主要傷處,保護裝備,行動電話或功能裝置,當事者區分_類別,車輛用途,當事者行動狀態,駕照狀態,駕照種類,飲酒情形,車輛撞擊部位最初,車輛撞擊部位其他,肇事因素個別,肇事因素主要,肇事逃逸,職業,共享經濟或外送平台,GPS座標X,GPS座標Y,事故類別
1355,66000,387130000C,(04)23274275,(04)23288582,2025,09,4,12,25,臺中市,南區,0,1,0,7,3,6,50,4,1,1,5,4,6,6,2,1,1,5,5,2,12,2,9,2,1,C03,7,9,1,10,2,11,,7,7,1,6,4,120.676731,24.131767,2
1356,66000,387130000C,(04)23274275,(04)23288582,2025,09,4,12,27,臺中市,南區,0,2,0,7,3,6,50,13,7,1,5,4,6,6,3,1,5,4,4,2,17,3,10,5,4,B03,7,9,1,8,2,1,,7,7,1,6,4,120.650496,24.107938,2
1357,66000,387130000C,(04)23274275,(04)23288582,2025,09,4,12,29,臺中市,大甲區,0,0,0,7,,,40,,,,,,,,,,,,,,,,,,,B03,,,1,,2,,,49,49,1,12,4,120.627174,24.351407,3
1358,66000,387130000C,(04)23274275,(04)23288582,2025,09,4,12,30,臺中市,南區,0,0,0,7,,,50,,,,,,,,,,,,,,,,,,,C03,,,1,,2,,,84,84,1,12,4,120.656295,24.134414,3
1359,66000,387130000C,(04)23274275,(04)23288582,2025,09,4,12,30,臺中市,南屯區,0,0,0,7,,,50,,,,,,,,,,,,,,,,,,,B12,,,1,,1,,,49,49,1,6,4,120.626543,24.115246,4
1360,66000,387130000C,(04)23274275,(04)23288582,2025,09,4,12,30,臺中市,西屯區,0,0,0,7,,,50,,,,,,,,,,,,,,17,,,,,B03,,,1,,2,,,50,50,1,12,4,120.616693,24.179476,3
1361,66000,387130000C,(04)23274275,(04)23288582,2025,09,4,12,31,臺中市,西屯區,0,2,0,7,3,6,60,13,7,1,5,4,6,6,4,4,3,4,3,2,13,2,9,5,4,B03,7,9,1,8,2,1,,59,59,1,13,4,120.630208,24.162633,2
1362,66000,387130000C,(04)23274275,(04)23288582,2025,09,4,12,33,臺中市,北區,0,0,0,7,,,30,,,,,,,,,,,,,,17,,,,,C03,,,1,,1,,,84,84,1,13,4,120.67029,24.161838,3
1363,66000,387130000C,(04)23274275,(04)23288582,2025,09,4,12,35,臺中市,南屯區,0,0,0,7,,,50,,,,,,,,,,,,,,,,,,,C03,,,1,,2,,,59,59,1,12,4,120.638433,24.148878,3
1364,66000,387130000C,(04)23274275,(04)23288582,2025,09,4,12,35,臺中市,南屯區,0,0,0,7,,,50,,,,,,,,,,,,,,,,,,,B01,,,1,,1,,,7,7,1,12,4,120.646817,24.140959,3
1365,66000,387130000C,(04)23274275,(04)23288582,2025,09,4,12,50,臺中市,大里區,0,2,0,7,2,6,40,13,8,1,5,4,6,6,4,4,1,4,4,2,13,2,7,1,1,C03,7,9,1,10,2,11,14,7,7,1,13,4,120.669471,24.103736,2
1366,66000,387130000C,(04)23274275,(04)23288582,2025,09,4,12,51,臺中市,西屯區,0,1,0,7,2,6,30,13,9,1,5,4,6,6,1,1,10,5,5,2,12,2,9,2,1,C03,7,15,1,10,2,14,,42,42,1,12,4,120.614062,24.185181,2
1367,66000,387130000C,(04)23274275,(04)23288582,2025,09,4,12,58,臺中市,沙鹿區,0,0,0,7,,,50,,,,,,,,,,,,,,,,,,,B02,,,1,,2,,,59,59,1,13,4,120.572115,24.245171,3
1368,66000,387130000C,(04)23274275,(04)23288582,2025,09,4,12,59,臺中市,大雅區,0,1,0,7,2,6,50,3,14,1,5,4,6,6,1,1,1,4,4,1,17,2,9,2,1,C03,7,9,1,10,2,11,,84,84,1,13,4,120.641517,24.229811,2
1369,66000,387130000C,(04)23274275,(04)23288582,2025,09,4,13,4,臺中市,石岡區,0,0,0,7,,,70,,,,,,,,,,,,,,13,,,,,B03,,,1,,1,,,59,59,1,13,4,120.783556,24.274713,3
1370,66000,387130000C,(04)23274275,(04)23288582,2025,09,4,13,11,臺中市,大里區,0,2,0,7,3,6,50,4,1,1,5,4,6,6,2,1,5,5,4,2,12,2,9,1,1,C03,7,1,1,10,2,14,,51,51,1,13,4,120.694752,24.111524,2
1371,66000,387130000C,(04)23274275,(04)23288582,2025,09,4,13,12,臺中市,南屯區,0,0,0,7,,,50,,,,,,,,,,,,,,,,,,,C03,,,1,,2,,,8,8,1,13,4,120.607043,24.137421,3
1372,66000,387130000C,(04)23274275,(04)23288582,2025,09,4,13,14,臺中市,太平區,0,0,0,7,,,50,,,,,,,,,,,,,,13,,,,,B03,,,1,,1,,,84,84,1,12,4,120.716189,24.133468,3
1373,66000,387130000C,(04)23274275,(04)23288582,2025,09,4,13,17,臺中市,大雅區,0,1,0,7,1,6,0,13,9,1,5,4,6,6,4,4,9,5,5,1,16,3,10,3,1,B02,7,11,1,8,2,4,,20,20,1,12,4,120.623583,24.230484,2
1374,66000,387130000C,(04)23274275,(04)23288582,2025,09,4,13,19,臺中市,南屯區,0,0,0,7,,,50,,,,,,,,,,,,,,12,,,,,B03,,,1,,2,,,8,8,1,12,4,120.633248,24.124221,3
1375,66000,387130000C,(04)23274275,(04)23288582,2025,09,4,13,23,臺中市,豐原區,0,0,0,7,,,40,,,,,,,,,,,,,,12,,,,,B03,,,1,,2,,,50,50,1,13,4,120.71724,24.25203,3
1376,66000,387130000C,(04)23274275,(04)23288582,2025,09,4,13,25,臺中市,梧棲區,0,0,0,7,,,70,,,,,,,,,,,,,,13,,,,,B12,,,1,,2,,,7,7,1,12,4,120.536498,24.249923,3
1377,66000,387130000C,(04)23274275,(04)23288582,2025,09,4,13,26,臺中市,西屯區,0,0,0,7,,,50,,,,,,,,,,,,,,,,,,,A11,,,1,3,1,,,49,49,1,12,4,120.603253,24.174774,3
1378,66000,387130000C,(04)23274275,(04)23288582,2025,09,4,13,33,臺中市,清水區,0,0,0,7,2,6,50,4,1,1,5,4,6,6,4,4,8,4,5,2,15,,,,,B03,,,1,,1,,,13,13,1,12,4,120.556179,24.261444,3
1379,66000,387130000C,(04)23274275,(04)23288582,2025,09,4,13,34,臺中市,大里區,0,1,0,7,2,6,50,13,9,1,5,4,6,6,4,4,10,5,5,1,30,2,9,2,1,C03,7,9,1,10,2,16,,85,85,1,12,4,120.698617,24.123006,2
1380,66000,387130000C,(04)23274275,(04)23288582,2025,09,4,13,38,臺中市,沙鹿區,0,1,0,7,2,6,60,13,7,1,5,4,6,6,4,4,1,4,1,2,13,2,3,3,1,B03,7,9,1,3,2,1,,7,7,1,12,4,120.596691,24.249986,2
1381,66000,387130000C,(04)23274275,(04)23288582,2025,09,4,13,40,臺中市,潭子區,0,1,0,7,2,6,40,13,9,1,5,4,6,6,4,4,10,5,5,1,20,2,9,2,1,C03,7,9,1,10,2,12,11,84,84,1,12,4,120.714704,24.209284,2
1382,66000,387130000C,(04)23274275,(04)23288582,2025,09,4,13,42,臺中市,南區,0,1,0,5,1,6,50,4,1,1,4,4,6,6,1,1,10,5,5,2,17,3,10,5,4,C03,7,6,1,10,1,12,,11,11,1,13,4,120.679352,24.13145,2
1383,66000,387130000C,(04)23274275,(04)23288582,2025,09,4,13,44,臺中市,沙鹿區,0,0,0,7,,,50,,,,,,,,,,,,,,,,,,,B03,,,1,,2,,,49,49,1,13,4,120.558782,24.231108,3
1384,66000,387130000C,(04)23274275,(04)23288582,2025,09,4,13,47,臺中市,西屯區,0,0,0,7,,,50,,,,,,,,,,,,,,13,,,,,B12,,,1,,1,,,7,7,1,12,4,120.651812,24.197794,3
1385,66000,387130000C,(04)23274275,(04)23288582,2025,09,4,13,48,臺中市,北屯區,0,0,0,7,,,50,,,,,,,,,,,,,,,,,,,B03,,,1,,1,,,7,7,1,12,4,120.708914,24.170938,3
1386,66000,387130000C,(04)23274275,(04)23288582,2025,09,4,13,51,臺中市,神岡區,0,0,0,7,,,50,,,,,,,,,,,,,,16,,,,,A41,,,1,,2,,,20,20,1,12,4,120.682346,24.28072,3
1387,66000,387130000C,(04)23274275,(04)23288582,2025,09,4,13,53,臺中市,東區,0,1,0,5,3,6,50,3,1,1,4,4,3,3,4,4,9,5,5,2,17,2,9,2,1,C03,7,9,1,10,2,11,,84,84,1,13,4,120.696983,24.14589,2
1388,66000,387130000C,(04)23274275,(04)23288582,2025,09,4,13,53,臺中市,西屯區,0,1,0,7,2,6,40,4,1,1,5,4,6,6,1,1,1,4,1,2,16,3,10,3,1,B03,7,5,1,8,2,2,,25,25,1,12,4,120.635879,24.181852,2
1389,66000,387130000C,(04)23274275,(04)23288582,2025,09,4,13,53,臺中市,東勢區,0,0,0,5,,,30,,,,,,,,,,,,,,25,,,,,B03,,,1,,2,,,84,84,1,13,4,120.841843,24.203096,3
1390,66000,387130000C,(04)23274275,(04)23288582,2025,09,4,13,54,臺中市,大雅區,0,1,0,7,2,6,40,13,14,1,5,4,6,6,4,4,1,4,4,1,17,2,9,2,1,C03,7,9,1,10,2,14,,85,85,1,13,4,120.62918,24.241777,2
1391,66000,387130000C,(04)23274275,(04)23288582,2025,09,4,13,54,臺中市,西屯區,0,0,0,7,,,50,,,,,,,,,,,,,,16,,,,,B03,,,1,,1,,,48,48,1,12,4,120.632288,24.170293,3
1392,66000,387130000C,(04)23274275,(04)23288582,2025,09,4,13,54,臺中市,神岡區,0,0,0,7,,,30,,,,,,,,,,,,,,15,,,,,B03,,,1,,1,,,12,12,1,13,4,120.677341,24.24725,3
1393,66000,387130000C,(04)23274275,(04)23288582,2025,09,4,13,55,臺中市,大里區,0,1,0,5,3,6,50,4,2,1,4,4,6,6,4,4,5,5,5,2,13,3,10,3,1,B12,7,9,1,8,2,5,,7,7,1,13,4,120.699926,24.108976,2
1394,66000,387130000C,(04)23274275,(04)23288582,2025,09,4,13,57,臺中市,豐原區,0,2,0,7,2,6,50,3,7,1,5,4,6,6,4,4,5,5,4,2,17,2,9,1,1,C03,7,9,1,10,2,12,,84,84,1,12,4,120.724334,24.24694,2
1395,66000,387130000C,(04)23274275,(04)23288582,2025,09,4,14,1,臺中市,北區,0,1,0,7,2,6,50,4,1,1,4,4,6,6,1,1,10,5,5,2,17,2,7,1,1,C03,7,1,1,10,9,14,,51,51,1,13,4,120.690622,24.15726,2
1396,66000,387130000C,(04)23274275,(04)23288582,2025,09,4,14,3,臺中市,大里區,0,1,0,6,2,6,50,3,2,1,4,4,6,6,1,1,4,3,4,1,17,3,10,3,1,B03,7,5,1,8,2,2,,11,11,1,6,4,120.705911,24.095549,2
1397,66000,387130000C,(04)23274275,(04)23288582,2025,09,4,14,5,臺中市,沙鹿區,0,0,0,7,2,6,50,3,8,1,5,4,6,6,1,1,1,3,4,2,13,,,,,B03,,,1,,2,,,7,7,1,12,4,120.558677,24.227962,3
1398,66000,387130000C,(04)23274275,(04)23288582,2025,09,4,14,11,臺中市,西區,0,0,0,5,,,50,,,,,,,,,,,,,,,,,,,B03,,,1,,1,,,84,84,1,12,4,120.681893,24.135934,3
1399,66000,387130000C,(04)23274275,(04)23288582,2025,09,4,14,13,臺中市,北區,0,1,0,7,2,6,50,13,7,1,5,4,6,6,4,4,1,4,4,2,13,3,10,3,1,B03,7,9,1,8,2,1,,7,7,1,12,4,120.680189,24.15218,2
1400,66000,387130000C,(04)23274275,(04)23288582,2025,09,4,14,15,臺中市,中區,0,1,0,5,2,6,50,4,1,1,4,4,6,6,1,1,10,5,5,2,15,3,10,5,4,B12,7,9,1,7,2,16,,21,21,1,13,4,120.68229,24.137246,2
1401,66000,387130000C,(04)23274275,(04)23288582,2025,09,4,14,16,臺中市,龍井區,0,0,0,7,,,40,,,,,,,,,,,,,,,,,,,B03,,,1,,2,,,8,8,1,6,4,120.521204,24.215318,3
1402,66000,387130000C,(04)23274275,(04)23288582,2025,09,4,14,20,臺中市,太平區,0,0,0,7,,,30,,,,,,,,,,,,,,,,,,,C03,,,1,,2,,,48,48,1,12,4,120.718504,24.124375,3
1403,66000,387130000C,(04)23274275,(04)23288582,2025,09,4,14,23,臺中市,清水區,0,0,0,7,,,40,,,,,,,,,,,,,,,,,,,B02,,,1,,2,,,59,59,1,12,4,120.617135,24.290801,3
1404,66000,387130000C,(04)23274275,(04)23288582,2025,09,4,14,26,臺中市,北屯區,0,2,0,7,2,6,30,4,1,1,5,4,6,6,4,4,10,5,5,2,15,2,9,1,1,C03,7,9,1,10,2,14,,12,12,1,12,4,120.680183,24.178104,2
1405,66000,387130000C,(04)23274275,(04)23288582,2025,09,4,14,30,臺中市,大里區,0,0,0,7,,,50,,,,,,,,,,,,,,,,,,,A12,,,1,,2,,,87,87,1,12,4,120.687065,24.123015,3
1406,66000,387130000C,(04)23274275,(04)23288582,2025,09,4,14,33,臺中市,東勢區,0,2,0,7,1,6,50,4,1,1,5,4,6,6,1,1,10,5,5,1,15,2,9,5,4,C03,7,9,5,19,2,12,,85,85,1,13,4,120.830864,24.261811,2
1407,66000,387130000C,(04)23274275,(04)23288582,2025,09,4,14,50,臺中市,南屯區,0,0,0,7,,,50,,,,,,,,,,,,,,,,,,,B03,,,1,,1,,,50,50,1,12,4,120.649619,24.155039,3
1408,66000,387130000C,(04)23274275,(04)23288582,2025,09,4,14,51,臺中市,南屯區,0,1,0,7,3,6,50,13,9,1,5,4,6,6,4,4,10,5,5,2,13,3,10,2,1,C03,7,9,1,10,1,11,,7,7,1,12,2,120.635365,24.156318,2
1409,66000,387130000C,(04)23274275,(04)23288582,2025,09,4,14,55,臺中市,大里區,0,0,0,7,,,50,,,,,,,,,,,,,,17,,,,,A11,,,1,,9,,,84,84,1,6,4,120.714899,24.092848,3
1410,66000,387130000C,(04)23274275,(04)23288582,2025,09,4,14,57,臺中市,大里區,0,0,0,7,,,30,,,,,,,,,,,,,,12,,,,,B03,,,1,,2,,,59,59,1,12,4,120.700149,24.094656,3
1411,66000,387130000C,(04)23274275,(04)23288582,2025,09,4,15,7,臺中市,北區,0,0,0,7,,,5,,,,,,,,,,,,,,17,,,,,B03,,,1,,2,,,8,8,1,13,4,120.675043,24.146478,3
1412,66000,387130000C,(04)23274275,(04)23288582,2025,09,4,15,9,臺中市,西屯區,0,2,0,7,2,6,50,4,2,1,5,4,6,6,2,1,8,4,5,1,3,2,9,5,4,C03,7,9,1,10,2,12,,21,21,1,12,4,120.645096,24.178816,2
1413,66000,387130000C,(04)23274275,(04)23288582,2025,09,4,15,10,臺中市,大安區,0,0,0,7,,,50,,,,,,,,,,,,,,,,,,,A42,,,1,,2,,,7,7,1,6,4,120.630677,24.381818,3
1414,66000,387130000C,(04)23274275,(04)23288582,2025,09,4,15,13,臺中市,西屯區,0,0,0,7,,,30,,,,,,,,,,,,,,17,,,,,B02,,,1,,2,,,84,84,1,12,4,120.648395,24.156053,3
1415,66000,387130000C,(04)23274275,(04)23288582,2025,09,4,15,15,臺中市,大甲區,0,1,0,7,2,6,40,5,9,1,5,4,6,6,4,4,7,5,5,2,12,3,10,3,1,B03,7,11,1,8,2,8,,84,84,1,12,4,120.617519,24.346693,2
1416,66000,387130000C,(04)23274275,(04)23288582,2025,09,4,15,18,臺中市,潭子區,0,0,0,7,,,50,,,,,,,,,,,,,,,,,,,B03,,,1,,2,,,59,59,1,13,4,120.707625,24.231215,3
1417,66000,387130000C,(04)23274275,(04)23288582,2025,09,4,15,19,臺中市,東區,0,2,0,7,2,6,50,4,1,1,5,4,6,6,4,4,10,5,5,2,17,2,9,2,1,C03,7,15,3,19,2,11,,84,84,1,12,4,120.684136,24.133441,2
1418,66000,387130000C,(04)23274275,(04)23288582,2025,09,4,15,20,臺中市,豐原區,0,0,0,7,,,50,,,,,,,,,,,,,,17,,,,,B03,,,1,,2,,,8,8,1,12,4,120.704997,24.24991,3
1419,66000,387130000C,(04)23274275,(04)23288582,2025,09,4,15,22,臺中市,梧棲區,0,0,0,7,,,50,,,,,,,,,,,,,,30,,,,,A41,,,1,,2,,,51,51,1,12,4,120.52103,24.244919,3
1420,66000,387130000C,(04)23274275,(04)23288582,2025,09,4,15,24,臺中市,西屯區,0,2,0,7,2,6,30,4,1,1,5,4,6,6,4,4,10,5,5,2,15,2,8,2,4,C03,7,9,1,10,2,11,,15,15,1,12,4,120.643887,24.181684,2
1421,66000,387130000C,(04)23274275,(04)23288582,2025,09,4,15,27,臺中市,太平區,0,0,0,7,,,30,,,,,,,,,,,,,,30,,,,,A12,,,1,,2,,,49,49,1,6,4,120.734837,24.125241,3
1422,66000,387130000C,(04)23274275,(04)23288582,2025,09,4,15,29,臺中市,南屯區,0,0,0,7,,,50,,,,,,,,,,,,,,,,,,,B03,,,1,,1,,,49,49,1,13,4,120.649917,24.140957,3
1423,66000,387130000C,(04)23274275,(04)23288582,2025,09,4,15,30,臺中市,新社區,0,0,0,5,,,50,,,,,,,,,,,,,,27,,,,,B02,,,1,,2,,,84,84,1,13,4,120.821001,24.179538,3
1424,66000,387130000C,(04)23274275,(04)23288582,2025,09,4,15,40,臺中市,大雅區,0,1,0,7,1,6,30,3,1,1,5,4,6,6,4,4,10,5,5,1,16,3,10,3,1,B12,7,6,1,8,2,8,,14,14,1,12,4,120.663539,24.226087,2
1425,66000,387130000C,(04)23274275,(04)23288582,2025,09,4,15,41,臺中市,大雅區,0,1,0,7,2,6,50,4,3,1,5,4,6,6,2,1,1,5,5,1,13,3,10,3,1,B03,7,9,1,8,9,1,,84,84,2,13,4,120.649135,24.216139,2
1426,66000,387130000C,(04)23274275,(04)23288582,2025,09,4,15,52,臺中市,北屯區,0,1,0,7,3,6,50,3,1,1,5,4,6,6,4,4,10,5,5,2,16,3,10,3,1,B03,7,5,1,8,2,2,,84,84,1,6,4,120.696587,24.17077,2
1427,66000,387130000C,(04)23274275,(04)23288582,2025,09,4,15,55,臺中市,大甲區,0,1,0,7,2,6,70,4,1,1,5,4,6,6,1,1,10,5,5,2,16,3,10,3,1,B03,7,5,1,8,2,2,,11,11,1,6,4,120.608209,24.326197,2
1428,66000,387130000C,(04)23274275,(04)23288582,2025,09,4,16,9,臺中市,潭子區,0,0,0,7,,,50,,,,,,,,,,,,,,,,,,,B12,,,1,,2,,,84,84,1,13,4,120.689991,24.211408,3
1429,66000,387130000C,(04)23274275,(04)23288582,2025,09,4,16,9,臺中市,南屯區,0,0,0,7,,,50,,,,,,,,,,,,,,12,,,,,B03,,,1,,9,,,84,84,1,12,4,120.648088,24.145659,3
1430,66000,387130000C,(04)23274275,(04)23288582,2025,09,4,16,10,臺中市,龍井區,0,1,0,7,2,6,50,3,1,1,5,4,6,6,4,4,10,5,5,2,12,3,10,1,1,C03,7,6,1,10,2,12,,8,8,1,6,4,120.592197,24.18138,2
1431,66000,387130000C,(04)23274275,(04)23288582,2025,09,4,16,10,臺中市,大甲區,0,1,0,7,3,6,50,3,2,1,5,4,6,6,4,4,5,5,5,1,17,2,9,1,1,C03,7,11,1,10,2,12,,84,84,1,6,4,120.653117,24.379827,2
1432,66000,387130000C,(04)23274275,(04)23288582,2025,09,4,16,11,臺中市,西屯區,0,1,0,7,2,6,30,3,1,1,5,4,6,6,4,4,10,5,5,2,17,3,10,5,4,B03,7,6,1,8,1,8,,13,13,1,13,4,120.649531,24.175213,2
1433,66000,387130000C,(04)23274275,(04)23288582,2025,09,4,16,16,臺中市,南屯區,0,0,0,7,,,50,,,,,,,,,,,,,,,,,,,B03,,,1,,1,,,59,59,1,12,4,120.634098,24.156247,3
1434,66000,387130000C,(04)23274275,(04)23288582,2025,09,4,16,22,臺中市,西區,0,1,0,7,3,6,40,13,8,1,5,4,6,6,4,4,1,4,4,2,13,2,9,1,1,C03,7,9,1,10,2,11,,84,84,1,6,4,120.657581,24.137259,2
1435,66000,387130000C,(04)23274275,(04)23288582,2025,09,4,16,25,臺中市,北屯區,0,0,0,7,,,50,,,,,,,,,,,,,,12,,,,,C03,,,1,,9,,,84,84,1,6,4,120.694672,24.16561,3
1436,66000,387130000C,(04)23274275,(04)23288582,2025,09,4,16,25,臺中市,太平區,0,1,0,7,1,6,30,4,1,1,5,4,6,6,1,1,10,5,5,2,16,3,10,1,1,C03,7,6,1,10,2,12,,11,11,1,12,4,120.726423,24.107603,2
1437,66000,387130000C,(04)23274275,(04)23288582,2025,09,4,16,25,臺中市,龍井區,0,1,0,7,2,6,30,4,1,1,5,4,6,6,4,4,10,5,5,2,15,2,9,2,1,C03,7,9,1,10,2,12,,15,15,1,6,4,120.548343,24.193547,2
1438,66000,387130000C,(04)23274275,(04)23288582,2025,09,4,16,34,臺中市,太平區,0,0,0,7,,,50,,,,,,,,,,,,,,16,,,,,B03,,,1,,1,,,51,51,1,12,4,120.711175,24.150329,3
1439,66000,387130000C,(04)23274275,(04)23288582,2025,09,4,16,36,臺中市,南屯區,0,0,0,7,,,50,,,,,,,,,,,,,,,,,,,B03,,,1,,1,,,50,50,1,12,4,120.641076,24.149666,3
1440,66000,387130000C,(04)23274275,(04)23288582,2025,09,4,16,36,臺中市,后里區,0,0,0,7,3,6,30,4,1,1,5,4,6,6,4,4,5,5,5,1,14,3,10,3,1,B03,7,2,1,8,1,8,,49,49,1,6,4,120.711149,24.303962,3
1441,66000,387130000C,(04)23274275,(04)23288582,2025,09,4,16,37,臺中市,南屯區,0,1,0,7,2,6,50,4,1,1,5,4,6,6,2,1,9,4,1,2,12,2,9,1,1,C03,7,8,1,10,2,13,,40,40,1,12,4,120.646681,24.153613,2
1442,66000,387130000C,(04)23274275,(04)23288582,2025,09,4,16,38,臺中市,南屯區,0,1,0,7,1,6,0,18,21,1,5,4,6,6,4,4,10,5,5,2,17,2,9,5,4,C03,7,9,1,10,2,12,,39,39,1,13,4,120.637903,24.118659,2
1443,66000,387130000C,(04)23274275,(04)23288582,2025,09,4,16,42,臺中市,太平區,0,0,0,7,,,40,,,,,,,,,,,,,,12,,,,,B03,,,1,,1,,,7,7,1,12,4,120.707083,24.129195,3
1444,66000,387130000C,(04)23274275,(04)23288582,2025,09,4,16,46,臺中市,南屯區,0,0,0,7,,,50,,,,,,,,,,,,,,,,,,,B12,,,1,,1,,,7,7,1,12,4,120.647597,24.124399,3
1445,66000,387130000C,(04)23274275,(04)23288582,2025,09,4,16,46,臺中市,西屯區,0,1,0,7,2,6,50,4,1,1,5,4,6,6,2,1,10,5,5,2,16,3,10,5,4,B12,7,5,1,8,2,2,,11,11,1,12,4,120.635285,24.179464,2
1446,66000,387130000C,(04)23274275,(04)23288582,2025,09,4,16,49,臺中市,北屯區,0,1,0,7,2,6,50,4,1,1,5,4,6,6,2,1,10,5,5,2,16,3,10,3,1,B03,7,5,1,8,2,2,,85,85,1,12,4,120.720953,24.169893,2
1447,66000,387130000C,(04)23274275,(04)23288582,2025,09,4,16,50,臺中市,梧棲區,0,1,0,7,2,6,50,3,2,1,5,4,6,6,4,4,5,2,5,1,13,2,3,1,1,C03,7,9,1,10,2,11,,84,84,1,6,4,120.53529,24.258847,2
1448,66000,387130000C,(04)23274275,(04)23288582,2025,09,4,16,51,臺中市,北區,0,1,0,7,2,6,50,3,1,1,5,4,6,6,4,4,5,4,5,2,16,3,10,3,1,B03,7,6,1,8,2,5,,14,14,1,13,4,120.690076,24.155888,2
1449,66000,387130000C,(04)23274275,(04)23288582,2025,09,4,16,51,臺中市,西屯區,0,1,0,7,2,6,40,13,8,1,5,4,6,6,4,4,1,5,1,2,30,2,9,2,1,C03,7,9,1,10,2,12,,87,87,1,12,4,120.624188,24.178838,2
1450,66000,387130000C,(04)23274275,(04)23288582,2025,09,4,16,52,臺中市,大甲區,0,1,0,7,2,6,40,13,9,1,5,4,6,6,1,1,6,4,5,1,13,2,9,1,1,C03,7,9,1,10,2,11,,84,84,1,12,4,120.619593,24.340881,2
1451,66000,387130000C,(04)23274275,(04)23288582,2025,09,4,16,54,臺中市,大雅區,0,1,0,7,2,6,60,3,2,1,5,4,6,6,4,4,1,4,5,1,13,3,10,3,1,B12,7,5,1,8,2,6,,84,84,1,13,4,120.650485,24.211116,2
1452,66000,387130000C,(04)23274275,(04)23288582,2025,09,4,16,54,臺中市,北屯區,0,0,0,7,,,50,,,,,,,,,,,,,,,,,,,B03,,,1,,9,,,7,7,1,12,4,120.697116,24.169393,3
1453,66000,387130000C,(04)23274275,(04)23288582,2025,09,4,16,54,臺中市,西屯區,0,2,0,7,2,6,70,4,2,1,5,4,6,6,2,1,1,2,1,2,13,2,8,3,1,B03,7,9,1,8,2,1,,7,7,1,12,4,120.593133,24.183045,2
1454,66000,387130000C,(04)23274275,(04)23288582,2025,09,4,16,54,臺中市,西屯區,0,2,0,7,2,6,50,13,7,1,5,4,6,6,4,4,8,4,4,1,17,2,9,5,4,C03,7,9,1,10,2,14,,8,8,1,13,4,120.658293,24.193243,2
1455,66000,387130000C,(04)23274275,(04)23288582,2025,09,4,17,2,臺中市,南屯區,0,2,0,7,2,6,50,4,1,1,5,4,6,6,1,1,10,5,5,2,17,2,3,3,1,B03,7,5,1,8,2,2,,84,84,1,12,4,120.648625,24.14676,2
1456,66000,387130000C,(04)23274275,(04)23288582,2025,09,4,17,2,臺中市,西屯區,0,2,0,7,2,6,40,4,1,1,5,4,6,6,4,4,10,4,4,2,15,2,8,2,1,C03,7,9,1,10,2,14,,13,13,1,12,4,120.655837,24.160643,2
1457,66000,387130000C,(04)23274275,(04)23288582,2025,09,4,17,5,臺中市,北區,0,0,0,7,,,50,,,,,,,,,,,,,,16,,,,,C03,,,1,,1,,,48,48,1,13,4,120.673814,24.160449,3
1458,66000,387130000C,(04)23274275,(04)23288582,2025,09,4,17,5,臺中市,梧棲區,0,1,0,7,2,6,50,3,1,1,5,4,6,6,4,4,10,5,5,2,17,3,10,3,1,B03,7,6,1,8,2,4,,59,59,1,6,4,120.527869,24.235065,2
1459,66000,387130000C,(04)23274275,(04)23288582,2025,09,4,17,9,臺中市,西屯區,0,2,0,7,2,6,50,13,9,1,5,4,6,6,4,4,1,3,5,1,13,2,9,2,1,C03,7,9,1,10,2,11,,59,59,1,12,4,120.651933,24.178103,2
1460,66000,387130000C,(04)23274275,(04)23288582,2025,09,4,17,10,臺中市,中區,0,1,0,7,3,6,50,4,1,1,5,4,6,6,1,1,10,5,5,2,13,3,10,3,1,B03,7,9,1,8,1,1,,7,7,1,12,4,120.681925,24.13983,2
1461,66000,387130000C,(04)23274275,(04)23288582,2025,09,4,17,11,臺中市,烏日區,0,0,0,7,,,50,,,,,,,,,,,,,,13,,,,,B03,,,1,,2,,,59,59,1,13,4,120.647269,24.072369,3
1462,66000,387130000C,(04)23274275,(04)23288582,2025,09,4,17,14,臺中市,太平區,0,0,0,7,,,50,,,,,,,,,,,,,,,,,,,B12,,,1,,1,,,7,7,1,12,4,120.708013,24.127471,3
1463,66000,387130000C,(04)23274275,(04)23288582,2025,09,4,17,18,臺中市,豐原區,0,1,0,7,2,6,30,4,1,1,5,4,6,6,4,4,10,5,5,1,17,3,10,5,4,B03,7,6,1,8,2,1,,12,12,1,12,4,120.714914,24.2717,2
1464,66000,387130000C,(04)23274275,(04)23288582,2025,09,4,17,20,臺中市,大甲區,0,2,0,7,2,6,50,13,9,1,5,4,6,6,4,4,5,5,5,1,17,2,9,2,1,C03,7,1,1,10,2,12,,51,51,1,6,4,120.622959,24.345383,2
1465,66000,387130000C,(04)23274275,(04)23288582,2025,09,4,17,22,臺中市,大安區,0,2,0,7,3,6,50,4,1,1,5,4,6,6,1,1,10,5,5,2,17,2,9,1,1,F01,7,6,7,21,2,13,,11,11,1,3,4,120.587068,24.345518,2