﻿序號,縣市別代碼,機關代碼,市話,傳真,年,月,日,時,分,縣市,區,死亡數量,受傷數量,2-30,天候,道路照明設備,道路類別,道路速限,道路型態,事故位置,路面鋪裝,路面狀態,路面缺陷,障礙物,視距,號誌種類,號誌動作,分向設施,快車道或一般車道間,快慢車道間,路面邊線,事故類型及型態,受傷程度,主要傷處,保護裝備,行動電話或功能裝置,當事者區分_類別,車輛用途,當事者行動狀態,駕照狀態,駕照種類,飲酒情形,車輛撞擊部位最初,車輛撞擊部位其他,肇事因素個別,肇事因素主要,肇事逃逸,職業,共享經濟或外送平台,GPS座標X,GPS座標Y,事故類別
1466,66000,387130000C,(04)23274275,(04)23288582,2025,09,4,17,23,臺中市,北區,0,1,0,7,2,6,50,3,1,1,5,4,6,6,4,4,1,5,5,2,16,2,9,1,1,C03,7,11,1,10,1,14,,45,45,1,12,4,120.679947,24.157252,2
1467,66000,387130000C,(04)23274275,(04)23288582,2025,09,4,17,23,臺中市,南屯區,0,0,0,7,,,50,,,,,,,,,,,,,,,,,,,B12,,,1,,1,,,7,7,1,13,4,120.61524,24.147704,3
1468,66000,387130000C,(04)23274275,(04)23288582,2025,09,4,17,23,臺中市,北屯區,0,1,0,7,2,6,50,13,9,1,5,4,6,6,4,4,1,4,5,2,13,2,9,2,1,C03,7,9,1,10,2,11,,7,7,1,12,4,120.688933,24.172024,2
1469,66000,387130000C,(04)23274275,(04)23288582,2025,09,4,17,28,臺中市,北區,0,2,0,7,2,6,30,4,1,1,5,4,6,6,4,4,10,5,5,2,17,2,9,5,1,C03,7,9,1,10,2,12,,84,84,1,13,4,120.695275,24.154565,2
1470,66000,387130000C,(04)23274275,(04)23288582,2025,09,4,17,30,臺中市,清水區,0,0,0,7,,,30,,,,,,,,,,,,,,,,,,,C03,,,3,,11,,,59,59,1,12,4,120.590308,24.285284,3
1471,66000,387130000C,(04)23274275,(04)23288582,2025,09,4,17,31,臺中市,豐原區,0,0,0,7,,,50,,,,,,,,,,,,,,12,,,,,B03,,,1,,2,,,59,59,1,13,4,120.721046,24.269709,3
1472,66000,387130000C,(04)23274275,(04)23288582,2025,09,4,17,34,臺中市,南區,0,0,0,7,,,30,,,,,,,,,,,,,,17,,,,,B11,,,1,,2,,,84,84,1,12,4,120.68276,24.128247,3
1473,66000,387130000C,(04)23274275,(04)23288582,2025,09,4,17,34,臺中市,外埔區,0,2,0,7,2,6,30,11,9,1,5,4,6,1,4,4,10,5,5,2,11,2,9,1,1,C03,7,9,1,10,2,12,,41,41,1,6,4,120.636339,24.330897,2
1474,66000,387130000C,(04)23274275,(04)23288582,2025,09,4,17,35,臺中市,北區,0,0,0,7,,,50,,,,,,,,,,,,,,13,,,,,C03,,,1,,1,,,7,7,1,13,4,120.691314,24.158708,3
1475,66000,387130000C,(04)23274275,(04)23288582,2025,09,4,17,35,臺中市,北區,0,0,0,7,,,50,,,,,,,,,,,,,,13,,,,,B03,,,1,,2,,,59,59,1,13,4,120.672674,24.168118,3
1476,66000,387130000C,(04)23274275,(04)23288582,2025,09,4,17,37,臺中市,東區,0,0,0,7,,,50,,,,,,,,,,,,,,17,,,,,A05,,,1,,1,,,8,8,1,12,4,120.70134,24.125552,4
1477,66000,387130000C,(04)23274275,(04)23288582,2025,09,4,17,41,臺中市,大里區,0,1,0,7,3,6,60,3,2,1,5,4,6,6,4,4,1,4,4,1,13,2,9,1,1,C03,7,6,1,10,2,11,,48,48,1,13,4,120.678182,24.10389,2
1478,66000,387130000C,(04)23274275,(04)23288582,2025,09,4,17,42,臺中市,北區,0,1,0,7,2,6,50,4,2,1,5,4,6,6,1,1,5,4,5,2,17,3,10,1,1,C03,7,1,1,10,2,12,,51,51,1,12,4,120.676845,24.155729,2
1479,66000,387130000C,(04)23274275,(04)23288582,2025,09,4,17,43,臺中市,豐原區,0,1,0,7,1,6,50,4,1,1,5,4,6,6,1,1,5,4,4,2,16,3,10,3,1,B03,7,6,1,8,2,6,,11,11,1,12,4,120.732301,24.242088,2
1480,66000,387130000C,(04)23274275,(04)23288582,2025,09,4,17,45,臺中市,北屯區,0,0,0,7,,,50,,,,,,,,,,,,,,,,,,,A04,,,1,,9,,,8,8,1,12,4,120.714116,24.164154,3
1481,66000,387130000C,(04)23274275,(04)23288582,2025,09,4,17,47,臺中市,豐原區,0,1,0,7,2,6,50,4,2,1,5,4,6,6,2,1,5,4,5,2,17,2,7,2,1,C03,7,9,1,10,2,14,,84,84,1,12,4,120.733094,24.251545,2
1482,66000,387130000C,(04)23274275,(04)23288582,2025,09,4,17,50,臺中市,中區,0,1,0,7,2,6,50,13,7,1,5,4,6,6,4,4,5,4,5,2,2,3,10,5,4,B03,7,9,1,8,11,2,,85,85,1,12,4,120.679506,24.145699,2
1483,66000,387130000C,(04)23274275,(04)23288582,2025,09,4,17,51,臺中市,南屯區,0,0,0,7,,,50,,,,,,,,,,,,,,12,,,,,B02,,,1,,1,,,26,26,1,12,4,120.637724,24.142453,3
1484,66000,387130000C,(04)23274275,(04)23288582,2025,09,4,17,51,臺中市,霧峰區,0,1,0,7,2,6,50,5,1,1,5,4,6,5,1,1,10,5,5,2,13,3,10,5,4,C03,7,6,1,10,2,13,,36,36,1,12,4,120.696336,24.054158,2
1485,66000,387130000C,(04)23274275,(04)23288582,2025,09,4,17,52,臺中市,北區,0,1,0,7,1,6,50,4,2,1,5,4,6,6,1,1,5,4,5,2,17,3,10,5,1,B03,7,9,1,8,2,5,,8,8,1,13,4,120.680048,24.152232,2
1486,66000,387130000C,(04)23274275,(04)23288582,2025,09,4,17,54,臺中市,西屯區,0,1,0,7,1,6,50,13,9,1,5,4,6,6,4,4,1,4,5,2,12,3,10,3,1,B03,7,8,1,8,2,2,,59,59,1,12,4,120.657895,24.195616,2
1487,66000,387130000C,(04)23274275,(04)23288582,2025,09,4,17,55,臺中市,西屯區,0,2,0,7,1,6,30,13,9,1,5,4,6,6,4,4,10,5,5,2,3,2,9,6,5,H01,8,16,7,21,10,17,,98,98,1,13,5,120.656534,24.167459,2
1488,66000,387130000C,(04)23274275,(04)23288582,2025,09,4,18,1,臺中市,北區,0,0,0,7,,,50,,,,,,,,,,,,,,13,,,,,B03,,,1,,1,,,7,7,1,13,4,120.678714,24.147913,3
1489,66000,387130000C,(04)23274275,(04)23288582,2025,09,4,18,2,臺中市,北區,0,0,0,7,,,50,,,,,,,,,,,,,,17,,,,,B03,,,1,,1,,,94,94,1,13,4,120.684496,24.166897,3
1490,66000,387130000C,(04)23274275,(04)23288582,2025,09,4,18,8,臺中市,大里區,0,0,0,7,1,6,50,3,2,1,5,4,6,6,4,4,10,5,5,2,17,,,,,B03,,,1,,2,,,84,84,1,13,4,120.678115,24.116519,3
1491,66000,387130000C,(04)23274275,(04)23288582,2025,09,4,18,8,臺中市,豐原區,0,1,0,7,1,6,50,4,1,1,5,4,6,6,1,1,1,4,4,1,17,2,9,1,1,C03,7,9,1,10,2,16,,82,82,1,12,4,120.744462,24.264609,2
1492,66000,387130000C,(04)23274275,(04)23288582,2025,09,4,18,10,臺中市,豐原區,0,0,0,7,,,50,,,,,,,,,,,,,,13,,,,,B12,,,1,,2,,,84,84,1,13,4,120.705043,24.240332,3
1493,66000,387130000C,(04)23274275,(04)23288582,2025,09,4,18,13,臺中市,南屯區,0,1,0,7,2,6,50,4,1,1,5,4,6,6,2,1,5,5,4,2,17,2,5,2,1,C03,7,6,1,10,2,14,,1,1,1,13,4,120.635048,24.152565,2
1494,66000,387130000C,(04)23274275,(04)23288582,2025,09,4,18,14,臺中市,大雅區,0,1,0,7,1,6,30,11,9,1,5,4,6,6,4,4,10,5,5,2,11,2,8,2,1,C03,7,6,1,10,2,11,,41,41,1,13,4,120.598516,24.21805,2
1495,66000,387130000C,(04)23274275,(04)23288582,2025,09,4,18,14,臺中市,東區,0,0,0,7,,,50,,,,,,,,,,,,,,16,,,,,B03,,,1,,1,,,84,84,1,13,4,120.692397,24.140121,3
1496,66000,387130000C,(04)23274275,(04)23288582,2025,09,4,18,15,臺中市,北屯區,0,2,0,6,3,6,50,3,1,1,5,4,6,6,4,4,10,5,5,2,13,2,7,2,1,C03,7,5,1,10,2,12,,7,7,1,6,4,120.692219,24.166104,2
1497,66000,387130000C,(04)23274275,(04)23288582,2025,09,4,18,15,臺中市,北屯區,0,1,0,7,3,6,30,13,9,1,5,4,6,6,4,4,10,5,5,2,17,3,10,3,1,B03,7,1,1,8,2,1,,51,51,1,6,4,120.698517,24.175973,2
1498,66000,387130000C,(04)23274275,(04)23288582,2025,09,4,18,19,臺中市,西屯區,0,1,0,7,1,6,50,13,7,1,5,4,6,6,4,4,4,3,4,1,12,3,10,3,4,B03,7,8,1,8,2,8,,8,8,1,12,4,120.648436,24.158779,2
1499,66000,387130000C,(04)23274275,(04)23288582,2025,09,4,18,20,臺中市,西屯區,0,0,0,7,,,50,,,,,,,,,,,,,,12,,,,,B03,,,1,,1,,,40,40,1,12,4,120.632545,24.170095,3
1500,66000,387130000C,(04)23274275,(04)23288582,2025,09,4,18,24,臺中市,西區,0,0,0,7,,,50,,,,,,,,,,,,,,,,,,,B03,,,1,8,2,,,76,76,1,13,4,120.670627,24.137154,3
1501,66000,387130000C,(04)23274275,(04)23288582,2025,09,4,18,27,臺中市,潭子區,0,0,0,7,,3,80,,,,,,,,,,,,,,,,,,,B03,,,1,,2,,,7,7,1,13,4,120.709739,24.200514,3
1502,66000,387130000C,(04)23274275,(04)23288582,2025,09,4,18,28,臺中市,清水區,0,2,0,7,1,6,50,5,1,1,5,4,6,6,2,1,1,4,4,1,16,2,8,1,1,C03,7,5,1,10,2,12,,87,87,1,12,4,120.567636,24.270241,2
1503,66000,387130000C,(04)23274275,(04)23288582,2025,09,4,18,29,臺中市,霧峰區,0,0,0,7,,,40,,,,,,,,,,,,,,,,,,,B03,,,1,,1,,,84,84,1,13,4,120.697623,24.064537,3
1504,66000,387130000C,(04)23274275,(04)23288582,2025,09,4,18,32,臺中市,北屯區,0,1,0,7,1,6,40,13,8,1,5,4,6,6,4,4,5,4,4,2,17,3,10,3,1,B03,7,1,1,8,2,4,,51,51,1,12,4,120.676636,24.184137,2
1505,66000,387130000C,(04)23274275,(04)23288582,2025,09,4,18,35,臺中市,北屯區,0,0,0,7,,,50,,,,,,,,,,,,,,,,,,,B03,,,1,,1,,,84,84,1,12,4,120.697253,24.16921,3
1506,66000,387130000C,(04)23274275,(04)23288582,2025,09,4,18,35,臺中市,大里區,0,2,0,7,1,6,30,4,1,1,5,4,6,6,4,4,5,5,4,2,15,2,9,1,1,C03,7,9,1,10,2,13,14,20,20,1,6,4,120.691791,24.112219,2
1507,66000,387130000C,(04)23274275,(04)23288582,2025,09,4,18,36,臺中市,西屯區,0,1,0,7,1,3,80,13,9,1,5,4,6,6,4,4,1,4,5,2,13,2,7,5,4,B03,7,9,1,8,2,8,,59,59,1,13,4,120.625708,24.156842,2
1508,66000,387130000C,(04)23274275,(04)23288582,2025,09,4,18,37,臺中市,后里區,0,1,0,7,1,6,50,4,1,1,5,4,6,6,4,4,5,5,5,1,15,3,10,3,1,B03,7,9,1,8,2,5,,6,6,1,6,4,120.712608,24.306692,2
1509,66000,387130000C,(04)23274275,(04)23288582,2025,09,4,18,39,臺中市,太平區,0,2,0,7,1,6,50,3,1,1,5,4,6,6,4,4,10,5,5,2,17,2,9,5,4,C03,7,9,1,10,2,12,,59,59,1,6,4,120.732069,24.150415,2
1510,66000,387130000C,(04)23274275,(04)23288582,2025,09,4,18,41,臺中市,北區,0,0,0,7,,,50,,,,,,,,,,,,,,13,,,,,B03,,,1,,1,,,84,84,1,12,4,120.69419,24.159241,3
1511,66000,387130000C,(04)23274275,(04)23288582,2025,09,4,18,42,臺中市,南區,0,1,0,7,1,6,50,13,9,1,5,4,6,6,4,4,9,4,5,2,12,2,8,1,1,C03,7,9,1,10,2,14,,7,7,1,12,4,120.65232,24.117316,2
1512,66000,387130000C,(04)23274275,(04)23288582,2025,09,4,18,42,臺中市,北屯區,0,0,0,7,,,50,,,,,,,,,,,,,,,,,,,B03,,,1,,2,,,7,7,1,12,4,120.686299,24.172276,3
1513,66000,387130000C,(04)23274275,(04)23288582,2025,09,4,18,42,臺中市,大里區,0,2,0,7,1,6,50,4,1,1,5,4,6,6,1,1,5,2,5,1,13,2,8,1,1,C03,7,9,1,10,2,11,,7,7,1,13,4,120.699225,24.110185,2
1514,66000,387130000C,(04)23274275,(04)23288582,2025,09,4,18,45,臺中市,南屯區,0,0,0,7,1,6,50,13,9,1,5,4,6,6,4,4,5,5,5,2,9,3,10,3,1,B03,7,9,1,8,2,12,,84,84,1,12,4,120.645232,24.142653,3
1515,66000,387130000C,(04)23274275,(04)23288582,2025,09,4,18,54,臺中市,南屯區,0,0,0,7,,,50,,,,,,,,,,,,,,,,,,,C03,,,1,,2,,,8,8,1,13,4,120.610934,24.138465,3
1516,66000,387130000C,(04)23274275,(04)23288582,2025,09,4,18,56,臺中市,北屯區,0,0,0,7,,,50,,,,,,,,,,,,,,12,,,,,B03,,,1,8,1,,,84,84,1,6,4,120.731252,24.177292,3
1517,66000,387130000C,(04)23274275,(04)23288582,2025,09,4,18,56,臺中市,霧峰區,0,1,0,7,1,6,50,4,2,1,5,4,6,6,1,1,4,3,5,1,17,2,9,1,1,C03,7,6,1,10,2,11,,84,84,1,6,4,120.698889,24.077881,2
1518,66000,387130000C,(04)23274275,(04)23288582,2025,09,4,18,58,臺中市,大甲區,0,0,0,7,,,50,,,,,,,,,,,,,,,,,,,B03,,,1,,1,,,7,7,1,6,4,120.648299,24.406952,3
1519,66000,387130000C,(04)23274275,(04)23288582,2025,09,4,19,0,臺中市,沙鹿區,0,1,0,7,1,6,50,3,1,1,5,4,6,6,1,1,10,5,5,2,17,3,10,3,1,B03,7,9,1,8,2,4,,21,21,1,6,4,120.570332,24.243865,2
1520,66000,387130000C,(04)23274275,(04)23288582,2025,09,4,19,7,臺中市,南屯區,0,1,0,7,2,6,50,13,9,1,5,4,6,6,4,4,9,4,4,2,17,2,9,1,1,C03,7,9,1,10,1,11,,59,59,1,12,4,120.649769,24.134452,2
1521,66000,387130000C,(04)23274275,(04)23288582,2025,09,4,19,8,臺中市,梧棲區,0,2,0,7,1,9,0,4,21,2,5,4,6,6,4,4,10,5,5,2,14,3,10,3,1,B03,7,2,1,8,2,3,,49,49,1,12,4,120.561978,24.255921,2
1522,66000,387130000C,(04)23274275,(04)23288582,2025,09,4,19,9,臺中市,東區,0,1,0,7,1,6,50,3,1,1,5,4,6,6,2,1,10,5,5,2,16,3,10,3,1,B03,7,5,1,8,2,5,,84,84,1,12,4,120.710529,24.142839,2
1523,66000,387130000C,(04)23274275,(04)23288582,2025,09,4,19,9,臺中市,大肚區,0,0,0,7,,,50,,,,,,,,,,,,,,,,,,,C03,,,1,,2,,,49,49,1,12,4,120.544669,24.150969,4
1524,66000,387130000C,(04)23274275,(04)23288582,2025,09,4,19,16,臺中市,東區,0,0,0,7,,,50,,,,,,,,,,,,,,12,,,,,C03,,,1,,2,,,40,40,1,12,4,120.689641,24.132943,3
1525,66000,387130000C,(04)23274275,(04)23288582,2025,09,4,19,25,臺中市,北屯區,0,0,0,7,,,50,,,,,,,,,,,,,,13,,,,,B03,,,1,,1,,,84,84,1,6,4,120.723091,24.162035,3
1526,66000,387130000C,(04)23274275,(04)23288582,2025,09,4,19,26,臺中市,北屯區,0,3,0,7,2,3,80,13,7,1,5,4,6,6,4,4,1,4,5,2,13,3,10,3,1,B03,7,9,1,8,2,1,,7,7,1,13,4,120.720368,24.165,2
1527,66000,387130000C,(04)23274275,(04)23288582,2025,09,4,19,31,臺中市,東區,0,0,0,7,,,50,,,,,,,,,,,,,,17,,,,,B03,,,1,,1,,,8,8,1,12,4,120.701482,24.137449,3
1528,66000,387130000C,(04)23274275,(04)23288582,2025,09,4,19,35,臺中市,龍井區,0,0,0,6,,,50,,,,,,,,,,,,,,12,,,,,B03,,,1,,2,,,65,65,1,6,4,120.583716,24.180794,3
1529,66000,387130000C,(04)23274275,(04)23288582,2025,09,4,19,43,臺中市,西區,0,0,0,7,,,50,,,,,,,,,,,,,,,,,,,B03,,,1,,1,,,49,49,1,6,4,120.662745,24.160305,3
1530,66000,387130000C,(04)23274275,(04)23288582,2025,09,4,19,45,臺中市,大雅區,0,0,0,7,,,70,,,,,,,,,,,,,,,,,,,B03,,,1,,1,,,45,45,1,13,4,120.63797,24.233347,3
1531,66000,387130000C,(04)23274275,(04)23288582,2025,09,4,19,45,臺中市,西區,0,1,0,7,3,6,50,4,1,1,5,4,6,6,1,1,10,5,5,2,16,3,10,3,1,B03,7,5,1,8,1,2,,20,20,1,12,4,120.66774,24.13095,2
1532,66000,387130000C,(04)23274275,(04)23288582,2025,09,4,19,50,臺中市,沙鹿區,0,0,0,6,,,50,,,,,,,,,,,,,,12,,,,,B03,,,1,,1,,,40,40,1,12,4,120.565062,24.242034,3
1533,66000,387130000C,(04)23274275,(04)23288582,2025,09,4,19,53,臺中市,北屯區,0,0,0,7,,,50,,,,,,,,,,,,,,,,,,,B03,,,1,,2,,,84,84,1,12,4,120.714073,24.161435,3
1534,66000,387130000C,(04)23274275,(04)23288582,2025,09,4,20,1,臺中市,神岡區,0,1,0,7,1,6,50,13,14,1,5,4,6,6,4,4,9,5,5,1,13,2,9,1,1,F01,7,9,7,21,6,11,,53,53,1,12,4,120.680851,24.241241,2
1535,66000,387130000C,(04)23274275,(04)23288582,2025,09,4,20,5,臺中市,西屯區,0,1,0,7,1,6,50,4,1,1,5,4,6,6,1,1,8,4,5,1,18,2,9,5,4,C03,7,6,1,10,2,14,,59,59,1,13,4,120.606263,24.161792,2
1536,66000,387130000C,(04)23274275,(04)23288582,2025,09,4,20,8,臺中市,北屯區,0,0,0,7,,,50,,,,,,,,,,,,,,,,,,,C03,,,1,,1,,,84,84,1,12,4,120.67998,24.171105,3
1537,66000,387130000C,(04)23274275,(04)23288582,2025,09,4,20,21,臺中市,南屯區,0,1,0,7,1,6,50,13,9,1,5,4,6,6,4,4,1,2,5,2,18,2,9,5,4,C03,7,9,1,10,2,14,,84,84,1,13,4,120.60424,24.147318,2
1538,66000,387130000C,(04)23274275,(04)23288582,2025,09,4,20,23,臺中市,西屯區,0,0,0,7,,,40,,,,,,,,,,,,,,12,,,,,C03,,,1,,1,,,51,51,1,12,4,120.602938,24.182959,3
1539,66000,387130000C,(04)23274275,(04)23288582,2025,09,4,20,26,臺中市,北屯區,0,1,0,6,1,6,50,4,2,1,5,4,6,6,1,1,10,5,5,2,13,3,10,3,1,B03,7,9,1,8,2,1,,84,84,1,6,4,120.682974,24.193602,2
1540,66000,387130000C,(04)23274275,(04)23288582,2025,09,4,20,28,臺中市,東區,0,1,0,7,1,6,50,13,7,1,5,4,6,6,4,4,5,5,4,2,13,2,9,1,1,C03,7,9,1,10,2,14,,84,84,1,13,4,120.703164,24.144651,2
1541,66000,387130000C,(04)23274275,(04)23288582,2025,09,4,20,30,臺中市,西屯區,0,1,0,7,1,6,50,3,19,1,5,4,6,6,3,1,10,5,5,2,9,3,10,3,2,B01,7,9,1,4,2,8,,10,10,1,12,4,120.665233,24.178131,2
1542,66000,387130000C,(04)23274275,(04)23288582,2025,09,4,20,31,臺中市,西區,0,0,0,7,,,50,,,,,,,,,,,,,,,,,,,C03,,,1,,1,,,26,26,1,12,4,120.672721,24.1359,3
1543,66000,387130000C,(04)23274275,(04)23288582,2025,09,4,20,34,臺中市,西屯區,0,0,0,7,,,50,,,,,,,,,,,,,,12,,,,,B03,,,1,,1,,,48,48,1,13,4,120.635967,24.17386,3
1544,66000,387130000C,(04)23274275,(04)23288582,2025,09,4,20,35,臺中市,北屯區,0,0,0,7,,,50,,,,,,,,,,,,,,17,,,,,B03,,,1,,9,,,50,50,1,6,4,120.722518,24.175556,3
1545,66000,387130000C,(04)23274275,(04)23288582,2025,09,4,20,37,臺中市,太平區,0,1,0,7,2,6,40,13,9,1,5,4,6,6,4,4,9,5,5,1,17,2,9,1,1,C03,7,9,1,10,2,11,,84,84,1,12,4,120.723629,24.110723,2
1546,66000,387130000C,(04)23274275,(04)23288582,2025,09,4,20,59,臺中市,豐原區,0,0,0,7,,,50,,,,,,,,,,,,,,17,,,,,B03,,,1,,1,,,26,26,1,12,4,120.720104,24.262958,3
1547,66000,387130000C,(04)23274275,(04)23288582,2025,09,4,21,0,臺中市,清水區,0,0,0,7,,,30,,,,,,,,,,,,,,17,,,,,B03,,,1,,2,,,14,14,1,12,4,120.615088,24.294776,3
1548,66000,387130000C,(04)23274275,(04)23288582,2025,09,4,21,5,臺中市,西區,0,0,0,7,,,50,,,,,,,,,,,,,,,,,,,B03,,,1,,1,,,84,84,1,12,4,120.6626,24.140217,3
1549,66000,387130000C,(04)23274275,(04)23288582,2025,09,4,21,5,臺中市,清水區,0,1,0,7,3,6,50,13,9,1,5,4,6,6,4,4,5,5,5,1,17,3,10,3,1,B03,7,1,1,8,2,8,,51,51,1,12,4,120.567716,24.272439,2
1550,66000,387130000C,(04)23274275,(04)23288582,2025,09,4,21,12,臺中市,北區,0,0,0,7,,,50,,,,,,,,,,,,,,14,,,,,B03,,,1,,1,,,49,49,1,13,4,120.685299,24.16662,3
1551,66000,387130000C,(04)23274275,(04)23288582,2025,09,4,21,22,臺中市,大肚區,0,2,0,7,3,6,50,3,2,1,5,4,6,6,4,4,10,5,5,2,3,2,8,1,1,C03,7,9,1,10,2,11,,6,6,1,12,4,120.545189,24.15354,2
1552,66000,387130000C,(04)23274275,(04)23288582,2025,09,4,21,35,臺中市,北區,0,0,0,7,,,40,,,,,,,,,,,,,,17,,,,,C03,,,1,,1,,,84,84,1,13,4,120.684907,24.147687,3
1553,66000,387130000C,(04)23274275,(04)23288582,2025,09,4,21,37,臺中市,大里區,0,0,0,7,,,50,,,,,,,,,,,,,,16,,,,,B03,,,1,,2,,,11,11,1,6,4,120.682318,24.104469,3
1554,66000,387130000C,(04)23274275,(04)23288582,2025,09,4,21,46,臺中市,北屯區,0,0,0,7,,,50,,,,,,,,,,,,,,,,,,,B03,,,3,,1,,,84,84,1,12,4,120.705978,24.16948,3
1555,66000,387130000C,(04)23274275,(04)23288582,2025,09,4,21,50,臺中市,梧棲區,0,1,0,7,1,6,40,13,8,1,5,4,6,6,1,1,1,4,3,2,18,2,9,1,1,C03,7,5,1,10,2,12,,87,87,1,8,4,120.513169,24.226808,2
1556,66000,387130000C,(04)23274275,(04)23288582,2025,09,4,21,54,臺中市,東區,0,1,0,7,1,6,50,13,7,1,5,4,6,6,2,1,5,5,4,2,13,3,10,2,1,C03,7,9,1,10,2,11,,84,84,1,12,4,120.697701,24.138854,2
1557,66000,387130000C,(04)23274275,(04)23288582,2025,09,4,21,56,臺中市,西區,0,1,0,7,2,6,50,13,9,1,5,4,6,6,4,4,5,5,4,2,17,2,9,3,1,B03,7,9,1,8,2,5,,84,84,1,12,4,120.665721,24.147759,2
1558,66000,387130000C,(04)23274275,(04)23288582,2025,09,4,22,0,臺中市,太平區,0,0,0,7,,,50,,,,,,,,,,,,,,,,,,,C03,,,1,,1,,,58,58,1,6,4,120.713653,24.14949,3
1559,66000,387130000C,(04)23274275,(04)23288582,2025,09,4,22,4,臺中市,南屯區,0,2,0,7,1,6,50,3,1,1,5,4,6,6,4,4,7,4,5,2,17,2,9,1,1,C03,7,6,1,10,2,14,,13,13,1,12,4,120.647044,24.143771,2
1560,66000,387130000C,(04)23274275,(04)23288582,2025,09,4,22,10,臺中市,北區,0,1,0,7,1,6,50,3,1,1,5,4,6,6,4,4,10,5,5,2,17,2,8,1,1,C03,7,4,1,10,2,14,,59,59,1,12,4,120.687834,24.158677,2
1561,66000,387130000C,(04)23274275,(04)23288582,2025,09,4,22,16,臺中市,太平區,0,1,0,7,1,6,50,4,1,1,5,4,6,6,4,4,10,5,5,2,16,3,10,3,1,B03,7,6,1,8,2,2,,14,14,1,12,4,120.734335,24.149453,2
1562,66000,387130000C,(04)23274275,(04)23288582,2025,09,4,22,26,臺中市,后里區,0,0,0,7,1,6,50,13,9,1,5,4,6,6,4,4,9,5,5,1,14,3,10,3,1,B03,7,2,1,8,1,3,,49,49,1,12,4,120.716945,24.30694,3
1563,66000,387130000C,(04)23274275,(04)23288582,2025,09,4,22,39,臺中市,北區,0,1,0,7,2,6,50,4,1,1,5,4,6,6,1,1,1,4,4,2,16,3,10,3,1,B03,7,5,1,8,2,5,,11,11,1,13,4,120.667949,24.16042,2
1564,66000,387130000C,(04)23274275,(04)23288582,2025,09,4,22,57,臺中市,北屯區,0,1,0,6,1,6,30,5,2,1,5,4,6,6,2,1,10,5,5,2,18,2,9,2,1,C03,7,15,1,10,2,14,,84,84,1,6,4,120.676341,24.177073,2
1565,66000,387130000C,(04)23274275,(04)23288582,2025,09,4,23,12,臺中市,太平區,0,3,0,7,1,6,50,3,1,1,5,4,6,6,4,4,10,5,5,2,16,2,9,1,1,C03,7,4,1,9,2,12,14,1,1,1,12,4,120.715856,24.141778,2
1566,66000,387130000C,(04)23274275,(04)23288582,2025,09,4,23,14,臺中市,西屯區,0,1,0,7,1,6,50,4,1,1,5,4,6,6,2,1,10,5,5,2,16,3,10,3,1,B03,7,11,1,8,2,8,,45,45,1,13,4,120.645758,24.170018,2
1567,66000,387130000C,(04)23274275,(04)23288582,2025,09,4,23,21,臺中市,西屯區,0,2,0,7,1,6,0,18,21,4,5,4,6,6,4,4,10,5,5,2,17,2,9,1,1,C03,7,9,1,10,2,12,,39,39,1,5,4,120.603193,24.180802,2
1568,66000,387130000C,(04)23274275,(04)23288582,2025,09,4,23,53,臺中市,中區,0,2,0,7,1,6,50,4,1,1,5,4,6,6,4,4,10,5,5,2,17,2,9,5,4,C03,7,6,1,10,2,11,,12,12,1,12,4,120.677819,24.145231,2
1569,66000,387130000C,(04)23274275,(04)23288582,2025,09,5,1,0,臺中市,大安區,0,0,0,7,,,60,,,,,,,,,,,,,,,,,,,A31,,,1,,2,,,59,59,1,6,4,120.585484,24.36079,3
1570,66000,387130000C,(04)23274275,(04)23288582,2025,09,5,1,5,臺中市,北區,0,0,0,7,,,40,,,,,,,,,,,,,,,,,,,B03,,,1,,2,,,49,49,1,12,4,120.670534,24.159049,3
1571,66000,387130000C,(04)23274275,(04)23288582,2025,09,5,1,30,臺中市,西屯區,0,1,0,7,1,6,50,5,1,1,5,4,6,6,2,1,10,5,5,2,16,3,10,3,1,B01,7,6,4,4,2,5,,34,34,1,13,4,120.660287,24.16449,2
1572,66000,387130000C,(04)23274275,(04)23288582,2025,09,5,4,22,臺中市,北區,0,0,0,7,,,50,,,,,,,,,,,,,,17,,,,,B02,,,3,,1,,,84,84,2,12,4,120.669216,24.163471,3
1573,66000,387130000C,(04)23274275,(04)23288582,2025,09,5,4,23,臺中市,西屯區,0,0,0,7,,,50,,,,,,,,,,,,,,14,,,,,A21,,,1,,2,,,49,49,1,12,4,120.603485,24.169456,3
1574,66000,387130000C,(04)23274275,(04)23288582,2025,09,5,5,33,臺中市,西屯區,0,1,0,7,1,6,50,13,9,1,5,4,6,6,4,4,5,5,5,2,1,3,10,3,1,B12,7,9,1,8,9,5,,59,59,2,13,4,120.654917,24.162039,2
1575,66000,387130000C,(04)23274275,(04)23288582,2025,09,5,5,37,臺中市,北屯區,0,0,0,7,,,50,,,,,,,,,,,,,,17,,,,,F03,,,7,,9,,,8,8,1,6,4,120.682027,24.177823,3
1576,66000,387130000C,(04)23274275,(04)23288582,2025,09,5,5,43,臺中市,豐原區,0,1,0,7,2,6,50,4,1,1,5,4,6,6,1,1,10,5,5,2,16,3,10,5,4,C03,7,6,1,10,2,11,,25,25,1,12,4,120.72885,24.256897,2