﻿序號,縣市別代碼,機關代碼,市話,傳真,年,月,日,時,分,縣市,區,死亡數量,受傷數量,2-30,天候,道路照明設備,道路類別,道路速限,道路型態,事故位置,路面鋪裝,路面狀態,路面缺陷,障礙物,視距,號誌種類,號誌動作,分向設施,快車道或一般車道間,快慢車道間,路面邊線,事故類型及型態,受傷程度,主要傷處,保護裝備,行動電話或功能裝置,當事者區分_類別,車輛用途,當事者行動狀態,駕照狀態,駕照種類,飲酒情形,車輛撞擊部位最初,車輛撞擊部位其他,肇事因素個別,肇事因素主要,肇事逃逸,職業,共享經濟或外送平台,GPS座標X,GPS座標Y,事故類別
1577,66000,387130000C,(04)23274275,(04)23288582,2025,09,5,5,49,臺中市,北屯區,0,0,0,7,,,50,,,,,,,,,,,,,,12,,,,,B03,,,3,,1,,,40,40,1,12,4,120.692794,24.162343,3
1578,66000,387130000C,(04)23274275,(04)23288582,2025,09,5,5,54,臺中市,西區,0,0,0,7,,,50,,,,,,,,,,,,,,14,,,,,B03,,,1,,2,,,49,49,1,12,4,120.672545,24.151765,3
1579,66000,387130000C,(04)23274275,(04)23288582,2025,09,5,6,11,臺中市,沙鹿區,0,1,0,7,2,6,40,13,8,1,5,4,6,6,4,4,1,4,1,1,18,2,9,1,1,C03,7,9,1,10,4,14,,82,82,1,12,4,120.570264,24.236564,2
1580,66000,387130000C,(04)23274275,(04)23288582,2025,09,5,6,12,臺中市,南區,0,0,0,7,,,50,,,,,,,,,,,,,,,,,,,C03,,,3,,9,,,84,84,1,13,4,120.668171,24.116036,3
1581,66000,387130000C,(04)23274275,(04)23288582,2025,09,5,6,15,臺中市,沙鹿區,0,0,0,7,,,60,,,,,,,,,,,,,,,,,,,A41,,,1,,1,,,40,40,1,12,4,120.574589,24.255701,3
1582,66000,387130000C,(04)23274275,(04)23288582,2025,09,5,6,25,臺中市,北區,0,1,0,7,2,6,50,3,1,1,5,4,6,6,4,4,10,5,5,2,16,2,7,1,1,C03,7,5,5,10,2,13,,14,14,1,12,4,120.675394,24.163332,2
1583,66000,387130000C,(04)23274275,(04)23288582,2025,09,5,6,29,臺中市,大里區,0,1,0,7,3,6,40,13,8,1,5,4,6,6,4,4,5,4,4,2,14,2,9,5,4,C03,7,14,1,10,2,14,,39,39,1,13,4,120.676706,24.097603,2
1584,66000,387130000C,(04)23274275,(04)23288582,2025,09,5,6,32,臺中市,南區,0,0,0,7,,,50,,,,,,,,,,,,,,17,,,,,,,,,,,,,86,86,1,,,120.676044,24.126868,3
1585,66000,387130000C,(04)23274275,(04)23288582,2025,09,5,6,43,臺中市,大雅區,0,1,0,7,1,6,70,13,8,1,5,4,6,6,4,4,1,4,4,1,12,3,10,3,1,B03,7,15,1,8,2,2,,43,43,1,12,4,120.626168,24.242246,2
1586,66000,387130000C,(04)23274275,(04)23288582,2025,09,5,6,45,臺中市,北屯區,0,0,0,7,,,40,,,,,,,,,,,,,,12,,,,,B03,,,3,,2,,,35,35,1,13,4,120.686907,24.20123,3
1587,66000,387130000C,(04)23274275,(04)23288582,2025,09,5,6,47,臺中市,北屯區,0,1,0,7,2,6,50,4,19,1,5,4,6,6,2,1,1,4,5,2,3,3,10,3,1,B03,7,6,1,8,2,1,,10,10,1,12,4,120.700511,24.178555,2
1588,66000,387130000C,(04)23274275,(04)23288582,2025,09,5,6,47,臺中市,神岡區,0,1,0,7,1,6,1,13,9,1,5,4,6,6,4,4,10,5,5,2,30,,,,,,,,,,,,,118,118,1,,,120.654714,24.273598,2
1589,66000,387130000C,(04)23274275,(04)23288582,2025,09,5,6,49,臺中市,太平區,0,1,0,7,2,6,50,13,9,1,5,4,6,6,4,4,9,4,5,1,3,3,10,6,5,H01,8,20,7,21,1,17,,95,95,1,12,5,120.720032,24.132321,2
1590,66000,387130000C,(04)23274275,(04)23288582,2025,09,5,6,55,臺中市,北屯區,0,0,0,7,,,50,,,,,,,,,,,,,,12,,,,,B03,,,1,,1,,,84,84,1,12,4,120.730634,24.159051,3
1591,66000,387130000C,(04)23274275,(04)23288582,2025,09,5,6,57,臺中市,梧棲區,0,1,0,7,3,6,40,13,8,1,5,4,6,6,4,4,1,4,1,1,16,2,9,1,1,C03,7,9,1,10,2,11,,6,6,1,6,4,120.51721,24.235128,2
1592,66000,387130000C,(04)23274275,(04)23288582,2025,09,5,7,10,臺中市,霧峰區,0,1,0,7,2,6,50,13,9,1,5,4,6,6,4,4,10,5,5,2,17,3,10,3,1,B03,7,5,1,8,2,5,,20,20,1,13,4,120.686242,24.053172,2
1593,66000,387130000C,(04)23274275,(04)23288582,2025,09,5,7,12,臺中市,南屯區,0,2,0,7,3,6,50,3,1,1,5,4,6,6,4,4,10,5,5,2,17,2,9,2,1,C03,7,1,1,10,2,14,,51,51,1,12,4,120.607831,24.127392,2
1594,66000,387130000C,(04)23274275,(04)23288582,2025,09,5,7,12,臺中市,烏日區,0,1,0,7,3,6,50,13,9,1,5,4,6,6,4,4,5,4,5,1,12,3,10,3,1,B03,7,5,1,7,2,5,,84,84,1,6,4,120.638349,24.096646,2
1595,66000,387130000C,(04)23274275,(04)23288582,2025,09,5,7,15,臺中市,北屯區,0,0,0,7,,,50,,,,,,,,,,,,,,13,,,,,B03,,,1,,1,,,59,59,1,13,4,120.688789,24.188406,3
1596,66000,387130000C,(04)23274275,(04)23288582,2025,09,5,7,16,臺中市,大雅區,0,1,0,7,1,6,30,13,9,1,5,4,6,6,4,4,10,5,5,2,14,3,10,3,1,B12,7,2,1,3,2,3,,49,49,1,12,4,120.638782,24.210158,2
1597,66000,387130000C,(04)23274275,(04)23288582,2025,09,5,7,16,臺中市,西屯區,0,0,0,7,,,50,,,,,,,,,,,,,,13,,,,,C03,,,1,,1,,,58,58,1,13,4,120.647051,24.196424,3
1598,66000,387130000C,(04)23274275,(04)23288582,2025,09,5,7,18,臺中市,北屯區,0,1,0,7,2,6,50,13,9,1,5,4,6,6,4,4,1,4,5,2,13,2,9,2,1,C03,7,12,1,10,2,11,,7,7,1,12,4,120.707449,24.182322,2
1599,66000,387130000C,(04)23274275,(04)23288582,2025,09,5,7,18,臺中市,大里區,0,0,0,7,,,50,,,,,,,,,,,,,,,,,,,F01,,,1,,2,,,21,21,1,12,4,120.681149,24.115178,3
1600,66000,387130000C,(04)23274275,(04)23288582,2025,09,5,7,19,臺中市,大里區,0,1,0,7,3,6,60,3,2,1,5,4,6,6,2,1,1,4,4,1,13,3,10,3,1,B01,7,9,1,8,2,1,,7,7,1,13,4,120.680207,24.104702,2
1601,66000,387130000C,(04)23274275,(04)23288582,2025,09,5,7,20,臺中市,大肚區,0,0,0,7,,,30,,,,,,,,,,,,,,14,,,,,B03,,,1,,2,,,49,49,1,13,4,120.542905,24.148751,3
1602,66000,387130000C,(04)23274275,(04)23288582,2025,09,5,7,23,臺中市,北屯區,0,1,0,7,2,6,50,11,9,1,5,2,6,6,4,4,4,3,5,2,18,3,10,2,1,C03,7,9,1,10,2,14,,58,58,1,13,4,120.709466,24.174292,2
1603,66000,387130000C,(04)23274275,(04)23288582,2025,09,5,7,25,臺中市,沙鹿區,0,2,0,7,3,6,30,4,1,1,5,4,6,6,3,1,3,5,5,1,17,3,10,3,1,B03,7,6,1,8,2,8,,7,7,1,12,4,120.559811,24.229443,2
1604,66000,387130000C,(04)23274275,(04)23288582,2025,09,5,7,26,臺中市,東區,0,0,0,7,,,50,,,,,,,,,,,,,,,,,,,B03,,,1,,1,,,84,84,1,13,4,120.698089,24.135533,3
1605,66000,387130000C,(04)23274275,(04)23288582,2025,09,5,7,28,臺中市,大雅區,0,0,0,7,,,50,,,,,,,,,,,,,,,,,,,B03,,,1,,2,,,39,39,1,13,4,120.649737,24.223057,3
1606,66000,387130000C,(04)23274275,(04)23288582,2025,09,5,7,29,臺中市,潭子區,0,1,0,7,3,6,60,13,8,1,5,4,6,6,4,4,1,4,4,1,13,2,9,2,1,C03,7,9,1,10,2,11,,7,7,1,13,4,120.705349,24.214819,2
1607,66000,387130000C,(04)23274275,(04)23288582,2025,09,5,7,30,臺中市,沙鹿區,0,0,0,7,,,,,,,,,,,,,,,,,13,,,,,,,,,,,,,119,119,1,,,120.559324,24.236441,4
1608,66000,387130000C,(04)23274275,(04)23288582,2025,09,5,7,32,臺中市,東區,0,0,0,7,,,30,,,,,,,,,,,,,,,,,,,B03,,,1,,9,,,8,8,1,13,4,120.694517,24.126432,3
1609,66000,387130000C,(04)23274275,(04)23288582,2025,09,5,7,33,臺中市,太平區,0,0,0,7,,,50,,,,,,,,,,,,,,,,,,,B03,,,1,,2,,,59,59,1,12,4,120.714864,24.124961,3
1610,66000,387130000C,(04)23274275,(04)23288582,2025,09,5,7,36,臺中市,南區,0,0,0,7,,,50,,,,,,,,,,,,,,16,,,,,B01,,,1,,2,,,11,11,1,6,4,120.677303,24.130575,3
1611,66000,387130000C,(04)23274275,(04)23288582,2025,09,5,7,37,臺中市,東區,0,1,0,7,3,6,50,4,1,1,5,4,6,6,1,1,5,5,5,2,18,2,7,2,1,C03,7,9,1,10,2,16,,84,84,1,6,4,120.701023,24.144614,2
1612,66000,387130000C,(04)23274275,(04)23288582,2025,09,5,7,40,臺中市,西屯區,0,0,0,7,,3,80,,,,,,,,,,,,,,13,,,,,C01,,,3,,1,,,7,7,1,12,4,120.633354,24.171485,3
1613,66000,387130000C,(04)23274275,(04)23288582,2025,09,5,7,40,臺中市,清水區,0,1,0,7,3,6,50,4,2,1,5,4,6,6,1,1,1,4,5,1,30,,,,,,,,,,,,,119,119,1,,,120.559036,24.274916,2
1614,66000,387130000C,(04)23274275,(04)23288582,2025,09,5,7,44,臺中市,南屯區,0,0,0,7,,,50,,,,,,,,,,,,,,,,,,,B03,,,1,,1,,,7,7,1,13,4,120.612558,24.13844,3
1615,66000,387130000C,(04)23274275,(04)23288582,2025,09,5,7,44,臺中市,霧峰區,0,2,0,7,3,6,50,4,2,1,5,4,6,6,4,4,1,4,4,1,15,2,8,1,1,C03,7,9,1,10,1,12,,12,12,1,12,4,120.696093,24.068263,2
1616,66000,387130000C,(04)23274275,(04)23288582,2025,09,5,7,46,臺中市,北區,0,2,0,7,3,6,50,4,1,1,5,4,6,6,4,4,5,5,5,2,15,2,8,2,1,C03,7,9,1,10,2,11,,12,12,1,12,4,120.682378,24.163945,2
1617,66000,387130000C,(04)23274275,(04)23288582,2025,09,5,7,46,臺中市,大甲區,0,1,0,7,3,6,50,13,9,1,5,4,6,6,4,4,5,5,5,1,17,3,10,1,1,C03,7,9,1,10,2,11,,8,8,1,6,4,120.625188,24.347373,2
1618,66000,387130000C,(04)23274275,(04)23288582,2025,09,5,7,50,臺中市,東區,0,1,0,7,1,6,50,4,1,4,5,4,6,6,2,1,10,5,5,2,13,2,9,5,4,C03,7,9,1,10,2,11,,7,7,1,13,4,120.698193,24.147996,2
1619,66000,387130000C,(04)23274275,(04)23288582,2025,09,5,7,50,臺中市,南屯區,0,0,0,7,,,50,,,,,,,,,,,,,,21,,,,,B03,,,1,,2,,,49,49,1,13,4,120.643879,24.1433,3
1620,66000,387130000C,(04)23274275,(04)23288582,2025,09,5,7,50,臺中市,南屯區,0,0,0,7,,,50,,,,,,,,,,,,,,12,,,,,C03,,,1,,1,,,40,40,1,12,4,120.622544,24.145063,3
1621,66000,387130000C,(04)23274275,(04)23288582,2025,09,5,7,52,臺中市,清水區,0,2,0,7,3,6,0,18,24,1,5,4,6,6,4,4,1,4,4,1,12,2,9,2,1,F03,7,9,7,21,2,11,,8,8,1,12,4,120.604829,24.315222,2
1622,66000,387130000C,(04)23274275,(04)23288582,2025,09,5,7,53,臺中市,南屯區,0,0,0,7,,,50,,,,,,,,,,,,,,13,,,,,C03,,,1,,9,,,7,7,1,12,4,120.637787,24.138846,3
1623,66000,387130000C,(04)23274275,(04)23288582,2025,09,5,7,53,臺中市,清水區,0,2,0,7,3,6,50,4,1,1,5,4,6,6,1,1,5,5,5,2,15,2,9,2,1,C03,7,9,1,10,2,11,,21,21,1,12,4,120.555771,24.279165,2
1624,66000,387130000C,(04)23274275,(04)23288582,2025,09,5,7,56,臺中市,大雅區,0,2,0,7,1,6,50,5,1,1,5,4,6,6,1,1,10,5,5,2,12,2,9,2,1,C03,7,6,1,10,2,14,,84,84,1,12,4,120.667702,24.215619,2
1625,66000,387130000C,(04)23274275,(04)23288582,2025,09,5,7,57,臺中市,大雅區,0,1,0,7,2,6,50,4,2,1,5,4,6,6,4,4,10,4,5,1,17,2,9,1,1,C03,7,6,1,10,2,11,,12,12,1,12,4,120.65489,24.228689,2
1626,66000,387130000C,(04)23274275,(04)23288582,2025,09,5,8,0,臺中市,沙鹿區,0,2,0,7,2,6,40,13,8,1,5,4,6,6,4,4,1,3,1,1,12,2,9,2,1,C03,7,4,1,10,2,12,,1,1,1,12,4,120.580983,24.203727,2
1627,66000,387130000C,(04)23274275,(04)23288582,2025,09,5,8,1,臺中市,大肚區,0,1,0,7,2,6,50,13,9,1,5,4,6,6,4,4,5,5,5,1,16,3,10,5,4,C03,7,11,3,19,2,11,,39,39,1,12,4,120.580139,24.168406,2
1628,66000,387130000C,(04)23274275,(04)23288582,2025,09,5,8,2,臺中市,梧棲區,0,0,0,7,,,60,,,,,,,,,,,,,,13,,,,,B03,,,1,,1,,,7,7,1,6,4,120.537026,24.252322,3
1629,66000,387130000C,(04)23274275,(04)23288582,2025,09,5,8,4,臺中市,龍井區,0,1,0,7,2,6,50,3,2,1,5,4,6,6,4,4,5,5,5,2,28,2,9,5,4,C03,7,9,1,9,2,11,,87,87,1,6,4,120.589018,24.180713,2
1630,66000,387130000C,(04)23274275,(04)23288582,2025,09,5,8,7,臺中市,大里區,0,0,0,7,,,50,,,,,,,,,,,,,,17,,,,,C03,,,1,,2,,,8,8,1,6,4,120.697818,24.082178,3
1631,66000,387130000C,(04)23274275,(04)23288582,2025,09,5,8,7,臺中市,大甲區,0,0,0,7,,,70,,,,,,,,,,,,,,14,,,,,B03,,,1,,2,,,49,49,1,6,4,120.618222,24.338859,3
1632,66000,387130000C,(04)23274275,(04)23288582,2025,09,5,8,8,臺中市,大里區,0,0,0,7,,,50,,,,,,,,,,,,,,,,,,,B03,,,1,,2,,,49,49,1,12,4,120.696469,24.10244,3
1633,66000,387130000C,(04)23274275,(04)23288582,2025,09,5,8,13,臺中市,西區,0,0,0,7,,,50,,,,,,,,,,,,,,,,,,,B03,,,1,,1,,,59,59,1,12,4,120.665757,24.140083,3
1634,66000,387130000C,(04)23274275,(04)23288582,2025,09,5,8,13,臺中市,神岡區,0,0,0,7,,,50,,,,,,,,,,,,,,14,,,,,B03,,,1,,2,,,49,49,1,13,4,120.656975,24.251118,3
1635,66000,387130000C,(04)23274275,(04)23288582,2025,09,5,8,15,臺中市,太平區,0,0,0,7,,3,80,,,,,,,,,,,,,,13,,,,,B03,,,1,,2,,,7,7,1,12,4,120.714272,24.148696,3
1636,66000,387130000C,(04)23274275,(04)23288582,2025,09,5,8,17,臺中市,北屯區,0,1,0,7,2,6,50,13,7,1,5,4,6,6,4,4,5,4,4,2,13,3,10,3,3,B03,7,9,1,8,1,1,,59,59,1,12,4,120.686345,24.202723,2
1637,66000,387130000C,(04)23274275,(04)23288582,2025,09,5,8,18,臺中市,西屯區,0,0,0,7,,,50,,,,,,,,,,,,,,,,,,,B03,,,1,,1,,,40,40,1,13,4,120.659389,24.201202,3
1638,66000,387130000C,(04)23274275,(04)23288582,2025,09,5,8,19,臺中市,西屯區,0,1,0,7,1,6,50,13,8,1,5,4,6,6,4,4,1,4,1,1,13,2,9,2,1,C03,7,9,1,10,2,11,,59,59,1,12,4,120.637729,24.186018,2
1639,66000,387130000C,(04)23274275,(04)23288582,2025,09,5,8,20,臺中市,大雅區,0,0,0,7,,,30,,,,,,,,,,,,,,14,,,,,B03,,,1,,2,,,49,49,1,12,4,120.654946,24.226678,3
1640,66000,387130000C,(04)23274275,(04)23288582,2025,09,5,8,20,臺中市,龍井區,0,0,0,7,,,50,,,,,,,,,,,,,,,,,,,C02,,,1,,1,,,7,7,1,12,4,120.584578,24.183194,3
1641,66000,387130000C,(04)23274275,(04)23288582,2025,09,5,8,21,臺中市,西區,0,2,0,7,2,6,50,3,2,1,5,4,6,6,4,4,5,4,5,1,16,2,9,2,1,C03,7,6,1,10,2,14,,39,39,1,13,4,120.679361,24.138208,2
1642,66000,387130000C,(04)23274275,(04)23288582,2025,09,5,8,22,臺中市,北區,0,0,0,7,,,50,,,,,,,,,,,,,,13,,,,,B03,,,1,,1,,,7,7,1,13,4,120.674582,24.161805,3
1643,66000,387130000C,(04)23274275,(04)23288582,2025,09,5,8,25,臺中市,沙鹿區,0,0,0,7,,,30,,,,,,,,,,,,,,,,,,,B03,,,1,,2,,,8,8,1,12,4,120.562673,24.239213,3
1644,66000,387130000C,(04)23274275,(04)23288582,2025,09,5,8,26,臺中市,神岡區,0,1,0,7,1,6,30,11,9,1,5,4,6,6,4,4,10,5,5,1,17,2,9,1,4,C03,7,5,1,10,2,12,,84,84,1,12,4,120.685975,24.257941,2
1645,66000,387130000C,(04)23274275,(04)23288582,2025,09,5,8,29,臺中市,北屯區,0,0,0,7,,,50,,,,,,,,,,,,,,13,,,,,B03,,,1,,1,,,56,56,1,12,4,120.719165,24.161622,3
1646,66000,387130000C,(04)23274275,(04)23288582,2025,09,5,8,33,臺中市,西屯區,0,0,0,7,,,70,,,,,,,,,,,,,,12,,,,,B03,,,1,,1,,,40,40,1,12,4,120.621549,24.180068,3
1647,66000,387130000C,(04)23274275,(04)23288582,2025,09,5,8,34,臺中市,西屯區,0,1,0,7,2,6,50,13,9,1,5,4,6,6,4,4,1,4,5,2,13,2,9,1,1,C03,7,8,1,10,2,11,,7,7,1,12,4,120.65716,24.19721,2
1648,66000,387130000C,(04)23274275,(04)23288582,2025,09,5,8,45,臺中市,南區,0,1,0,7,3,6,50,4,1,1,5,4,6,6,1,1,10,5,5,2,16,3,10,3,1,B03,7,6,1,8,2,8,,48,48,1,6,4,120.657943,24.117891,2
1649,66000,387130000C,(04)23274275,(04)23288582,2025,09,5,8,47,臺中市,西屯區,0,1,0,7,2,6,50,13,9,1,5,4,6,6,4,4,5,5,5,2,17,2,9,1,4,C03,7,8,1,10,2,14,,84,84,1,13,4,120.640862,24.170686,2
1650,66000,387130000C,(04)23274275,(04)23288582,2025,09,5,8,47,臺中市,太平區,0,2,0,7,2,6,50,13,8,1,5,4,6,6,4,4,1,4,4,2,17,2,9,2,1,C03,7,9,1,10,2,12,,59,59,1,12,4,120.725402,24.15406,2
1651,66000,387130000C,(04)23274275,(04)23288582,2025,09,5,8,50,臺中市,北區,0,0,0,7,,,40,,,,,,,,,,,,,,17,,,,,C03,,,1,,2,,,7,7,1,12,4,120.672284,24.170095,3
1652,66000,387130000C,(04)23274275,(04)23288582,2025,09,5,8,54,臺中市,東區,0,1,0,7,3,6,50,13,9,1,5,4,6,6,1,1,5,5,5,2,12,2,9,2,1,C03,7,7,1,10,2,14,,40,40,1,6,4,120.689177,24.140251,2
1653,66000,387130000C,(04)23274275,(04)23288582,2025,09,5,8,55,臺中市,豐原區,0,0,0,7,2,6,50,3,1,1,5,4,6,6,2,1,5,5,4,1,12,3,10,3,1,B12,7,9,1,8,2,5,,8,8,1,12,4,120.729096,24.246375,3
1654,66000,387130000C,(04)23274275,(04)23288582,2025,09,5,8,57,臺中市,西屯區,0,0,0,7,,,30,,,,,,,,,,,,,,14,,,,,B12,,,3,,2,,,49,49,1,12,4,120.664609,24.167651,3
1655,66000,387130000C,(04)23274275,(04)23288582,2025,09,5,9,0,臺中市,北區,0,2,0,7,2,6,50,4,2,1,5,4,6,6,2,1,10,5,5,2,13,2,9,2,1,C03,7,9,1,10,2,11,,58,58,1,13,4,120.682391,24.166941,2
1656,66000,387130000C,(04)23274275,(04)23288582,2025,09,5,9,0,臺中市,南屯區,0,0,0,7,,,50,,,,,,,,,,,,,,,,,,,B03,,,1,,1,,,49,49,1,6,4,120.644671,24.137526,3
1657,66000,387130000C,(04)23274275,(04)23288582,2025,09,5,9,0,臺中市,豐原區,0,0,0,7,,,50,,,,,,,,,,,,,,17,,,,,B03,,,1,,9,,,84,84,1,12,4,120.717091,24.248822,3
1658,66000,387130000C,(04)23274275,(04)23288582,2025,09,5,9,3,臺中市,太平區,0,0,0,7,,,50,,,,,,,,,,,,,,,,,,,B03,,,1,,1,,,59,59,1,12,4,120.724169,24.110991,3
1659,66000,387130000C,(04)23274275,(04)23288582,2025,09,5,9,10,臺中市,北屯區,0,1,0,7,2,6,50,13,9,1,5,4,6,6,4,4,1,4,5,2,18,2,9,2,1,C03,7,12,1,10,2,16,,59,59,1,12,4,120.701513,24.182183,2
1660,66000,387130000C,(04)23274275,(04)23288582,2025,09,5,9,16,臺中市,北屯區,0,0,0,7,,,30,,,,,,,,,,,,,,9,,,,,,,,,,,,,87,87,1,,,120.674103,24.178478,3
1661,66000,387130000C,(04)23274275,(04)23288582,2025,09,5,9,19,臺中市,西屯區,0,0,0,7,,,50,,,,,,,,,,,,,,,,,,,B03,,,1,,1,,,7,7,1,13,4,120.632748,24.204615,3
1662,66000,387130000C,(04)23274275,(04)23288582,2025,09,5,9,27,臺中市,西屯區,0,1,0,7,1,6,50,13,7,1,5,4,6,6,4,4,5,4,4,1,17,3,10,2,1,C03,7,7,1,10,2,16,,40,40,1,12,4,120.653072,24.156239,2
1663,66000,387130000C,(04)23274275,(04)23288582,2025,09,5,9,28,臺中市,潭子區,0,1,0,7,3,6,30,4,1,1,5,4,6,6,4,4,10,5,5,2,17,3,10,2,1,C03,7,9,1,10,2,11,,15,15,1,13,4,120.706767,24.2104,2
1664,66000,387130000C,(04)23274275,(04)23288582,2025,09,5,9,30,臺中市,梧棲區,0,0,0,7,,,50,,,,,,,,,,,,,,17,,,,,B12,,,1,,1,,,87,87,1,6,4,120.541255,24.247286,3
1665,66000,387130000C,(04)23274275,(04)23288582,2025,09,5,9,31,臺中市,大里區,0,0,0,7,,,50,,,,,,,,,,,,,,12,,,,,B12,,,1,,2,,,8,8,1,13,4,120.709695,24.107132,3
1666,66000,387130000C,(04)23274275,(04)23288582,2025,09,5,9,35,臺中市,北屯區,0,0,0,7,,,50,,,,,,,,,,,,,,17,,,,,B12,,,1,,1,,,78,78,1,12,4,120.699323,24.185761,3
1667,66000,387130000C,(04)23274275,(04)23288582,2025,09,5,9,35,臺中市,西屯區,0,0,0,7,,,50,,,,,,,,,,,,,,12,,,,,B12,,,1,,1,,,40,40,1,12,4,120.594858,24.191065,3
1668,66000,387130000C,(04)23274275,(04)23288582,2025,09,5,9,35,臺中市,豐原區,0,0,0,7,2,6,50,13,9,1,5,4,6,6,4,4,1,5,4,1,13,3,10,3,1,B03,7,9,1,8,1,1,,7,7,1,12,4,120.729547,24.243084,3
1669,66000,387130000C,(04)23274275,(04)23288582,2025,09,5,9,39,臺中市,北屯區,0,0,0,7,,,50,,,,,,,,,,,,,,14,,,,,B13,,,1,,1,,,49,49,1,12,4,120.691935,24.189796,3
1670,66000,387130000C,(04)23274275,(04)23288582,2025,09,5,9,39,臺中市,西屯區,0,1,0,7,2,6,50,11,9,1,5,4,6,6,4,4,9,4,5,2,12,3,10,3,1,B03,7,9,1,8,2,2,,8,8,1,12,4,120.6035,24.175041,2
1671,66000,387130000C,(04)23274275,(04)23288582,2025,09,5,9,41,臺中市,中區,0,0,0,7,,,50,,,,,,,,,,,,,,,,,,,B01,,,1,,1,,,84,84,1,12,4,120.681405,24.140812,3
1672,66000,387130000C,(04)23274275,(04)23288582,2025,09,5,9,41,臺中市,西屯區,0,1,0,7,2,6,50,4,1,1,5,4,6,6,1,1,10,5,5,2,17,3,10,6,4,F01,7,6,7,21,1,14,,48,48,1,13,4,120.652407,24.159681,2
1673,66000,387130000C,(04)23274275,(04)23288582,2025,09,5,9,42,臺中市,北區,0,2,0,7,2,6,50,4,1,1,5,4,6,6,1,1,10,5,5,2,17,3,10,5,4,C03,7,15,1,10,2,12,,42,42,1,13,4,120.674056,24.16524,2
1674,66000,387130000C,(04)23274275,(04)23288582,2025,09,5,9,49,臺中市,沙鹿區,0,1,0,7,2,6,50,13,8,1,5,4,6,6,4,4,1,4,4,2,17,3,10,3,1,B03,7,7,1,8,2,5,,20,20,1,12,4,120.565917,24.231827,2
1675,66000,387130000C,(04)23274275,(04)23288582,2025,09,5,9,50,臺中市,豐原區,0,0,0,7,,,40,,,,,,,,,,,,,,3,,,,,H04,,,6,,1,,,95,95,1,13,5,120.718124,24.254459,3
1676,66000,387130000C,(04)23274275,(04)23288582,2025,09,5,9,51,臺中市,神岡區,0,1,0,7,2,6,30,11,9,1,5,4,6,6,4,4,10,5,5,1,18,2,9,5,4,C03,7,15,1,10,2,12,,59,59,1,13,4,120.661959,24.278358,2
1677,66000,387130000C,(04)23274275,(04)23288582,2025,09,5,9,57,臺中市,大里區,0,0,0,7,2,6,30,3,1,1,5,4,6,6,4,4,10,5,5,2,16,,,,,B03,,,1,,1,,,14,14,1,13,4,120.689185,24.112036,3
1678,66000,387130000C,(04)23274275,(04)23288582,2025,09,5,9,57,臺中市,梧棲區,0,0,0,7,,,30,,,,,,,,,,,,,,16,,,,,B03,,,1,,1,,,51,51,1,6,4,120.542975,24.259814,3
1679,66000,387130000C,(04)23274275,(04)23288582,2025,09,5,9,59,臺中市,霧峰區,0,0,0,7,,,30,,,,,,,,,,,,,,17,,,,,A12,,,1,,2,,,84,84,1,12,4,120.6789,24.070442,3
1680,66000,387130000C,(04)23274275,(04)23288582,2025,09,5,10,6,臺中市,梧棲區,0,1,0,7,3,6,50,3,1,1,5,4,6,6,1,1,10,5,5,2,16,2,9,1,1,C03,7,6,1,10,2,14,,48,48,1,6,4,120.552469,24.257,2
1681,66000,387130000C,(04)23274275,(04)23288582,2025,09,5,10,7,臺中市,西屯區,0,1,0,7,1,6,50,13,9,1,5,4,6,6,4,4,5,5,5,2,11,3,10,1,1,C04,7,9,3,19,2,14,,84,84,1,12,4,120.668507,24.175804,2
1682,66000,387130000C,(04)23274275,(04)23288582,2025,09,5,10,7,臺中市,清水區,0,1,0,7,3,6,50,4,1,1,5,4,6,6,1,1,9,4,5,2,16,2,9,1,1,F03,7,6,7,21,2,12,,23,23,1,12,4,120.574488,24.269262,2
1683,66000,387130000C,(04)23274275,(04)23288582,2025,09,5,10,13,臺中市,南屯區,0,1,0,7,3,6,50,4,1,1,5,4,6,6,4,4,10,5,5,2,15,2,9,2,1,C03,7,9,1,10,2,11,,12,12,1,12,4,120.652168,24.142636,2
1684,66000,387130000C,(04)23274275,(04)23288582,2025,09,5,10,16,臺中市,北區,0,0,0,7,,,50,,,,,,,,,,,,,,14,,,,,C03,,,1,,1,,,49,49,1,12,4,120.680361,24.155723,3
1685,66000,387130000C,(04)23274275,(04)23288582,2025,09,5,10,18,臺中市,北區,0,0,0,7,,,50,,,,,,,,,,,,,,17,,,,,B02,,,1,,1,,,82,82,1,13,4,120.680622,24.154623,3
1686,66000,387130000C,(04)23274275,(04)23288582,2025,09,5,10,18,臺中市,東區,0,0,0,7,,,50,,,,,,,,,,,,,,,,,,,B12,,,1,,2,,,21,21,1,13,4,120.690352,24.126401,3
1687,66000,387130000C,(04)23274275,(04)23288582,2025,09,5,10,20,臺中市,北屯區,0,0,0,7,,3,40,,,,,,,,,,,,,,13,,,,,B03,,,1,,1,,,59,59,1,13,4,120.719049,24.161991,3
1688,66000,387130000C,(04)23274275,(04)23288582,2025,09,5,10,20,臺中市,沙鹿區,0,1,0,7,2,6,50,4,7,1,5,4,6,6,3,1,4,3,4,1,15,3,10,3,1,B03,7,4,1,8,2,16,,24,24,1,12,4,120.573879,24.215331,2
1689,66000,387130000C,(04)23274275,(04)23288582,2025,09,5,10,26,臺中市,西屯區,0,2,0,7,2,6,50,4,2,1,5,4,6,6,4,4,10,5,5,2,12,2,9,1,1,C03,7,15,1,10,2,14,,42,42,1,13,4,120.619516,24.186304,2