﻿序號,縣市別代碼,機關代碼,市話,傳真,年,月,日,時,分,縣市,區,死亡數量,受傷數量,2-30,天候,道路照明設備,道路類別,道路速限,道路型態,事故位置,路面鋪裝,路面狀態,路面缺陷,障礙物,視距,號誌種類,號誌動作,分向設施,快車道或一般車道間,快慢車道間,路面邊線,事故類型及型態,受傷程度,主要傷處,保護裝備,行動電話或功能裝置,當事者區分_類別,車輛用途,當事者行動狀態,駕照狀態,駕照種類,飲酒情形,車輛撞擊部位最初,車輛撞擊部位其他,肇事因素個別,肇事因素主要,肇事逃逸,職業,共享經濟或外送平台,GPS座標X,GPS座標Y,事故類別
1690,66000,387130000C,(04)23274275,(04)23288582,2025,09,5,10,27,臺中市,西屯區,0,1,0,7,2,6,40,3,2,1,5,4,6,6,4,4,1,4,1,1,18,2,9,1,1,C03,7,12,3,19,2,14,,59,59,1,12,4,120.65154,24.16141,2
1691,66000,387130000C,(04)23274275,(04)23288582,2025,09,5,10,27,臺中市,豐原區,0,0,0,7,,,50,,,,,,,,,,,,,,13,,,,,C03,,,1,,2,,,7,7,1,12,4,120.759453,24.276731,3
1692,66000,387130000C,(04)23274275,(04)23288582,2025,09,5,10,30,臺中市,大里區,0,2,0,7,2,6,50,13,7,1,5,4,6,6,4,4,5,5,4,2,13,2,9,3,1,B12,7,9,1,8,2,1,,84,84,1,6,4,120.728404,24.091227,2
1693,66000,387130000C,(04)23274275,(04)23288582,2025,09,5,10,33,臺中市,大里區,0,1,0,7,2,6,50,3,9,1,5,4,6,6,4,4,9,4,5,2,12,3,10,3,1,B03,7,5,1,8,2,5,,47,47,1,12,4,120.687423,24.095007,2
1694,66000,387130000C,(04)23274275,(04)23288582,2025,09,5,10,34,臺中市,大里區,0,0,0,7,,,50,,,,,,,,,,,,,,16,,,,,C03,,,1,,2,,,59,59,1,12,4,120.68931,24.077954,3
1695,66000,387130000C,(04)23274275,(04)23288582,2025,09,5,10,36,臺中市,大里區,0,1,0,7,2,6,50,13,9,1,5,4,6,6,4,4,5,5,5,1,17,2,9,2,1,C03,7,9,1,10,2,12,,39,39,1,6,4,120.704154,24.095821,2
1696,66000,387130000C,(04)23274275,(04)23288582,2025,09,5,10,37,臺中市,西屯區,0,1,0,7,2,6,50,5,1,1,5,4,6,6,1,1,10,5,5,2,15,3,10,5,4,B03,7,9,1,8,2,1,,21,21,1,12,4,120.638017,24.175511,2
1697,66000,387130000C,(04)23274275,(04)23288582,2025,09,5,10,37,臺中市,烏日區,0,0,0,7,,,50,,,,,,,,,,,,,,9,,,,,A12,,,1,,9,,,78,78,1,6,4,120.631033,24.099664,3
1698,66000,387130000C,(04)23274275,(04)23288582,2025,09,5,10,41,臺中市,北屯區,0,0,0,7,,,50,,,,,,,,,,,,,,13,,,,,A12,,,1,,2,,,7,7,1,12,4,120.699378,24.16474,3
1699,66000,387130000C,(04)23274275,(04)23288582,2025,09,5,10,51,臺中市,西區,0,0,0,7,,,50,,,,,,,,,,,,,,,,,,,B03,,,1,,1,,,84,84,1,12,4,120.671476,24.145893,3
1700,66000,387130000C,(04)23274275,(04)23288582,2025,09,5,10,53,臺中市,西屯區,0,0,0,7,,,50,,,,,,,,,,,,,,13,,,,,B03,,,1,,1,,,58,58,1,12,4,120.649596,24.162854,3
1701,66000,387130000C,(04)23274275,(04)23288582,2025,09,5,10,54,臺中市,西屯區,0,0,0,7,,,30,,,,,,,,,,,,,,17,,,,,C03,,,1,,2,,,8,8,1,13,4,120.646109,24.181161,3
1702,66000,387130000C,(04)23274275,(04)23288582,2025,09,5,10,54,臺中市,大里區,0,2,0,7,3,6,30,3,2,1,5,4,6,6,4,4,9,5,5,2,16,2,9,1,1,C03,7,6,1,10,2,14,,4,4,1,12,4,120.693618,24.092167,2
1703,66000,387130000C,(04)23274275,(04)23288582,2025,09,5,11,0,臺中市,北區,0,0,0,7,,,50,,,,,,,,,,,,,,13,,,,,B03,,,1,,2,,,59,59,1,12,4,120.684882,24.15759,3
1704,66000,387130000C,(04)23274275,(04)23288582,2025,09,5,11,0,臺中市,清水區,0,0,0,7,,,50,,,,,,,,,,,,,,,,,,,B03,,,1,,2,,,40,40,1,12,4,120.572405,24.274706,3
1705,66000,387130000C,(04)23274275,(04)23288582,2025,09,5,11,0,臺中市,神岡區,0,1,0,7,1,6,1,13,9,1,5,4,6,6,4,4,10,5,5,2,17,2,9,1,4,C03,7,1,1,10,2,14,,51,51,1,12,4,120.710256,24.258097,2
1706,66000,387130000C,(04)23274275,(04)23288582,2025,09,5,11,1,臺中市,南屯區,0,0,0,7,,,50,,,,,,,,,,,,,,12,,,,,B03,,,1,,1,,,84,84,1,12,4,120.647151,24.149161,3
1707,66000,387130000C,(04)23274275,(04)23288582,2025,09,5,11,2,臺中市,北區,0,0,0,7,,,50,,,,,,,,,,,,,,17,,,,,,,,,,,,,119,119,1,,,120.674738,24.154591,3
1708,66000,387130000C,(04)23274275,(04)23288582,2025,09,5,11,3,臺中市,東區,0,1,0,7,3,6,50,4,1,1,5,4,6,6,2,1,5,5,5,2,12,2,9,2,1,C03,7,6,1,10,2,13,,36,36,1,13,4,120.687889,24.136498,2
1709,66000,387130000C,(04)23274275,(04)23288582,2025,09,5,11,3,臺中市,霧峰區,0,0,0,7,,,40,,,,,,,,,,,,,,,,,,,B03,,,1,,2,,,84,84,1,13,4,120.668029,24.060794,3
1710,66000,387130000C,(04)23274275,(04)23288582,2025,09,5,11,6,臺中市,中區,0,2,0,7,3,6,50,4,1,1,5,4,6,6,1,1,10,5,5,2,13,2,9,1,1,C03,7,9,1,10,2,11,,84,84,1,13,4,120.679497,24.142426,2
1711,66000,387130000C,(04)23274275,(04)23288582,2025,09,5,11,7,臺中市,南區,0,1,0,7,1,6,50,3,1,1,5,4,6,6,4,4,1,4,5,2,17,3,10,5,4,B03,7,5,1,8,2,2,,14,14,1,13,4,120.662667,24.120385,2
1712,66000,387130000C,(04)23274275,(04)23288582,2025,09,5,11,10,臺中市,豐原區,0,0,0,7,2,6,50,3,2,1,5,4,6,6,2,1,1,4,5,2,12,3,10,3,1,B12,7,7,1,8,2,2,,8,8,1,12,4,120.701167,24.249131,3
1713,66000,387130000C,(04)23274275,(04)23288582,2025,09,5,11,14,臺中市,西屯區,0,0,0,7,,,50,,,,,,,,,,,,,,14,,,,,B12,,,1,,1,,,49,49,1,12,4,120.60607,24.162362,3
1714,66000,387130000C,(04)23274275,(04)23288582,2025,09,5,11,20,臺中市,神岡區,0,0,0,7,,,30,,,,,,,,,,,,,,14,,,,,B03,,,1,,2,,,49,49,1,13,4,120.657647,24.252726,3
1715,66000,387130000C,(04)23274275,(04)23288582,2025,09,5,11,22,臺中市,烏日區,0,0,0,7,,,30,,,,,,,,,,,,,,10,,,,,C03,,,1,,1,,,59,59,1,13,4,120.606089,24.119301,3
1716,66000,387130000C,(04)23274275,(04)23288582,2025,09,5,11,24,臺中市,南屯區,0,1,0,7,2,6,50,13,8,1,5,4,6,6,4,4,4,3,4,2,12,2,9,2,4,C03,7,9,1,10,2,12,14,84,84,1,13,4,120.612196,24.137788,2
1717,66000,387130000C,(04)23274275,(04)23288582,2025,09,5,11,24,臺中市,沙鹿區,0,0,0,7,,,50,,,,,,,,,,,,,,14,,,,,B12,,,1,,2,,,49,49,1,12,4,120.567459,24.22744,3
1718,66000,387130000C,(04)23274275,(04)23288582,2025,09,5,11,30,臺中市,大肚區,0,0,0,7,,,50,,,,,,,,,,,,,,,,,,,A11,,,1,,2,,,40,40,1,6,4,120.557505,24.127478,3
1719,66000,387130000C,(04)23274275,(04)23288582,2025,09,5,11,34,臺中市,后里區,0,1,0,7,2,6,30,13,9,1,5,4,6,6,4,4,10,5,5,2,17,3,10,1,1,C03,7,1,1,10,2,11,,51,51,1,6,4,120.718396,24.308977,2
1720,66000,387130000C,(04)23274275,(04)23288582,2025,09,5,11,36,臺中市,南屯區,0,1,0,7,2,6,30,13,9,4,5,4,6,6,4,4,10,5,5,2,10,2,9,1,1,C03,7,9,1,10,2,11,,84,84,1,13,4,120.639115,24.137897,2
1721,66000,387130000C,(04)23274275,(04)23288582,2025,09,5,11,37,臺中市,南區,0,0,0,7,,,50,,,,,,,,,,,,,,16,,,,,C03,,,1,,2,,,40,40,1,6,4,120.666534,24.113941,3
1722,66000,387130000C,(04)23274275,(04)23288582,2025,09,5,11,40,臺中市,潭子區,0,1,0,7,2,6,30,13,9,1,5,4,6,6,4,4,10,5,5,2,17,3,10,5,1,B12,7,13,1,8,2,8,,76,76,1,13,4,120.700287,24.191289,2
1723,66000,387130000C,(04)23274275,(04)23288582,2025,09,5,11,40,臺中市,南屯區,0,2,0,7,3,6,30,11,9,1,5,4,6,1,4,4,10,5,5,2,17,2,9,2,1,C03,7,9,1,10,2,14,,84,84,1,12,4,120.608978,24.12686,2
1724,66000,387130000C,(04)23274275,(04)23288582,2025,09,5,11,40,臺中市,南屯區,0,0,0,7,,,50,,,,,,,,,,,,,,,,,,,B03,,,1,,1,,,51,51,1,6,4,120.651321,24.136237,3
1725,66000,387130000C,(04)23274275,(04)23288582,2025,09,5,11,43,臺中市,東區,0,1,0,7,3,6,50,4,1,1,5,4,6,6,2,1,3,4,4,2,12,3,10,3,1,B03,7,5,1,8,2,2,,11,11,1,12,4,120.692483,24.147958,2
1726,66000,387130000C,(04)23274275,(04)23288582,2025,09,5,11,44,臺中市,南屯區,0,1,0,7,2,6,30,4,1,1,5,4,6,6,4,4,10,5,5,2,15,2,3,3,1,B03,7,9,1,8,2,5,,12,12,1,12,4,120.639153,24.149914,2
1727,66000,387130000C,(04)23274275,(04)23288582,2025,09,5,11,52,臺中市,西屯區,0,1,0,7,2,6,50,4,1,1,5,4,6,6,2,1,10,5,5,2,16,3,10,3,1,B03,7,6,1,8,2,1,,11,11,1,13,4,120.661908,24.170099,2
1728,66000,387130000C,(04)23274275,(04)23288582,2025,09,5,11,54,臺中市,潭子區,0,0,0,7,3,6,50,4,2,1,5,4,6,6,4,4,5,5,5,1,17,3,10,3,1,B03,7,9,1,8,4,5,,84,84,1,13,4,120.701463,24.207858,3
1729,66000,387130000C,(04)23274275,(04)23288582,2025,09,5,11,55,臺中市,中區,0,3,0,7,3,6,50,4,1,1,5,4,6,6,1,1,10,5,5,2,16,2,9,1,1,C03,7,5,1,10,2,12,,84,84,1,12,4,120.680864,24.145425,2
1730,66000,387130000C,(04)23274275,(04)23288582,2025,09,5,11,59,臺中市,大雅區,0,2,0,7,2,6,50,4,2,1,5,4,6,6,4,4,5,5,5,1,13,2,9,2,1,C03,7,9,1,10,2,11,,84,84,1,13,4,120.650353,24.219592,2
1731,66000,387130000C,(04)23274275,(04)23288582,2025,09,5,11,59,臺中市,西屯區,0,1,0,7,1,6,50,3,1,1,5,4,6,6,4,4,1,4,5,1,16,3,10,3,1,B02,7,5,1,8,2,2,,85,85,1,12,4,120.622666,24.183095,2
1732,66000,387130000C,(04)23274275,(04)23288582,2025,09,5,11,59,臺中市,清水區,0,1,0,7,3,6,50,4,1,1,5,4,6,6,4,4,9,4,5,2,15,2,9,1,1,C03,7,9,1,10,2,11,,20,20,1,12,4,120.534502,24.269898,2
1733,66000,387130000C,(04)23274275,(04)23288582,2025,09,5,12,5,臺中市,龍井區,0,0,0,7,,,50,,,,,,,,,,,,,,,,,,,B03,,,1,,1,,,50,50,1,6,4,120.530247,24.184178,3
1734,66000,387130000C,(04)23274275,(04)23288582,2025,09,5,12,6,臺中市,西區,0,0,0,7,,,50,,,,,,,,,,,,,,,,,,,B03,,,1,,2,,,84,84,1,12,4,120.669907,24.152901,3
1735,66000,387130000C,(04)23274275,(04)23288582,2025,09,5,12,10,臺中市,大肚區,0,2,0,7,2,6,50,3,1,1,5,4,6,6,4,4,10,5,5,2,16,2,9,1,1,C03,7,9,1,10,2,11,,87,87,1,6,4,120.54493,24.155845,2
1736,66000,387130000C,(04)23274275,(04)23288582,2025,09,5,12,17,臺中市,大里區,0,0,0,7,,,50,,,,,,,,,,,,,,12,,,,,B03,,,1,,2,,,51,51,1,13,4,120.689698,24.114212,3
1737,66000,387130000C,(04)23274275,(04)23288582,2025,09,5,12,17,臺中市,大肚區,0,1,0,7,2,6,50,13,9,1,5,4,6,6,4,4,9,5,5,1,17,3,10,5,4,B12,7,5,1,8,2,15,,8,8,1,12,4,120.580139,24.168406,2
1738,66000,387130000C,(04)23274275,(04)23288582,2025,09,5,12,26,臺中市,南屯區,0,0,0,7,,,50,,,,,,,,,,,,,,12,,,,,B03,,,1,,1,,,8,8,1,13,4,120.635687,24.152644,3
1739,66000,387130000C,(04)23274275,(04)23288582,2025,09,5,12,30,臺中市,大雅區,0,1,0,7,1,6,50,3,9,1,5,4,6,6,4,4,5,5,5,2,18,2,9,2,1,C03,7,9,1,10,2,12,,82,82,1,12,4,120.669173,24.221094,2
1740,66000,387130000C,(04)23274275,(04)23288582,2025,09,5,12,35,臺中市,北屯區,0,0,0,7,,,50,,,,,,,,,,,,,,,,,,,B03,,,1,,1,,,7,7,1,6,4,120.700414,24.178991,3
1741,66000,387130000C,(04)23274275,(04)23288582,2025,09,5,12,36,臺中市,南區,0,0,0,7,,,50,,,,,,,,,,,,,,,,,,,C03,,,1,,1,,,7,7,1,12,4,120.662965,24.116861,3
1742,66000,387130000C,(04)23274275,(04)23288582,2025,09,5,12,41,臺中市,南區,0,0,0,7,,,40,,,,,,,,,,,,,,,,,,,B03,,,1,,2,,,49,49,1,13,4,120.678923,24.126435,3
1743,66000,387130000C,(04)23274275,(04)23288582,2025,09,5,12,46,臺中市,西屯區,0,1,0,7,2,6,40,13,8,1,5,4,6,6,1,1,5,4,4,2,13,3,10,1,4,C03,7,9,1,10,2,11,,59,59,1,13,4,120.646793,24.171028,2
1744,66000,387130000C,(04)23274275,(04)23288582,2025,09,5,12,51,臺中市,北屯區,0,0,0,7,,,50,,,,,,,,,,,,,,13,,,,,B12,,,1,,1,,,84,84,1,12,4,120.674112,24.173988,3
1745,66000,387130000C,(04)23274275,(04)23288582,2025,09,5,12,51,臺中市,豐原區,0,1,0,7,2,6,50,4,1,1,5,4,6,6,2,1,5,4,4,2,13,3,10,3,1,B01,7,9,1,4,2,1,,84,84,1,12,4,120.715539,24.251057,2
1746,66000,387130000C,(04)23274275,(04)23288582,2025,09,5,12,52,臺中市,大雅區,0,2,0,7,2,6,30,4,1,1,5,4,6,6,4,4,10,5,5,1,15,2,8,2,1,C03,7,9,1,10,2,12,,15,15,1,13,4,120.648877,24.227868,2
1747,66000,387130000C,(04)23274275,(04)23288582,2025,09,5,12,53,臺中市,北屯區,0,1,0,7,2,6,50,3,1,1,5,4,6,6,4,4,10,5,5,2,17,2,9,6,1,F01,7,1,7,21,2,11,,51,51,1,2,4,120.730096,24.166755,2
1748,66000,387130000C,(04)23274275,(04)23288582,2025,09,5,12,56,臺中市,北區,0,2,0,7,2,6,50,3,1,1,5,4,6,6,4,4,9,5,5,2,17,2,9,1,1,C03,7,6,1,10,2,14,,48,48,1,12,4,120.680913,24.151278,2
1749,66000,387130000C,(04)23274275,(04)23288582,2025,09,5,12,59,臺中市,清水區,0,1,0,7,3,6,50,13,9,1,5,4,6,6,4,4,5,5,5,2,17,3,10,3,1,B03,7,13,1,8,2,4,,76,76,1,12,4,120.573994,24.268357,2
1750,66000,387130000C,(04)23274275,(04)23288582,2025,09,5,13,0,臺中市,沙鹿區,0,0,0,7,,,60,,,,,,,,,,,,,,13,,,,,B12,,,1,,1,,,59,59,1,6,4,120.569372,24.236988,3
1751,66000,387130000C,(04)23274275,(04)23288582,2025,09,5,13,11,臺中市,北區,0,1,0,7,2,6,50,3,9,1,5,4,6,6,4,4,1,4,5,2,8,3,10,5,4,C03,7,9,1,10,9,15,,85,85,1,13,4,120.684202,24.150672,2
1752,66000,387130000C,(04)23274275,(04)23288582,2025,09,5,13,12,臺中市,南屯區,0,0,0,7,,,50,,,,,,,,,,,,,,,,,,,B03,,,1,,2,,,50,50,1,6,4,120.645049,24.135188,3
1753,66000,387130000C,(04)23274275,(04)23288582,2025,09,5,13,12,臺中市,太平區,0,2,0,7,2,6,30,4,1,1,5,4,6,1,4,4,10,5,5,2,15,2,8,1,1,C03,7,9,1,10,2,11,,15,15,1,6,4,120.720838,24.115205,2
1754,66000,387130000C,(04)23274275,(04)23288582,2025,09,5,13,14,臺中市,龍井區,0,0,0,7,,,30,,,,,,,,,,,,,,,,,,,C03,,,1,,3,,,41,41,1,12,4,120.579139,24.180795,3
1755,66000,387130000C,(04)23274275,(04)23288582,2025,09,5,13,20,臺中市,霧峰區,0,1,0,7,2,6,50,13,7,1,5,4,6,6,4,4,10,5,5,2,17,3,10,3,1,B03,7,6,5,19,2,4,,20,20,1,13,4,120.698632,24.065144,2
1756,66000,387130000C,(04)23274275,(04)23288582,2025,09,5,13,25,臺中市,南區,0,0,0,7,,,50,,,,,,,,,,,,,,,,,,,B03,,,1,,2,,,7,7,1,12,4,120.668595,24.129149,3
1757,66000,387130000C,(04)23274275,(04)23288582,2025,09,5,13,26,臺中市,龍井區,0,0,0,7,,,50,,,,,,,,,,,,,,,,,,,A12,,,1,,2,,,49,49,1,12,4,120.587957,24.189258,3
1758,66000,387130000C,(04)23274275,(04)23288582,2025,09,5,13,31,臺中市,西屯區,0,0,0,7,,,60,,,,,,,,,,,,,,12,,,,,B03,,,1,,1,,,40,40,1,12,4,120.630636,24.16231,3
1759,66000,387130000C,(04)23274275,(04)23288582,2025,09,5,13,32,臺中市,西區,0,0,0,7,,,50,,,,,,,,,,,,,,,,,,,C03,,,1,,11,,,8,8,1,12,4,120.659448,24.156737,3
1760,66000,387130000C,(04)23274275,(04)23288582,2025,09,5,13,36,臺中市,西區,0,0,0,7,,,50,,,,,,,,,,,,,,,,,,,B03,,,1,8,2,,,50,50,1,13,4,120.675669,24.13723,3
1761,66000,387130000C,(04)23274275,(04)23288582,2025,09,5,13,38,臺中市,北區,0,0,0,7,,,50,,,,,,,,,,,,,,14,,,,,B03,,,1,,9,,,84,84,1,13,4,120.671487,24.171665,3
1762,66000,387130000C,(04)23274275,(04)23288582,2025,09,5,13,39,臺中市,清水區,0,1,0,7,3,6,40,13,8,1,5,4,6,6,4,4,1,4,4,1,19,2,9,1,1,F03,7,9,7,21,2,11,14,59,59,1,12,4,120.542206,24.263605,2
1763,66000,387130000C,(04)23274275,(04)23288582,2025,09,5,13,41,臺中市,西屯區,0,1,0,7,1,6,50,4,1,1,5,4,6,6,1,1,10,5,5,1,16,3,10,3,1,B03,7,6,1,8,2,5,,11,11,1,12,4,120.598493,24.204632,2
1764,66000,387130000C,(04)23274275,(04)23288582,2025,09,5,13,44,臺中市,南區,0,0,0,7,,,50,,,,,,,,,,,,,,,,,,,A11,,,1,,2,,,84,84,1,6,4,120.668332,24.113245,3
1765,66000,387130000C,(04)23274275,(04)23288582,2025,09,5,13,49,臺中市,大里區,0,0,0,7,,,50,,,,,,,,,,,,,,14,,,,,B02,,,1,,2,,,49,49,1,12,4,120.697331,24.096721,3
1766,66000,387130000C,(04)23274275,(04)23288582,2025,09,5,13,50,臺中市,北屯區,0,1,0,7,2,6,50,4,1,1,5,4,6,6,2,1,3,3,5,2,16,3,10,3,1,B03,7,5,1,8,2,6,,84,84,1,13,4,120.663887,24.185768,2
1767,66000,387130000C,(04)23274275,(04)23288582,2025,09,5,13,50,臺中市,太平區,0,0,0,7,,,50,,,,,,,,,,,,,,,,,,,B03,,,1,,2,,,84,84,1,12,4,120.70377,24.113695,3
1768,66000,387130000C,(04)23274275,(04)23288582,2025,09,5,13,50,臺中市,東勢區,0,0,0,7,,,40,,,,,,,,,,,,,,14,,,,,A12,,,1,,1,,,49,49,1,13,4,120.824313,24.267123,3
1769,66000,387130000C,(04)23274275,(04)23288582,2025,09,5,13,55,臺中市,龍井區,0,0,0,7,,,60,,,,,,,,,,,,,,,,,,,B03,,,1,,1,,,7,7,1,12,4,120.580258,24.188986,3
1770,66000,387130000C,(04)23274275,(04)23288582,2025,09,5,13,56,臺中市,南屯區,0,0,0,7,,,30,,,,,,,,,,,,,,14,,,,,B03,,,1,,9,,,49,49,1,12,4,120.639055,24.139976,3
1771,66000,387130000C,(04)23274275,(04)23288582,2025,09,5,14,1,臺中市,大雅區,0,1,0,7,2,6,30,3,2,1,5,4,6,6,4,4,10,5,5,2,14,3,10,3,1,B12,7,2,1,8,2,7,,49,49,1,13,4,120.625436,24.240853,2
1772,66000,387130000C,(04)23274275,(04)23288582,2025,09,5,14,3,臺中市,西屯區,0,0,0,7,,,50,,,,,,,,,,,,,,12,,,,,B03,,,1,,2,,,47,47,1,13,4,120.635989,24.169183,4
1773,66000,387130000C,(04)23274275,(04)23288582,2025,09,5,14,4,臺中市,西屯區,0,0,0,7,,,50,,,,,,,,,,,,,,16,,,,,B03,,,1,,1,,,23,23,1,12,4,120.633354,24.171485,3
1774,66000,387130000C,(04)23274275,(04)23288582,2025,09,5,14,7,臺中市,神岡區,0,0,0,7,1,6,50,4,2,1,5,4,6,6,2,1,1,4,5,2,12,,,,,B03,,,1,,1,,,7,7,1,12,4,120.696337,24.248613,3
1775,66000,387130000C,(04)23274275,(04)23288582,2025,09,5,14,12,臺中市,北屯區,0,2,0,7,2,6,50,13,9,1,5,4,6,6,4,4,10,5,5,2,17,2,9,5,4,C02,7,1,1,9,2,13,,51,51,1,12,4,120.708595,24.170367,2
1776,66000,387130000C,(04)23274275,(04)23288582,2025,09,5,14,14,臺中市,東區,0,1,0,7,3,6,50,4,2,1,5,4,6,6,1,1,5,5,4,2,13,2,9,2,1,C03,7,9,1,10,2,11,,7,7,1,13,4,120.706185,24.146172,2
1777,66000,387130000C,(04)23274275,(04)23288582,2025,09,5,14,17,臺中市,北屯區,0,0,0,7,,,50,,,,,,,,,,,,,,,,,,,B03,,,1,,1,,,49,49,1,6,4,120.70074,24.170081,3
1778,66000,387130000C,(04)23274275,(04)23288582,2025,09,5,14,20,臺中市,南區,0,0,0,7,,,50,,,,,,,,,,,,,,17,,,,,B03,,,1,,1,,,7,7,1,13,4,120.655146,24.114988,3
1779,66000,387130000C,(04)23274275,(04)23288582,2025,09,5,14,20,臺中市,西屯區,0,0,0,7,,,50,,,,,,,,,,,,,,,,,,,B03,,,1,,2,,,50,50,1,13,4,120.65447,24.168788,3
1780,66000,387130000C,(04)23274275,(04)23288582,2025,09,5,14,22,臺中市,大甲區,0,0,0,7,2,6,50,13,7,1,5,4,6,6,4,4,,4,4,1,14,,,,,B03,,,1,,1,,,87,87,1,6,4,120.633713,24.344722,3
1781,66000,387130000C,(04)23274275,(04)23288582,2025,09,5,14,24,臺中市,西屯區,0,1,0,7,2,6,50,3,9,1,5,4,6,6,1,1,1,4,5,2,13,3,10,5,4,B03,7,9,1,8,2,5,,58,58,1,12,4,120.656781,24.198355,2
1782,66000,387130000C,(04)23274275,(04)23288582,2025,09,5,14,31,臺中市,東區,0,1,0,7,1,6,50,4,1,1,5,4,6,6,2,1,10,5,5,2,17,3,10,5,4,B12,7,5,1,7,2,2,,11,11,1,13,4,120.693288,24.133166,2
1783,66000,387130000C,(04)23274275,(04)23288582,2025,09,5,14,31,臺中市,豐原區,0,0,0,7,,,50,,,,,,,,,,,,,,17,,,,,C03,,,1,,2,,,39,39,1,12,4,120.719633,24.253555,3
1784,66000,387130000C,(04)23274275,(04)23288582,2025,09,5,14,34,臺中市,清水區,0,0,0,7,,,50,,,,,,,,,,,,,,,,,,,B02,,,1,,11,,,51,51,1,12,4,120.576922,24.271419,3
1785,66000,387130000C,(04)23274275,(04)23288582,2025,09,5,14,35,臺中市,北區,0,1,0,7,2,6,50,4,1,1,5,4,6,6,3,1,10,5,5,2,15,3,10,5,4,C03,7,9,1,10,2,11,,24,24,1,12,4,120.697361,24.156714,2
1786,66000,387130000C,(04)23274275,(04)23288582,2025,09,5,14,35,臺中市,北屯區,0,0,0,7,,,50,,,,,,,,,,,,,,14,,,,,B03,,,1,,1,,,49,49,1,13,4,120.675902,24.193494,3
1787,66000,387130000C,(04)23274275,(04)23288582,2025,09,5,14,40,臺中市,沙鹿區,0,0,0,7,,,60,,,,,,,,,,,,,,,,,,,B12,,,1,,2,,,58,58,1,12,4,120.576075,24.22702,3
1788,66000,387130000C,(04)23274275,(04)23288582,2025,09,5,14,43,臺中市,梧棲區,0,0,0,7,,,30,,,,,,,,,,,,,,16,,,,,C03,,,1,,2,,,15,15,1,12,4,120.557492,24.256626,3
1789,66000,387130000C,(04)23274275,(04)23288582,2025,09,5,14,45,臺中市,太平區,0,1,0,7,3,6,50,4,1,1,5,4,6,6,1,1,10,5,5,2,16,3,10,1,1,C03,7,6,3,19,2,11,,11,11,1,12,4,120.724498,24.130155,2
1790,66000,387130000C,(04)23274275,(04)23288582,2025,09,5,14,47,臺中市,北屯區,0,0,0,7,,,50,,,,,,,,,,,,,,17,,,,,B03,,,1,,2,,,84,84,1,12,4,120.717197,24.182087,3
1791,66000,387130000C,(04)23274275,(04)23288582,2025,09,5,14,51,臺中市,西屯區,0,0,0,7,,,30,,,,,,,,,,,,,,14,,,,,B03,,,1,,1,,,49,49,1,13,4,120.64704,24.182064,3
1792,66000,387130000C,(04)23274275,(04)23288582,2025,09,5,14,55,臺中市,西區,0,0,0,7,,,40,,,,,,,,,,,,,,,,,,,B03,,,1,,1,,,51,51,1,6,4,120.657088,24.137247,3
1793,66000,387130000C,(04)23274275,(04)23288582,2025,09,5,14,59,臺中市,太平區,0,1,0,7,2,6,30,5,1,1,5,4,6,6,3,1,10,5,5,2,17,2,9,1,1,C03,7,15,1,10,2,12,,20,20,1,6,4,120.709058,24.154198,2
1794,66000,387130000C,(04)23274275,(04)23288582,2025,09,5,15,2,臺中市,西區,0,1,0,7,1,6,50,13,9,1,5,4,6,6,4,4,3,4,5,2,17,3,10,5,4,B03,7,13,1,8,2,4,,84,84,1,12,4,120.665268,24.146718,2
1795,66000,387130000C,(04)23274275,(04)23288582,2025,09,5,15,6,臺中市,大甲區,0,0,0,7,,,50,,,,,,,,,,,,,,,,,,,B12,,,1,,1,,,7,7,1,6,4,120.631461,24.3552,3
1796,66000,387130000C,(04)23274275,(04)23288582,2025,09,5,15,9,臺中市,西屯區,0,1,0,7,2,6,50,4,1,1,5,4,6,6,1,1,10,5,4,2,16,3,10,3,1,B03,7,6,1,8,2,1,,48,48,1,12,4,120.635383,24.16716,2
1797,66000,387130000C,(04)23274275,(04)23288582,2025,09,5,15,17,臺中市,沙鹿區,0,0,0,7,,,50,,,,,,,,,,,,,,17,,,,,B03,,,1,,1,,,21,21,1,12,4,120.559596,24.23723,3
1798,66000,387130000C,(04)23274275,(04)23288582,2025,09,5,15,21,臺中市,豐原區,0,1,0,7,2,6,50,4,1,1,5,4,6,6,4,4,5,5,5,2,16,3,10,3,1,B03,7,5,1,8,2,5,,20,20,1,12,4,120.718007,24.24819,2
1799,66000,387130000C,(04)23274275,(04)23288582,2025,09,5,15,24,臺中市,東區,0,0,0,7,,,50,,,,,,,,,,,,,,17,,,,,B03,,,1,,1,,,51,51,1,12,4,120.685656,24.135745,3
1800,66000,387130000C,(04)23274275,(04)23288582,2025,09,5,15,25,臺中市,潭子區,0,0,0,7,,,50,,,,,,,,,,,,,,,,,,,B02,,,1,,2,,,84,84,1,13,4,120.701322,24.208425,3
1801,66000,387130000C,(04)23274275,(04)23288582,2025,09,5,15,30,臺中市,太平區,0,0,0,7,,,50,,,,,,,,,,,,,,,,,,,C03,,,1,,2,,,85,85,1,12,4,120.717161,24.148638,3
1802,66000,387130000C,(04)23274275,(04)23288582,2025,09,5,15,31,臺中市,豐原區,0,0,0,7,2,6,50,13,9,1,5,4,6,6,4,4,1,5,5,2,13,3,10,3,1,B12,7,9,1,8,2,1,,7,7,1,12,4,120.719921,24.23696,3