﻿序號,縣市別代碼,機關代碼,市話,傳真,年,月,日,時,分,縣市,區,死亡數量,受傷數量,2-30,天候,道路照明設備,道路類別,道路速限,道路型態,事故位置,路面鋪裝,路面狀態,路面缺陷,障礙物,視距,號誌種類,號誌動作,分向設施,快車道或一般車道間,快慢車道間,路面邊線,事故類型及型態,受傷程度,主要傷處,保護裝備,行動電話或功能裝置,當事者區分_類別,車輛用途,當事者行動狀態,駕照狀態,駕照種類,飲酒情形,車輛撞擊部位最初,車輛撞擊部位其他,肇事因素個別,肇事因素主要,肇事逃逸,職業,共享經濟或外送平台,GPS座標X,GPS座標Y,事故類別
1914,66000,387130000C,(04)23274275,(04)23288582,2025,09,5,18,0,臺中市,潭子區,0,0,0,6,,,30,,,,,,,,,,,,,,,,,,,B03,,,1,,9,,,51,51,1,13,4,120.710108,24.210996,3
1915,66000,387130000C,(04)23274275,(04)23288582,2025,09,5,18,0,臺中市,后里區,0,2,0,7,1,6,50,4,1,1,5,4,6,6,1,1,5,5,5,1,16,2,9,1,1,C03,7,6,1,8,2,11,,48,48,1,6,4,120.717668,24.306902,2
1916,66000,387130000C,(04)23274275,(04)23288582,2025,09,5,18,3,臺中市,西屯區,0,0,0,7,,,50,,,,,,,,,,,,,,16,,,,,B03,,,1,,1,,,40,40,1,13,4,120.646454,24.164454,3
1917,66000,387130000C,(04)23274275,(04)23288582,2025,09,5,18,3,臺中市,神岡區,0,0,0,7,,,50,,,,,,,,,,,,,,17,,,,,A11,,,1,,2,,,48,48,1,12,4,120.683947,24.245068,3
1918,66000,387130000C,(04)23274275,(04)23288582,2025,09,5,18,5,臺中市,南屯區,0,1,0,7,2,6,50,13,8,1,5,4,6,6,4,4,5,5,4,2,16,3,10,3,1,B03,7,6,1,8,2,5,,34,34,1,12,4,120.637937,24.13919,2
1919,66000,387130000C,(04)23274275,(04)23288582,2025,09,5,18,7,臺中市,南屯區,0,0,0,7,,,,,,,,,,,,,,,,,,,,,,,,,,,,,,119,119,1,,,120.610151,24.135355,3
1920,66000,387130000C,(04)23274275,(04)23288582,2025,09,5,18,7,臺中市,大里區,0,1,0,7,2,6,50,13,9,1,5,4,6,6,4,4,9,5,5,2,14,3,10,3,1,B03,7,2,1,8,2,7,,49,49,1,12,4,120.699034,24.08519,2
1921,66000,387130000C,(04)23274275,(04)23288582,2025,09,5,18,7,臺中市,烏日區,0,1,0,7,2,6,50,13,8,1,5,4,6,6,4,4,1,4,4,1,13,3,10,5,4,B03,7,5,1,8,2,6,,84,84,1,12,4,120.61921,24.10601,2
1922,66000,387130000C,(04)23274275,(04)23288582,2025,09,5,18,9,臺中市,西屯區,0,1,0,7,1,6,50,4,1,1,5,4,6,6,2,1,10,5,5,2,15,2,9,2,1,C03,7,1,1,10,1,11,,51,51,1,12,4,120.649553,24.162416,2
1923,66000,387130000C,(04)23274275,(04)23288582,2025,09,5,18,9,臺中市,西屯區,0,0,0,7,,,50,,,,,,,,,,,,,,12,,,,,B01,,,1,,1,,,8,8,1,12,4,120.602569,24.182975,3
1924,66000,387130000C,(04)23274275,(04)23288582,2025,09,5,18,10,臺中市,北屯區,0,3,0,7,2,6,50,13,7,1,5,4,6,6,4,4,5,5,4,2,16,2,9,6,1,F01,7,11,7,21,2,14,,34,34,1,2,1,120.696379,24.180092,2
1925,66000,387130000C,(04)23274275,(04)23288582,2025,09,5,18,13,臺中市,東區,0,0,0,7,,,50,,,,,,,,,,,,,,13,,,,,B03,,,1,,1,,,84,84,1,12,4,120.690963,24.131939,3
1926,66000,387130000C,(04)23274275,(04)23288582,2025,09,5,18,15,臺中市,西屯區,0,0,0,7,,,40,,,,,,,,,,,,,,,,,,,B03,,,1,7,2,,,8,8,1,12,4,120.664582,24.165304,3
1927,66000,387130000C,(04)23274275,(04)23288582,2025,09,5,18,16,臺中市,南屯區,0,0,0,7,,,50,,,,,,,,,,,,,,12,,,,,B03,,,1,,1,,,12,12,1,12,4,120.63625,24.151284,3
1928,66000,387130000C,(04)23274275,(04)23288582,2025,09,5,18,22,臺中市,沙鹿區,0,0,0,7,,,50,,,,,,,,,,,,,,17,,,,,B12,,,1,,2,,,8,8,1,6,4,120.575375,24.218723,3
1929,66000,387130000C,(04)23274275,(04)23288582,2025,09,5,18,23,臺中市,西屯區,0,1,0,7,1,6,50,3,1,1,5,4,6,6,4,4,10,5,5,2,17,3,10,5,4,B03,7,5,1,8,2,5,,14,14,1,12,4,120.617469,24.182191,2
1930,66000,387130000C,(04)23274275,(04)23288582,2025,09,5,18,23,臺中市,烏日區,0,1,0,7,1,6,80,10,7,1,5,4,6,6,4,4,1,4,3,1,13,3,10,3,1,B03,7,12,1,8,2,1,,7,7,1,6,4,120.612571,24.10218,2
1931,66000,387130000C,(04)23274275,(04)23288582,2025,09,5,18,24,臺中市,西屯區,0,1,0,7,1,6,50,3,1,1,5,4,6,6,1,1,10,5,5,2,13,2,9,5,4,C03,7,9,1,10,1,11,,59,59,1,13,4,120.61462,24.187196,2
1932,66000,387130000C,(04)23274275,(04)23288582,2025,09,5,18,25,臺中市,南屯區,0,1,0,7,1,6,40,13,8,1,5,4,6,6,4,4,9,5,4,2,12,3,10,3,1,B02,7,3,1,8,2,8,,50,50,1,12,4,120.63529,24.151969,2
1933,66000,387130000C,(04)23274275,(04)23288582,2025,09,5,18,27,臺中市,潭子區,0,1,0,7,1,6,60,13,8,1,5,4,6,6,4,4,1,4,4,1,11,3,10,3,1,B03,7,7,1,8,2,5,,40,40,1,13,4,120.680609,24.215949,2
1934,66000,387130000C,(04)23274275,(04)23288582,2025,09,5,18,30,臺中市,西區,0,1,0,7,1,6,50,5,1,1,5,4,6,6,1,1,10,5,5,2,9,3,10,3,1,B01,7,15,1,4,2,2,,10,10,1,12,4,120.662588,24.132178,2
1935,66000,387130000C,(04)23274275,(04)23288582,2025,09,5,18,34,臺中市,西屯區,0,0,0,7,,,0,,,,,,,,,,,,,,17,,,,,C03,,,1,,2,,,85,85,1,13,4,120.637772,24.179081,3
1936,66000,387130000C,(04)23274275,(04)23288582,2025,09,5,18,34,臺中市,大安區,0,1,0,7,1,6,40,13,9,1,5,4,6,6,4,4,6,3,5,1,18,2,9,1,1,C03,7,1,1,10,2,12,,51,51,1,12,4,120.590973,24.377857,2
1937,66000,387130000C,(04)23274275,(04)23288582,2025,09,5,18,35,臺中市,南區,0,0,0,7,,,50,,,,,,,,,,,,,,17,,,,,C03,,,1,,1,,,7,7,1,12,4,120.659942,24.126305,3
1938,66000,387130000C,(04)23274275,(04)23288582,2025,09,5,18,37,臺中市,南屯區,0,0,0,7,,,50,,,,,,,,,,,,,,,,,,,B03,,,1,,1,,,84,84,1,13,4,120.628228,24.140245,3
1939,66000,387130000C,(04)23274275,(04)23288582,2025,09,5,18,38,臺中市,龍井區,0,0,0,6,,,40,,,,,,,,,,,,,,17,,,,,C03,,,1,,2,,,6,6,1,6,4,120.580687,24.189455,3
1940,66000,387130000C,(04)23274275,(04)23288582,2025,09,5,18,40,臺中市,西屯區,0,1,0,7,1,6,40,3,8,1,5,4,6,6,4,4,1,5,1,2,13,2,9,2,1,C03,7,9,1,9,3,11,14,7,7,1,12,4,120.616627,24.182227,2
1941,66000,387130000C,(04)23274275,(04)23288582,2025,09,5,18,44,臺中市,潭子區,0,0,0,7,,,50,,,,,,,,,,,,,,,,,,,B12,,,1,,2,,,84,84,1,13,4,120.718981,24.229072,3
1942,66000,387130000C,(04)23274275,(04)23288582,2025,09,5,18,47,臺中市,烏日區,0,2,0,7,3,6,30,13,9,1,5,4,3,3,4,4,10,5,5,2,1,3,10,5,4,C03,7,9,1,10,2,14,,59,59,1,13,4,120.649108,24.05415,2
1943,66000,387130000C,(04)23274275,(04)23288582,2025,09,5,18,52,臺中市,南屯區,0,0,0,7,,,50,,,,,,,,,,,,,,12,,,,,C03,,,1,,1,,,42,42,1,12,4,120.644344,24.139989,3
1944,66000,387130000C,(04)23274275,(04)23288582,2025,09,5,18,53,臺中市,北區,0,0,0,7,,,50,,,,,,,,,,,,,,,,,,,B03,,,1,,1,,,49,49,1,12,4,120.66979,24.16039,3
1945,66000,387130000C,(04)23274275,(04)23288582,2025,09,5,19,0,臺中市,龍井區,0,1,0,7,3,6,30,3,1,1,5,4,6,6,4,4,10,5,5,2,17,3,10,1,1,C03,7,15,1,9,6,11,,20,20,1,13,4,120.531496,24.183927,2
1946,66000,387130000C,(04)23274275,(04)23288582,2025,09,5,19,2,臺中市,北屯區,0,2,0,7,1,6,50,4,2,1,5,4,6,6,1,1,5,4,5,2,11,2,9,1,1,C03,7,6,1,10,2,11,,48,48,1,13,4,120.710719,24.18224,2
1947,66000,387130000C,(04)23274275,(04)23288582,2025,09,5,19,3,臺中市,西區,0,1,0,7,2,6,50,4,4,1,5,4,6,6,2,1,8,3,5,2,13,2,9,1,1,C03,7,9,1,10,2,11,,84,84,1,6,4,120.667608,24.131552,2
1948,66000,387130000C,(04)23274275,(04)23288582,2025,09,5,19,4,臺中市,中區,0,1,0,7,1,6,50,5,1,1,5,4,6,6,1,1,5,4,4,2,16,3,10,2,1,C03,7,6,1,10,2,12,,85,85,1,12,4,120.678043,24.146489,2
1949,66000,387130000C,(04)23274275,(04)23288582,2025,09,5,19,5,臺中市,西屯區,0,0,0,7,,,50,,,,,,,,,,,,,,12,,,,,B03,,,1,,2,,,8,8,1,13,4,120.657175,24.200679,3
1950,66000,387130000C,(04)23274275,(04)23288582,2025,09,5,19,7,臺中市,南屯區,0,0,0,7,,,50,,,,,,,,,,,,,,,,,,,B12,,,1,,2,,,56,56,1,13,4,120.612292,24.137302,3
1951,66000,387130000C,(04)23274275,(04)23288582,2025,09,5,19,12,臺中市,西屯區,0,0,0,7,,,40,,,,,,,,,,,,,,13,,,,,B03,,,1,,1,,,7,7,1,12,4,120.616286,24.182297,3
1952,66000,387130000C,(04)23274275,(04)23288582,2025,09,5,19,15,臺中市,大雅區,0,1,0,7,1,6,70,3,1,1,5,4,6,6,4,4,1,5,4,1,17,3,10,3,1,B03,7,5,1,8,2,2,,47,47,1,13,4,120.631289,24.240038,2
1953,66000,387130000C,(04)23274275,(04)23288582,2025,09,5,19,16,臺中市,南屯區,0,0,0,7,,,50,,,,,,,,,,,,,,,,,,,C03,,,1,,2,,,7,7,1,6,4,120.634147,24.158791,3
1954,66000,387130000C,(04)23274275,(04)23288582,2025,09,5,19,19,臺中市,大安區,0,0,0,7,,,50,3,2,1,5,4,6,6,1,1,10,1,5,2,15,3,10,6,1,B03,7,6,1,8,2,1,8,84,84,1,6,4,120.593817,24.384774,3
1955,66000,387130000C,(04)23274275,(04)23288582,2025,09,5,19,20,臺中市,南屯區,0,0,0,7,,,50,,,,,,,,,,,,,,13,,,,,B03,,,1,,1,,,59,59,1,12,4,120.64643,24.151596,3
1956,66000,387130000C,(04)23274275,(04)23288582,2025,09,5,19,21,臺中市,大雅區,0,0,0,7,,,50,,,,,,,,,,,,,,,,,,,B03,,,1,,2,,,39,39,1,12,4,120.647574,24.228057,3
1957,66000,387130000C,(04)23274275,(04)23288582,2025,09,5,19,22,臺中市,大雅區,0,2,0,7,3,6,60,3,2,1,5,4,6,6,1,1,5,2,5,1,17,2,9,1,1,C05,7,9,1,10,2,11,,7,7,1,12,3,120.647164,24.221041,2
1958,66000,387130000C,(04)23274275,(04)23288582,2025,09,5,19,26,臺中市,西區,0,0,0,7,,,50,,,,,,,,,,,,,,13,,,,,B01,,,1,,1,,,84,84,1,6,4,120.667776,24.129771,3
1959,66000,387130000C,(04)23274275,(04)23288582,2025,09,5,19,27,臺中市,西區,0,0,0,7,,,50,,,,,,,,,,,,,,,,,,,B03,,,1,8,1,,,84,84,1,13,4,120.658798,24.157257,3
1960,66000,387130000C,(04)23274275,(04)23288582,2025,09,5,19,30,臺中市,大雅區,0,0,0,7,,,50,,,,,,,,,,,,,,,,,,,C03,,,1,,1,,,84,84,1,13,4,120.674872,24.23334,3
1961,66000,387130000C,(04)23274275,(04)23288582,2025,09,5,19,30,臺中市,北屯區,0,0,0,7,,,50,,,,,,,,,,,,,,11,,,,,B03,,,1,,1,,,8,8,1,6,4,120.728821,24.163799,3
1962,66000,387130000C,(04)23274275,(04)23288582,2025,09,5,19,31,臺中市,太平區,0,0,0,7,,,50,,,,,,,,,,,,,,17,,,,,B03,,,1,,1,,,84,84,1,12,4,120.715974,24.149068,3
1963,66000,387130000C,(04)23274275,(04)23288582,2025,09,5,19,34,臺中市,沙鹿區,0,0,0,7,,,50,,,,,,,,,,,,,,,,,,,A11,,,1,,2,,,7,7,1,6,4,120.569073,24.202452,3
1964,66000,387130000C,(04)23274275,(04)23288582,2025,09,5,19,35,臺中市,西屯區,0,0,0,7,,,40,,,,,,,,,,,,,,12,,,,,C03,,,3,,9,,,50,50,1,12,4,120.657217,24.163137,3
1965,66000,387130000C,(04)23274275,(04)23288582,2025,09,5,19,42,臺中市,烏日區,0,1,0,7,1,6,50,4,1,1,5,4,6,6,1,1,10,5,5,2,13,2,9,5,4,F03,7,9,7,21,8,11,,84,84,1,6,4,120.63602,24.097242,2
1966,66000,387130000C,(04)23274275,(04)23288582,2025,09,5,19,44,臺中市,太平區,0,1,0,7,1,6,50,3,1,1,5,4,6,6,4,4,10,5,5,2,28,2,9,1,1,C03,7,9,1,10,2,11,14,84,84,1,6,4,120.705097,24.158596,2
1967,66000,387130000C,(04)23274275,(04)23288582,2025,09,5,19,44,臺中市,沙鹿區,0,0,0,7,,,60,,,,,,,,,,,,,,13,,,,,B03,,,1,,1,,,82,82,1,12,4,120.583091,24.250406,3
1968,66000,387130000C,(04)23274275,(04)23288582,2025,09,5,19,46,臺中市,太平區,0,0,0,7,1,6,50,13,2,1,5,4,6,6,4,4,5,5,4,2,16,3,10,3,1,B12,7,6,1,8,2,5,,14,14,1,6,4,120.713114,24.149836,3
1969,66000,387130000C,(04)23274275,(04)23288582,2025,09,5,19,46,臺中市,豐原區,0,0,0,7,,,50,,,,,,,,,,,,,,13,,,,,B03,,,1,,2,,,7,7,1,12,4,120.706433,24.252231,3
1970,66000,387130000C,(04)23274275,(04)23288582,2025,09,5,19,48,臺中市,霧峰區,0,0,0,7,,,40,,,,,,,,,,,,,,19,,,,,B03,,,1,,7,,,84,84,1,12,4,120.684022,24.02053,3
1971,66000,387130000C,(04)23274275,(04)23288582,2025,09,5,19,53,臺中市,龍井區,0,0,0,6,,,50,,,,,,,,,,,,,,13,,,,,B12,,,1,,1,,,7,7,1,6,4,120.581398,24.175646,3
1972,66000,387130000C,(04)23274275,(04)23288582,2025,09,5,20,5,臺中市,太平區,0,2,0,7,1,6,50,4,1,1,5,4,6,6,2,1,5,5,5,1,16,2,9,2,1,C03,7,9,1,10,2,11,,84,84,1,12,4,120.719212,24.115851,2
1973,66000,387130000C,(04)23274275,(04)23288582,2025,09,5,20,11,臺中市,烏日區,0,0,0,7,,,50,,,,,,,,,,,,,,,,,,,C03,,,1,,2,,,8,8,1,13,4,120.617014,24.111844,3
1974,66000,387130000C,(04)23274275,(04)23288582,2025,09,5,20,19,臺中市,北區,0,0,0,7,,,50,,,,,,,,,,,,,,17,,,,,C03,,,1,,2,,,84,84,1,13,4,120.692304,24.155564,4
1975,66000,387130000C,(04)23274275,(04)23288582,2025,09,5,20,22,臺中市,南區,0,1,0,7,1,6,50,4,2,1,5,4,6,6,4,4,5,2,5,2,17,3,10,3,1,B03,7,11,1,8,2,8,,45,45,1,13,4,120.683381,24.122372,2
1976,66000,387130000C,(04)23274275,(04)23288582,2025,09,5,20,40,臺中市,北屯區,0,0,0,7,,,30,,,,,,,,,,,,,,17,,,,,,,,,,,,,86,86,1,,,120.692848,24.16292,3
1977,66000,387130000C,(04)23274275,(04)23288582,2025,09,5,20,43,臺中市,東區,0,2,0,7,1,6,50,3,2,1,5,4,6,6,4,4,10,5,5,2,18,2,7,2,1,C03,7,9,1,10,2,12,,84,84,1,12,4,120.705681,24.130074,2
1978,66000,387130000C,(04)23274275,(04)23288582,2025,09,5,20,46,臺中市,北區,0,0,0,7,,,50,,,,,,,,,,,,,,17,,,,,B03,,,1,,2,,,76,76,1,12,4,120.67556,24.167183,3
1979,66000,387130000C,(04)23274275,(04)23288582,2025,09,5,20,49,臺中市,北區,0,0,0,7,1,6,30,13,9,1,5,4,6,6,4,4,10,5,5,2,17,3,10,5,4,C03,7,21,1,10,7,12,,53,53,1,12,4,120.665764,24.154545,3
1980,66000,387130000C,(04)23274275,(04)23288582,2025,09,5,20,52,臺中市,西屯區,0,0,0,7,,,50,,,,,,,,,,,,,,,,,,,B03,,,1,,1,,,84,84,1,12,4,120.624283,24.185584,3
1981,66000,387130000C,(04)23274275,(04)23288582,2025,09,5,20,54,臺中市,北區,0,0,0,7,,,50,,,,,,,,,,,,,,30,,,,,B13,,,1,,2,,,87,87,1,12,4,120.683561,24.166838,3
1982,66000,387130000C,(04)23274275,(04)23288582,2025,09,5,20,56,臺中市,南屯區,0,0,0,7,,,50,,,,,,,,,,,,,,,,,,,B03,,,1,,2,,,85,85,1,13,4,120.637749,24.142281,3
1983,66000,387130000C,(04)23274275,(04)23288582,2025,09,5,20,56,臺中市,神岡區,0,0,0,7,,,50,,,,,,,,,,,,,,25,,,,,B02,,,1,,2,,,51,51,1,12,4,120.682917,24.244197,3
1984,66000,387130000C,(04)23274275,(04)23288582,2025,09,5,20,59,臺中市,西屯區,0,0,0,7,,,50,,,,,,,,,,,,,,13,,,,,B03,,,1,,2,,,59,59,1,13,4,120.635272,24.182028,3
1985,66000,387130000C,(04)23274275,(04)23288582,2025,09,5,21,0,臺中市,北屯區,0,0,0,7,,,50,,,,,,,,,,,,,,13,,,,,B03,,,1,,1,,,7,7,1,6,4,120.709636,24.174651,3
1986,66000,387130000C,(04)23274275,(04)23288582,2025,09,5,21,2,臺中市,西屯區,0,1,0,7,1,6,50,13,7,1,5,4,6,6,4,4,1,4,4,2,12,2,9,2,1,C03,7,9,1,10,2,11,,59,59,1,12,4,120.651588,24.207468,2
1987,66000,387130000C,(04)23274275,(04)23288582,2025,09,5,21,8,臺中市,清水區,0,1,0,7,1,6,40,13,7,1,5,4,6,6,4,4,1,4,4,1,17,3,10,3,1,B03,7,2,1,8,2,16,,49,49,1,13,4,120.571027,24.275274,2
1988,66000,387130000C,(04)23274275,(04)23288582,2025,09,5,21,9,臺中市,大甲區,0,0,0,7,,,50,,,,,,,,,,,,,,12,,,,,B03,,,1,,1,,,84,84,1,6,4,120.618238,24.351763,3
1989,66000,387130000C,(04)23274275,(04)23288582,2025,09,5,21,25,臺中市,北區,0,0,0,7,,,50,,,,,,,,,,,,,,17,,,,,B03,,,1,,1,,,40,40,1,13,4,120.676355,24.155565,3
1990,66000,387130000C,(04)23274275,(04)23288582,2025,09,5,21,30,臺中市,西屯區,0,1,0,7,1,6,50,13,9,1,5,4,6,6,4,4,1,4,5,1,16,3,10,5,4,B03,7,11,1,8,3,7,,45,45,1,12,4,120.621112,24.189267,2
1991,66000,387130000C,(04)23274275,(04)23288582,2025,09,5,21,48,臺中市,南屯區,0,1,0,7,1,6,50,13,7,1,5,4,6,6,4,4,1,4,4,2,13,3,10,4,1,C03,7,9,1,10,2,11,,84,84,1,13,4,120.629395,24.144998,2
1992,66000,387130000C,(04)23274275,(04)23288582,2025,09,5,21,50,臺中市,南屯區,0,1,0,7,1,6,40,4,2,1,5,4,6,6,4,4,8,4,5,1,17,3,10,1,1,C03,7,6,1,10,1,16,,85,85,1,12,4,120.645174,24.140608,2
1993,66000,387130000C,(04)23274275,(04)23288582,2025,09,5,21,52,臺中市,南屯區,0,1,0,7,1,6,60,4,1,1,5,4,6,6,2,1,3,2,5,2,16,3,10,3,1,B03,7,5,1,8,2,2,,11,11,1,12,4,120.640585,24.151225,2
1994,66000,387130000C,(04)23274275,(04)23288582,2025,09,5,21,56,臺中市,南區,0,0,0,7,,,30,,,,,,,,,,,,,,17,,,,,B03,,,1,,1,,,49,49,1,12,4,120.661383,24.124018,3
1995,66000,387130000C,(04)23274275,(04)23288582,2025,09,5,22,1,臺中市,豐原區,0,2,0,7,1,6,40,13,9,1,5,4,6,6,1,1,5,4,5,1,17,2,7,5,4,B03,7,5,1,8,2,5,,85,85,1,12,4,120.725246,24.234697,2
1996,66000,387130000C,(04)23274275,(04)23288582,2025,09,5,22,5,臺中市,南屯區,0,1,0,7,1,6,50,4,1,1,5,4,6,6,4,4,10,5,5,2,18,2,9,5,4,F03,7,6,7,21,5,14,,87,87,1,13,4,120.627965,24.126535,2
1997,66000,387130000C,(04)23274275,(04)23288582,2025,09,5,22,7,臺中市,西屯區,0,0,0,7,,,60,,,,,,,,,,,,,,12,,,,,B03,,,1,,1,,,40,40,1,12,4,120.643419,24.166247,3
1998,66000,387130000C,(04)23274275,(04)23288582,2025,09,5,22,10,臺中市,北屯區,0,1,0,7,1,6,50,13,9,1,5,4,6,6,4,4,9,5,5,2,17,2,9,1,1,C03,7,1,1,10,2,11,,51,51,1,6,4,120.681232,24.177241,2
1999,66000,387130000C,(04)23274275,(04)23288582,2025,09,5,22,13,臺中市,西屯區,0,0,0,7,,,50,,,,,,,,,,,,,,13,,,,,C03,,,1,,1,,,59,59,1,12,4,120.646385,24.175418,4
2000,66000,387130000C,(04)23274275,(04)23288582,2025,09,5,22,15,臺中市,東區,0,1,0,7,1,6,50,4,1,1,5,4,6,6,1,1,5,2,5,2,16,2,9,2,1,C03,7,9,1,10,2,11,,21,21,1,13,4,120.701412,24.125337,2
2001,66000,387130000C,(04)23274275,(04)23288582,2025,09,5,22,24,臺中市,西屯區,0,1,0,7,1,6,40,13,8,1,5,4,6,6,4,4,1,4,1,2,16,3,10,5,4,B03,7,5,1,8,2,2,,20,20,1,12,4,120.650864,24.162207,2
2002,66000,387130000C,(04)23274275,(04)23288582,2025,09,5,22,25,臺中市,南區,0,0,0,7,,,50,,,,,,,,,,,,,,17,,,,,B03,,,1,,1,,,40,40,1,12,4,120.650927,24.119742,3
2003,66000,387130000C,(04)23274275,(04)23288582,2025,09,5,22,28,臺中市,東區,0,1,0,7,1,6,50,4,1,1,5,4,6,6,1,1,10,5,5,2,13,2,9,2,1,C03,7,9,1,10,2,11,,84,84,1,12,4,120.698693,24.132923,2
2004,66000,387130000C,(04)23274275,(04)23288582,2025,09,5,22,43,臺中市,西區,0,0,0,7,,,50,,,,,,,,,,,,,,,,,,,B02,,,1,,1,,,20,20,1,6,4,120.671236,24.142684,3
2005,66000,387130000C,(04)23274275,(04)23288582,2025,09,5,22,46,臺中市,大雅區,0,2,0,7,3,6,30,4,2,1,5,4,6,6,3,3,10,5,5,2,17,2,9,1,1,C03,7,9,1,10,2,12,,15,15,1,12,4,120.640194,24.207298,2
2006,66000,387130000C,(04)23274275,(04)23288582,2025,09,5,22,52,臺中市,太平區,0,2,0,7,1,6,50,3,1,1,5,4,6,6,1,1,10,5,5,2,13,3,10,3,1,B12,7,9,1,8,2,8,,7,7,1,13,4,120.712953,24.158805,2
2007,66000,387130000C,(04)23274275,(04)23288582,2025,09,5,22,55,臺中市,北區,0,1,0,7,1,6,50,5,2,1,5,4,6,6,1,1,1,4,5,2,17,3,10,3,1,B01,7,5,1,4,2,5,,47,47,1,12,4,120.690994,24.158872,2
2008,66000,387130000C,(04)23274275,(04)23288582,2025,09,5,23,10,臺中市,北屯區,0,1,0,7,1,6,50,13,9,1,5,4,6,6,4,4,1,4,5,2,13,2,9,2,1,C03,7,9,1,10,6,11,,7,7,1,12,4,120.677335,24.17354,2
2009,66000,387130000C,(04)23274275,(04)23288582,2025,09,5,23,25,臺中市,西區,0,1,0,7,1,6,50,4,1,1,5,4,6,6,1,1,10,5,4,2,13,3,10,5,4,B03,7,9,1,8,2,1,,84,84,1,12,4,120.661803,24.154396,2
2010,66000,387130000C,(04)23274275,(04)23288582,2025,09,5,23,33,臺中市,西屯區,0,2,0,7,1,6,50,3,4,1,5,4,6,6,2,1,5,4,5,2,12,2,7,2,1,C03,7,9,1,10,2,14,,8,8,1,12,4,120.643375,24.170618,2
2011,66000,387130000C,(04)23274275,(04)23288582,2025,09,5,23,34,臺中市,大甲區,0,1,0,7,1,6,50,4,1,1,5,4,6,6,3,1,5,5,5,1,15,2,9,2,1,C03,7,9,3,19,2,12,,24,24,1,6,4,120.625032,24.369226,2
2012,66000,387130000C,(04)23274275,(04)23288582,2025,09,6,0,5,臺中市,西屯區,0,0,0,7,,,50,,,,,,,,,,,,,,9,,,,,C03,,,1,,1,,,49,49,1,12,4,120.651436,24.157927,3
2013,66000,387130000C,(04)23274275,(04)23288582,2025,09,6,0,26,臺中市,南屯區,0,0,0,7,,,50,,,,,,,,,,,,,,13,,,,,B12,,,1,,1,,,7,7,1,12,4,120.643826,24.146854,3
2014,66000,387130000C,(04)23274275,(04)23288582,2025,09,6,0,41,臺中市,北屯區,0,0,0,7,,,50,,,,,,,,,,,,,,17,,,,,C03,,,1,,9,,,58,58,1,12,4,120.681066,24.16899,3
2015,66000,387130000C,(04)23274275,(04)23288582,2025,09,6,1,26,臺中市,沙鹿區,0,0,0,7,,,50,,,,,,,,,,,,,,,,,,,B03,,,1,,2,,,56,56,1,6,4,120.57332,24.223594,3
2016,66000,387130000C,(04)23274275,(04)23288582,2025,09,6,1,35,臺中市,西屯區,0,1,0,7,1,6,50,4,1,1,5,4,6,6,2,1,10,5,5,2,27,2,9,3,1,B01,7,9,1,8,2,1,,59,59,1,13,4,120.66454,24.178055,2
2017,66000,387130000C,(04)23274275,(04)23288582,2025,09,6,1,36,臺中市,東區,0,1,0,7,1,6,50,4,1,1,5,4,6,6,3,1,9,4,5,2,12,3,10,3,1,B03,7,6,1,8,2,8,,20,20,1,12,4,120.698063,24.142776,2
2018,66000,387130000C,(04)23274275,(04)23288582,2025,09,6,1,42,臺中市,西屯區,0,1,0,7,1,6,30,13,9,1,5,4,6,6,4,4,10,5,5,2,18,2,1,1,1,C03,7,1,1,10,2,16,,54,54,1,12,4,120.615727,24.177023,2
2019,66000,387130000C,(04)23274275,(04)23288582,2025,09,6,2,6,臺中市,南區,0,1,0,7,1,6,50,13,7,1,5,4,6,6,4,4,5,5,4,2,18,2,9,1,1,C03,7,9,3,19,8,14,,53,53,1,12,4,120.682137,24.12233,2
2020,66000,387130000C,(04)23274275,(04)23288582,2025,09,6,2,15,臺中市,南屯區,0,0,0,7,1,6,50,4,23,1,5,4,6,6,2,1,1,2,1,2,17,3,10,5,4,B03,7,9,1,8,6,1,,21,21,1,13,4,120.647026,24.155504,3
2021,66000,387130000C,(04)23274275,(04)23288582,2025,09,6,2,39,臺中市,大里區,0,0,0,7,,,50,,,,,,,,,,,,,,17,,,,,B03,,,1,,2,,,50,50,1,12,4,120.697097,24.101493,3
2022,66000,387130000C,(04)23274275,(04)23288582,2025,09,6,2,39,臺中市,神岡區,0,1,0,7,1,6,50,13,9,1,5,4,6,6,4,4,5,4,4,2,17,2,9,1,4,C03,7,9,1,10,2,12,,8,8,1,12,4,120.697905,24.253247,2
2023,66000,387130000C,(04)23274275,(04)23288582,2025,09,6,3,10,臺中市,大雅區,0,0,0,7,,,50,,,,,,,,,,,,,,,,,,,F03,,,1,,1,,,20,20,1,12,4,120.648638,24.225859,3
2024,66000,387130000C,(04)23274275,(04)23288582,2025,09,6,3,29,臺中市,北區,0,0,0,7,,,50,,,,,,,,,,,,,,13,,,,,B01,,,1,,1,,,59,59,1,13,4,120.673026,24.167057,3
2025,66000,387130000C,(04)23274275,(04)23288582,2025,09,6,6,4,臺中市,北屯區,0,0,0,7,,,40,,,,,,,,,,,,,,14,,,,,B12,,,1,,2,,,50,50,1,12,4,120.673555,24.199199,3
2026,66000,387130000C,(04)23274275,(04)23288582,2025,09,6,6,10,臺中市,豐原區,0,0,0,7,,,50,,,,,,,,,,,,,,12,,,,,A04,,,1,,2,,,45,45,1,6,4,120.741494,24.263368,3