﻿序號,縣市別代碼,機關代碼,市話,傳真,年,月,日,時,分,縣市,區,死亡數量,受傷數量,2-30,天候,道路照明設備,道路類別,道路速限,道路型態,事故位置,路面鋪裝,路面狀態,路面缺陷,障礙物,視距,號誌種類,號誌動作,分向設施,快車道或一般車道間,快慢車道間,路面邊線,事故類型及型態,受傷程度,主要傷處,保護裝備,行動電話或功能裝置,當事者區分_類別,車輛用途,當事者行動狀態,駕照狀態,駕照種類,飲酒情形,車輛撞擊部位最初,車輛撞擊部位其他,肇事因素個別,肇事因素主要,肇事逃逸,職業,共享經濟或外送平台,GPS座標X,GPS座標Y,事故類別
2139,66000,387130000C,(04)23274275,(04)23288582,2025,09,6,11,36,臺中市,西屯區,0,2,0,7,2,6,50,4,1,1,5,4,6,6,1,1,10,5,5,2,17,2,9,1,4,C03,7,6,1,10,2,11,,11,11,1,13,4,120.63885,24.182127,2
2140,66000,387130000C,(04)23274275,(04)23288582,2025,09,6,11,38,臺中市,西區,0,2,0,7,1,6,30,4,1,1,5,4,6,6,4,4,10,5,5,1,17,2,9,5,4,C03,7,9,1,10,2,12,,15,15,1,12,4,120.66823,24.153659,2
2141,66000,387130000C,(04)23274275,(04)23288582,2025,09,6,11,38,臺中市,烏日區,0,1,0,7,2,6,50,13,7,1,5,4,6,6,4,4,5,4,4,2,12,3,10,3,1,B03,7,9,1,8,2,2,,8,8,1,6,4,120.634483,24.108161,2
2142,66000,387130000C,(04)23274275,(04)23288582,2025,09,6,11,44,臺中市,烏日區,0,0,0,7,,,50,,,,,,,,,,,,,,10,,,,,B12,,,1,,1,,,4,4,1,13,4,120.642751,24.104805,3
2143,66000,387130000C,(04)23274275,(04)23288582,2025,09,6,11,45,臺中市,西區,0,0,0,7,,,50,,,,,,,,,,,,,,,,,,,B03,,,1,8,1,,,7,7,1,13,4,120.671247,24.145505,3
2144,66000,387130000C,(04)23274275,(04)23288582,2025,09,6,11,46,臺中市,烏日區,0,0,0,7,,,50,,,,,,,,,,,,,,,,,,,A42,,,1,,2,,,7,7,1,6,4,120.648123,24.085967,3
2145,66000,387130000C,(04)23274275,(04)23288582,2025,09,6,11,47,臺中市,大雅區,0,0,0,7,,,50,,,,,,,,,,,,,,,,,,,B03,,,1,,1,,,84,84,1,13,4,120.634548,24.233365,3
2146,66000,387130000C,(04)23274275,(04)23288582,2025,09,6,11,47,臺中市,東區,0,0,0,7,,,50,,,,,,,,,,,,,,,,,,,B12,,,1,,2,,,8,8,1,6,4,120.694493,24.125675,3
2147,66000,387130000C,(04)23274275,(04)23288582,2025,09,6,11,47,臺中市,南屯區,0,1,0,7,3,6,50,4,1,1,5,4,6,6,4,4,10,5,5,2,17,3,10,3,1,B03,7,9,1,8,2,2,,1,1,1,12,4,120.637031,24.133225,2
2148,66000,387130000C,(04)23274275,(04)23288582,2025,09,6,11,48,臺中市,北區,0,2,0,7,2,6,50,4,1,1,5,4,6,6,2,1,10,5,5,2,12,2,9,1,1,C03,7,6,1,10,2,14,,48,48,1,13,4,120.685083,24.165254,2
2149,66000,387130000C,(04)23274275,(04)23288582,2025,09,6,11,50,臺中市,沙鹿區,0,0,0,7,,,60,,,,,,,,,,,,,,13,,,,,B03,,,1,,2,,,7,7,1,6,4,120.570264,24.236564,3
2150,66000,387130000C,(04)23274275,(04)23288582,2025,09,6,11,51,臺中市,豐原區,0,0,0,7,,,50,,,,,,,,,,,,,,17,,,,,B03,,,1,,2,,,8,8,1,12,4,120.711971,24.240708,3
2151,66000,387130000C,(04)23274275,(04)23288582,2025,09,6,11,52,臺中市,大甲區,0,1,0,7,2,6,40,13,9,1,5,4,6,6,1,1,6,3,4,1,13,3,10,3,1,B03,7,9,1,8,2,8,,84,84,1,12,4,120.62592,24.344626,2
2152,66000,387130000C,(04)23274275,(04)23288582,2025,09,6,11,57,臺中市,后里區,0,1,0,7,2,6,50,5,1,1,5,4,6,6,1,1,5,4,4,2,12,3,10,3,1,B03,7,5,1,8,2,5,7,11,11,1,6,4,120.709743,24.31099,2
2153,66000,387130000C,(04)23274275,(04)23288582,2025,09,6,11,59,臺中市,大里區,0,1,0,7,3,6,50,13,9,1,5,4,6,6,4,4,5,4,5,2,17,2,8,1,1,C03,7,6,1,10,2,14,,26,26,1,13,4,120.683191,24.115198,2
2154,66000,387130000C,(04)23274275,(04)23288582,2025,09,6,11,59,臺中市,太平區,0,0,0,7,2,6,50,,,,,,,,,,,,,,16,,,,,B03,,,1,,1,4,7,21,21,1,12,4,120.71011,24.134808,3
2155,66000,387130000C,(04)23274275,(04)23288582,2025,09,6,11,59,臺中市,清水區,0,2,0,7,3,6,50,4,1,1,5,4,6,6,4,4,5,4,5,2,17,2,8,5,1,F02,7,6,7,21,2,11,,20,20,1,12,4,120.57473,24.271165,2
2156,66000,387130000C,(04)23274275,(04)23288582,2025,09,6,11,59,臺中市,大甲區,0,0,0,7,,,50,,,,,,,,,,,,,,14,,,,,B03,,,1,,1,,,49,49,1,6,4,120.645979,24.384367,3
2157,66000,387130000C,(04)23274275,(04)23288582,2025,09,6,12,0,臺中市,西區,0,2,0,7,2,6,50,4,1,1,5,4,6,6,4,4,10,5,5,2,15,2,9,1,1,C03,7,9,1,10,2,11,12,15,15,1,12,2,120.658856,24.141201,2
2158,66000,387130000C,(04)23274275,(04)23288582,2025,09,6,12,2,臺中市,南屯區,0,0,0,7,,,40,,,,,,,,,,,,,,12,,,,,C03,,,1,,1,,,84,84,1,12,4,120.635378,24.14947,3
2159,66000,387130000C,(04)23274275,(04)23288582,2025,09,6,12,2,臺中市,北屯區,0,0,0,7,,,50,,,,,,,,,,,,,,17,,,,,B12,,,1,,2,,,50,50,1,6,4,120.686272,24.193351,3
2160,66000,387130000C,(04)23274275,(04)23288582,2025,09,6,12,8,臺中市,大里區,0,0,0,7,,,50,,,,,,,,,,,,,,13,,,,,B03,,,1,,1,,,56,56,1,12,4,120.682776,24.079233,3
2161,66000,387130000C,(04)23274275,(04)23288582,2025,09,6,12,14,臺中市,西區,0,2,0,7,2,6,50,3,2,1,5,4,6,6,4,4,5,5,4,1,16,2,9,2,1,C03,7,6,1,10,2,14,,13,13,1,13,4,120.672326,24.141944,2
2162,66000,387130000C,(04)23274275,(04)23288582,2025,09,6,12,15,臺中市,大里區,0,1,0,7,2,6,50,13,9,1,5,4,6,6,4,4,5,5,5,1,17,3,10,3,1,B03,7,9,1,8,2,1,,84,84,1,13,4,120.695241,24.082534,2
2163,66000,387130000C,(04)23274275,(04)23288582,2025,09,6,12,18,臺中市,豐原區,0,0,0,7,,,50,,,,,,,,,,,,,,14,,,,,B03,,,1,,2,,,49,49,1,12,4,120.717351,24.251784,3
2164,66000,387130000C,(04)23274275,(04)23288582,2025,09,6,12,21,臺中市,西屯區,0,0,0,7,,,50,,,,,,,,,,,,,,14,,,,,B03,,,1,,2,,,49,49,1,13,4,120.641854,24.172789,3
2165,66000,387130000C,(04)23274275,(04)23288582,2025,09,6,12,23,臺中市,沙鹿區,0,0,0,7,,,50,,,,,,,,,,,,,,17,,,,,C03,,,1,,1,,,84,84,1,6,4,120.5624,24.240106,3
2166,66000,387130000C,(04)23274275,(04)23288582,2025,09,6,12,26,臺中市,北屯區,0,0,0,7,,,0,,,,,,,,,,,,,,30,,,,,B03,,,1,,2,,,51,51,1,13,4,120.682328,24.176699,3
2167,66000,387130000C,(04)23274275,(04)23288582,2025,09,6,12,30,臺中市,北屯區,0,0,0,7,,,50,,,,,,,,,,,,,,17,,,,,C03,,,1,,9,,,84,84,1,6,4,120.687034,24.168162,3
2168,66000,387130000C,(04)23274275,(04)23288582,2025,09,6,12,35,臺中市,沙鹿區,0,0,0,7,2,6,50,4,9,1,5,4,6,6,4,4,4,4,5,2,15,,,,,B03,,,1,,2,,,12,12,1,12,4,120.565149,24.250444,3
2169,66000,387130000C,(04)23274275,(04)23288582,2025,09,6,12,39,臺中市,東區,0,0,0,7,,,50,,,,,,,,,,,,,,12,,,,,B12,,,1,,2,,,8,8,1,6,4,120.704407,24.138319,3
2170,66000,387130000C,(04)23274275,(04)23288582,2025,09,6,12,40,臺中市,西區,0,1,0,7,2,6,50,4,1,1,5,4,6,6,2,1,5,4,5,2,17,3,10,3,1,B03,7,6,1,8,2,16,,85,85,1,12,4,120.674994,24.138036,2
2171,66000,387130000C,(04)23274275,(04)23288582,2025,09,6,12,43,臺中市,北屯區,0,2,0,7,2,6,50,4,2,1,5,4,6,6,1,1,5,5,5,2,13,3,10,2,1,C03,7,12,1,10,2,11,,7,7,1,12,4,120.709692,24.175373,2
2172,66000,387130000C,(04)23274275,(04)23288582,2025,09,6,12,45,臺中市,西區,0,2,0,7,2,6,50,4,1,1,5,4,6,6,4,4,10,5,5,2,15,2,9,1,1,C03,7,9,1,10,2,11,,15,15,1,13,4,120.660925,24.148437,2
2173,66000,387130000C,(04)23274275,(04)23288582,2025,09,6,12,45,臺中市,北屯區,0,0,0,7,,,50,,,,,,,,,,,,,,2,,,,,B03,,,4,,1,,,8,8,1,12,4,120.689933,24.17398,3
2174,66000,387130000C,(04)23274275,(04)23288582,2025,09,6,12,54,臺中市,大甲區,0,0,0,7,,,40,,,,,,,,,,,,,,,,,,,B03,,,1,,1,,,8,8,1,12,4,120.634629,24.355706,3
2175,66000,387130000C,(04)23274275,(04)23288582,2025,09,6,12,56,臺中市,北屯區,0,1,0,7,2,6,50,5,1,1,5,4,6,6,1,1,10,5,5,2,12,3,10,5,4,B12,7,5,1,8,2,15,,8,8,1,12,4,120.686251,24.188697,2
2176,66000,387130000C,(04)23274275,(04)23288582,2025,09,6,12,58,臺中市,后里區,0,0,0,7,,,60,,,,,,,,,,,,,,13,,,,,B03,,,1,,10,,,85,85,1,6,5,120.731862,24.340772,4
2177,66000,387130000C,(04)23274275,(04)23288582,2025,09,6,13,3,臺中市,西區,0,1,0,7,2,6,50,4,1,1,5,4,6,6,1,1,5,4,4,2,13,3,10,3,1,B01,7,9,1,4,2,5,,7,7,1,12,4,120.669808,24.147874,2
2178,66000,387130000C,(04)23274275,(04)23288582,2025,09,6,13,8,臺中市,東區,0,2,0,7,3,6,50,4,1,1,5,4,6,6,2,1,10,5,5,2,16,2,9,2,1,C03,7,6,1,10,2,12,,36,36,1,13,4,120.700103,24.13243,2
2179,66000,387130000C,(04)23274275,(04)23288582,2025,09,6,13,10,臺中市,烏日區,0,1,0,7,3,9,50,3,2,1,5,4,6,6,1,1,1,4,5,1,12,2,8,1,1,C03,7,6,1,10,2,14,,8,8,1,6,4,120.6166,24.111864,2
2180,66000,387130000C,(04)23274275,(04)23288582,2025,09,6,13,14,臺中市,西區,0,0,0,7,,,30,,,,,,,,,,,,,,17,,,,,B03,,,1,,9,,,8,8,2,12,4,120.655993,24.141976,3
2181,66000,387130000C,(04)23274275,(04)23288582,2025,09,6,13,14,臺中市,北屯區,0,0,0,7,,,50,,,,,,,,,,,,,,17,,,,,B03,,,1,,1,,,8,8,1,6,4,120.681033,24.172424,3
2182,66000,387130000C,(04)23274275,(04)23288582,2025,09,6,13,16,臺中市,南區,0,0,0,7,,,,,,,,,,,,,,,,,,,,,,,,,,,,,,86,86,1,,,120.671181,24.111232,3
2183,66000,387130000C,(04)23274275,(04)23288582,2025,09,6,13,21,臺中市,西區,0,0,0,7,,,50,,,,,,,,,,,,,,,,,,,B03,,,1,,1,,,84,84,1,12,4,120.660047,24.153701,3
2184,66000,387130000C,(04)23274275,(04)23288582,2025,09,6,13,21,臺中市,北屯區,0,0,0,7,,,50,,,,,,,,,,,,,,17,,,,,B03,,,1,,1,,,51,51,1,13,4,120.68301,24.16852,3
2185,66000,387130000C,(04)23274275,(04)23288582,2025,09,6,13,22,臺中市,西區,0,1,0,7,2,6,50,4,1,1,5,4,6,6,4,4,10,5,5,2,15,2,8,2,1,C03,7,9,1,10,3,12,,15,15,1,13,4,120.664305,24.149021,2
2186,66000,387130000C,(04)23274275,(04)23288582,2025,09,6,13,23,臺中市,西屯區,0,2,0,7,2,6,50,4,1,1,5,4,1,4,4,4,10,5,5,1,13,3,10,3,1,B03,7,8,1,8,2,8,,59,59,1,12,4,120.668616,24.175807,2
2187,66000,387130000C,(04)23274275,(04)23288582,2025,09,6,13,24,臺中市,大肚區,0,0,0,7,,,30,,,,,,,,,,,,,,17,,,,,B03,,,1,,2,,,49,49,1,6,4,120.580373,24.170653,3
2188,66000,387130000C,(04)23274275,(04)23288582,2025,09,6,13,25,臺中市,北區,0,1,0,7,3,6,50,3,2,1,5,4,6,6,1,1,5,5,4,2,17,3,10,3,1,B03,7,7,1,8,2,16,,42,42,1,12,4,120.668093,24.159235,2
2189,66000,387130000C,(04)23274275,(04)23288582,2025,09,6,13,31,臺中市,南屯區,0,0,0,7,,,50,,,,,,,,,,,,,,13,,,,,B03,,,1,,1,,,7,7,1,12,4,120.623684,24.149079,3
2190,66000,387130000C,(04)23274275,(04)23288582,2025,09,6,13,36,臺中市,龍井區,0,1,0,7,2,6,30,3,1,1,5,4,6,6,4,4,10,5,5,2,16,2,9,1,1,C03,7,9,1,10,2,12,,7,7,1,6,4,120.593788,24.188089,2
2191,66000,387130000C,(04)23274275,(04)23288582,2025,09,6,13,38,臺中市,大雅區,0,0,0,7,,,60,,,,,,,,,,,,,,,,,,,B03,,,1,,1,,,84,84,1,13,4,120.64696,24.221634,3
2192,66000,387130000C,(04)23274275,(04)23288582,2025,09,6,13,49,臺中市,后里區,0,2,0,7,2,6,50,4,1,1,5,4,6,6,1,1,5,4,5,1,17,3,10,3,1,B03,7,6,1,8,2,5,,11,11,1,6,4,120.730864,24.30798,2
2193,66000,387130000C,(04)23274275,(04)23288582,2025,09,6,13,50,臺中市,沙鹿區,0,0,0,7,,,50,,,,,,,,,,,,,,14,,,,,B03,,,5,,2,,,49,49,1,12,4,120.564527,24.235715,3
2194,66000,387130000C,(04)23274275,(04)23288582,2025,09,6,13,52,臺中市,南屯區,0,0,0,7,,,50,,,,,,,,,,,,,,,,,,,B03,,,1,,2,,,7,7,1,6,4,120.623497,24.149515,3
2195,66000,387130000C,(04)23274275,(04)23288582,2025,09,6,13,55,臺中市,西屯區,0,1,0,7,3,6,50,4,1,1,5,4,6,6,1,1,5,4,5,2,16,2,9,5,4,C03,7,6,1,10,2,14,,48,48,1,12,4,120.626038,24.184562,2
2196,66000,387130000C,(04)23274275,(04)23288582,2025,09,6,13,55,臺中市,大里區,0,0,0,7,,,50,,,,,,,,,,,,,,,,,,,B03,,,1,,2,,,8,8,1,12,4,120.69255,24.114975,3
2197,66000,387130000C,(04)23274275,(04)23288582,2025,09,6,13,57,臺中市,龍井區,0,0,0,7,2,6,60,4,1,1,5,4,6,6,2,1,1,4,3,2,23,3,10,3,1,B03,7,6,1,8,2,4,,59,59,1,6,4,120.587624,24.185457,3
2198,66000,387130000C,(04)23274275,(04)23288582,2025,09,6,14,1,臺中市,西屯區,0,0,0,7,,,50,,,,,,,,,,,,,,13,,,,,B03,,,1,,2,,,58,58,1,13,4,120.635483,24.167282,3
2199,66000,387130000C,(04)23274275,(04)23288582,2025,09,6,14,2,臺中市,北屯區,0,1,0,7,2,6,50,13,9,1,5,4,6,6,4,4,1,4,5,2,13,2,8,2,1,C04,7,9,1,10,2,11,,7,7,1,12,4,120.693522,24.163367,2
2200,66000,387130000C,(04)23274275,(04)23288582,2025,09,6,14,2,臺中市,大甲區,0,0,0,7,,,50,,,,,,,,,,,,,,23,,,,,B03,,,1,,2,,,58,58,1,6,4,120.641447,24.36582,3
2201,66000,387130000C,(04)23274275,(04)23288582,2025,09,6,14,4,臺中市,西屯區,0,0,0,7,,,60,,,,,,,,,,,,,,13,,,,,B03,,,1,,1,,,7,7,1,12,4,120.639414,24.188611,3
2202,66000,387130000C,(04)23274275,(04)23288582,2025,09,6,14,11,臺中市,北屯區,0,0,0,7,,,50,,,,,,,,,,,,,,14,,,,,B03,,,1,,1,,,49,49,1,13,4,120.690758,24.163808,3
2203,66000,387130000C,(04)23274275,(04)23288582,2025,09,6,14,17,臺中市,西區,0,1,0,7,2,6,50,4,4,1,5,4,6,6,1,1,10,5,5,2,17,3,10,5,4,B03,7,13,1,8,1,4,,76,76,1,13,4,120.665275,24.147883,2
2204,66000,387130000C,(04)23274275,(04)23288582,2025,09,6,14,17,臺中市,南屯區,0,0,0,7,,,50,,,,,,,,,,,,,,13,,,,,B03,,,1,,1,,,59,59,1,12,4,120.646495,24.130489,3
2205,66000,387130000C,(04)23274275,(04)23288582,2025,09,6,14,22,臺中市,西屯區,0,1,0,7,2,6,50,4,2,1,5,4,6,6,2,1,1,4,1,2,16,3,10,4,4,B03,7,6,1,8,2,5,,11,11,1,13,4,120.653258,24.160817,2
2206,66000,387130000C,(04)23274275,(04)23288582,2025,09,6,14,25,臺中市,太平區,0,0,0,7,,,30,,,,,,,,,,,,,,,,,,,B03,,,1,,9,,,84,84,1,12,4,120.723378,24.142877,3
2207,66000,387130000C,(04)23274275,(04)23288582,2025,09,6,14,25,臺中市,太平區,0,0,0,7,,,30,,,,,,,,,,,,,,15,,,,,B12,,,1,,1,,,51,51,1,6,4,120.737306,24.128411,3
2208,66000,387130000C,(04)23274275,(04)23288582,2025,09,6,14,32,臺中市,南屯區,0,1,0,7,2,6,50,4,2,1,5,4,6,6,2,1,1,4,5,2,13,3,10,3,1,B03,7,9,1,8,2,1,,59,59,1,12,4,120.650237,24.140184,2
2209,66000,387130000C,(04)23274275,(04)23288582,2025,09,6,14,35,臺中市,南屯區,0,1,0,7,3,6,50,4,1,1,5,4,6,6,1,1,10,5,5,2,16,3,10,3,1,B03,7,5,1,8,2,2,,47,47,1,12,4,120.648753,24.146892,2
2210,66000,387130000C,(04)23274275,(04)23288582,2025,09,6,14,35,臺中市,沙鹿區,0,2,0,7,3,6,40,13,8,1,5,4,6,6,4,4,1,4,4,1,13,2,8,1,1,C03,7,9,1,10,2,11,,59,59,1,6,4,120.58668,24.249911,2
2211,66000,387130000C,(04)23274275,(04)23288582,2025,09,6,14,45,臺中市,大雅區,0,2,0,7,3,6,50,4,2,1,5,4,6,6,1,1,5,2,4,2,17,2,9,1,1,C03,7,9,1,10,1,12,,21,21,1,12,4,120.653245,24.21754,2
2212,66000,387130000C,(04)23274275,(04)23288582,2025,09,6,14,45,臺中市,北區,0,0,0,7,,,50,,,,,,,,,,,,,,13,,,,,B03,,,1,,1,,,59,59,1,12,4,120.686538,24.147872,3
2213,66000,387130000C,(04)23274275,(04)23288582,2025,09,6,14,59,臺中市,南屯區,0,2,0,7,2,6,50,4,1,1,5,4,6,6,1,1,5,5,5,2,15,2,9,3,1,B03,7,9,1,8,2,5,,21,21,1,6,4,120.629785,24.120142,2
2214,66000,387130000C,(04)23274275,(04)23288582,2025,09,6,15,0,臺中市,西屯區,0,0,0,7,,,30,,,,,,,,,,,,,,17,,,,,B03,,,1,,2,,,59,59,1,13,4,120.65735,24.159442,3
2215,66000,387130000C,(04)23274275,(04)23288582,2025,09,6,15,1,臺中市,東區,0,0,0,7,,,50,,,,,,,,,,,,,,12,,,,,B03,,,1,,2,,,84,84,1,13,4,120.699051,24.142369,3
2216,66000,387130000C,(04)23274275,(04)23288582,2025,09,6,15,5,臺中市,北屯區,0,0,0,7,,,50,,,,,,,,,,,,,,13,,,,,B03,,,1,,1,,,56,56,1,6,4,120.704507,24.16916,3
2217,66000,387130000C,(04)23274275,(04)23288582,2025,09,6,15,6,臺中市,南屯區,0,1,0,7,2,6,50,13,8,1,5,4,6,6,4,4,9,4,4,2,12,3,10,3,1,B03,7,5,1,8,2,2,,47,47,1,12,4,120.640747,24.147258,2
2218,66000,387130000C,(04)23274275,(04)23288582,2025,09,6,15,9,臺中市,西屯區,0,0,0,7,,,50,,,,,,,,,,,,,,17,,,,,B03,,,1,,2,,,50,50,1,12,4,120.643604,24.171932,3
2219,66000,387130000C,(04)23274275,(04)23288582,2025,09,6,15,10,臺中市,沙鹿區,0,1,0,7,2,6,50,3,8,1,5,4,6,6,4,4,4,3,4,2,16,3,10,3,1,B03,7,6,1,8,2,2,,14,14,1,12,4,120.56007,24.238337,2
2220,66000,387130000C,(04)23274275,(04)23288582,2025,09,6,15,18,臺中市,太平區,0,0,0,7,2,6,30,,,,,,,,,,,,,,,,,,,C03,,,1,,2,14,,12,12,1,12,4,120.72551,24.142562,3
2221,66000,387130000C,(04)23274275,(04)23288582,2025,09,6,15,20,臺中市,梧棲區,0,0,0,7,,,30,,,,,,,,,,,,,,14,,,,,B03,,,2,,1,,,49,49,1,6,4,120.536831,24.256825,3
2222,66000,387130000C,(04)23274275,(04)23288582,2025,09,6,15,28,臺中市,西區,0,0,0,7,,,50,,,,,,,,,,,,,,,,,,,B03,,,1,,1,,,45,45,1,12,4,120.651292,24.146749,3
2223,66000,387130000C,(04)23274275,(04)23288582,2025,09,6,15,30,臺中市,北屯區,0,0,0,7,,,50,,,,,,,,,,,,,,12,,,,,B12,,,1,,1,,,1,1,1,6,4,120.676622,24.192496,3
2224,66000,387130000C,(04)23274275,(04)23288582,2025,09,6,15,30,臺中市,大里區,0,1,0,7,3,6,30,4,1,1,5,4,6,6,4,4,10,5,5,2,15,3,10,3,1,B03,7,9,1,8,2,4,,39,39,1,12,4,120.70613,24.083495,2
2225,66000,387130000C,(04)23274275,(04)23288582,2025,09,6,15,31,臺中市,南屯區,0,0,0,7,,,50,,,,,,,,,,,,,,14,,,,,B03,,,1,,2,,,50,50,1,12,4,120.639019,24.145495,3
2226,66000,387130000C,(04)23274275,(04)23288582,2025,09,6,15,31,臺中市,大肚區,0,0,0,7,,,30,,,,,,,,,,,,,,,,,,,B02,,,1,,2,,,84,84,1,6,4,120.545396,24.161825,3
2227,66000,387130000C,(04)23274275,(04)23288582,2025,09,6,15,31,臺中市,后里區,0,2,0,7,3,6,50,3,1,1,5,4,6,6,4,4,5,4,4,2,13,2,9,1,1,C03,7,9,1,10,2,11,,59,59,1,6,4,120.708923,24.305635,2
2228,66000,387130000C,(04)23274275,(04)23288582,2025,09,6,15,37,臺中市,豐原區,0,2,0,7,3,6,30,3,2,1,5,4,6,6,4,4,10,5,5,2,17,3,10,1,4,C03,7,6,1,10,2,11,,41,41,1,12,4,120.727283,24.258089,2
2229,66000,387130000C,(04)23274275,(04)23288582,2025,09,6,15,42,臺中市,西區,0,0,0,7,,,50,,,,,,,,,,,,,,,,,,,B03,,,1,,1,,,13,13,1,12,4,120.657945,24.150845,3
2230,66000,387130000C,(04)23274275,(04)23288582,2025,09,6,15,44,臺中市,西區,0,0,0,7,,,50,,,,,,,,,,,,,,,,,,,B02,,,1,8,2,,,84,84,1,13,4,120.668864,24.147559,3
2231,66000,387130000C,(04)23274275,(04)23288582,2025,09,6,15,48,臺中市,西屯區,0,0,0,7,,,40,,,,,,,,,,,,,,13,,,,,B03,,,1,,1,,,59,59,1,12,4,120.635879,24.181852,3
2232,66000,387130000C,(04)23274275,(04)23288582,2025,09,6,15,49,臺中市,南屯區,0,0,0,7,,,50,,,,,,,,,,,,,,,,,,,C03,,,1,,1,,,7,7,1,4,4,120.645917,24.131653,3
2233,66000,387130000C,(04)23274275,(04)23288582,2025,09,6,15,50,臺中市,北區,0,0,0,7,,,30,,,,,,,,,,,,,,14,,,,,C03,,,1,,9,,,49,49,1,13,4,120.664724,24.160781,3
2234,66000,387130000C,(04)23274275,(04)23288582,2025,09,6,15,55,臺中市,大里區,0,1,0,7,3,6,30,3,1,1,4,4,6,3,4,4,10,5,5,2,15,3,10,3,1,B03,7,9,1,8,2,1,,84,84,1,12,4,120.689612,24.116374,2
2235,66000,387130000C,(04)23274275,(04)23288582,2025,09,6,15,56,臺中市,西屯區,0,0,0,7,,,40,,,,,,,,,,,,,,13,,,,,B01,,,1,,1,,,7,7,1,12,4,120.624096,24.178482,3
2236,66000,387130000C,(04)23274275,(04)23288582,2025,09,6,15,56,臺中市,西屯區,0,1,0,7,2,6,40,3,1,1,5,4,6,6,1,1,1,4,4,1,18,2,9,5,4,C03,7,9,1,10,2,14,,59,59,1,13,4,120.645226,24.162831,2
2237,66000,387130000C,(04)23274275,(04)23288582,2025,09,6,16,4,臺中市,太平區,0,0,0,5,,3,80,,,,,,,,,,,,,,12,,,,,B12,,,1,,2,,,40,40,1,6,4,120.717192,24.156364,3
2238,66000,387130000C,(04)23274275,(04)23288582,2025,09,6,16,6,臺中市,太平區,0,2,0,6,3,6,50,13,7,1,5,4,6,6,4,4,5,5,4,2,12,2,7,1,1,C03,7,9,1,10,2,12,,84,84,1,12,4,120.71269,24.137732,2
2239,66000,387130000C,(04)23274275,(04)23288582,2025,09,6,16,6,臺中市,梧棲區,0,1,0,7,2,6,50,13,14,1,5,4,6,6,4,4,5,4,5,1,17,3,10,3,1,B03,7,13,1,8,1,4,,76,76,1,6,4,120.534537,24.25631,2
2240,66000,387130000C,(04)23274275,(04)23288582,2025,09,6,16,12,臺中市,豐原區,0,2,0,7,2,6,50,13,7,1,5,4,3,6,4,4,9,5,4,2,16,2,9,1,1,C03,7,8,5,19,2,13,,42,42,1,13,4,120.74438,24.257318,2
2241,66000,387130000C,(04)23274275,(04)23288582,2025,09,6,16,17,臺中市,龍井區,0,0,0,7,2,6,30,3,1,1,5,4,6,6,4,4,5,5,5,2,16,3,10,2,1,C03,7,6,1,10,2,14,12,14,14,1,6,4,120.59085,24.181081,3
2242,66000,387130000C,(04)23274275,(04)23288582,2025,09,6,16,20,臺中市,西區,0,3,0,5,2,6,50,4,2,1,4,4,6,6,2,1,5,4,5,2,13,3,10,3,1,B03,7,9,1,8,2,1,,84,84,1,12,4,120.662609,24.155678,2
2243,66000,387130000C,(04)23274275,(04)23288582,2025,09,6,16,22,臺中市,北屯區,0,0,0,7,,,40,,,,,,,,,,,,,,17,,,,,B03,,,1,,1,,,58,58,1,6,4,120.690382,24.185852,3
2244,66000,387130000C,(04)23274275,(04)23288582,2025,09,6,16,28,臺中市,南屯區,0,0,0,7,,,40,,,,,,,,,,,,,,14,,,,,B03,,,1,,1,,,49,49,1,12,4,120.638218,24.140508,3
2245,66000,387130000C,(04)23274275,(04)23288582,2025,09,6,16,30,臺中市,太平區,0,0,0,7,,,50,,,,,,,,,,,,,,,,,,,B03,,,1,,2,,,84,84,1,12,4,120.712998,24.138629,3
2246,66000,387130000C,(04)23274275,(04)23288582,2025,09,6,16,30,臺中市,沙鹿區,0,0,0,7,,,60,,,,,,,,,,,,,,17,,,,,B03,,,1,,2,,,82,82,1,12,4,120.575133,24.252506,3
2247,66000,387130000C,(04)23274275,(04)23288582,2025,09,6,16,30,臺中市,豐原區,0,1,0,7,2,6,50,13,9,1,5,4,6,6,4,4,1,4,5,2,13,2,7,5,4,C03,7,9,2,19,2,11,,7,7,1,12,4,120.708517,24.250178,2
2248,66000,387130000C,(04)23274275,(04)23288582,2025,09,6,16,32,臺中市,北屯區,0,3,0,7,2,6,50,13,9,1,5,4,6,6,4,4,9,4,5,2,17,2,9,1,1,C03,7,9,1,10,2,11,,43,43,1,12,4,120.708536,24.170389,2
2249,66000,387130000C,(04)23274275,(04)23288582,2025,09,6,16,33,臺中市,東區,0,0,0,5,,,50,,,,,,,,,,,,,,13,,,,,B03,,,1,,1,,,84,84,1,12,4,120.698745,24.140238,3
2250,66000,387130000C,(04)23274275,(04)23288582,2025,09,6,16,35,臺中市,大里區,0,0,0,7,2,6,50,3,2,1,5,4,6,6,1,1,4,2,5,1,17,,,,,B03,,,1,,1,,,84,84,1,13,4,120.674781,24.111064,3
2251,66000,387130000C,(04)23274275,(04)23288582,2025,09,6,16,37,臺中市,東區,0,2,0,7,3,6,50,4,1,1,5,4,6,6,1,1,10,5,5,2,16,3,10,3,1,B03,7,5,1,8,2,5,,11,11,1,12,4,120.697846,24.147861,2