﻿序號,縣市別代碼,機關代碼,市話,傳真,年,月,日,時,分,縣市,區,死亡數量,受傷數量,2-30,天候,道路照明設備,道路類別,道路速限,道路型態,事故位置,路面鋪裝,路面狀態,路面缺陷,障礙物,視距,號誌種類,號誌動作,分向設施,快車道或一般車道間,快慢車道間,路面邊線,事故類型及型態,受傷程度,主要傷處,保護裝備,行動電話或功能裝置,當事者區分_類別,車輛用途,當事者行動狀態,駕照狀態,駕照種類,飲酒情形,車輛撞擊部位最初,車輛撞擊部位其他,肇事因素個別,肇事因素主要,肇事逃逸,職業,共享經濟或外送平台,GPS座標X,GPS座標Y,事故類別
2590,66000,387130000C,(04)23274275,(04)23288582,2025,09,7,18,3,臺中市,東區,0,0,0,5,,,50,,,,,,,,,,,,,,13,,,,,B03,,,1,,1,,,84,84,1,13,4,120.691203,24.134727,3
2591,66000,387130000C,(04)23274275,(04)23288582,2025,09,7,18,3,臺中市,沙鹿區,0,0,0,5,,,50,,,,,,,,,,,,,,16,,,,,B03,,,1,,1,,,40,40,1,6,4,120.559792,24.238426,3
2592,66000,387130000C,(04)23274275,(04)23288582,2025,09,7,18,3,臺中市,梧棲區,0,1,0,5,2,6,50,4,1,1,4,4,6,6,4,4,10,5,5,2,15,3,10,3,1,B03,7,9,1,8,2,9,,12,12,1,12,4,120.535579,24.245999,2
2593,66000,387130000C,(04)23274275,(04)23288582,2025,09,7,18,5,臺中市,東區,0,0,0,5,1,6,50,4,1,1,4,4,6,6,1,1,10,5,5,2,17,3,10,3,1,B03,7,15,1,8,1,1,,11,11,1,12,4,120.68933,24.137174,3
2594,66000,387130000C,(04)23274275,(04)23288582,2025,09,7,18,5,臺中市,沙鹿區,0,0,0,5,,,50,,,,,,,,,,,,,,,,,,,B03,,,1,,2,,,59,59,1,6,4,120.565301,24.24259,3
2595,66000,387130000C,(04)23274275,(04)23288582,2025,09,7,18,6,臺中市,烏日區,0,0,0,5,,,50,,,,,,,,,,,,,,13,,,,,B03,,,1,,2,,,7,7,1,6,4,120.61872,24.116419,3
2596,66000,387130000C,(04)23274275,(04)23288582,2025,09,7,18,7,臺中市,東區,0,0,0,5,,,30,,,,,,,,,,,,,,16,,,,,B03,,,1,,2,,,12,12,1,12,4,120.688776,24.131113,3
2597,66000,387130000C,(04)23274275,(04)23288582,2025,09,7,18,7,臺中市,北屯區,0,0,0,5,,,50,,,,,,,,,,,,,,16,,,,,C03,,,1,,1,,,14,14,1,6,4,120.692272,24.176587,3
2598,66000,387130000C,(04)23274275,(04)23288582,2025,09,7,18,8,臺中市,西屯區,0,0,0,5,,,50,,,,,,,,,,,,,,,,,,,B03,,,1,,1,,,49,49,1,12,4,120.630577,24.160318,3
2599,66000,387130000C,(04)23274275,(04)23288582,2025,09,7,18,8,臺中市,西屯區,0,0,0,5,,,40,,,,,,,,,,,,,,,,,,,B03,,,1,,1,,,40,40,1,12,4,120.62418,24.178763,3
2600,66000,387130000C,(04)23274275,(04)23288582,2025,09,7,18,12,臺中市,南屯區,0,0,0,5,,,50,,,,,,,,,,,,,,17,,,,,B03,,,1,,1,,,50,50,1,12,4,120.635995,24.146941,3
2601,66000,387130000C,(04)23274275,(04)23288582,2025,09,7,18,12,臺中市,西屯區,0,0,0,5,,,50,,,,,,,,,,,,,,12,,,,,B03,,,1,,1,,,8,8,1,12,4,120.655275,24.16911,4
2602,66000,387130000C,(04)23274275,(04)23288582,2025,09,7,18,15,臺中市,南屯區,0,0,0,7,,,50,,,,,,,,,,,,,,,,,,,B03,,,1,,9,,,84,84,1,13,4,120.627882,24.153027,3
2603,66000,387130000C,(04)23274275,(04)23288582,2025,09,7,18,17,臺中市,西屯區,0,0,0,5,,,40,,,,,,,,,,,,,,17,,,,,C03,,,1,,1,,,40,40,1,13,4,120.652662,24.176205,3
2604,66000,387130000C,(04)23274275,(04)23288582,2025,09,7,18,19,臺中市,沙鹿區,0,0,0,5,,,30,,,,,,,,,,,,,,,,,,,B03,,,1,,2,,,14,14,1,13,4,120.553112,24.23074,3
2605,66000,387130000C,(04)23274275,(04)23288582,2025,09,7,18,20,臺中市,東區,0,0,0,5,,,50,,,,,,,,,,,,,,16,,,,,B03,,,1,,2,,,7,7,1,13,4,120.686087,24.135699,3
2606,66000,387130000C,(04)23274275,(04)23288582,2025,09,7,18,21,臺中市,東區,0,0,0,5,,,50,,,,,,,,,,,,,,17,,,,,B03,,,1,,1,,,84,84,1,13,4,120.692358,24.139305,3
2607,66000,387130000C,(04)23274275,(04)23288582,2025,09,7,18,25,臺中市,北區,0,0,0,5,,,50,,,,,,,,,,,,,,13,,,,,B03,,,1,,1,,,7,7,1,13,4,120.675117,24.163264,3
2608,66000,387130000C,(04)23274275,(04)23288582,2025,09,7,18,25,臺中市,大里區,0,0,0,5,,,50,,,,,,,,,,,,,,,,,,,B03,,,1,,1,,,20,20,1,13,4,120.704382,24.09498,3
2609,66000,387130000C,(04)23274275,(04)23288582,2025,09,7,18,27,臺中市,東區,0,0,0,5,1,6,50,13,7,1,4,4,6,6,4,4,5,4,5,2,17,3,10,6,1,F01,7,9,7,21,1,12,,84,84,1,12,4,120.70397,24.130925,3
2610,66000,387130000C,(04)23274275,(04)23288582,2025,09,7,18,28,臺中市,大里區,0,1,0,5,1,6,50,13,9,1,4,4,6,6,4,4,10,5,5,2,21,2,9,1,1,C03,7,9,1,10,2,12,,58,58,1,12,4,120.681617,24.086129,2
2611,66000,387130000C,(04)23274275,(04)23288582,2025,09,7,18,28,臺中市,太平區,0,1,0,5,1,6,30,13,9,1,4,4,6,6,4,4,10,5,5,2,27,2,9,2,1,C03,7,9,1,10,2,11,,84,84,1,12,4,120.705332,24.153967,2
2612,66000,387130000C,(04)23274275,(04)23288582,2025,09,7,18,30,臺中市,北區,0,0,0,5,,,40,,,,,,,,,,,,,,17,,,,,C03,,,1,,1,,,84,84,1,12,4,120.671362,24.172732,3
2613,66000,387130000C,(04)23274275,(04)23288582,2025,09,7,18,31,臺中市,北屯區,0,1,0,5,1,6,50,4,1,1,4,4,6,6,1,1,10,5,5,2,16,3,10,3,1,B03,7,6,1,8,2,5,,11,11,1,6,4,120.68246,24.195168,2
2614,66000,387130000C,(04)23274275,(04)23288582,2025,09,7,18,34,臺中市,西屯區,0,0,0,5,,,50,,,,,,,,,,,,,,17,,,,,B03,,,1,,1,,,49,49,1,12,4,120.616621,24.191395,3
2615,66000,387130000C,(04)23274275,(04)23288582,2025,09,7,18,36,臺中市,東區,0,0,0,5,,,50,,,,,,,,,,,,,,30,,,,,,,,,,,,,119,119,1,,,120.696489,24.138258,3
2616,66000,387130000C,(04)23274275,(04)23288582,2025,09,7,18,37,臺中市,外埔區,0,0,0,5,1,6,50,13,14,1,4,4,6,6,4,4,9,4,4,1,14,,,,,B03,,,1,,2,,,49,49,1,6,4,120.638304,24.341866,3
2617,66000,387130000C,(04)23274275,(04)23288582,2025,09,7,18,41,臺中市,北屯區,0,1,0,5,1,6,50,4,2,1,4,4,6,6,1,1,5,4,5,2,11,3,10,3,1,B03,7,9,1,8,2,1,,26,26,1,13,4,120.733316,24.161155,2
2618,66000,387130000C,(04)23274275,(04)23288582,2025,09,7,18,41,臺中市,太平區,0,0,0,5,,,30,,,,,,,,,,,,,,,,,,,B03,,,1,,2,,,49,49,1,12,4,120.733391,24.1476,3
2619,66000,387130000C,(04)23274275,(04)23288582,2025,09,7,18,42,臺中市,東區,0,2,0,5,1,6,50,4,1,1,4,4,6,6,2,1,5,5,5,2,15,2,9,2,1,C03,7,9,1,10,2,12,,21,21,1,13,4,120.686035,24.141552,2
2620,66000,387130000C,(04)23274275,(04)23288582,2025,09,7,18,42,臺中市,西屯區,0,0,0,5,,,30,,,,,,,,,,,,,,17,,,,,B03,,,1,,2,,,84,84,1,12,4,120.632228,24.182202,3
2621,66000,387130000C,(04)23274275,(04)23288582,2025,09,7,18,43,臺中市,南屯區,0,0,0,5,1,6,50,13,9,1,4,4,6,6,4,4,5,5,5,2,20,,,,,B03,,,1,,1,,,84,84,1,12,4,120.628,24.152968,3
2622,66000,387130000C,(04)23274275,(04)23288582,2025,09,7,18,43,臺中市,西屯區,0,1,0,5,1,6,50,13,9,1,4,4,6,6,4,4,9,4,5,1,1,3,10,3,1,B03,7,9,1,8,2,2,,8,8,1,12,4,120.634896,24.164074,2
2623,66000,387130000C,(04)23274275,(04)23288582,2025,09,7,18,44,臺中市,北區,0,1,0,5,1,6,50,4,1,1,4,4,6,6,1,1,5,4,5,2,16,3,10,1,1,C03,7,15,1,8,2,14,,42,42,1,12,4,120.677025,24.155739,2
2624,66000,387130000C,(04)23274275,(04)23288582,2025,09,7,18,44,臺中市,梧棲區,0,0,0,5,,,50,,,,,,,,,,,,,,14,,,,,B03,,,1,,1,,,49,49,1,6,4,120.531332,24.255754,3
2625,66000,387130000C,(04)23274275,(04)23288582,2025,09,7,18,45,臺中市,西區,0,0,0,5,,,30,,,,,,,,,,,,,,17,,,,,B03,,,1,,2,,,8,8,1,12,4,120.662315,24.154617,3
2626,66000,387130000C,(04)23274275,(04)23288582,2025,09,7,18,46,臺中市,大里區,0,0,0,5,1,6,30,3,2,1,4,4,6,6,4,4,10,5,5,2,18,,,,,B03,,,1,,2,,,84,84,1,12,4,120.675359,24.08751,3
2627,66000,387130000C,(04)23274275,(04)23288582,2025,09,7,18,47,臺中市,中區,0,1,0,5,3,6,50,4,1,1,4,2,6,5,1,1,10,5,5,2,18,2,9,5,4,C03,7,9,1,10,2,11,,84,84,1,12,4,120.676494,24.142291,2
2628,66000,387130000C,(04)23274275,(04)23288582,2025,09,7,18,47,臺中市,北屯區,0,0,0,5,,,50,,,,,,,,,,,,,,13,,,,,B12,,,1,,1,,,59,59,1,6,4,120.658093,24.183261,3
2629,66000,387130000C,(04)23274275,(04)23288582,2025,09,7,18,50,臺中市,霧峰區,0,0,0,5,,,40,,,,,,,,,,,,,,,,,,,B03,,,1,,2,,,50,50,1,13,4,120.701494,24.070148,3
2630,66000,387130000C,(04)23274275,(04)23288582,2025,09,7,18,51,臺中市,南屯區,0,1,0,5,1,6,50,13,9,1,4,4,6,6,4,4,10,5,5,2,17,3,10,2,1,C03,7,2,3,19,9,13,,84,84,1,12,4,120.61322,24.14979,2
2631,66000,387130000C,(04)23274275,(04)23288582,2025,09,7,18,53,臺中市,北區,0,1,0,5,1,6,50,13,9,1,4,4,6,6,4,4,9,5,5,2,13,2,9,1,1,C03,7,9,1,10,2,11,,58,58,1,12,4,120.687177,24.16398,2
2632,66000,387130000C,(04)23274275,(04)23288582,2025,09,7,18,54,臺中市,太平區,0,1,0,5,1,6,50,3,2,1,4,4,6,6,4,4,5,4,5,1,12,3,10,3,1,B03,7,9,1,8,2,2,,84,84,1,12,4,120.733757,24.134661,2
2633,66000,387130000C,(04)23274275,(04)23288582,2025,09,7,19,2,臺中市,南屯區,0,0,0,5,,,50,,,,,,,,,,,,,,,,,,,B03,,,1,,9,,,39,39,1,6,4,120.610887,24.145395,3
2634,66000,387130000C,(04)23274275,(04)23288582,2025,09,7,19,7,臺中市,西屯區,0,1,0,5,1,6,50,4,19,1,4,4,6,6,2,1,5,4,4,2,3,3,10,3,1,B03,7,6,1,8,2,8,,10,10,1,12,4,120.636065,24.169234,2
2635,66000,387130000C,(04)23274275,(04)23288582,2025,09,7,19,8,臺中市,北區,0,0,0,5,,,50,,,,,,,,,,,,,,12,,,,,B03,,,1,,1,,,40,40,1,12,4,120.671934,24.172249,3
2636,66000,387130000C,(04)23274275,(04)23288582,2025,09,7,19,9,臺中市,沙鹿區,0,0,0,5,,,50,,,,,,,,,,,,,,,,,,,B01,,,1,,2,,,48,48,1,6,4,120.600346,24.255637,3
2637,66000,387130000C,(04)23274275,(04)23288582,2025,09,7,19,10,臺中市,霧峰區,0,0,0,5,,,40,,,,,,,,,,,,,,,,,,,B03,,,1,,2,,,49,49,1,13,4,120.710619,24.080221,3
2638,66000,387130000C,(04)23274275,(04)23288582,2025,09,7,19,10,臺中市,豐原區,0,0,0,5,,,50,,,,,,,,,,,,,,23,,,,,B03,,,3,,2,,,48,48,1,13,4,120.706181,24.249979,3
2639,66000,387130000C,(04)23274275,(04)23288582,2025,09,7,19,12,臺中市,北區,0,0,0,5,,,50,,,,,,,,,,,,,,13,,,,,C03,,,1,,1,,,84,84,1,12,4,120.691134,24.158966,3
2640,66000,387130000C,(04)23274275,(04)23288582,2025,09,7,19,13,臺中市,太平區,0,2,0,5,1,6,50,4,1,1,4,4,6,6,1,1,10,5,5,2,24,2,9,2,1,C03,7,9,1,10,2,11,,84,84,1,12,4,120.710975,24.110819,2
2641,66000,387130000C,(04)23274275,(04)23288582,2025,09,7,19,15,臺中市,南屯區,0,0,0,5,,,50,,,,,,,,,,,,,,14,,,,,B03,,,1,,2,,,49,49,1,12,4,120.644657,24.136896,3
2642,66000,387130000C,(04)23274275,(04)23288582,2025,09,7,19,15,臺中市,霧峰區,0,0,0,5,,,50,,,,,,,,,,,,,,12,,,,,B03,,,1,,1,,,84,84,1,12,4,120.692395,24.046901,3
2643,66000,387130000C,(04)23274275,(04)23288582,2025,09,7,19,17,臺中市,烏日區,0,0,0,5,,,30,,,,,,,,,,,,,,,,,,,B12,,,1,,2,,,49,49,1,6,4,120.613518,24.117561,3
2644,66000,387130000C,(04)23274275,(04)23288582,2025,09,7,19,19,臺中市,潭子區,0,0,0,5,,,60,,,,,,,,,,,,,,,,,,,B03,,,1,,9,,,84,84,1,13,4,120.686407,24.206633,3
2645,66000,387130000C,(04)23274275,(04)23288582,2025,09,7,19,19,臺中市,西區,0,0,0,5,,,40,,,,,,,,,,,,,,,,,,,B03,,,1,8,1,,,84,84,1,13,4,120.673528,24.147753,3
2646,66000,387130000C,(04)23274275,(04)23288582,2025,09,7,19,20,臺中市,南屯區,0,0,0,5,,,50,,,,,,,,,,,,,,13,,,,,B03,,,1,,1,,,7,7,1,12,4,120.613022,24.14959,3
2647,66000,387130000C,(04)23274275,(04)23288582,2025,09,7,19,20,臺中市,豐原區,0,0,0,5,,,50,,,,,,,,,,,,,,17,,,,,B03,,,1,,2,,,40,40,1,13,4,120.721284,24.278153,3
2648,66000,387130000C,(04)23274275,(04)23288582,2025,09,7,19,22,臺中市,大里區,0,0,0,5,1,6,30,4,1,1,4,4,6,6,4,4,5,5,5,2,17,3,10,1,1,C03,7,15,1,10,4,11,,15,15,1,13,4,120.708503,24.107635,3
2649,66000,387130000C,(04)23274275,(04)23288582,2025,09,7,19,23,臺中市,北區,0,0,0,5,1,6,50,13,7,1,4,4,6,6,4,4,1,4,4,2,13,3,10,3,1,B03,7,9,1,8,1,1,,7,7,1,12,4,120.672237,24.170397,3
2650,66000,387130000C,(04)23274275,(04)23288582,2025,09,7,19,25,臺中市,西屯區,0,1,0,5,1,6,50,13,9,1,4,4,6,6,4,4,1,4,5,1,17,3,10,5,4,B03,7,7,1,8,1,2,,40,40,1,13,4,120.649287,24.162417,2
2651,66000,387130000C,(04)23274275,(04)23288582,2025,09,7,19,25,臺中市,大里區,0,0,0,5,1,6,50,13,7,1,4,4,6,6,4,4,5,5,4,2,13,,,,,B03,,,1,,2,,,84,84,1,12,4,120.683671,24.11081,3
2652,66000,387130000C,(04)23274275,(04)23288582,2025,09,7,19,27,臺中市,龍井區,0,1,0,5,1,6,40,13,8,1,4,4,6,6,4,4,1,5,1,1,23,2,9,2,1,C03,7,9,1,10,2,11,,59,59,1,6,4,120.508957,24.216597,2
2653,66000,387130000C,(04)23274275,(04)23288582,2025,09,7,19,29,臺中市,沙鹿區,0,0,0,5,,,60,,,,,,,,,,,,,,23,,,,,B03,,,1,,2,,,59,59,1,6,4,120.569844,24.200553,3
2654,66000,387130000C,(04)23274275,(04)23288582,2025,09,7,19,34,臺中市,南屯區,0,1,0,5,1,6,50,4,2,1,4,4,6,6,4,4,8,3,4,1,17,2,9,1,1,C03,7,6,1,10,2,13,,14,14,1,12,4,120.612511,24.152286,2
2655,66000,387130000C,(04)23274275,(04)23288582,2025,09,7,19,35,臺中市,中區,0,0,0,5,,,50,,,,,,,,,,,,,,,,,,,B03,,,1,,1,,,49,49,1,12,4,120.682542,24.14084,3
2656,66000,387130000C,(04)23274275,(04)23288582,2025,09,7,19,35,臺中市,北區,0,1,0,5,2,6,50,13,9,1,4,4,6,5,4,4,9,5,4,2,17,2,8,1,1,C03,7,11,1,8,2,11,,84,84,1,12,4,120.67657,24.171521,2
2657,66000,387130000C,(04)23274275,(04)23288582,2025,09,7,19,37,臺中市,西屯區,0,0,0,5,,,40,,,,,,,,,,,,,,14,,,,,B03,,,1,,1,,,49,49,1,12,4,120.622393,24.179376,3
2658,66000,387130000C,(04)23274275,(04)23288582,2025,09,7,19,42,臺中市,南區,0,0,0,5,,,50,,,,,,,,,,,,,,17,,,,,B03,,,1,,1,,,7,7,1,13,4,120.655265,24.12072,3
2659,66000,387130000C,(04)23274275,(04)23288582,2025,09,7,19,42,臺中市,西屯區,0,1,0,5,1,6,40,4,1,1,4,4,6,6,2,1,1,4,1,2,16,3,10,3,1,B03,7,5,1,8,2,2,,39,39,1,12,4,120.64618,24.164286,2
2660,66000,387130000C,(04)23274275,(04)23288582,2025,09,7,19,43,臺中市,西屯區,0,0,0,5,,,50,,,,,,,,,,,,,,12,,,,,B03,,,1,,1,,,40,40,1,12,4,120.646454,24.164454,3
2661,66000,387130000C,(04)23274275,(04)23288582,2025,09,7,19,47,臺中市,北屯區,0,0,0,5,,,50,,,,,,,,,,,,,,13,,,,,B03,,,1,,1,,,7,7,1,6,4,120.690957,24.192692,3
2662,66000,387130000C,(04)23274275,(04)23288582,2025,09,7,19,52,臺中市,東區,0,1,0,5,1,6,50,4,1,1,4,4,6,6,2,1,10,5,5,2,16,3,10,3,1,B03,7,5,1,8,2,2,,84,84,1,12,4,120.701534,24.140173,2
2663,66000,387130000C,(04)23274275,(04)23288582,2025,09,7,19,54,臺中市,西屯區,0,2,0,5,1,6,50,13,9,1,4,1,6,6,4,4,1,4,5,1,2,2,9,5,4,C03,7,9,1,10,2,11,,59,59,1,13,4,120.599466,24.19216,2
2664,66000,387130000C,(04)23274275,(04)23288582,2025,09,7,19,55,臺中市,南屯區,0,0,0,5,1,6,50,13,9,1,4,4,6,6,1,1,5,2,5,2,12,,,,,B03,,,1,,1,,,47,47,1,12,4,120.65,24.131945,3
2665,66000,387130000C,(04)23274275,(04)23288582,2025,09,7,19,56,臺中市,北屯區,0,1,0,5,1,6,50,4,3,1,4,4,6,6,1,1,10,5,5,2,13,3,10,1,1,C03,7,9,1,10,2,11,,82,82,1,6,4,120.721033,24.172596,2
2666,66000,387130000C,(04)23274275,(04)23288582,2025,09,7,20,3,臺中市,南屯區,0,0,0,5,,,50,,,,,,,,,,,,,,,,,,,B03,,,1,,9,,,59,59,1,6,4,120.638385,24.146947,3
2667,66000,387130000C,(04)23274275,(04)23288582,2025,09,7,20,3,臺中市,南屯區,0,0,0,7,,,50,,,,,,,,,,,,,,12,,,,,B03,,,1,,9,,,59,59,1,12,4,120.630547,24.123794,3
2668,66000,387130000C,(04)23274275,(04)23288582,2025,09,7,20,5,臺中市,北屯區,0,0,0,5,,,50,,,,,,,,,,,,,,,,,,,B03,,,1,,1,,,84,84,1,13,4,120.662469,24.188557,3
2669,66000,387130000C,(04)23274275,(04)23288582,2025,09,7,20,9,臺中市,南區,0,0,0,5,,,30,,,,,,,,,,,,,,15,,,,,B03,,,1,,2,,,15,15,1,12,4,120.66262,24.119974,3
2670,66000,387130000C,(04)23274275,(04)23288582,2025,09,7,20,23,臺中市,龍井區,0,1,0,5,1,6,40,13,8,1,4,4,6,6,4,4,3,4,1,1,17,3,10,3,1,B03,7,1,1,8,2,16,,51,51,1,6,4,120.585272,24.186053,2
2671,66000,387130000C,(04)23274275,(04)23288582,2025,09,7,20,24,臺中市,烏日區,0,0,0,5,1,3,80,13,7,1,4,4,6,6,4,4,1,4,5,1,13,3,10,3,1,B03,7,9,1,8,1,1,,84,84,1,6,4,120.614543,24.105182,3
2672,66000,387130000C,(04)23274275,(04)23288582,2025,09,7,20,27,臺中市,南屯區,0,1,0,5,1,6,40,4,1,1,4,4,6,6,4,4,8,3,5,1,15,2,9,1,1,C03,7,9,1,10,2,12,,15,15,1,12,4,120.612469,24.147231,2
2673,66000,387130000C,(04)23274275,(04)23288582,2025,09,7,20,32,臺中市,太平區,0,1,0,5,1,6,50,13,9,1,4,4,6,6,4,4,9,5,5,2,30,2,9,2,1,C03,7,11,1,10,2,16,,84,84,1,12,4,120.702912,24.155321,2
2674,66000,387130000C,(04)23274275,(04)23288582,2025,09,7,20,35,臺中市,西屯區,0,1,0,5,1,6,50,4,1,1,4,4,6,6,1,1,10,5,5,2,12,3,10,5,4,B03,7,5,1,8,2,2,,11,11,1,12,4,120.666755,24.175127,2
2675,66000,387130000C,(04)23274275,(04)23288582,2025,09,7,20,37,臺中市,西屯區,0,0,0,5,,,40,,,,,,,,,,,,,,,,,,,B03,,,1,,1,,,59,59,1,12,4,120.638966,24.169054,3
2676,66000,387130000C,(04)23274275,(04)23288582,2025,09,7,20,41,臺中市,南屯區,0,2,0,5,1,6,50,13,9,1,4,4,6,6,4,4,9,4,5,2,17,2,9,1,1,C03,7,1,1,10,2,14,,51,51,1,12,4,120.651673,24.135987,2
2677,66000,387130000C,(04)23274275,(04)23288582,2025,09,7,20,41,臺中市,大里區,0,0,0,5,1,6,50,4,2,1,4,4,6,6,1,1,5,5,4,1,13,,,,,B03,,,1,,2,,,51,51,1,13,4,120.689769,24.110026,3
2678,66000,387130000C,(04)23274275,(04)23288582,2025,09,7,20,50,臺中市,霧峰區,0,1,0,5,1,6,50,11,9,1,4,4,6,6,4,4,4,5,5,1,17,3,10,3,1,A02,7,9,1,2,2,16,,4,4,1,12,4,120.688926,24.056871,2
2679,66000,387130000C,(04)23274275,(04)23288582,2025,09,7,20,53,臺中市,北區,0,0,0,5,,,50,,,,,,,,,,,,,,13,,,,,B03,,,1,,1,,,59,59,1,12,4,120.694446,24.158399,3
2680,66000,387130000C,(04)23274275,(04)23288582,2025,09,7,20,55,臺中市,北屯區,0,1,0,5,1,6,50,4,1,1,4,4,6,6,2,1,10,5,5,2,19,2,9,1,1,C03,7,9,1,10,2,11,,84,84,1,6,4,120.696538,24.179477,2
2681,66000,387130000C,(04)23274275,(04)23288582,2025,09,7,20,56,臺中市,南區,0,0,0,5,,,50,,,,,,,,,,,,,,14,,,,,B11,,,1,,1,,,49,49,1,13,4,120.683957,24.12972,3
2682,66000,387130000C,(04)23274275,(04)23288582,2025,09,7,20,57,臺中市,沙鹿區,0,1,0,5,1,6,50,4,2,1,4,4,6,6,3,1,5,5,5,1,20,2,9,2,1,C03,7,9,1,10,2,11,,59,59,1,6,4,120.573593,24.229074,2
2683,66000,387130000C,(04)23274275,(04)23288582,2025,09,7,20,59,臺中市,大里區,0,1,0,6,1,6,40,5,1,1,4,4,6,6,1,1,10,5,5,2,12,3,10,3,1,B03,7,1,1,8,2,4,,51,51,1,12,4,120.692215,24.115712,2
2684,66000,387130000C,(04)23274275,(04)23288582,2025,09,7,21,0,臺中市,和平區,0,0,0,5,3,2,30,13,9,1,4,4,6,6,4,4,10,5,5,1,12,3,10,3,1,B02,7,9,1,4,2,2,,82,82,1,6,4,121.29551,24.314903,3
2685,66000,387130000C,(04)23274275,(04)23288582,2025,09,7,21,15,臺中市,豐原區,0,2,0,5,1,6,50,3,1,1,4,4,6,6,2,1,1,2,4,1,13,2,9,1,1,C03,7,9,3,19,2,11,,84,84,1,13,4,120.716647,24.244116,2
2686,66000,387130000C,(04)23274275,(04)23288582,2025,09,7,21,17,臺中市,西屯區,0,1,0,5,1,6,50,4,1,1,4,4,6,6,2,1,5,4,5,2,12,3,10,2,1,C03,7,7,1,10,2,12,,40,40,1,5,4,120.646861,24.174894,2
2687,66000,387130000C,(04)23274275,(04)23288582,2025,09,7,21,18,臺中市,大里區,0,1,0,5,1,6,50,4,1,1,4,4,6,6,1,1,10,5,5,2,15,3,10,3,1,B03,7,9,3,19,2,1,,21,21,1,6,4,120.691048,24.081338,2
2688,66000,387130000C,(04)23274275,(04)23288582,2025,09,7,21,21,臺中市,南屯區,0,0,0,5,,,50,,,,,,,,,,,,,,14,,,,,B03,,,1,,2,,,49,49,1,6,4,120.645083,24.129316,3
2689,66000,387130000C,(04)23274275,(04)23288582,2025,09,7,21,21,臺中市,豐原區,0,0,0,5,,,50,,,,,,,,,,,,,,,,,,,B03,,,1,,2,,,58,58,1,13,4,120.70612,24.250038,3
2690,66000,387130000C,(04)23274275,(04)23288582,2025,09,7,21,33,臺中市,西屯區,0,0,0,5,,,30,,,,,,,,,,,,,,17,,,,,C03,,,1,,2,,,59,59,1,13,4,120.605814,24.186797,3
2691,66000,387130000C,(04)23274275,(04)23288582,2025,09,7,21,33,臺中市,后里區,0,0,0,7,,,50,,,,,,,,,,,,,,11,,,,,B03,,,1,,1,,,41,41,1,6,4,120.718709,24.30947,3
2692,66000,387130000C,(04)23274275,(04)23288582,2025,09,7,21,40,臺中市,南屯區,0,0,0,5,,,50,,,,,,,,,,,,,,,,,,,B03,,,1,,1,,,59,59,1,13,4,120.647803,24.147741,3
2693,66000,387130000C,(04)23274275,(04)23288582,2025,09,7,21,42,臺中市,北區,0,1,0,5,1,6,50,3,1,1,4,4,6,6,4,4,10,5,5,2,18,2,9,5,4,C03,7,9,1,10,2,12,,84,84,1,12,4,120.698465,24.156603,2
2694,66000,387130000C,(04)23274275,(04)23288582,2025,09,7,21,42,臺中市,霧峰區,0,1,0,5,1,6,50,5,1,1,4,4,6,6,1,1,5,5,5,1,16,2,8,1,1,C03,7,9,1,10,2,12,,58,58,1,12,4,120.715058,24.073572,2
2695,66000,387130000C,(04)23274275,(04)23288582,2025,09,7,21,48,臺中市,北屯區,0,1,0,5,1,6,50,11,9,1,4,4,6,6,4,4,3,5,5,2,18,2,9,1,1,C03,7,9,1,10,2,11,,84,84,1,13,4,120.784535,24.204257,2
2696,66000,387130000C,(04)23274275,(04)23288582,2025,09,7,21,49,臺中市,潭子區,0,0,0,5,,,30,,,,,,,,,,,,,,,,,,,B03,,,1,,2,,,49,49,1,13,4,120.700827,24.19074,3
2697,66000,387130000C,(04)23274275,(04)23288582,2025,09,7,21,49,臺中市,豐原區,0,0,0,5,,,30,,,,,,,,,,,,,,17,,,,,B03,,,1,,2,,,84,84,1,13,4,120.715808,24.259719,3
2698,66000,387130000C,(04)23274275,(04)23288582,2025,09,7,21,52,臺中市,北屯區,0,0,0,5,,,50,,,,,,,,,,,,,,12,,,,,B03,,,1,,1,,,40,40,1,6,4,120.721983,24.18158,3
2699,66000,387130000C,(04)23274275,(04)23288582,2025,09,7,21,53,臺中市,梧棲區,0,1,0,5,1,6,40,3,1,1,4,4,6,6,4,4,1,5,5,2,16,3,10,3,1,B03,7,5,1,8,2,4,,13,13,1,6,4,120.525578,24.224441,2
2700,66000,387130000C,(04)23274275,(04)23288582,2025,09,7,21,56,臺中市,北區,0,1,0,5,1,6,50,4,1,1,4,4,6,6,2,1,10,5,5,2,12,2,7,1,1,C03,7,9,1,10,9,16,,84,84,1,12,4,120.684806,24.162992,2
2701,66000,387130000C,(04)23274275,(04)23288582,2025,09,7,21,57,臺中市,大里區,0,1,0,5,1,6,50,4,1,1,4,4,6,6,1,1,10,5,5,2,17,3,10,3,1,B03,7,6,1,8,2,5,,20,20,1,6,4,120.70958,24.089081,2