﻿序號,縣市別代碼,機關代碼,市話,傳真,年,月,日,時,分,縣市,區,死亡數量,受傷數量,2-30,天候,道路照明設備,道路類別,道路速限,道路型態,事故位置,路面鋪裝,路面狀態,路面缺陷,障礙物,視距,號誌種類,號誌動作,分向設施,快車道或一般車道間,快慢車道間,路面邊線,事故類型及型態,受傷程度,主要傷處,保護裝備,行動電話或功能裝置,當事者區分_類別,車輛用途,當事者行動狀態,駕照狀態,駕照種類,飲酒情形,車輛撞擊部位最初,車輛撞擊部位其他,肇事因素個別,肇事因素主要,肇事逃逸,職業,共享經濟或外送平台,GPS座標X,GPS座標Y,事故類別
2814,66000,387130000C,(04)23274275,(04)23288582,2025,09,8,8,54,臺中市,霧峰區,0,0,0,7,,,40,,,,,,,,,,,,,,17,,,,,B03,,,1,,2,,,48,48,1,6,4,120.662629,24.067866,3
2815,66000,387130000C,(04)23274275,(04)23288582,2025,09,8,8,58,臺中市,西屯區,0,1,0,7,2,6,50,4,1,1,5,4,6,6,1,1,3,2,5,2,16,2,9,2,1,C03,7,9,1,10,2,11,,59,59,1,12,4,120.632127,24.170356,2
2816,66000,387130000C,(04)23274275,(04)23288582,2025,09,8,9,0,臺中市,神岡區,0,0,0,7,,,50,,,,,,,,,,,,,,12,,,,,B03,,,1,,1,,,7,7,1,13,4,120.662636,24.27119,3
2817,66000,387130000C,(04)23274275,(04)23288582,2025,09,8,9,2,臺中市,北屯區,0,0,0,7,,,30,,,,,,,,,,,,,,14,,,,,C03,,,1,,2,,,7,7,1,12,4,120.668509,24.181208,3
2818,66000,387130000C,(04)23274275,(04)23288582,2025,09,8,9,2,臺中市,烏日區,0,1,0,7,2,6,50,4,1,1,5,4,6,6,1,1,10,5,5,2,16,3,10,2,1,C03,7,6,1,10,2,14,,85,85,1,6,4,120.601945,24.107129,2
2819,66000,387130000C,(04)23274275,(04)23288582,2025,09,8,9,3,臺中市,西屯區,0,1,0,7,3,6,50,4,1,1,5,4,6,6,1,1,5,4,5,2,16,2,8,5,4,C03,7,9,1,10,2,11,,21,21,1,12,4,120.632558,24.182836,2
2820,66000,387130000C,(04)23274275,(04)23288582,2025,09,8,9,5,臺中市,豐原區,0,0,0,7,,,50,,,,,,,,,,,,,,14,,,,,B13,,,1,,2,,,49,49,1,13,4,120.706663,24.247673,3
2821,66000,387130000C,(04)23274275,(04)23288582,2025,09,8,9,5,臺中市,神岡區,0,1,0,7,2,6,50,3,1,1,5,4,6,6,1,1,10,5,5,2,17,2,9,2,1,C03,7,11,1,10,2,12,,48,48,1,6,4,120.682539,24.246123,2
2822,66000,387130000C,(04)23274275,(04)23288582,2025,09,8,9,7,臺中市,西屯區,0,1,0,7,2,6,40,3,1,1,5,4,6,6,4,4,10,5,5,2,13,3,10,1,4,C03,7,9,1,10,2,11,,7,7,1,13,4,120.663519,24.164156,2
2823,66000,387130000C,(04)23274275,(04)23288582,2025,09,8,9,14,臺中市,霧峰區,0,1,0,7,2,6,50,4,2,1,5,4,6,6,4,4,5,5,5,1,13,2,9,1,1,C03,7,9,1,10,2,12,,7,7,1,5,4,120.684885,24.051538,2
2824,66000,387130000C,(04)23274275,(04)23288582,2025,09,8,9,14,臺中市,梧棲區,0,0,0,7,,,50,,,,,,,,,,,,,,13,,,,,B03,,,1,,1,,,7,7,1,6,4,120.525651,24.224561,3
2825,66000,387130000C,(04)23274275,(04)23288582,2025,09,8,9,16,臺中市,北屯區,0,0,0,7,,,50,,,,,,,,,,,,,,17,,,,,B03,,,1,,2,,,51,51,1,12,4,120.71383,24.178194,3
2826,66000,387130000C,(04)23274275,(04)23288582,2025,09,8,9,19,臺中市,北屯區,0,1,0,7,2,6,50,13,7,1,5,4,6,6,4,4,9,5,4,2,17,3,10,3,1,B03,7,11,1,8,2,8,,42,42,1,6,4,120.677872,24.183143,2
2827,66000,387130000C,(04)23274275,(04)23288582,2025,09,8,9,19,臺中市,大肚區,0,0,0,7,,,30,,,,,,,,,,,,,,,,,,,B03,,,1,,2,,,84,84,1,6,4,120.57686,24.110339,3
2828,66000,387130000C,(04)23274275,(04)23288582,2025,09,8,9,19,臺中市,神岡區,0,0,0,7,,,50,,,,,,,,,,,,,,17,,,,,B03,,,1,,2,,,59,59,1,6,4,120.682777,24.246118,3
2829,66000,387130000C,(04)23274275,(04)23288582,2025,09,8,9,26,臺中市,潭子區,0,0,0,7,,3,80,,,,,,,,,,,,,,12,,,,,B03,,,1,,2,,,59,59,1,13,4,120.715395,24.199583,3
2830,66000,387130000C,(04)23274275,(04)23288582,2025,09,8,9,28,臺中市,霧峰區,0,1,0,7,2,6,50,3,1,1,5,4,6,6,4,4,5,5,5,1,16,2,9,4,1,F01,7,5,7,21,2,15,,14,14,1,13,4,120.701587,24.067617,2
2831,66000,387130000C,(04)23274275,(04)23288582,2025,09,8,9,29,臺中市,外埔區,0,0,0,7,2,6,50,11,9,1,5,4,6,6,4,4,5,4,5,1,12,,,,,A04,,,1,,1,,,8,8,1,6,4,120.655839,24.331584,3
2832,66000,387130000C,(04)23274275,(04)23288582,2025,09,8,9,33,臺中市,中區,0,1,0,7,2,6,40,13,24,1,5,4,6,6,4,4,5,4,5,2,9,3,10,3,1,B03,7,2,1,8,2,3,,49,49,1,12,4,120.679238,24.141847,2
2833,66000,387130000C,(04)23274275,(04)23288582,2025,09,8,9,34,臺中市,北屯區,0,1,0,7,1,6,50,4,2,1,5,4,6,6,1,1,3,4,5,2,12,2,9,3,1,B03,7,6,1,8,2,2,,11,11,1,13,4,120.720707,24.1712,2
2834,66000,387130000C,(04)23274275,(04)23288582,2025,09,8,9,36,臺中市,大里區,0,0,0,7,,,50,,,,,,,,,,,,,,12,,,,,B02,,,1,,2,,,84,84,1,6,4,120.689828,24.112792,3
2835,66000,387130000C,(04)23274275,(04)23288582,2025,09,8,9,37,臺中市,北區,0,2,0,7,3,6,50,18,24,1,5,4,6,6,2,1,10,5,5,2,17,2,9,5,4,C03,7,6,1,10,2,12,,48,48,1,13,4,120.672225,24.16235,2
2836,66000,387130000C,(04)23274275,(04)23288582,2025,09,8,9,37,臺中市,大里區,0,1,0,7,2,6,50,4,2,1,5,4,6,6,2,1,5,5,5,1,16,2,8,1,1,C03,7,9,1,10,2,14,12,7,7,1,6,4,120.688235,24.10165,2
2837,66000,387130000C,(04)23274275,(04)23288582,2025,09,8,9,38,臺中市,大雅區,0,2,0,7,3,6,30,4,2,1,5,4,6,6,4,4,5,2,5,1,17,2,9,1,1,C03,7,9,1,10,2,14,,13,13,1,12,4,120.653221,24.218115,2
2838,66000,387130000C,(04)23274275,(04)23288582,2025,09,8,9,40,臺中市,南屯區,0,0,0,7,,,30,,,,,,,,,,,,,,15,,,,,B03,,,1,,1,,,20,20,1,12,4,120.612759,24.138964,3
2839,66000,387130000C,(04)23274275,(04)23288582,2025,09,8,9,41,臺中市,大雅區,0,2,0,7,3,6,30,4,1,1,5,4,6,6,4,4,10,5,5,2,17,2,9,2,1,C03,7,9,1,10,2,11,,15,15,1,12,4,120.649095,24.227512,2
2840,66000,387130000C,(04)23274275,(04)23288582,2025,09,8,9,42,臺中市,北屯區,0,0,0,7,,,50,,,,,,,,,,,,,,13,,,,,C03,,,1,,1,,,59,59,1,13,4,120.693161,24.163464,3
2841,66000,387130000C,(04)23274275,(04)23288582,2025,09,8,9,46,臺中市,沙鹿區,0,0,0,7,,,40,,,,,,,,,,,,,,13,,,,,C03,,,1,,2,,,7,7,1,6,4,120.569342,24.237101,3
2842,66000,387130000C,(04)23274275,(04)23288582,2025,09,8,9,48,臺中市,南區,0,1,0,7,2,6,40,3,2,1,5,4,6,6,2,1,1,2,4,2,12,3,10,1,1,C03,7,9,1,10,2,14,,84,84,1,12,4,120.65679,24.113204,2
2843,66000,387130000C,(04)23274275,(04)23288582,2025,09,8,9,49,臺中市,西屯區,0,0,0,7,,,50,,,,,,,,,,,,,,13,,,,,B03,,,1,,2,,,7,7,1,12,4,120.627693,24.201611,3
2844,66000,387130000C,(04)23274275,(04)23288582,2025,09,8,9,54,臺中市,大里區,0,0,0,7,,3,80,,,,,,,,,,,,,,17,,,,,A12,,,1,,2,,,84,84,1,6,4,120.682776,24.077855,3
2845,66000,387130000C,(04)23274275,(04)23288582,2025,09,8,9,55,臺中市,太平區,0,0,0,7,,,50,,,,,,,,,,,,,,17,,,,,C03,,,1,,2,,,58,58,1,6,4,120.715711,24.147841,3
2846,66000,387130000C,(04)23274275,(04)23288582,2025,09,8,9,59,臺中市,豐原區,0,0,0,7,,,50,,,,,,,,,,,,,,12,,,,,C03,,,1,,2,,,8,8,1,12,4,120.735279,24.26011,3
2847,66000,387130000C,(04)23274275,(04)23288582,2025,09,8,10,0,臺中市,烏日區,0,0,0,7,2,6,30,13,24,1,5,4,6,6,4,4,10,4,5,2,12,3,10,3,1,B03,7,15,1,8,1,2,,87,87,1,6,4,120.616495,24.113493,3
2848,66000,387130000C,(04)23274275,(04)23288582,2025,09,8,10,5,臺中市,西屯區,0,0,0,7,,,30,,,,,,,,,,,,,,11,,,,,B03,,,1,,1,,,8,8,1,12,4,120.640605,24.169199,3
2849,66000,387130000C,(04)23274275,(04)23288582,2025,09,8,10,11,臺中市,西屯區,0,3,0,7,2,6,40,4,1,1,5,4,6,6,1,1,1,5,3,2,13,2,8,2,1,C03,7,9,1,10,2,11,,7,7,1,12,4,120.616508,24.182689,2
2850,66000,387130000C,(04)23274275,(04)23288582,2025,09,8,10,11,臺中市,霧峰區,0,1,0,7,2,6,30,11,9,1,5,4,6,6,4,4,10,5,5,2,18,2,9,1,1,C03,7,6,1,10,2,14,,59,59,1,6,4,120.719152,24.063651,2
2851,66000,387130000C,(04)23274275,(04)23288582,2025,09,8,10,12,臺中市,大里區,0,1,0,7,3,6,50,13,7,1,5,4,6,6,4,4,9,4,4,2,16,3,10,5,4,B03,7,11,1,8,2,8,,45,45,1,13,4,120.672951,24.116017,2
2852,66000,387130000C,(04)23274275,(04)23288582,2025,09,8,10,13,臺中市,北屯區,0,0,0,7,,,50,,,,,,,,,,,,,,17,,,,,A05,,,1,,1,,,84,84,1,12,4,120.731274,24.172919,3
2853,66000,387130000C,(04)23274275,(04)23288582,2025,09,8,10,19,臺中市,北屯區,0,1,0,7,2,6,50,4,1,1,5,4,6,6,4,4,10,5,5,2,15,2,9,2,1,C03,7,9,1,10,2,12,,12,12,1,12,4,120.687573,24.171241,2
2854,66000,387130000C,(04)23274275,(04)23288582,2025,09,8,10,20,臺中市,大里區,0,2,0,7,2,6,30,4,1,1,5,4,6,6,4,4,10,5,5,2,15,2,9,1,1,C03,7,9,1,10,2,11,14,15,15,1,6,4,120.691276,24.120086,2
2855,66000,387130000C,(04)23274275,(04)23288582,2025,09,8,10,27,臺中市,東區,0,1,0,7,2,6,50,4,1,1,5,4,6,6,2,1,10,5,5,2,17,3,10,2,1,C03,7,6,3,19,9,16,,48,48,1,6,4,120.692439,24.138964,2
2856,66000,387130000C,(04)23274275,(04)23288582,2025,09,8,10,28,臺中市,西屯區,0,0,0,7,,,30,,,,,,,,,,,,,,17,,,,,B03,,,1,,2,,,8,8,1,12,4,120.660707,24.176013,3
2857,66000,387130000C,(04)23274275,(04)23288582,2025,09,8,10,30,臺中市,西屯區,0,0,0,7,,,50,,,,,,,,,,,,,,,,,,,B12,,,1,,1,,,7,7,1,12,4,120.634366,24.164686,3
2858,66000,387130000C,(04)23274275,(04)23288582,2025,09,8,10,30,臺中市,豐原區,0,2,0,7,3,6,30,13,9,1,2,4,6,6,4,4,10,5,5,1,10,2,9,1,1,C03,7,9,1,10,2,11,,84,84,1,12,4,120.731278,24.271061,2
2859,66000,387130000C,(04)23274275,(04)23288582,2025,09,8,10,33,臺中市,西區,0,0,0,7,,,40,,,,,,,,,,,,,,,,,,,C03,,,1,,1,,,84,84,1,12,4,120.670369,24.143446,3
2860,66000,387130000C,(04)23274275,(04)23288582,2025,09,8,10,35,臺中市,大肚區,0,0,0,7,,,30,,,,,,,,,,,,,,17,,,,,B12,,,1,,2,,,8,8,1,6,4,120.57538,24.171291,3
2861,66000,387130000C,(04)23274275,(04)23288582,2025,09,8,10,36,臺中市,北區,0,2,0,7,2,6,50,4,1,1,5,4,6,6,1,1,10,5,5,2,17,2,9,5,4,C03,7,15,1,10,2,12,,8,8,1,13,4,120.673598,24.165253,2
2862,66000,387130000C,(04)23274275,(04)23288582,2025,09,8,10,40,臺中市,豐原區,0,0,0,7,,,50,,,,,,,,,,,,,,14,,,,,B03,,,1,,2,,,49,49,1,13,4,120.720948,24.268919,3
2863,66000,387130000C,(04)23274275,(04)23288582,2025,09,8,10,45,臺中市,南屯區,0,1,0,7,3,6,50,4,1,1,5,4,6,6,4,4,5,5,5,2,15,2,9,1,1,C04,7,9,1,11,2,11,,15,15,1,12,4,120.650588,24.155187,2
2864,66000,387130000C,(04)23274275,(04)23288582,2025,09,8,10,45,臺中市,西屯區,0,0,0,7,,,30,,,,,,,,,,,,,,17,,,,,B03,,,1,,2,,,84,84,1,13,4,120.614485,24.182158,3
2865,66000,387130000C,(04)23274275,(04)23288582,2025,09,8,10,47,臺中市,大雅區,0,0,0,7,,,50,,,,,,,,,,,,,,,,,,,B12,,,1,,1,,,8,8,1,12,4,120.645559,24.221903,3
2866,66000,387130000C,(04)23274275,(04)23288582,2025,09,8,10,51,臺中市,烏日區,0,0,0,7,,,50,,,,,,,,,,,,,,13,,,,,B12,,,1,,1,,,82,82,1,12,4,120.649761,24.111329,3
2867,66000,387130000C,(04)23274275,(04)23288582,2025,09,8,10,54,臺中市,太平區,0,0,0,7,,,50,,,,,,,,,,,,,,13,,,,,C03,,,1,,2,,,7,7,1,12,4,120.715839,24.151971,3
2868,66000,387130000C,(04)23274275,(04)23288582,2025,09,8,10,54,臺中市,清水區,0,0,0,7,,,50,,,,,,,,,,,,,,,,,,,B03,,,1,,2,,,50,50,1,12,4,120.559251,24.269771,3
2869,66000,387130000C,(04)23274275,(04)23288582,2025,09,8,10,55,臺中市,西區,0,0,0,7,,,40,,,,,,,,,,,,,,17,,,,,B03,,,1,,1,,,43,43,1,12,4,120.658318,24.158217,3
2870,66000,387130000C,(04)23274275,(04)23288582,2025,09,8,10,55,臺中市,西屯區,0,1,0,7,2,6,50,3,1,1,5,4,6,6,4,4,10,5,5,2,16,3,10,5,1,C03,7,9,1,10,2,12,,4,4,1,12,4,120.616577,24.181635,2
2871,66000,387130000C,(04)23274275,(04)23288582,2025,09,8,10,56,臺中市,霧峰區,0,1,0,7,2,6,50,4,1,1,5,4,6,6,1,1,10,5,5,2,17,3,10,2,1,C03,7,15,1,10,2,12,,84,84,1,6,4,120.695904,24.065775,2
2872,66000,387130000C,(04)23274275,(04)23288582,2025,09,8,10,58,臺中市,太平區,0,0,0,7,,,50,,,,,,,,,,,,,,17,,,,,B12,,,1,,1,,,49,49,1,6,4,120.704221,24.115228,3
2873,66000,387130000C,(04)23274275,(04)23288582,2025,09,8,11,0,臺中市,南屯區,0,1,0,7,3,6,50,5,1,1,5,4,6,6,1,1,10,5,5,2,16,3,10,3,1,B03,7,5,1,8,2,2,,84,84,1,12,4,120.654522,24.135095,2
2874,66000,387130000C,(04)23274275,(04)23288582,2025,09,8,11,1,臺中市,西區,0,0,0,7,,,50,,,,,,,,,,,,,,,,,,,B03,,,1,,2,,,84,84,1,12,4,120.658105,24.146581,3
2875,66000,387130000C,(04)23274275,(04)23288582,2025,09,8,11,3,臺中市,太平區,0,1,0,5,3,6,30,13,9,1,4,4,6,6,4,4,10,5,5,2,11,2,9,2,1,C03,7,9,1,10,2,14,,41,41,1,12,4,120.758377,24.123812,2
2876,66000,387130000C,(04)23274275,(04)23288582,2025,09,8,11,7,臺中市,南屯區,0,0,0,7,,,50,,,,,,,,,,,,,,,,,,,B03,,,1,,1,,,40,40,1,12,4,120.585399,24.166336,3
2877,66000,387130000C,(04)23274275,(04)23288582,2025,09,8,11,10,臺中市,西區,0,0,0,7,,,0,,,,,,,,,,,,,,17,,,,,C02,,,1,,9,,,39,39,2,12,4,120.676328,24.134479,3
2878,66000,387130000C,(04)23274275,(04)23288582,2025,09,8,11,11,臺中市,大肚區,0,0,0,7,,,50,,,,,,,,,,,,,,,,,,,B03,,,5,,1,,,7,7,1,6,4,120.561387,24.125197,3
2879,66000,387130000C,(04)23274275,(04)23288582,2025,09,8,11,12,臺中市,清水區,0,0,0,7,,,30,,,,,,,,,,,,,,,,,,,C03,,,1,,1,,,7,7,1,12,4,120.583837,24.2894,3
2880,66000,387130000C,(04)23274275,(04)23288582,2025,09,8,11,15,臺中市,太平區,0,1,0,7,3,6,50,4,1,1,5,4,6,6,4,4,10,5,5,2,13,3,10,3,1,B12,7,6,1,8,2,1,,58,58,1,6,4,120.718197,24.125791,2
2881,66000,387130000C,(04)23274275,(04)23288582,2025,09,8,11,15,臺中市,后里區,0,0,0,7,2,6,50,13,14,1,5,4,6,6,4,4,9,4,5,1,12,,,,,B03,,,1,,1,,,8,8,1,6,4,120.716339,24.307049,3
2882,66000,387130000C,(04)23274275,(04)23288582,2025,09,8,11,17,臺中市,南屯區,0,1,0,7,3,6,50,13,9,1,5,4,6,6,1,1,1,2,1,2,17,3,10,3,1,B03,7,5,1,8,2,16,,47,47,1,12,4,120.623691,24.150198,2
2883,66000,387130000C,(04)23274275,(04)23288582,2025,09,8,11,18,臺中市,太平區,0,0,0,7,,3,40,,,,,,,,,,,,,,13,,,,,B03,,,1,,2,,,7,7,1,12,4,120.714272,24.148696,3
2884,66000,387130000C,(04)23274275,(04)23288582,2025,09,8,11,19,臺中市,太平區,0,0,0,7,,,50,,,,,,,,,,,,,,17,,,,,F01,,,7,,2,,,8,8,1,12,4,120.720385,24.120843,3
2885,66000,387130000C,(04)23274275,(04)23288582,2025,09,8,11,25,臺中市,大雅區,0,0,0,7,,,50,,,,,,,,,,,,,,,,,,,B03,,,1,,1,,,39,39,1,12,4,120.649111,24.224753,3
2886,66000,387130000C,(04)23274275,(04)23288582,2025,09,8,11,25,臺中市,南區,0,1,0,7,2,6,50,4,1,1,5,4,6,6,2,1,10,5,5,2,16,2,7,1,1,C03,7,9,1,10,1,14,,84,84,1,12,4,120.68096,24.127731,2
2887,66000,387130000C,(04)23274275,(04)23288582,2025,09,8,11,25,臺中市,大里區,0,0,0,7,,,50,,,,,,,,,,,,,,13,,,,,B03,,,1,,2,,,59,59,1,13,4,120.676758,24.097562,3
2888,66000,387130000C,(04)23274275,(04)23288582,2025,09,8,11,26,臺中市,南區,0,0,0,7,,,30,,,,,,,,,,,,,,17,,,,,B03,,,2,,2,,,84,84,1,13,4,120.655386,24.132002,3
2889,66000,387130000C,(04)23274275,(04)23288582,2025,09,8,11,29,臺中市,西屯區,0,0,0,7,,,30,,,,,,,,,,,,,,,,,,,A11,,,1,3,2,,,84,84,1,12,4,120.635365,24.188204,3
2890,66000,387130000C,(04)23274275,(04)23288582,2025,09,8,11,30,臺中市,新社區,0,0,0,7,,,50,,,,,,,,,,,,,,,,,,,B12,,,1,,1,,,51,51,1,12,4,120.808522,24.247604,4
2891,66000,387130000C,(04)23274275,(04)23288582,2025,09,8,11,31,臺中市,沙鹿區,0,0,0,7,,,50,,,,,,,,,,,,,,17,,,,,B12,,,1,,9,,,8,8,1,12,4,120.557547,24.232912,3
2892,66000,387130000C,(04)23274275,(04)23288582,2025,09,8,11,37,臺中市,西屯區,0,0,0,7,,,30,,,,,,,,,,,,,,14,,,,,C03,,,1,,1,,,49,49,1,12,4,120.644417,24.17567,3
2893,66000,387130000C,(04)23274275,(04)23288582,2025,09,8,11,40,臺中市,北區,0,1,0,7,2,6,50,4,1,1,5,4,6,6,1,1,10,5,5,2,17,3,10,5,4,B12,7,9,1,8,2,1,,7,7,1,13,4,120.666004,24.159022,2
2894,66000,387130000C,(04)23274275,(04)23288582,2025,09,8,11,40,臺中市,西屯區,0,0,0,7,,,50,,,,,,,,,,,,,,14,,,,,C03,,,1,,2,,,49,49,1,13,4,120.604227,24.185258,4
2895,66000,387130000C,(04)23274275,(04)23288582,2025,09,8,11,41,臺中市,潭子區,0,0,0,7,,,40,,,,,,,,,,,,,,,,,,,C03,,,1,,2,,,59,59,1,12,4,120.694091,24.220701,3
2896,66000,387130000C,(04)23274275,(04)23288582,2025,09,8,11,45,臺中市,梧棲區,0,1,0,7,3,6,70,4,1,1,5,4,6,6,1,1,10,5,5,2,16,3,10,3,1,B03,7,6,1,8,2,5,,25,25,1,6,4,120.528349,24.253024,2
2897,66000,387130000C,(04)23274275,(04)23288582,2025,09,8,11,45,臺中市,沙鹿區,0,0,0,7,,,60,,,,,,,,,,,,,,13,,,,,B03,,,1,,1,,,82,82,1,6,4,120.596851,24.250311,3
2898,66000,387130000C,(04)23274275,(04)23288582,2025,09,8,11,46,臺中市,北區,0,0,0,7,3,6,50,4,1,1,5,4,6,6,4,4,10,5,5,2,17,,,,,B12,,,1,,2,,,13,13,1,13,4,120.691035,24.155857,3
2899,66000,387130000C,(04)23274275,(04)23288582,2025,09,8,11,46,臺中市,豐原區,0,0,0,7,,,30,,,,,,,,,,,,,,17,,,,,B12,,,1,,2,,,14,14,1,12,4,120.718034,24.275248,3
2900,66000,387130000C,(04)23274275,(04)23288582,2025,09,8,11,47,臺中市,北屯區,0,0,0,7,,,50,,,,,,,,,,,,,,,,,,,B03,,,1,,1,,,50,50,1,13,4,120.682558,24.191865,3
2901,66000,387130000C,(04)23274275,(04)23288582,2025,09,8,11,50,臺中市,西屯區,0,0,0,7,,,50,,,,,,,,,,,,,,13,,,,,B03,,,1,,1,,,59,59,1,12,4,120.643913,24.156379,4
2902,66000,387130000C,(04)23274275,(04)23288582,2025,09,8,11,50,臺中市,神岡區,0,0,0,7,,,50,,,,,,,,,,,,,,12,,,,,B12,,,1,,2,,,8,8,1,13,4,120.65382,24.258389,3
2903,66000,387130000C,(04)23274275,(04)23288582,2025,09,8,11,51,臺中市,豐原區,0,0,0,7,,,30,,,,,,,,,,,,,,16,,,,,B03,,,1,,2,,,14,14,1,12,4,120.730994,24.237539,3
2904,66000,387130000C,(04)23274275,(04)23288582,2025,09,8,11,52,臺中市,北屯區,0,1,0,7,1,6,50,5,1,1,5,4,6,6,2,1,10,5,5,2,16,2,9,2,1,F03,7,1,7,21,2,11,,51,51,1,12,4,120.695,24.177807,2
2905,66000,387130000C,(04)23274275,(04)23288582,2025,09,8,11,53,臺中市,北區,0,1,0,7,2,6,50,4,9,1,5,4,6,6,1,1,1,4,5,2,17,3,10,5,4,C03,7,15,1,10,2,12,,42,42,1,13,4,120.683069,24.148152,2
2906,66000,387130000C,(04)23274275,(04)23288582,2025,09,8,11,54,臺中市,大肚區,0,1,0,7,2,6,50,13,9,1,5,4,6,6,4,4,4,5,4,2,18,2,9,1,1,C03,7,9,1,10,2,12,,84,84,1,6,4,120.560981,24.160851,2
2907,66000,387130000C,(04)23274275,(04)23288582,2025,09,8,12,0,臺中市,霧峰區,0,0,0,7,,,50,,,,,,,,,,,,,,,,,,,B12,,,1,,2,,,49,49,1,12,4,120.69681,24.061961,3
2908,66000,387130000C,(04)23274275,(04)23288582,2025,09,8,12,2,臺中市,北區,0,2,0,7,2,6,50,4,1,1,5,4,6,6,1,1,5,5,5,2,17,2,9,5,1,C03,7,9,1,10,2,12,,21,21,1,13,4,120.678916,24.157257,2
2909,66000,387130000C,(04)23274275,(04)23288582,2025,09,8,12,3,臺中市,北屯區,0,0,0,7,,,50,,,,,,,,,,,,,,30,,,,,C03,,,1,,1,,,82,82,1,12,4,120.692696,24.162507,4
2910,66000,387130000C,(04)23274275,(04)23288582,2025,09,8,12,5,臺中市,東區,0,0,0,7,,,50,,,,,,,,,,,,,,17,,,,,,,,,,,,,119,119,1,,,120.687017,24.12958,3
2911,66000,387130000C,(04)23274275,(04)23288582,2025,09,8,12,8,臺中市,龍井區,0,1,0,7,2,6,60,4,1,1,5,4,6,6,2,1,10,5,5,2,16,3,10,3,1,B12,7,5,1,8,2,6,,47,47,1,6,4,120.575823,24.177796,2
2912,66000,387130000C,(04)23274275,(04)23288582,2025,09,8,12,12,臺中市,西屯區,0,2,0,7,2,6,40,4,2,1,5,4,6,6,2,1,10,5,5,2,13,3,10,3,1,B03,7,9,1,8,2,1,,6,6,1,12,4,120.645914,24.164454,2
2913,66000,387130000C,(04)23274275,(04)23288582,2025,09,8,12,12,臺中市,太平區,0,0,0,7,,,30,,,,,,,,,,,,,,17,,,,,C03,,,1,,2,,,84,84,1,12,4,120.727346,24.148536,3
2914,66000,387130000C,(04)23274275,(04)23288582,2025,09,8,12,19,臺中市,北屯區,0,2,0,7,2,6,30,3,1,1,5,4,6,6,4,4,10,5,5,2,16,2,7,1,1,C03,7,6,1,10,2,14,,85,85,1,13,4,120.670013,24.178961,2
2915,66000,387130000C,(04)23274275,(04)23288582,2025,09,8,12,20,臺中市,西區,0,1,0,7,2,6,50,5,1,1,5,4,6,6,1,1,10,5,5,2,16,3,10,3,1,B03,7,5,1,8,2,5,,85,85,1,12,4,120.672723,24.131751,2
2916,66000,387130000C,(04)23274275,(04)23288582,2025,09,8,12,25,臺中市,南屯區,0,0,0,7,,,50,,,,,,,,,,,,,,13,,,,,B03,,,1,,1,,,58,58,1,12,4,120.63766,24.14694,3
2917,66000,387130000C,(04)23274275,(04)23288582,2025,09,8,12,28,臺中市,烏日區,0,0,0,7,,,60,,,,,,,,,,,,,,14,,,,,A12,,,1,,1,,,49,49,1,6,4,120.646196,24.06806,3
2918,66000,387130000C,(04)23274275,(04)23288582,2025,09,8,12,31,臺中市,西屯區,0,1,0,7,2,6,50,13,8,1,5,4,6,6,4,4,5,5,4,2,17,2,9,2,1,C03,7,9,1,10,2,11,,59,59,1,12,4,120.662399,24.170221,2
2919,66000,387130000C,(04)23274275,(04)23288582,2025,09,8,12,34,臺中市,西屯區,0,1,0,7,3,6,50,4,2,1,5,4,6,6,1,1,5,4,5,2,13,2,9,5,4,C03,7,9,1,10,1,11,,7,7,1,12,4,120.654795,24.176091,2
2920,66000,387130000C,(04)23274275,(04)23288582,2025,09,8,12,34,臺中市,豐原區,0,2,0,7,2,6,60,13,8,1,5,4,6,6,4,4,1,4,4,1,16,3,10,3,1,B03,7,5,1,8,2,2,,47,47,1,12,4,120.737582,24.254185,2
2921,66000,387130000C,(04)23274275,(04)23288582,2025,09,8,12,43,臺中市,潭子區,0,0,0,7,,,50,,,,,,,,,,,,,,,,,,,B03,,,1,,1,,,51,51,1,12,4,120.683854,24.216056,4
2922,66000,387130000C,(04)23274275,(04)23288582,2025,09,8,12,43,臺中市,沙鹿區,0,1,0,7,2,6,1,4,1,1,5,4,6,6,1,1,10,5,5,2,13,2,9,2,1,C03,7,9,1,10,2,11,,7,7,1,6,4,120.581067,24.201381,2
2923,66000,387130000C,(04)23274275,(04)23288582,2025,09,8,12,44,臺中市,中區,0,1,0,7,2,6,30,4,2,1,5,4,6,6,4,4,5,5,5,2,3,3,10,5,4,B12,7,2,1,8,2,6,,49,49,1,13,4,120.678454,24.145499,2
2924,66000,387130000C,(04)23274275,(04)23288582,2025,09,8,12,44,臺中市,北區,0,0,0,7,,,50,,,,,,,,,,,,,,14,,,,,B03,,,1,,1,,,49,49,1,13,4,120.671381,24.171796,3
2925,66000,387130000C,(04)23274275,(04)23288582,2025,09,8,12,50,臺中市,龍井區,0,1,0,7,2,6,30,3,1,1,5,4,6,6,4,4,10,5,5,2,14,3,10,3,1,B12,7,2,1,8,2,3,,49,49,1,6,4,120.547877,24.199297,2
2926,66000,387130000C,(04)23274275,(04)23288582,2025,09,8,12,55,臺中市,神岡區,0,1,0,7,3,6,60,3,1,1,5,4,6,6,1,1,3,4,5,1,12,3,10,3,1,B12,7,13,1,8,2,4,,93,93,1,13,4,120.692678,24.248299,2