﻿序號,縣市別代碼,機關代碼,市話,傳真,年,月,日,時,分,縣市,區,死亡數量,受傷數量,2-30,天候,道路照明設備,道路類別,道路速限,道路型態,事故位置,路面鋪裝,路面狀態,路面缺陷,障礙物,視距,號誌種類,號誌動作,分向設施,快車道或一般車道間,快慢車道間,路面邊線,事故類型及型態,受傷程度,主要傷處,保護裝備,行動電話或功能裝置,當事者區分_類別,車輛用途,當事者行動狀態,駕照狀態,駕照種類,飲酒情形,車輛撞擊部位最初,車輛撞擊部位其他,肇事因素個別,肇事因素主要,肇事逃逸,職業,共享經濟或外送平台,GPS座標X,GPS座標Y,事故類別
2927,66000,387130000C,(04)23274275,(04)23288582,2025,09,8,12,59,臺中市,南屯區,0,0,0,7,2,6,40,13,8,1,5,4,6,6,4,4,1,4,4,2,13,3,10,2,1,C03,7,9,1,10,2,11,,59,59,1,12,4,120.630565,24.144831,3
2928,66000,387130000C,(04)23274275,(04)23288582,2025,09,8,13,0,臺中市,南屯區,0,0,0,7,3,6,50,13,9,1,5,4,6,6,4,4,5,4,5,2,13,,,,,C03,,,1,,2,,,7,7,1,12,4,120.608879,24.13881,3
2929,66000,387130000C,(04)23274275,(04)23288582,2025,09,8,13,2,臺中市,南區,0,1,0,7,2,6,50,13,7,1,5,4,6,6,4,4,5,4,4,2,12,2,8,1,1,C03,7,8,1,10,2,14,,40,40,1,13,4,120.678202,24.132286,2
2930,66000,387130000C,(04)23274275,(04)23288582,2025,09,8,13,3,臺中市,西屯區,0,0,0,7,,,0,,,,,,,,,,,,,,17,,,,,B03,,,1,,1,,,51,51,1,13,4,120.616652,24.185956,3
2931,66000,387130000C,(04)23274275,(04)23288582,2025,09,8,13,8,臺中市,南屯區,0,0,0,7,,,50,,,,,,,,,,,,,,12,,,,,B03,,,1,,1,,,50,50,1,6,4,120.646811,24.144505,3
2932,66000,387130000C,(04)23274275,(04)23288582,2025,09,8,13,20,臺中市,北屯區,0,0,0,7,,,50,,,,,,,,,,,,,,13,,,,,B03,,,1,,9,,,7,7,1,12,4,120.719908,24.174948,3
2933,66000,387130000C,(04)23274275,(04)23288582,2025,09,8,13,20,臺中市,豐原區,0,0,0,7,,,50,,,,,,,,,,,,,,13,,,,,A04,,,1,,2,,,84,84,1,13,4,120.715755,24.256475,3
2934,66000,387130000C,(04)23274275,(04)23288582,2025,09,8,13,21,臺中市,大雅區,0,0,0,7,,,50,,,,,,,,,,,,,,,,,,,B03,,,1,,2,,,48,48,1,13,4,120.657826,24.244351,3
2935,66000,387130000C,(04)23274275,(04)23288582,2025,09,8,13,24,臺中市,太平區,0,0,0,7,,,30,,,,,,,,,,,,,,,,,,,B12,,,1,,2,,,76,76,1,12,4,120.727008,24.126905,3
2936,66000,387130000C,(04)23274275,(04)23288582,2025,09,8,13,26,臺中市,西區,0,1,0,7,2,6,50,4,1,1,5,4,6,6,1,1,10,5,5,2,13,3,10,1,1,C03,7,9,1,9,2,11,,59,59,1,13,4,120.665279,24.144329,2
2937,66000,387130000C,(04)23274275,(04)23288582,2025,09,8,13,30,臺中市,清水區,0,0,0,7,,,60,,,,,,,,,,,,,,,,,,,B03,,,1,,2,,,84,84,1,12,4,120.547773,24.292445,3
2938,66000,387130000C,(04)23274275,(04)23288582,2025,09,8,13,32,臺中市,清水區,0,0,0,7,,,70,,,,,,,,,,,,,,,,,,,B03,,,1,,1,,,59,59,1,12,4,120.565613,24.266545,3
2939,66000,387130000C,(04)23274275,(04)23288582,2025,09,8,13,33,臺中市,西區,0,3,0,7,3,6,50,4,1,1,5,4,6,6,1,1,10,5,5,2,16,2,9,2,1,C03,7,6,1,10,2,11,,48,48,1,12,4,120.65714,24.157107,2
2940,66000,387130000C,(04)23274275,(04)23288582,2025,09,8,13,34,臺中市,北屯區,0,0,0,7,,,50,,,,,,,,,,,,,,,,,,,B03,,,1,,1,,,7,7,1,6,4,120.676753,24.201413,3
2941,66000,387130000C,(04)23274275,(04)23288582,2025,09,8,13,37,臺中市,西屯區,0,0,0,7,,,50,,,,,,,,,,,,,,17,,,,,B02,,,1,,1,,,49,49,1,12,4,120.632516,24.182843,3
2942,66000,387130000C,(04)23274275,(04)23288582,2025,09,8,13,43,臺中市,南屯區,0,1,0,7,3,6,50,13,7,1,5,4,6,6,4,4,5,5,4,2,17,2,9,1,1,C03,7,11,1,10,2,12,,39,39,1,12,4,120.644037,24.153342,2
2943,66000,387130000C,(04)23274275,(04)23288582,2025,09,8,13,47,臺中市,南屯區,0,1,0,7,2,6,50,13,9,1,5,4,6,6,4,4,10,5,5,2,25,2,7,3,1,B03,7,9,1,8,2,5,,59,59,1,12,4,120.650559,24.133561,2
2944,66000,387130000C,(04)23274275,(04)23288582,2025,09,8,13,50,臺中市,北區,0,0,0,7,,,50,,,,,,,,,,,,,,17,,,,,B12,,,1,,1,,,49,49,1,13,4,120.667709,24.162636,3
2945,66000,387130000C,(04)23274275,(04)23288582,2025,09,8,13,50,臺中市,太平區,0,1,0,7,3,6,40,13,8,1,5,4,6,6,4,4,5,2,5,2,17,2,8,1,1,F03,7,9,7,21,2,11,,54,54,1,6,4,120.703722,24.154187,2
2946,66000,387130000C,(04)23274275,(04)23288582,2025,09,8,13,50,臺中市,太平區,0,0,0,7,,,50,,,,,,,,,,,,,,,,,,,B03,,,1,,1,,,50,50,1,12,4,120.72009,24.106681,3
2947,66000,387130000C,(04)23274275,(04)23288582,2025,09,8,13,50,臺中市,后里區,0,0,0,7,1,6,30,13,9,1,5,4,6,6,4,4,10,5,5,2,12,,,,,A11,,,1,,11,,,8,8,1,6,4,120.744421,24.322783,3
2948,66000,387130000C,(04)23274275,(04)23288582,2025,09,8,13,51,臺中市,大肚區,0,0,0,7,,,70,,,,,,,,,,,,,,,,,,,B11,,,1,,1,,,7,7,1,6,4,120.552802,24.135826,3
2949,66000,387130000C,(04)23274275,(04)23288582,2025,09,8,13,58,臺中市,西區,0,2,0,7,3,6,50,4,1,1,5,4,6,6,1,1,10,5,5,2,13,2,9,1,1,C03,7,9,1,10,2,11,,84,84,1,5,4,120.66751,24.136258,2
2950,66000,387130000C,(04)23274275,(04)23288582,2025,09,8,13,58,臺中市,沙鹿區,0,2,0,7,2,6,40,13,8,1,5,4,6,6,4,4,1,5,5,1,17,2,8,1,1,C03,7,9,1,10,2,11,12,8,8,1,6,4,120.581112,24.210152,2
2951,66000,387130000C,(04)23274275,(04)23288582,2025,09,8,13,59,臺中市,大里區,0,2,0,7,2,6,50,3,1,1,5,4,6,6,4,4,5,5,5,1,16,2,9,2,1,C03,7,6,1,10,2,11,,14,14,1,13,4,120.708868,24.083383,2
2952,66000,387130000C,(04)23274275,(04)23288582,2025,09,8,14,0,臺中市,西區,0,0,0,7,,,50,,,,,,,,,,,,,,,,,,,B03,,,1,,1,,,49,49,1,13,4,120.679488,24.13806,3
2953,66000,387130000C,(04)23274275,(04)23288582,2025,09,8,14,0,臺中市,沙鹿區,0,0,0,7,,,40,,,,,,,,,,,,,,,,,,,B03,,,1,,1,,,11,11,1,13,4,120.56906,24.237463,3
2954,66000,387130000C,(04)23274275,(04)23288582,2025,09,8,14,1,臺中市,大里區,0,0,0,7,,,30,,,,,,,,,,,,,,30,,,,,A11,,,1,,1,,,84,84,1,6,4,120.701758,24.106364,3
2955,66000,387130000C,(04)23274275,(04)23288582,2025,09,8,14,7,臺中市,大甲區,0,0,0,7,,,40,,,,,,,,,,,,,,,,,,,B03,,,1,,1,,,7,7,1,12,4,120.613166,24.348281,3
2956,66000,387130000C,(04)23274275,(04)23288582,2025,09,8,14,11,臺中市,東區,0,0,0,7,,,50,,,,,,,,,,,,,,16,,,,,C03,,,1,,1,,,11,11,1,12,4,120.700094,24.140028,3
2957,66000,387130000C,(04)23274275,(04)23288582,2025,09,8,14,11,臺中市,北屯區,0,0,0,7,,,50,,,,,,,,,,,,,,12,,,,,B13,,,1,,1,,,8,8,1,12,4,120.702647,24.169985,3
2958,66000,387130000C,(04)23274275,(04)23288582,2025,09,8,14,13,臺中市,豐原區,0,0,0,7,,,50,,,,,,,,,,,,,,17,,,,,A12,,,1,,2,,,84,84,1,13,4,120.727018,24.25452,3
2959,66000,387130000C,(04)23274275,(04)23288582,2025,09,8,14,14,臺中市,北屯區,0,0,0,7,,,50,,,,,,,,,,,,,,,,,,,B03,,,1,,1,,,84,84,1,13,4,120.69027,24.175683,3
2960,66000,387130000C,(04)23274275,(04)23288582,2025,09,8,14,14,臺中市,烏日區,0,0,0,5,,,50,,,,,,,,,,,,,,,,,,,B12,,,1,,2,,,49,49,1,12,4,120.647009,24.062868,3
2961,66000,387130000C,(04)23274275,(04)23288582,2025,09,8,14,18,臺中市,北區,0,2,0,7,3,6,50,13,9,1,5,4,6,6,4,4,2,4,5,2,17,3,10,5,4,C03,7,15,1,10,2,14,,84,84,1,13,4,120.674932,24.173502,2
2962,66000,387130000C,(04)23274275,(04)23288582,2025,09,8,14,19,臺中市,大甲區,0,1,0,7,2,6,50,4,1,1,5,4,6,6,1,1,10,5,5,2,13,3,10,2,1,C03,7,9,1,10,2,11,,58,58,1,6,4,120.621805,24.353367,2
2963,66000,387130000C,(04)23274275,(04)23288582,2025,09,8,14,21,臺中市,大里區,0,2,0,6,2,6,50,4,1,1,5,4,6,6,1,1,10,5,5,2,15,2,9,2,1,C03,7,9,1,10,2,11,,21,21,1,6,4,120.701128,24.096189,2
2964,66000,387130000C,(04)23274275,(04)23288582,2025,09,8,14,22,臺中市,北屯區,0,0,0,7,,,50,,,,,,,,,,,,,,13,,,,,B03,,,7,,10,,,78,78,1,13,5,120.740068,24.179278,3
2965,66000,387130000C,(04)23274275,(04)23288582,2025,09,8,14,24,臺中市,西屯區,0,0,0,7,,,50,,,,,,,,,,,,,,,,,,,B03,,,1,,1,,,59,59,1,12,4,120.62298,24.175454,3
2966,66000,387130000C,(04)23274275,(04)23288582,2025,09,8,14,24,臺中市,西屯區,0,0,0,7,,,70,,,,,,,,,,,,,,12,,,,,B03,,,1,,1,,,40,40,1,12,4,120.593591,24.182876,3
2967,66000,387130000C,(04)23274275,(04)23288582,2025,09,8,14,25,臺中市,大里區,0,0,0,6,,,50,,,,,,,,,,,,,,,,,,,B03,,,1,,2,,,14,14,1,6,4,120.702642,24.0813,3
2968,66000,387130000C,(04)23274275,(04)23288582,2025,09,8,14,28,臺中市,沙鹿區,0,2,0,7,3,6,50,13,9,1,5,4,6,6,4,4,5,5,5,1,17,2,3,2,1,C03,7,6,1,10,2,11,,39,39,1,6,4,120.574963,24.227278,2
2969,66000,387130000C,(04)23274275,(04)23288582,2025,09,8,14,30,臺中市,北區,0,2,0,7,2,6,30,3,1,1,5,4,6,6,4,4,10,5,5,2,17,2,9,5,4,C03,7,15,1,10,2,11,,84,84,1,13,4,120.666084,24.167393,2
2970,66000,387130000C,(04)23274275,(04)23288582,2025,09,8,14,30,臺中市,清水區,0,1,0,7,3,6,60,13,7,1,5,4,6,6,2,1,1,4,4,1,17,3,10,3,1,B03,7,15,1,8,2,5,,56,56,1,12,4,120.544083,24.267771,2
2971,66000,387130000C,(04)23274275,(04)23288582,2025,09,8,14,31,臺中市,龍井區,0,0,0,7,2,6,50,3,1,1,5,4,6,6,4,4,5,5,5,1,16,,,,,B03,,,1,,1,,,14,14,1,6,4,120.575559,24.181477,3
2972,66000,387130000C,(04)23274275,(04)23288582,2025,09,8,14,35,臺中市,大雅區,0,0,0,7,,,50,,,,,,,,,,,,,,12,,,,,B03,,,1,,2,,,8,8,1,12,4,120.66353,24.218663,3
2973,66000,387130000C,(04)23274275,(04)23288582,2025,09,8,14,35,臺中市,豐原區,0,0,0,7,,,50,,,,,,,,,,,,,,17,,,,,C04,,,1,,2,,,84,84,1,12,4,120.719266,24.243541,4
2974,66000,387130000C,(04)23274275,(04)23288582,2025,09,8,14,37,臺中市,南屯區,0,1,0,7,2,6,50,4,1,1,5,4,6,6,1,1,5,5,5,2,15,3,10,3,1,B03,7,9,1,8,2,7,,21,21,1,6,4,120.648621,24.153637,2
2975,66000,387130000C,(04)23274275,(04)23288582,2025,09,8,14,40,臺中市,南屯區,0,0,0,7,,,50,,,,,,,,,,,,,,,,,,,C03,,,1,,2,,,7,7,1,12,4,120.636205,24.146723,3
2976,66000,387130000C,(04)23274275,(04)23288582,2025,09,8,14,42,臺中市,大甲區,0,1,0,7,2,6,40,4,9,1,5,4,6,6,4,4,6,3,5,1,11,3,10,3,1,B03,7,9,1,8,2,6,,15,15,1,12,4,120.651665,24.399549,2
2977,66000,387130000C,(04)23274275,(04)23288582,2025,09,8,14,44,臺中市,西屯區,0,0,0,7,,,30,,,,,,,,,,,,,,17,,,,,,,,,,,,,119,119,1,,,120.647938,24.200235,3
2978,66000,387130000C,(04)23274275,(04)23288582,2025,09,8,14,45,臺中市,大甲區,0,0,0,7,2,6,50,3,1,1,5,4,6,6,4,4,5,5,5,1,16,,,,,B12,,,1,,1,,,8,8,1,12,4,120.620689,24.342399,3
2979,66000,387130000C,(04)23274275,(04)23288582,2025,09,8,14,49,臺中市,南區,0,1,0,5,2,6,50,13,9,1,3,4,6,6,4,4,1,4,5,2,12,3,10,3,1,B03,7,7,1,8,2,5,,40,40,1,6,4,120.658456,24.13106,2
2980,66000,387130000C,(04)23274275,(04)23288582,2025,09,8,14,50,臺中市,南屯區,0,1,0,7,3,6,40,13,8,1,5,4,6,6,1,1,5,5,4,2,12,3,10,3,1,B02,7,5,1,8,2,2,,84,84,1,12,4,120.615922,24.151782,2
2981,66000,387130000C,(04)23274275,(04)23288582,2025,09,8,14,53,臺中市,南區,0,1,0,5,3,6,50,4,1,1,4,4,6,6,1,1,10,5,5,2,17,3,10,3,1,B03,7,14,1,8,2,4,,76,76,1,13,4,120.667823,24.125333,2
2982,66000,387130000C,(04)23274275,(04)23288582,2025,09,8,14,53,臺中市,北屯區,0,1,0,7,2,6,50,13,7,1,4,4,6,6,4,4,1,4,4,2,18,2,9,2,1,C03,7,9,1,10,2,12,,84,84,1,12,4,120.682262,24.186224,2
2983,66000,387130000C,(04)23274275,(04)23288582,2025,09,8,14,55,臺中市,霧峰區,0,0,0,5,,,40,,,,,,,,,,,,,,17,,,,,B03,,,1,,2,,,84,84,1,13,4,120.662641,24.059741,3
2984,66000,387130000C,(04)23274275,(04)23288582,2025,09,8,14,58,臺中市,烏日區,0,0,0,7,,,50,,,,,,,,,,,,,,,,,,,B11,,,1,,2,,,84,84,1,6,4,120.597799,24.110329,3
2985,66000,387130000C,(04)23274275,(04)23288582,2025,09,8,15,8,臺中市,西屯區,0,0,0,7,,,50,,,,,,,,,,,,,,12,,,,,B03,,,1,,1,,,8,8,1,12,4,120.646847,24.173372,3
2986,66000,387130000C,(04)23274275,(04)23288582,2025,09,8,15,10,臺中市,北屯區,0,1,0,6,2,6,50,11,7,1,5,4,6,6,4,4,1,2,5,1,18,2,7,3,1,A31,7,9,1,1,2,4,,84,84,1,6,4,120.787241,24.205162,2
2987,66000,387130000C,(04)23274275,(04)23288582,2025,09,8,15,14,臺中市,大肚區,0,0,0,7,,,50,,,,,,,,,,,,,,,,,,,B03,,,1,,2,,,55,55,1,6,4,120.574296,24.119489,3
2988,66000,387130000C,(04)23274275,(04)23288582,2025,09,8,15,16,臺中市,南區,0,1,0,6,2,6,50,4,1,1,4,4,6,6,4,4,10,5,5,2,15,2,8,1,1,C03,7,9,1,10,1,12,,15,15,1,12,4,120.656036,24.126602,2
2989,66000,387130000C,(04)23274275,(04)23288582,2025,09,8,15,22,臺中市,北屯區,0,1,0,5,1,6,50,5,7,1,4,4,6,6,1,1,5,4,4,2,18,2,9,1,1,C03,7,9,1,10,2,14,,84,84,1,13,4,120.689084,24.165103,2
2990,66000,387130000C,(04)23274275,(04)23288582,2025,09,8,15,28,臺中市,西屯區,0,0,0,7,,,50,,,,,,,,,,,,,,,,,,,C03,,,1,,9,,,59,59,1,12,4,120.623431,24.181127,3
2991,66000,387130000C,(04)23274275,(04)23288582,2025,09,8,15,29,臺中市,大甲區,0,1,0,7,3,6,50,4,1,1,5,4,6,6,1,1,10,5,5,1,17,3,10,3,1,B03,7,9,1,8,2,2,,8,8,1,6,4,120.627614,24.351157,2
2992,66000,387130000C,(04)23274275,(04)23288582,2025,09,8,15,31,臺中市,南屯區,0,0,0,7,,,50,,,,,,,,,,,,,,14,,,,,B03,,,1,,1,,,49,49,1,6,4,120.649994,24.148435,3
2993,66000,387130000C,(04)23274275,(04)23288582,2025,09,8,15,35,臺中市,潭子區,0,1,0,6,3,6,30,3,2,1,4,4,6,6,4,4,1,4,5,1,17,3,10,2,1,C03,7,6,1,10,2,16,,85,85,1,13,4,120.714704,24.209284,2
2994,66000,387130000C,(04)23274275,(04)23288582,2025,09,8,15,38,臺中市,太平區,0,1,0,7,2,6,50,13,9,1,5,4,6,6,4,4,9,5,5,2,13,2,7,1,1,C03,7,9,1,10,2,11,,7,7,1,12,4,120.719381,24.115695,2
2995,66000,387130000C,(04)23274275,(04)23288582,2025,09,8,15,44,臺中市,南屯區,0,0,0,7,3,6,50,13,9,1,5,4,6,6,1,1,5,5,5,2,13,,,,,C03,,,1,,1,,,7,7,1,12,4,120.654637,24.139947,3
2996,66000,387130000C,(04)23274275,(04)23288582,2025,09,8,15,45,臺中市,龍井區,0,0,0,7,2,6,50,13,7,1,5,4,6,6,2,1,5,4,3,2,17,,,,,B03,,,1,,1,,,56,56,1,6,4,120.573422,24.185409,3
2997,66000,387130000C,(04)23274275,(04)23288582,2025,09,8,15,47,臺中市,北區,0,1,0,7,3,6,40,13,9,1,5,4,6,6,4,4,1,4,4,2,17,3,10,3,1,B03,7,1,1,8,2,8,,51,51,1,12,4,120.694306,24.156761,2
2998,66000,387130000C,(04)23274275,(04)23288582,2025,09,8,15,47,臺中市,霧峰區,0,0,0,5,,,30,,,,,,,,,,,,,,,,,,,C03,,,1,,1,,,7,7,1,13,4,120.684912,24.039241,3
2999,66000,387130000C,(04)23274275,(04)23288582,2025,09,8,15,47,臺中市,烏日區,0,0,0,7,2,6,60,13,7,1,5,4,6,6,4,4,1,4,1,2,13,3,10,3,1,B03,7,15,1,8,1,1,,84,84,1,6,4,120.615885,24.102934,3
3000,66000,387130000C,(04)23274275,(04)23288582,2025,09,8,15,51,臺中市,清水區,0,0,0,7,,,70,,,,,,,,,,,,,,,,,,,B12,,,1,,1,,,7,7,1,12,4,120.568146,24.271531,3
3001,66000,387130000C,(04)23274275,(04)23288582,2025,09,8,15,53,臺中市,大里區,0,0,0,7,3,6,60,4,1,1,5,4,6,6,2,1,10,5,5,2,12,,,,,B03,,,1,,2,,,40,40,1,12,4,120.689648,24.10112,3
3002,66000,387130000C,(04)23274275,(04)23288582,2025,09,8,16,0,臺中市,太平區,0,0,0,7,,,50,,,,,,,,,,,,,,30,,,,,B03,,,1,,2,,,58,58,1,6,4,120.734275,24.144085,3
3003,66000,387130000C,(04)23274275,(04)23288582,2025,09,8,16,2,臺中市,西屯區,0,1,0,7,2,6,50,13,9,1,5,4,6,6,4,4,5,4,5,2,12,3,10,2,4,C03,7,9,1,10,2,12,,8,8,1,13,4,120.645327,24.170505,2
3004,66000,387130000C,(04)23274275,(04)23288582,2025,09,8,16,2,臺中市,沙鹿區,0,0,0,7,,,50,,,,,,,,,,,,,,14,,,,,B03,,,1,,2,,,49,49,1,6,4,120.56466,24.251635,3
3005,66000,387130000C,(04)23274275,(04)23288582,2025,09,8,16,6,臺中市,南屯區,0,0,0,7,,,50,,,,,,,,,,,,,,14,,,,,B03,,,1,,1,,,49,49,1,12,4,120.653018,24.131246,3
3006,66000,387130000C,(04)23274275,(04)23288582,2025,09,8,16,9,臺中市,大雅區,0,0,0,7,,,40,,,,,,,,,,,,,,,,,,,B03,,,1,,2,,,50,50,1,13,4,120.647358,24.221574,3
3007,66000,387130000C,(04)23274275,(04)23288582,2025,09,8,16,9,臺中市,北區,0,2,0,7,2,6,50,3,1,1,5,4,6,6,2,1,10,5,5,2,13,2,9,1,1,C03,7,9,1,10,2,11,,58,58,1,12,4,120.680976,24.163174,2
3008,66000,387130000C,(04)23274275,(04)23288582,2025,09,8,16,10,臺中市,西區,0,0,0,7,,,50,,,,,,,,,,,,,,17,,,,,B03,,,1,,2,,,50,50,1,12,4,120.661403,24.144326,3
3009,66000,387130000C,(04)23274275,(04)23288582,2025,09,8,16,13,臺中市,神岡區,0,1,0,7,1,6,50,3,1,1,5,4,6,6,4,4,5,5,5,1,16,2,9,1,4,C03,7,6,1,10,2,11,,14,14,1,12,4,120.696898,24.251625,2
3010,66000,387130000C,(04)23274275,(04)23288582,2025,09,8,16,15,臺中市,大甲區,0,0,0,7,,,40,,,,,,,,,,,,,,,,,,,C03,,,1,,1,,,7,7,1,12,4,120.621805,24.353367,3
3011,66000,387130000C,(04)23274275,(04)23288582,2025,09,8,16,21,臺中市,北屯區,0,1,0,7,2,6,30,4,1,1,5,4,6,6,4,4,10,5,5,2,15,3,10,1,1,C03,7,9,3,19,2,14,,12,12,1,12,4,120.699192,24.185278,2
3012,66000,387130000C,(04)23274275,(04)23288582,2025,09,8,16,23,臺中市,大里區,0,0,0,5,,,40,,,,,,,,,,,,,,,,,,,B03,,,1,,1,,,84,84,1,13,4,120.696856,24.090328,3
3013,66000,387130000C,(04)23274275,(04)23288582,2025,09,8,16,23,臺中市,大甲區,0,0,0,7,,,50,,,,,,,,,,,,,,,,,,,B03,,,1,,1,,,8,8,1,6,4,120.618083,24.341783,3
3014,66000,387130000C,(04)23274275,(04)23288582,2025,09,8,16,24,臺中市,西屯區,0,0,0,7,,,50,,,,,,,,,,,,,,13,,,,,C04,,,1,,1,,,62,62,1,12,4,120.63465,24.179936,3
3015,66000,387130000C,(04)23274275,(04)23288582,2025,09,8,16,24,臺中市,大里區,0,0,0,7,,,50,,,,,,,,,,,,,,,,,,,C03,,,,,,,,84,84,1,,,120.714597,24.094305,3
3016,66000,387130000C,(04)23274275,(04)23288582,2025,09,8,16,24,臺中市,大甲區,0,0,0,7,,,50,,,,,,,,,,,,,,13,,,,,B13,,,1,,2,,,7,7,1,6,4,120.616394,24.347289,3
3017,66000,387130000C,(04)23274275,(04)23288582,2025,09,8,16,26,臺中市,大肚區,0,0,0,7,,,50,,,,,,,,,,,,,,16,,,,,B03,,,1,,2,,,11,11,1,6,4,120.570372,24.128433,3
3018,66000,387130000C,(04)23274275,(04)23288582,2025,09,8,16,27,臺中市,南區,0,1,0,6,3,6,50,4,1,1,5,4,6,6,1,1,10,5,5,2,13,3,10,5,4,B12,7,9,1,8,2,8,,84,84,1,12,4,120.676208,24.132644,2
3019,66000,387130000C,(04)23274275,(04)23288582,2025,09,8,16,30,臺中市,北屯區,0,0,0,7,,,50,,,,,,,,,,,,,,17,,,,,B03,,,1,,2,,,84,84,1,12,4,120.693642,24.178182,3
3020,66000,387130000C,(04)23274275,(04)23288582,2025,09,8,16,30,臺中市,大里區,0,0,0,7,,,30,,,,,,,,,,,,,,,,,,,B03,,,1,,2,,,84,84,1,12,4,120.672681,24.088812,3
3021,66000,387130000C,(04)23274275,(04)23288582,2025,09,8,16,32,臺中市,北屯區,0,0,0,7,,,50,,,,,,,,,,,,,,13,,,,,B03,,,1,,1,,,84,84,1,12,4,120.698381,24.170342,3
3022,66000,387130000C,(04)23274275,(04)23288582,2025,09,8,16,34,臺中市,豐原區,0,0,0,7,,,50,,,,,,,,,,,,,,,,,,,C03,,,1,,2,,,51,51,1,13,4,120.701209,24.249299,3
3023,66000,387130000C,(04)23274275,(04)23288582,2025,09,8,16,41,臺中市,大里區,0,0,0,5,,,50,,,,,,,,,,,,,,,,,,,B03,,,1,,2,,,11,11,1,13,4,120.709775,24.089144,3
3024,66000,387130000C,(04)23274275,(04)23288582,2025,09,8,16,42,臺中市,霧峰區,0,2,0,5,2,6,50,13,9,1,4,4,6,6,4,4,7,5,5,1,17,2,9,1,1,C03,7,11,1,10,2,14,,32,32,1,7,4,120.673982,24.046384,2
3025,66000,387130000C,(04)23274275,(04)23288582,2025,09,8,16,43,臺中市,大里區,0,0,0,7,,,80,,,,,,,,,,,,,,13,,,,,B03,,,1,,2,,,84,84,1,13,4,120.685291,24.075074,3
3026,66000,387130000C,(04)23274275,(04)23288582,2025,09,8,16,44,臺中市,南屯區,0,2,0,7,2,6,50,4,4,1,5,4,6,6,2,1,1,5,5,2,13,2,9,1,1,C03,7,9,1,10,2,11,,7,7,1,6,4,120.648046,24.123279,2
3027,66000,387130000C,(04)23274275,(04)23288582,2025,09,8,16,44,臺中市,西屯區,0,0,0,7,,,30,,,,,,,,,,,,,,10,,,,,C03,,,1,,1,,,85,85,1,12,4,120.61084,24.186402,3
3028,66000,387130000C,(04)23274275,(04)23288582,2025,09,8,16,45,臺中市,西屯區,0,0,0,7,,,30,,,,,,,,,,,,,,15,,,,,B03,,,1,,1,,,12,12,1,12,4,120.614557,24.179513,3
3029,66000,387130000C,(04)23274275,(04)23288582,2025,09,8,16,46,臺中市,南屯區,0,1,0,7,3,6,40,13,9,1,5,4,6,6,4,4,10,5,5,2,17,2,9,6,4,F01,7,11,7,21,1,14,,45,45,1,2,1,120.634098,24.156247,2
3030,66000,387130000C,(04)23274275,(04)23288582,2025,09,8,16,47,臺中市,太平區,0,0,0,7,,,50,,,,,,,,,,,,,,13,,,,,B12,,,1,,2,,,49,49,1,12,4,120.718747,24.107706,3
3031,66000,387130000C,(04)23274275,(04)23288582,2025,09,8,16,48,臺中市,大雅區,0,0,0,7,,,50,,,,,,,,,,,,,,16,,,,,C03,,,1,,2,,,11,11,1,12,4,120.614943,24.218237,3
3032,66000,387130000C,(04)23274275,(04)23288582,2025,09,8,16,50,臺中市,太平區,0,0,0,7,,,50,,,,,,,,,,,,,,,,,,,C03,,,1,,2,,,7,7,1,12,4,120.716076,24.118887,3
3033,66000,387130000C,(04)23274275,(04)23288582,2025,09,8,16,50,臺中市,沙鹿區,0,1,0,7,2,6,50,3,1,1,4,4,6,6,4,4,5,5,5,2,18,2,9,1,1,C03,7,6,1,10,2,14,,82,82,1,13,4,120.570154,24.200218,2
3034,66000,387130000C,(04)23274275,(04)23288582,2025,09,8,16,51,臺中市,大雅區,0,1,0,7,1,6,70,5,1,1,5,4,6,6,2,1,10,4,5,1,17,3,10,3,1,B03,7,5,1,8,2,2,,20,20,1,12,4,120.630849,24.240748,2
3035,66000,387130000C,(04)23274275,(04)23288582,2025,09,8,16,55,臺中市,清水區,0,0,0,7,,,60,,,,,,,,,,,,,,12,,,,,A41,,,1,,1,,,8,8,1,6,4,120.565297,24.318289,3
3036,66000,387130000C,(04)23274275,(04)23288582,2025,09,8,16,56,臺中市,大里區,0,0,0,7,,,50,,,,,,,,,,,,,,,,,,,B03,,,1,,1,,,84,84,1,12,4,120.697575,24.082725,3
3037,66000,387130000C,(04)23274275,(04)23288582,2025,09,8,17,0,臺中市,西區,0,0,0,7,,,30,,,,,,,,,,,,,,,,,,,B01,,,1,4,1,,,84,84,1,13,4,120.6629,24.150459,3
3038,66000,387130000C,(04)23274275,(04)23288582,2025,09,8,17,0,臺中市,沙鹿區,0,2,0,7,2,6,50,3,2,1,5,4,6,6,4,4,8,3,5,1,17,2,9,5,4,C03,7,6,1,10,2,13,,48,48,1,13,4,120.578757,24.221036,2
3039,66000,387130000C,(04)23274275,(04)23288582,2025,09,8,17,2,臺中市,東區,0,1,0,7,2,6,50,4,1,1,5,4,6,6,4,4,5,5,5,2,15,2,9,2,1,C03,7,9,1,10,2,14,,12,12,1,13,4,120.697178,24.141514,2
3040,66000,387130000C,(04)23274275,(04)23288582,2025,09,8,17,3,臺中市,大雅區,0,1,0,7,1,6,50,3,2,1,5,4,6,6,1,1,5,5,5,1,13,3,10,2,1,C03,7,9,1,10,2,11,,7,7,1,12,4,120.645809,24.211593,2