﻿序號,縣市別代碼,機關代碼,市話,傳真,年,月,日,時,分,縣市,區,死亡數量,受傷數量,2-30,天候,道路照明設備,道路類別,道路速限,道路型態,事故位置,路面鋪裝,路面狀態,路面缺陷,障礙物,視距,號誌種類,號誌動作,分向設施,快車道或一般車道間,快慢車道間,路面邊線,事故類型及型態,受傷程度,主要傷處,保護裝備,行動電話或功能裝置,當事者區分_類別,車輛用途,當事者行動狀態,駕照狀態,駕照種類,飲酒情形,車輛撞擊部位最初,車輛撞擊部位其他,肇事因素個別,肇事因素主要,肇事逃逸,職業,共享經濟或外送平台,GPS座標X,GPS座標Y,事故類別
3262,66000,387130000C,(04)23274275,(04)23288582,2025,09,9,9,9,臺中市,豐原區,0,1,0,7,3,6,50,3,1,1,5,4,6,6,4,4,5,4,5,1,16,2,9,1,4,C03,7,6,1,10,2,14,,12,12,1,12,4,120.699139,24.248411,2
3263,66000,387130000C,(04)23274275,(04)23288582,2025,09,9,9,10,臺中市,太平區,0,0,0,7,,,30,,,,,,,,,,,,,,17,,,,,C03,,,1,,1,,,50,50,1,12,4,120.732868,24.143003,3
3264,66000,387130000C,(04)23274275,(04)23288582,2025,09,9,9,10,臺中市,豐原區,0,2,0,7,2,6,50,5,1,1,5,4,6,6,4,4,5,4,4,2,17,2,9,2,1,C03,7,11,1,10,2,11,,46,46,1,12,4,120.730575,24.242559,2
3265,66000,387130000C,(04)23274275,(04)23288582,2025,09,9,9,16,臺中市,北區,0,0,0,7,,,30,,,,,,,,,,,,,,17,,,,,B02,,,1,,2,,,8,8,1,13,4,120.667485,24.170913,3
3266,66000,387130000C,(04)23274275,(04)23288582,2025,09,9,9,18,臺中市,太平區,0,0,0,7,2,6,50,,,,,,,,,,,,,,,,,,,B03,,,1,,1,1,,54,54,1,12,4,120.713316,24.110459,3
3267,66000,387130000C,(04)23274275,(04)23288582,2025,09,9,9,20,臺中市,西屯區,0,0,0,7,,,40,,,,,,,,,,,,,,,,,,,B03,,,1,,1,,,51,51,1,12,4,120.647486,24.173647,3
3268,66000,387130000C,(04)23274275,(04)23288582,2025,09,9,9,22,臺中市,大甲區,0,1,0,7,3,6,50,4,2,1,5,4,6,6,4,4,10,5,5,2,17,2,8,5,4,C03,7,9,3,19,2,12,,84,84,1,12,4,120.625878,24.347026,2
3269,66000,387130000C,(04)23274275,(04)23288582,2025,09,9,9,25,臺中市,沙鹿區,0,1,0,7,2,6,40,13,8,1,5,4,6,6,4,4,1,4,4,2,17,3,10,3,1,B03,7,5,1,8,2,2,,85,85,1,12,4,120.569709,24.257809,2
3270,66000,387130000C,(04)23274275,(04)23288582,2025,09,9,9,26,臺中市,太平區,0,2,0,7,2,6,40,13,9,1,5,4,6,6,4,4,9,4,5,2,16,2,9,1,1,C03,7,4,1,10,2,12,14,7,7,1,12,4,120.714684,24.122649,2
3271,66000,387130000C,(04)23274275,(04)23288582,2025,09,9,9,28,臺中市,南區,0,0,0,7,,,50,,,,,,,,,,,,,,14,,,,,B03,,,1,,2,,,49,49,1,13,4,120.649543,24.121529,3
3272,66000,387130000C,(04)23274275,(04)23288582,2025,09,9,9,30,臺中市,北區,0,2,0,7,2,6,50,3,1,1,5,4,6,6,1,1,5,4,5,2,17,2,9,5,1,C03,7,9,1,10,2,11,,59,59,1,13,4,120.680976,24.163174,2
3273,66000,387130000C,(04)23274275,(04)23288582,2025,09,9,9,30,臺中市,南屯區,0,0,0,7,3,6,50,13,9,1,5,4,6,6,1,1,5,2,4,2,12,,,,,B03,,,1,,1,,,51,51,1,12,4,120.641575,24.134848,3
3274,66000,387130000C,(04)23274275,(04)23288582,2025,09,9,9,32,臺中市,西區,0,1,0,7,3,6,50,13,9,1,5,4,6,6,4,4,5,5,5,2,24,2,8,1,1,C03,7,11,1,10,2,11,,84,84,1,12,4,120.672032,24.1389,2
3275,66000,387130000C,(04)23274275,(04)23288582,2025,09,9,9,33,臺中市,南屯區,0,2,0,7,2,6,50,13,9,1,5,4,6,6,4,4,4,5,5,2,16,2,9,2,4,C03,7,11,3,19,2,14,,45,45,1,13,4,120.649613,24.140974,2
3276,66000,387130000C,(04)23274275,(04)23288582,2025,09,9,9,34,臺中市,北區,0,0,0,7,,,50,,,,,,,,,,,,,,13,,,,,C03,,,1,,1,,,7,7,1,13,4,120.684779,24.165482,3
3277,66000,387130000C,(04)23274275,(04)23288582,2025,09,9,9,34,臺中市,太平區,0,0,0,7,,,50,,,,,,,,,,,,,,13,,,,,B03,,,1,,2,,,84,84,1,12,4,120.712557,24.158947,3
3278,66000,387130000C,(04)23274275,(04)23288582,2025,09,9,9,35,臺中市,霧峰區,0,0,0,7,,,60,,,,,,,,,,,,,,17,,,,,B03,,,1,,1,,,49,49,1,6,4,120.691924,24.042357,3
3279,66000,387130000C,(04)23274275,(04)23288582,2025,09,9,9,35,臺中市,沙鹿區,0,0,0,7,,,60,,,,,,,,,,,,,,13,,,,,B02,,,5,,2,,,59,59,1,6,4,120.566967,24.203998,3
3280,66000,387130000C,(04)23274275,(04)23288582,2025,09,9,9,36,臺中市,西區,0,1,0,7,3,6,50,4,1,1,5,4,6,6,1,1,10,5,5,2,15,3,10,3,1,B03,7,9,1,8,2,1,,21,21,1,12,4,120.651292,24.146749,2
3281,66000,387130000C,(04)23274275,(04)23288582,2025,09,9,9,40,臺中市,西區,0,0,0,7,,,50,,,,,,,,,,,,,,,,,,,B03,,,1,,1,,,8,8,1,6,4,120.673691,24.139996,3
3282,66000,387130000C,(04)23274275,(04)23288582,2025,09,9,9,40,臺中市,西屯區,0,0,0,7,,,30,,,,,,,,,,,,,,14,,,,,B03,,,1,,1,,,50,50,1,12,4,120.666084,24.177114,3
3283,66000,387130000C,(04)23274275,(04)23288582,2025,09,9,9,45,臺中市,大里區,0,0,0,7,,,50,,,,,,,,,,,,,,17,,,,,B12,,,1,,2,,,51,51,1,6,4,120.687895,24.100377,3
3284,66000,387130000C,(04)23274275,(04)23288582,2025,09,9,9,45,臺中市,太平區,0,1,0,7,2,6,30,3,1,1,5,4,6,6,4,4,10,5,5,2,11,3,10,5,4,B03,7,6,5,19,2,8,,41,41,1,12,4,120.735499,24.118143,2
3285,66000,387130000C,(04)23274275,(04)23288582,2025,09,9,9,50,臺中市,太平區,0,0,0,7,,,30,,,,,,,,,,,,,,17,,,,,B03,,,1,,1,,,84,84,1,12,4,120.710759,24.133259,3
3286,66000,387130000C,(04)23274275,(04)23288582,2025,09,9,9,51,臺中市,大里區,0,1,0,7,3,6,30,11,9,1,5,4,6,6,4,4,10,5,5,2,11,3,10,2,1,C03,7,9,1,10,2,14,,41,41,1,13,4,120.687082,24.113298,2
3287,66000,387130000C,(04)23274275,(04)23288582,2025,09,9,9,54,臺中市,北區,0,0,0,7,3,6,50,18,24,1,5,4,6,6,2,1,10,5,5,2,17,,,,,B01,,,1,,2,,,59,59,1,13,4,120.672362,24.169946,3
3288,66000,387130000C,(04)23274275,(04)23288582,2025,09,9,9,55,臺中市,清水區,0,1,0,7,3,6,60,3,2,1,5,4,6,6,4,4,1,4,5,1,17,3,10,2,1,C03,7,5,1,9,2,16,,85,85,1,12,4,120.548792,24.280122,2
3289,66000,387130000C,(04)23274275,(04)23288582,2025,09,9,9,56,臺中市,烏日區,0,0,0,7,2,3,80,13,7,1,5,4,6,6,4,4,1,4,5,1,13,3,10,3,1,B03,7,9,1,8,1,8,,84,84,1,6,4,120.61284,24.102872,3
3290,66000,387130000C,(04)23274275,(04)23288582,2025,09,9,9,57,臺中市,西屯區,0,1,0,7,2,6,50,4,1,1,5,4,6,6,4,4,10,5,5,2,15,2,9,1,1,C03,7,9,1,10,2,11,,12,12,1,12,4,120.647527,24.171204,2
3291,66000,387130000C,(04)23274275,(04)23288582,2025,09,9,9,58,臺中市,潭子區,0,1,0,7,3,6,30,5,1,1,5,4,6,6,1,1,10,5,5,2,17,2,9,2,1,C03,7,9,1,10,2,12,,84,84,1,13,4,120.709684,24.215114,2
3292,66000,387130000C,(04)23274275,(04)23288582,2025,09,9,10,7,臺中市,烏日區,0,1,0,7,2,6,40,13,8,1,5,4,6,6,4,4,1,4,1,1,18,2,9,2,1,C03,7,9,1,10,2,14,,59,59,1,6,4,120.64815,24.082553,2
3293,66000,387130000C,(04)23274275,(04)23288582,2025,09,9,10,13,臺中市,太平區,0,0,0,7,,,30,,,,,,,,,,,,,,,,,,,B12,,,1,,9,,,49,49,1,12,4,120.749987,24.121824,3
3294,66000,387130000C,(04)23274275,(04)23288582,2025,09,9,10,20,臺中市,南屯區,0,1,0,7,2,6,50,4,1,1,5,4,6,6,4,4,5,5,4,2,16,3,10,3,1,B03,7,5,1,8,2,8,,12,12,1,12,4,120.638838,24.148724,2
3295,66000,387130000C,(04)23274275,(04)23288582,2025,09,9,10,20,臺中市,南屯區,0,0,0,7,,,50,,,,,,,,,,,,,,,,,,,B03,,,1,,1,,,39,39,1,12,4,120.62367,24.150051,3
3296,66000,387130000C,(04)23274275,(04)23288582,2025,09,9,10,22,臺中市,南區,0,1,0,7,2,6,50,3,1,1,5,4,6,6,4,4,10,5,5,2,13,3,10,3,1,B03,7,9,1,8,2,1,,7,7,1,6,4,120.65657,24.12462,2
3297,66000,387130000C,(04)23274275,(04)23288582,2025,09,9,10,26,臺中市,清水區,0,0,0,7,,,50,,,,,,,,,,,,,,,,,,,B01,,,1,,11,,,7,7,1,12,4,120.571171,24.27565,3
3298,66000,387130000C,(04)23274275,(04)23288582,2025,09,9,10,28,臺中市,大里區,0,0,0,7,,,30,,,,,,,,,,,,,,25,,,,,A11,,,1,,1,,,84,84,1,6,4,120.699314,24.103666,3
3299,66000,387130000C,(04)23274275,(04)23288582,2025,09,9,10,30,臺中市,清水區,0,0,0,7,,,50,,,,,,,,,,,,,,17,,,,,B03,,,1,,2,,,50,50,1,12,4,120.576149,24.269351,3
3300,66000,387130000C,(04)23274275,(04)23288582,2025,09,9,10,32,臺中市,大里區,0,0,0,7,,,50,,,,,,,,,,,,,,,,,,,B03,,,1,,2,,,7,7,1,6,4,120.690822,24.093417,3
3301,66000,387130000C,(04)23274275,(04)23288582,2025,09,9,10,45,臺中市,大雅區,0,1,0,7,2,6,30,4,1,1,5,4,6,6,4,4,10,5,5,2,17,3,10,3,1,B03,7,9,1,8,2,1,,20,20,1,12,4,120.656881,24.226851,2
3302,66000,387130000C,(04)23274275,(04)23288582,2025,09,9,10,46,臺中市,北屯區,0,0,0,7,,,50,,,,,,,,,,,,,,14,,,,,B03,,,1,,1,,,49,49,1,12,4,120.720371,24.175797,3
3303,66000,387130000C,(04)23274275,(04)23288582,2025,09,9,10,50,臺中市,大里區,0,1,0,7,2,6,50,3,1,1,5,4,6,6,4,4,10,5,5,2,13,2,9,2,1,F03,7,9,7,21,2,11,,7,7,1,6,4,120.695668,24.090995,2
3304,66000,387130000C,(04)23274275,(04)23288582,2025,09,9,10,50,臺中市,沙鹿區,0,0,0,7,,,50,,,,,,,,,,,,,,17,,,,,B03,,,1,,1,,,85,85,1,6,4,120.564972,24.241809,4
3305,66000,387130000C,(04)23274275,(04)23288582,2025,09,9,10,58,臺中市,西屯區,0,0,0,7,,,50,,,,,,,,,,,,,,,,,,,B03,,,5,,1,,,50,50,1,12,4,120.648365,24.167877,3
3306,66000,387130000C,(04)23274275,(04)23288582,2025,09,9,11,0,臺中市,太平區,0,1,0,7,2,6,50,13,9,1,5,4,6,6,4,4,5,4,5,2,17,3,10,5,4,B03,7,11,1,8,2,4,,32,32,1,6,4,120.703611,24.154101,2
3307,66000,387130000C,(04)23274275,(04)23288582,2025,09,9,11,13,臺中市,大雅區,0,0,0,7,,,0,,,,,,,,,,,,,,14,,,,,B03,,,1,,2,,,49,49,1,13,4,120.648273,24.229326,3
3308,66000,387130000C,(04)23274275,(04)23288582,2025,09,9,11,14,臺中市,西屯區,0,0,0,7,,3,80,,,,,,,,,,,,,,,,,,,B02,,,1,,1,,,7,7,1,12,4,120.631476,24.168677,3
3309,66000,387130000C,(04)23274275,(04)23288582,2025,09,9,11,25,臺中市,沙鹿區,0,0,0,7,,,50,,,,,,,,,,,,,,13,,,,,B03,,,1,,1,,,7,7,1,9,4,120.597519,24.25044,3
3310,66000,387130000C,(04)23274275,(04)23288582,2025,09,9,11,28,臺中市,大安區,0,0,0,7,,,50,,,,,,,,,,,,,,,,,,,B03,,,1,,1,,,45,45,1,6,4,120.590782,24.346201,3
3311,66000,387130000C,(04)23274275,(04)23288582,2025,09,9,11,29,臺中市,東區,0,2,0,7,2,6,50,4,1,1,5,4,6,6,2,1,10,5,5,2,16,2,9,1,1,C03,7,5,1,10,2,12,,11,11,1,12,4,120.69541,24.141259,2
3312,66000,387130000C,(04)23274275,(04)23288582,2025,09,9,11,29,臺中市,南屯區,0,0,0,7,,,50,,,,,,,,,,,,,,,,,,,B03,,,1,,1,,,84,84,1,13,4,120.61099,24.145261,4
3313,66000,387130000C,(04)23274275,(04)23288582,2025,09,9,11,30,臺中市,南區,0,1,0,7,1,6,50,4,1,1,5,4,6,6,1,1,10,5,5,2,17,3,10,3,1,B03,7,5,1,8,2,2,,11,11,1,12,4,120.677981,24.126663,2
3314,66000,387130000C,(04)23274275,(04)23288582,2025,09,9,11,30,臺中市,烏日區,0,1,0,7,2,6,40,4,1,1,5,4,6,6,4,4,10,5,5,2,15,2,9,1,1,C03,7,9,1,10,2,11,,12,12,1,6,4,120.6281,24.105007,2
3315,66000,387130000C,(04)23274275,(04)23288582,2025,09,9,11,36,臺中市,大里區,0,2,0,7,3,6,30,4,1,1,5,4,6,6,4,4,10,5,5,2,15,2,8,1,1,C03,7,9,1,10,2,12,,15,15,1,6,4,120.693001,24.109604,2
3316,66000,387130000C,(04)23274275,(04)23288582,2025,09,9,11,39,臺中市,南區,0,0,0,7,,,50,,,,,,,,,,,,,,18,,,,,F01,,,7,,2,,,82,82,1,13,4,120.6616,24.119693,4
3317,66000,387130000C,(04)23274275,(04)23288582,2025,09,9,11,39,臺中市,東區,0,0,0,7,,,50,,,,,,,,,,,,,,17,,,,,B12,,,1,,1,,,47,47,1,12,4,120.698148,24.147187,3
3318,66000,387130000C,(04)23274275,(04)23288582,2025,09,9,11,40,臺中市,霧峰區,0,0,0,7,,,30,,,,,,,,,,,,,,17,,,,,C03,,,3,,1,,,84,84,1,6,4,120.666889,24.070118,3
3319,66000,387130000C,(04)23274275,(04)23288582,2025,09,9,11,44,臺中市,南區,0,0,0,7,,,50,,,,,,,,,,,,,,17,,,,,B03,,,1,,2,,,84,84,1,12,4,120.655386,24.132002,3
3320,66000,387130000C,(04)23274275,(04)23288582,2025,09,9,11,45,臺中市,大雅區,0,1,0,7,2,6,0,4,1,1,5,4,6,6,2,1,10,4,5,1,17,2,9,1,1,C03,7,1,1,10,2,11,,51,51,1,12,4,120.645263,24.225553,2
3321,66000,387130000C,(04)23274275,(04)23288582,2025,09,9,11,46,臺中市,大安區,0,0,0,7,,,50,,,,,,,,,,,,,,,,,,,B03,,,1,,2,,,51,51,1,6,4,120.586605,24.34629,3
3322,66000,387130000C,(04)23274275,(04)23288582,2025,09,9,11,48,臺中市,西屯區,0,0,0,7,,,50,,,,,,,,,,,,,,14,,,,,B12,,,1,,1,,,49,49,1,12,4,120.636707,24.164113,3
3323,66000,387130000C,(04)23274275,(04)23288582,2025,09,9,11,49,臺中市,清水區,0,1,0,7,3,6,50,4,1,1,5,4,6,6,1,1,1,4,4,2,15,3,10,3,1,B03,7,9,1,8,2,8,1,21,21,1,12,4,120.574604,24.267512,2
3324,66000,387130000C,(04)23274275,(04)23288582,2025,09,9,11,50,臺中市,西屯區,0,2,0,7,1,6,60,5,1,1,5,4,6,6,1,1,10,5,5,2,16,3,10,3,1,B03,7,6,1,8,2,2,,25,25,1,12,4,120.635172,24.179435,2
3325,66000,387130000C,(04)23274275,(04)23288582,2025,09,9,11,58,臺中市,西屯區,0,1,0,7,2,6,50,4,1,1,5,4,6,6,1,1,10,5,5,2,16,2,9,2,1,C03,7,6,1,10,2,14,,48,48,1,12,4,120.646847,24.173372,2
3326,66000,387130000C,(04)23274275,(04)23288582,2025,09,9,12,0,臺中市,太平區,0,0,0,7,,,30,,,,,,,,,,,,,,,,,,,A11,,,1,,2,,,8,8,1,12,4,120.722739,24.151595,3
3327,66000,387130000C,(04)23274275,(04)23288582,2025,09,9,12,3,臺中市,沙鹿區,0,0,0,7,,,50,,,,,,,,,,,,,,,,,,,B12,,,1,,1,,,56,56,1,13,4,120.56906,24.237463,3
3328,66000,387130000C,(04)23274275,(04)23288582,2025,09,9,12,8,臺中市,西屯區,0,1,0,7,2,6,30,11,9,1,5,4,6,6,4,4,10,5,5,2,11,3,10,3,1,B03,7,5,1,8,2,8,,20,20,1,12,4,120.646578,24.176628,2
3329,66000,387130000C,(04)23274275,(04)23288582,2025,09,9,12,10,臺中市,北區,0,1,0,7,2,6,50,4,1,1,5,4,6,6,1,1,5,4,5,2,17,2,9,5,1,C03,7,6,1,10,2,12,,84,84,1,13,4,120.679786,24.152434,2
3330,66000,387130000C,(04)23274275,(04)23288582,2025,09,9,12,12,臺中市,西屯區,0,1,0,7,3,6,40,13,8,1,5,4,6,6,4,4,1,5,1,2,2,3,10,5,4,C03,7,9,1,10,2,11,,7,7,1,12,4,120.640096,24.158798,2
3331,66000,387130000C,(04)23274275,(04)23288582,2025,09,9,12,15,臺中市,龍井區,0,1,0,7,2,6,40,13,9,1,5,4,6,6,4,4,9,5,5,2,16,3,10,3,1,B12,7,5,1,8,2,5,,8,8,1,6,4,120.586958,24.189133,2
3332,66000,387130000C,(04)23274275,(04)23288582,2025,09,9,12,18,臺中市,中區,0,0,0,7,,,50,,,,,,,,,,,,,,,,,,,C02,,,3,,1,,,8,8,1,12,4,120.681786,24.1405,3
3333,66000,387130000C,(04)23274275,(04)23288582,2025,09,9,12,18,臺中市,豐原區,0,0,0,7,,,50,,,,,,,,,,,,,,17,,,,,B12,,,1,,2,,,51,51,1,12,4,120.70951,24.244874,3
3334,66000,387130000C,(04)23274275,(04)23288582,2025,09,9,12,19,臺中市,西屯區,0,1,0,7,2,6,40,3,1,1,5,4,6,6,4,4,1,4,1,2,13,2,9,2,1,C03,7,15,1,10,2,12,,7,7,1,12,4,120.651891,24.161735,2
3335,66000,387130000C,(04)23274275,(04)23288582,2025,09,9,12,22,臺中市,南屯區,0,2,0,7,2,6,40,13,8,1,5,4,6,6,4,4,5,5,4,2,13,2,9,2,1,C03,7,9,1,10,2,11,,59,59,1,12,4,120.634993,24.154309,2
3336,66000,387130000C,(04)23274275,(04)23288582,2025,09,9,12,29,臺中市,霧峰區,0,2,0,7,2,6,50,3,1,1,5,4,6,6,4,4,5,5,5,1,16,2,9,1,1,C03,7,11,1,10,2,14,,45,45,1,5,4,120.715062,24.074362,2
3337,66000,387130000C,(04)23274275,(04)23288582,2025,09,9,12,31,臺中市,北屯區,0,0,0,7,,,50,,,,,,,,,,,,,,13,,,,,B03,,,1,,1,,,58,58,1,13,4,120.689418,24.171564,3
3338,66000,387130000C,(04)23274275,(04)23288582,2025,09,9,12,40,臺中市,太平區,0,1,0,7,2,6,30,13,9,1,5,4,3,3,4,4,10,5,5,2,17,3,10,5,4,B03,7,1,1,8,2,8,,51,51,1,6,4,120.724561,24.134853,2
3339,66000,387130000C,(04)23274275,(04)23288582,2025,09,9,12,43,臺中市,北區,0,1,0,7,2,6,30,4,1,1,5,4,6,6,4,4,10,5,5,2,15,3,10,5,4,C03,7,9,1,10,2,12,,15,15,1,13,4,120.686057,24.16226,2
3340,66000,387130000C,(04)23274275,(04)23288582,2025,09,9,12,47,臺中市,北屯區,0,0,0,7,,,50,,,,,,,,,,,,,,12,,,,,A02,,,1,,1,,,43,43,1,6,4,120.69115,24.162761,3
3341,66000,387130000C,(04)23274275,(04)23288582,2025,09,9,12,55,臺中市,南屯區,0,0,0,7,,,30,,,,,,,,,,,,,,13,,,,,B03,,,1,,2,,,84,84,1,12,4,120.638949,24.123525,3
3342,66000,387130000C,(04)23274275,(04)23288582,2025,09,9,12,56,臺中市,南區,0,0,0,7,,,40,,,,,,,,,,,,,,16,,,,,B03,,,1,,1,,,47,47,1,12,4,120.677095,24.13064,3
3343,66000,387130000C,(04)23274275,(04)23288582,2025,09,9,13,0,臺中市,清水區,0,1,0,7,3,6,70,4,1,1,5,4,6,6,1,1,1,4,4,1,16,3,10,3,1,B03,7,5,1,8,2,5,,11,11,1,12,4,120.561978,24.26288,2
3344,66000,387130000C,(04)23274275,(04)23288582,2025,09,9,13,3,臺中市,豐原區,0,0,0,7,,,50,,,,,,,,,,,,,,17,,,,,B03,,,1,,2,,,84,84,1,12,4,120.726011,24.253254,4
3345,66000,387130000C,(04)23274275,(04)23288582,2025,09,9,13,7,臺中市,東勢區,0,0,0,7,,,50,,,,,,,,,,,,,,,,,,,B12,,,1,,1,,,11,11,1,12,4,120.823503,24.268441,3
3346,66000,387130000C,(04)23274275,(04)23288582,2025,09,9,13,10,臺中市,南區,0,1,0,7,1,6,50,4,1,1,5,4,6,6,1,1,10,5,5,2,17,3,10,3,1,B03,7,1,1,8,2,1,,51,51,1,12,4,120.66915,24.128761,2
3347,66000,387130000C,(04)23274275,(04)23288582,2025,09,9,13,10,臺中市,太平區,0,0,0,7,,,30,,,,,,,,,,,,,,,,,,,A12,,,1,,9,,,84,84,1,12,4,120.728767,24.124484,3
3348,66000,387130000C,(04)23274275,(04)23288582,2025,09,9,13,12,臺中市,南屯區,0,1,0,6,2,6,50,3,1,1,5,4,6,6,3,1,7,4,5,2,16,3,10,3,1,B03,7,5,1,8,2,2,,14,14,1,12,4,120.635485,24.141507,2
3349,66000,387130000C,(04)23274275,(04)23288582,2025,09,9,13,12,臺中市,霧峰區,0,2,0,7,2,6,40,4,1,1,5,4,6,6,4,4,10,5,5,2,13,2,8,2,1,C03,7,9,1,10,2,11,,7,7,1,6,4,120.698847,24.066281,2
3350,66000,387130000C,(04)23274275,(04)23288582,2025,09,9,13,17,臺中市,大里區,0,0,0,7,,,60,,,,,,,,,,,,,,14,,,,,B12,,,1,,2,,,49,49,1,6,4,120.666334,24.105593,3
3351,66000,387130000C,(04)23274275,(04)23288582,2025,09,9,13,18,臺中市,南屯區,0,1,0,6,3,6,40,13,9,1,5,4,6,6,4,4,5,5,5,2,30,2,9,3,4,B03,7,9,1,8,2,5,,54,54,1,6,4,120.578866,24.144421,2
3352,66000,387130000C,(04)23274275,(04)23288582,2025,09,9,13,20,臺中市,西屯區,0,1,0,7,2,6,50,4,1,1,4,4,6,6,4,4,10,5,5,2,13,2,9,5,1,C03,7,9,1,10,2,14,,7,7,1,12,4,120.593857,24.185087,2
3353,66000,387130000C,(04)23274275,(04)23288582,2025,09,9,13,24,臺中市,大雅區,0,0,0,7,,,50,,,,,,,,,,,,,,17,,,,,B03,,,1,,2,,,82,82,1,13,4,120.653445,24.221052,3
3354,66000,387130000C,(04)23274275,(04)23288582,2025,09,9,13,31,臺中市,北區,0,1,0,7,2,6,40,13,8,1,5,4,6,6,4,4,1,4,4,2,17,3,10,5,4,B03,7,1,1,8,2,8,,51,51,1,13,4,120.686477,24.163166,2
3355,66000,387130000C,(04)23274275,(04)23288582,2025,09,9,13,34,臺中市,西區,0,0,0,7,,,30,,,,,,,,,,,,,,12,,,,,C03,,,1,,9,,,8,8,1,12,2,120.656361,24.155923,3
3356,66000,387130000C,(04)23274275,(04)23288582,2025,09,9,13,39,臺中市,北區,0,1,0,7,3,6,50,4,1,1,5,4,6,6,2,1,10,5,5,2,17,2,9,5,4,C03,7,9,1,10,2,11,,84,84,1,13,4,120.682365,24.163041,2
3357,66000,387130000C,(04)23274275,(04)23288582,2025,09,9,13,40,臺中市,北區,0,1,0,7,2,6,50,4,1,1,5,4,6,6,1,1,5,4,4,2,17,3,10,5,1,B03,7,5,1,8,3,6,,47,47,1,13,4,120.67687,24.169919,2
3358,66000,387130000C,(04)23274275,(04)23288582,2025,09,9,13,47,臺中市,烏日區,0,1,0,7,2,6,50,4,1,1,5,4,6,6,1,1,10,5,5,2,15,2,9,2,1,C03,7,9,1,10,2,14,,21,21,1,6,4,120.626338,24.110365,2
3359,66000,387130000C,(04)23274275,(04)23288582,2025,09,9,13,47,臺中市,龍井區,0,1,0,7,2,6,60,4,1,1,5,4,6,6,2,1,10,5,5,2,16,3,10,3,1,B03,7,6,1,8,2,6,,38,38,1,6,4,120.585638,24.185659,2
3360,66000,387130000C,(04)23274275,(04)23288582,2025,09,9,13,48,臺中市,潭子區,0,0,0,7,,,50,,,,,,,,,,,,,,,,,,,A11,,,1,,9,,,8,8,2,13,4,120.697882,24.197563,3
3361,66000,387130000C,(04)23274275,(04)23288582,2025,09,9,13,48,臺中市,石岡區,0,0,0,7,,,70,,,,,,,,,,,,,,,,,,,A12,,,1,,2,,,85,85,1,12,4,120.766892,24.276183,3
3362,66000,387130000C,(04)23274275,(04)23288582,2025,09,9,13,50,臺中市,西區,0,0,0,7,,,50,,,,,,,,,,,,,,16,,,,,B02,,,1,,1,,,11,11,1,12,4,120.669373,24.138795,3
3363,66000,387130000C,(04)23274275,(04)23288582,2025,09,9,13,52,臺中市,南屯區,0,2,0,7,3,6,50,13,9,1,5,4,6,6,4,4,5,5,5,2,12,2,9,1,1,C03,7,9,1,10,1,12,,20,20,1,12,4,120.64916,24.143793,2
3364,66000,387130000C,(04)23274275,(04)23288582,2025,09,9,14,8,臺中市,西屯區,0,1,0,7,1,6,50,13,9,1,5,4,6,6,4,4,5,4,5,2,17,2,9,5,1,B03,7,13,1,8,2,4,,76,76,1,12,4,120.641506,24.168806,2
3365,66000,387130000C,(04)23274275,(04)23288582,2025,09,9,14,18,臺中市,北區,0,0,0,5,,,,,,,,,,,,,,,,,17,,,,,,,,,,,,,58,58,1,,,120.681163,24.148967,3
3366,66000,387130000C,(04)23274275,(04)23288582,2025,09,9,14,19,臺中市,北區,0,1,0,7,3,6,50,5,2,1,5,4,6,6,4,4,1,4,5,2,17,2,9,1,1,C03,7,9,1,10,1,11,,7,7,1,12,4,120.686123,24.154596,2
3367,66000,387130000C,(04)23274275,(04)23288582,2025,09,9,14,23,臺中市,霧峰區,0,1,0,7,2,6,50,4,2,1,5,4,6,6,1,1,4,3,4,1,17,3,10,3,1,B03,7,6,1,8,2,2,,11,11,1,6,4,120.698716,24.064459,2
3368,66000,387130000C,(04)23274275,(04)23288582,2025,09,9,14,24,臺中市,西屯區,0,1,0,7,2,6,40,13,8,1,5,4,6,6,4,4,5,5,4,2,16,3,10,3,1,B03,7,5,1,8,2,5,,47,47,1,12,4,120.643307,24.18722,2
3369,66000,387130000C,(04)23274275,(04)23288582,2025,09,9,14,26,臺中市,西區,0,1,0,5,2,6,50,4,1,1,4,4,6,6,1,1,10,5,5,2,16,3,10,3,1,B03,7,6,1,8,2,2,,85,85,1,12,4,120.679118,24.138594,2
3370,66000,387130000C,(04)23274275,(04)23288582,2025,09,9,14,28,臺中市,西區,0,0,0,5,3,6,50,13,7,1,4,4,6,6,2,1,6,1,1,2,13,,,,,B03,,,1,,1,,,84,84,1,13,4,120.66548,24.153825,3
3371,66000,387130000C,(04)23274275,(04)23288582,2025,09,9,14,28,臺中市,北區,0,0,0,7,,,30,,,,,,,,,,,,,,17,,,,,B03,,,1,,1,,,84,84,1,13,4,120.682385,24.151689,3
3372,66000,387130000C,(04)23274275,(04)23288582,2025,09,9,14,29,臺中市,南屯區,0,1,0,6,2,6,50,13,9,1,5,4,6,6,4,4,1,4,5,2,17,2,9,2,1,C03,7,9,1,10,2,11,,7,7,1,12,4,120.616345,24.145835,2
3373,66000,387130000C,(04)23274275,(04)23288582,2025,09,9,14,30,臺中市,烏日區,0,0,0,7,,,30,,,,,,,,,,,,,,15,,,,,B12,,,1,,2,,,15,15,1,6,4,120.651918,24.052713,3