﻿序號,縣市別代碼,機關代碼,市話,傳真,年,月,日,時,分,縣市,區,死亡數量,受傷數量,2-30,天候,道路照明設備,道路類別,道路速限,道路型態,事故位置,路面鋪裝,路面狀態,路面缺陷,障礙物,視距,號誌種類,號誌動作,分向設施,快車道或一般車道間,快慢車道間,路面邊線,事故類型及型態,受傷程度,主要傷處,保護裝備,行動電話或功能裝置,當事者區分_類別,車輛用途,當事者行動狀態,駕照狀態,駕照種類,飲酒情形,車輛撞擊部位最初,車輛撞擊部位其他,肇事因素個別,肇事因素主要,肇事逃逸,職業,共享經濟或外送平台,GPS座標X,GPS座標Y,事故類別
3374,66000,387130000C,(04)23274275,(04)23288582,2025,09,9,14,34,臺中市,沙鹿區,0,2,0,7,2,6,50,13,9,1,5,4,6,6,4,4,5,5,5,2,17,2,9,1,1,C03,7,9,1,10,2,13,,39,39,1,13,4,120.567383,24.203925,2
3375,66000,387130000C,(04)23274275,(04)23288582,2025,09,9,14,36,臺中市,北區,0,1,0,5,2,6,50,4,2,1,4,4,6,6,2,1,10,5,5,2,17,2,9,2,1,C03,7,9,1,10,2,14,,84,84,1,13,4,120.677417,24.155895,2
3376,66000,387130000C,(04)23274275,(04)23288582,2025,09,9,14,36,臺中市,北屯區,0,0,0,7,,,30,,,,,,,,,,,,,,17,,,,,B03,,,1,,1,,,12,12,1,12,4,120.693185,24.173109,3
3377,66000,387130000C,(04)23274275,(04)23288582,2025,09,9,14,40,臺中市,西屯區,0,0,0,7,,,30,,,,,,,,,,,,,,17,,,,,B01,,,1,,1,,,51,51,1,12,4,120.665787,24.174022,3
3378,66000,387130000C,(04)23274275,(04)23288582,2025,09,9,14,48,臺中市,外埔區,0,0,0,7,,,50,,,,,,,,,,,,,,,,,,,A12,,,1,,1,,,43,43,1,12,4,120.637853,24.342499,3
3379,66000,387130000C,(04)23274275,(04)23288582,2025,09,9,14,50,臺中市,潭子區,0,0,0,7,,,50,,,,,,,,,,,,,,,,,,,B03,,,1,,2,,,84,84,1,12,4,120.703363,24.200757,3
3380,66000,387130000C,(04)23274275,(04)23288582,2025,09,9,14,50,臺中市,北區,0,1,0,7,2,6,50,4,1,1,5,4,6,6,4,4,5,5,5,2,17,3,10,5,1,B01,7,9,1,4,2,8,,12,12,1,13,4,120.680489,24.150101,2
3381,66000,387130000C,(04)23274275,(04)23288582,2025,09,9,14,50,臺中市,神岡區,0,0,0,7,2,6,30,3,1,1,5,4,6,6,4,4,10,5,5,2,20,3,10,5,4,B03,7,6,1,8,2,5,,59,59,1,12,4,120.68936,24.257927,3
3382,66000,387130000C,(04)23274275,(04)23288582,2025,09,9,14,51,臺中市,西屯區,0,0,0,6,,,40,,,,,,,,,,,,,,12,,,,,B03,,,1,6,1,,,8,8,1,12,4,120.62904,24.163157,3
3383,66000,387130000C,(04)23274275,(04)23288582,2025,09,9,14,58,臺中市,神岡區,0,0,0,7,1,6,30,3,1,1,5,4,6,6,4,4,10,5,5,2,19,,,,,B03,,,1,,1,,,8,8,1,12,4,120.674398,24.248877,3
3384,66000,387130000C,(04)23274275,(04)23288582,2025,09,9,15,2,臺中市,南屯區,0,1,0,7,3,6,50,3,1,1,5,4,6,6,4,4,10,5,5,2,13,2,9,1,1,C03,7,9,1,10,2,11,,7,7,1,12,4,120.64039,24.136356,2
3385,66000,387130000C,(04)23274275,(04)23288582,2025,09,9,15,10,臺中市,北屯區,0,1,0,7,2,6,30,13,9,1,5,4,6,6,4,4,10,5,5,2,14,3,10,3,1,B12,7,2,1,8,2,3,,49,49,1,12,4,120.701736,24.166421,2
3386,66000,387130000C,(04)23274275,(04)23288582,2025,09,9,15,15,臺中市,后里區,0,1,0,7,2,6,50,4,2,1,5,4,6,6,1,1,5,5,5,1,13,2,8,2,1,C03,7,9,1,10,2,11,,7,7,1,12,4,120.684545,24.311488,2
3387,66000,387130000C,(04)23274275,(04)23288582,2025,09,9,15,16,臺中市,西屯區,0,2,0,7,2,6,50,4,1,1,5,4,6,6,1,1,10,5,5,2,16,2,9,5,4,C03,7,6,1,10,2,14,,11,11,1,11,4,120.615735,24.184641,2
3388,66000,387130000C,(04)23274275,(04)23288582,2025,09,9,15,16,臺中市,大里區,0,1,0,7,2,6,60,13,8,1,5,4,6,6,4,4,1,4,4,2,13,2,9,2,1,C03,7,9,5,10,2,11,,7,7,1,13,4,120.688069,24.084426,2
3389,66000,387130000C,(04)23274275,(04)23288582,2025,09,9,15,20,臺中市,南屯區,0,1,0,7,2,6,60,3,2,1,4,4,6,6,2,1,5,4,5,2,13,2,8,1,1,C03,7,9,1,10,2,11,,7,7,1,12,4,120.648284,24.146805,2
3390,66000,387130000C,(04)23274275,(04)23288582,2025,09,9,15,23,臺中市,北屯區,0,0,0,7,,,30,,,,,,,,,,,,,,14,,,,,A11,,,1,,2,,,49,49,1,12,4,120.684935,24.194055,3
3391,66000,387130000C,(04)23274275,(04)23288582,2025,09,9,15,23,臺中市,大肚區,0,0,0,7,,,30,,,,,,,,,,,,,,11,,,,,B12,,,1,,2,,,8,8,1,13,4,120.551533,24.138577,3
3392,66000,387130000C,(04)23274275,(04)23288582,2025,09,9,15,25,臺中市,西屯區,0,0,0,7,,,50,,,,,,,,,,,,,,13,,,,,B02,,,1,,2,,,59,59,1,12,4,120.613766,24.183784,3
3393,66000,387130000C,(04)23274275,(04)23288582,2025,09,9,15,27,臺中市,北屯區,0,0,0,7,,,40,,,,,,,,,,,,,,12,,,,,B03,,,1,,2,,,50,50,1,6,4,120.726224,24.158977,3
3394,66000,387130000C,(04)23274275,(04)23288582,2025,09,9,15,27,臺中市,西屯區,0,1,0,7,2,6,50,4,1,1,4,4,6,6,2,1,5,4,4,2,18,2,7,2,1,C03,7,9,1,10,2,14,,84,84,1,12,4,120.645434,24.175913,2
3395,66000,387130000C,(04)23274275,(04)23288582,2025,09,9,15,29,臺中市,南屯區,0,0,0,7,,,50,,,,,,,,,,,,,,13,,,,,B03,,,1,,1,,,7,7,1,6,4,120.643826,24.146854,3
3396,66000,387130000C,(04)23274275,(04)23288582,2025,09,9,15,30,臺中市,大肚區,0,0,0,7,,,30,,,,,,,,,,,,,,,,,,,A41,,,1,,9,,,8,8,1,6,4,120.578344,24.11206,3
3397,66000,387130000C,(04)23274275,(04)23288582,2025,09,9,15,38,臺中市,西區,0,0,0,7,,,50,,,,,,,,,,,,,,,,,,,B02,,,1,,1,,,51,51,1,6,4,120.659714,24.145487,3
3398,66000,387130000C,(04)23274275,(04)23288582,2025,09,9,15,39,臺中市,太平區,0,1,0,7,2,6,50,4,2,1,5,4,6,6,3,1,10,5,5,2,17,3,10,5,4,B03,7,5,3,19,1,5,,65,65,1,6,4,120.708875,24.154056,2
3399,66000,387130000C,(04)23274275,(04)23288582,2025,09,9,15,47,臺中市,外埔區,0,1,0,7,2,6,50,13,8,1,5,4,6,6,4,4,4,5,4,1,17,3,10,3,1,B12,7,14,1,7,2,4,,76,76,1,12,4,120.637871,24.342665,2
3400,66000,387130000C,(04)23274275,(04)23288582,2025,09,9,15,48,臺中市,太平區,0,0,0,7,,,50,,,,,,,,,,,,,,,,,,,B03,,,1,,10,,,87,87,1,12,4,120.714208,24.139239,3
3401,66000,387130000C,(04)23274275,(04)23288582,2025,09,9,15,51,臺中市,南區,0,2,0,7,2,6,50,4,1,1,5,4,6,6,2,1,10,5,5,2,13,2,9,2,1,C03,7,9,1,10,1,11,,7,7,1,12,4,120.683605,24.12437,2
3402,66000,387130000C,(04)23274275,(04)23288582,2025,09,9,15,52,臺中市,北屯區,0,0,0,7,,,30,,,,,,,,,,,,,,14,,,,,B12,,,1,,1,,,49,49,1,12,4,120.743498,24.199267,3
3403,66000,387130000C,(04)23274275,(04)23288582,2025,09,9,15,56,臺中市,豐原區,0,1,0,7,2,6,50,5,1,1,5,4,6,6,2,1,5,4,4,1,16,3,10,3,1,B03,7,5,1,8,2,6,,47,47,1,12,4,120.720403,24.24045,2
3404,66000,387130000C,(04)23274275,(04)23288582,2025,09,9,15,59,臺中市,西屯區,0,0,0,7,,,40,,,,,,,,,,,,,,12,,,,,B03,,,1,,2,,,8,8,1,12,4,120.609608,24.184261,3
3405,66000,387130000C,(04)23274275,(04)23288582,2025,09,9,15,59,臺中市,沙鹿區,0,0,0,7,,,50,,,,,,,,,,,,,,,,,,,C03,,,1,,2,,,40,40,1,6,4,120.568485,24.207861,3
3406,66000,387130000C,(04)23274275,(04)23288582,2025,09,9,16,0,臺中市,西區,0,1,0,7,3,6,50,13,7,1,5,4,6,6,4,4,1,4,1,2,13,3,10,3,1,B03,7,9,1,8,1,1,,7,7,1,12,4,120.658225,24.15782,2
3407,66000,387130000C,(04)23274275,(04)23288582,2025,09,9,16,4,臺中市,南區,0,1,0,7,2,6,50,13,9,1,5,4,6,6,4,4,5,5,5,2,17,3,10,1,1,C03,7,11,1,10,2,14,,39,39,1,12,4,120.656736,24.11387,2
3408,66000,387130000C,(04)23274275,(04)23288582,2025,09,9,16,5,臺中市,烏日區,0,0,0,7,2,6,40,13,9,1,5,4,6,6,4,4,10,5,5,2,25,3,10,3,1,B11,7,9,1,8,2,9,,8,8,1,6,4,120.643594,24.079877,3
3409,66000,387130000C,(04)23274275,(04)23288582,2025,09,9,16,10,臺中市,西屯區,0,0,0,7,,,1,,,,,,,,,,,,,,14,,,,,B03,,,1,,1,,,49,49,1,12,4,120.640404,24.166279,3
3410,66000,387130000C,(04)23274275,(04)23288582,2025,09,9,16,10,臺中市,神岡區,0,2,0,7,2,6,50,13,9,1,5,4,6,6,3,1,9,4,5,1,12,2,8,5,4,C03,7,9,1,10,2,11,,7,7,1,12,4,120.6721,24.2555,2
3411,66000,387130000C,(04)23274275,(04)23288582,2025,09,9,16,11,臺中市,東勢區,0,1,0,7,2,6,50,3,1,1,5,4,6,6,1,1,5,5,5,2,12,2,8,1,1,C03,7,6,1,10,2,13,,48,48,1,12,4,120.825237,24.263304,2
3412,66000,387130000C,(04)23274275,(04)23288582,2025,09,9,16,21,臺中市,北屯區,0,1,0,7,2,6,50,13,9,1,5,4,6,6,2,1,1,5,5,2,13,2,7,1,1,C03,7,9,1,10,2,11,,7,7,1,12,4,120.728952,24.160995,2
3413,66000,387130000C,(04)23274275,(04)23288582,2025,09,9,16,21,臺中市,西屯區,0,0,0,7,,,40,,,,,,,,,,,,,,13,,,,,B03,,,1,,1,,,7,7,1,13,4,120.631949,24.174598,3
3414,66000,387130000C,(04)23274275,(04)23288582,2025,09,9,16,23,臺中市,北區,0,1,0,7,2,6,50,13,7,1,5,4,6,6,4,4,5,5,4,2,13,3,10,3,1,B03,7,9,1,8,2,1,,7,7,1,12,4,120.682805,24.159333,2
3415,66000,387130000C,(04)23274275,(04)23288582,2025,09,9,16,23,臺中市,大肚區,0,2,0,7,2,6,50,13,14,1,5,4,6,6,4,4,5,5,5,1,17,2,9,1,1,C03,7,9,1,10,2,12,,84,84,1,6,4,120.543511,24.150011,2
3416,66000,387130000C,(04)23274275,(04)23288582,2025,09,9,16,25,臺中市,潭子區,0,0,0,6,,,50,,,,,,,,,,,,,,,,,,,B12,,,1,,2,,,8,8,1,13,4,120.703218,24.206879,3
3417,66000,387130000C,(04)23274275,(04)23288582,2025,09,9,16,29,臺中市,東區,0,2,0,7,3,6,30,4,1,1,5,4,3,6,4,4,10,5,5,2,15,2,6,5,4,C03,7,9,1,10,2,11,,13,13,1,12,4,120.689181,24.132585,2
3418,66000,387130000C,(04)23274275,(04)23288582,2025,09,9,16,30,臺中市,西屯區,0,0,0,7,,,40,,,,,,,,,,,,,,13,,,,,C03,,,1,,1,,,7,7,1,12,4,120.638278,24.159295,4
3419,66000,387130000C,(04)23274275,(04)23288582,2025,09,9,16,31,臺中市,西區,0,0,0,7,3,6,50,4,1,1,5,4,6,6,2,1,10,5,5,2,12,,,,,A42,,,1,,1,,,7,7,1,13,4,120.665268,24.146718,3
3420,66000,387130000C,(04)23274275,(04)23288582,2025,09,9,16,31,臺中市,沙鹿區,0,0,0,7,,,30,,,,,,,,,,,,,,,,,,,C03,,,1,,2,,,45,45,1,13,4,120.582734,24.21865,3
3421,66000,387130000C,(04)23274275,(04)23288582,2025,09,9,16,32,臺中市,西屯區,0,2,0,7,2,6,40,3,2,1,5,4,6,6,2,1,1,2,1,2,13,2,7,1,1,C03,7,9,1,10,2,14,,7,7,1,5,4,120.61943,24.18146,2
3422,66000,387130000C,(04)23274275,(04)23288582,2025,09,9,16,32,臺中市,西屯區,0,0,0,7,,,50,,,,,,,,,,,,,,,,,,,B03,,,3,,1,,,40,40,1,12,4,120.65178,24.176103,3
3423,66000,387130000C,(04)23274275,(04)23288582,2025,09,9,16,32,臺中市,大里區,0,1,0,7,3,6,50,3,2,1,5,4,6,6,4,4,3,4,5,1,16,3,10,5,4,B03,7,5,1,8,2,2,,20,20,1,13,4,120.687348,24.095081,2
3424,66000,387130000C,(04)23274275,(04)23288582,2025,09,9,16,35,臺中市,潭子區,0,1,0,7,3,6,50,5,1,1,5,4,6,6,1,1,1,4,4,1,17,3,10,3,1,B03,7,5,1,8,2,5,,11,11,1,13,4,120.686109,24.215947,2
3425,66000,387130000C,(04)23274275,(04)23288582,2025,09,9,16,35,臺中市,大里區,0,0,0,7,3,6,80,13,7,1,5,4,5,6,4,4,1,4,5,1,24,,,,,B03,,,1,,2,,,84,84,1,12,4,120.701531,24.122416,3
3426,66000,387130000C,(04)23274275,(04)23288582,2025,09,9,16,36,臺中市,潭子區,0,0,0,7,,,50,,,,,,,,,,,,,,,,,,,C03,,,1,,2,,,13,13,1,12,4,120.699625,24.193323,4
3427,66000,387130000C,(04)23274275,(04)23288582,2025,09,9,16,38,臺中市,北區,0,0,0,7,,,50,,,,,,,,,,,,,,12,,,,,B12,,,1,,1,,,40,40,1,13,4,120.694446,24.158399,3
3428,66000,387130000C,(04)23274275,(04)23288582,2025,09,9,16,40,臺中市,南屯區,0,0,0,7,3,6,40,13,8,1,5,4,6,6,4,4,5,4,4,2,12,,,,,B03,,,1,,2,,,20,20,1,12,4,120.633427,24.141732,3
3429,66000,387130000C,(04)23274275,(04)23288582,2025,09,9,16,41,臺中市,北屯區,0,0,0,7,,,50,,,,,,,,,,,,,,13,,,,,B03,,,1,,1,,,84,84,1,12,4,120.722512,24.175341,3
3430,66000,387130000C,(04)23274275,(04)23288582,2025,09,9,16,45,臺中市,神岡區,0,0,0,7,,,50,,,,,,,,,,,,,,2,,,,,A12,,,1,,2,,,59,59,1,6,4,120.662221,24.271898,3
3431,66000,387130000C,(04)23274275,(04)23288582,2025,09,9,16,46,臺中市,后里區,0,1,0,7,2,6,50,3,1,1,5,4,6,6,4,4,5,5,5,1,16,2,7,2,1,C02,7,6,1,9,2,11,,14,14,1,12,4,120.654123,24.314616,2
3432,66000,387130000C,(04)23274275,(04)23288582,2025,09,9,16,46,臺中市,豐原區,0,2,0,7,2,6,50,3,1,1,2,4,6,6,2,1,5,4,4,2,18,2,9,1,1,C03,7,6,1,10,2,14,,87,87,1,12,4,120.705886,24.251757,2
3433,66000,387130000C,(04)23274275,(04)23288582,2025,09,9,16,50,臺中市,西屯區,0,0,0,7,,,50,,,,,,,,,,,,,,13,,,,,C03,,,1,,1,,,7,7,1,13,4,120.655769,24.169967,3
3434,66000,387130000C,(04)23274275,(04)23288582,2025,09,9,16,50,臺中市,大里區,0,1,0,7,3,6,40,3,1,1,5,4,6,6,4,4,5,4,4,1,16,3,10,5,4,B03,7,5,1,8,2,7,,11,11,1,13,4,120.664387,24.09676,2
3435,66000,387130000C,(04)23274275,(04)23288582,2025,09,9,16,51,臺中市,西屯區,0,1,0,7,2,6,50,18,7,1,5,4,6,6,4,4,5,5,4,2,12,3,10,1,1,C03,7,15,1,10,2,14,,84,84,1,12,4,120.648191,24.173724,2
3436,66000,387130000C,(04)23274275,(04)23288582,2025,09,9,16,51,臺中市,沙鹿區,0,0,0,7,,,50,,,,,,,,,,,,,,,,,,,B03,,,1,,1,,,84,84,1,6,4,120.569739,24.23758,3
3437,66000,387130000C,(04)23274275,(04)23288582,2025,09,9,16,52,臺中市,北區,0,0,0,7,,,50,,,,,,,,,,,,,,,,,,,C03,,,1,,1,,,7,7,1,12,4,120.680206,24.148559,3
3438,66000,387130000C,(04)23274275,(04)23288582,2025,09,9,16,52,臺中市,大里區,0,2,0,7,2,6,30,4,1,1,5,4,6,6,4,4,10,5,5,2,15,2,9,2,1,C03,7,9,1,10,2,14,,12,12,1,13,4,120.70624,24.083402,2
3439,66000,387130000C,(04)23274275,(04)23288582,2025,09,9,16,53,臺中市,北屯區,0,0,0,7,,,30,,,,,,,,,,,,,,17,,,,,B03,,,1,,1,,,49,49,1,6,4,120.66496,24.179797,3
3440,66000,387130000C,(04)23274275,(04)23288582,2025,09,9,16,53,臺中市,沙鹿區,0,1,0,7,2,6,60,3,2,1,5,4,6,6,1,1,3,3,3,1,17,3,10,5,4,A41,7,9,1,1,2,1,,59,59,1,13,4,120.556126,24.212801,2
3441,66000,387130000C,(04)23274275,(04)23288582,2025,09,9,16,54,臺中市,大肚區,0,0,0,7,2,6,50,4,1,1,5,4,6,6,2,1,5,5,5,1,12,,,,,C03,,,1,,2,,,8,8,1,6,4,120.580037,24.171705,3
3442,66000,387130000C,(04)23274275,(04)23288582,2025,09,9,16,54,臺中市,豐原區,0,0,0,7,,,50,,,,,,,,,,,,,,,,,,,B03,,,1,,9,,,40,40,1,13,4,120.711641,24.240202,3
3443,66000,387130000C,(04)23274275,(04)23288582,2025,09,9,16,56,臺中市,北屯區,0,0,0,7,,,40,,,,,,,,,,,,,,13,,,,,C03,,,1,,1,,,7,7,1,6,4,120.692258,24.16493,3
3444,66000,387130000C,(04)23274275,(04)23288582,2025,09,9,16,59,臺中市,東區,0,1,0,7,2,6,50,13,7,1,5,4,6,6,4,4,3,4,4,2,13,2,9,2,1,C03,7,9,1,10,2,12,,7,7,1,13,4,120.694575,24.147036,2
3445,66000,387130000C,(04)23274275,(04)23288582,2025,09,9,17,2,臺中市,西屯區,0,1,0,7,2,6,50,4,1,1,5,4,6,6,1,1,10,5,5,2,16,3,10,5,4,C03,7,5,1,10,2,13,,11,11,1,12,4,120.654623,24.161942,2
3446,66000,387130000C,(04)23274275,(04)23288582,2025,09,9,17,4,臺中市,潭子區,0,2,0,7,2,6,30,13,9,1,5,4,6,3,4,4,10,5,5,1,3,2,3,2,1,C03,7,9,3,19,2,11,,84,84,1,12,4,120.725423,24.200553,2
3447,66000,387130000C,(04)23274275,(04)23288582,2025,09,9,17,5,臺中市,大雅區,0,1,0,7,3,6,60,4,9,1,5,4,6,6,1,1,1,3,5,1,17,2,9,1,4,C03,7,9,1,10,2,11,,84,84,1,13,4,120.645643,24.225309,2
3448,66000,387130000C,(04)23274275,(04)23288582,2025,09,9,17,5,臺中市,北區,0,1,0,7,2,6,30,13,9,1,5,4,6,6,4,4,10,5,5,2,17,3,10,3,1,B03,7,1,1,8,2,8,,51,51,1,12,4,120.688185,24.158674,2
3449,66000,387130000C,(04)23274275,(04)23288582,2025,09,9,17,7,臺中市,大里區,0,0,0,7,,,50,,,,,,,,,,,,,,13,,,,,C03,,,1,,1,,,7,7,1,13,4,120.715053,24.094324,3
3450,66000,387130000C,(04)23274275,(04)23288582,2025,09,9,17,7,臺中市,大肚區,0,1,0,7,2,6,50,13,9,1,5,4,6,6,4,4,5,5,5,1,12,2,9,4,1,F01,7,9,7,21,2,12,,59,59,1,2,4,120.540959,24.152421,2
3451,66000,387130000C,(04)23274275,(04)23288582,2025,09,9,17,8,臺中市,西屯區,0,1,0,7,2,6,50,14,24,1,5,4,6,6,4,4,10,5,5,2,17,3,10,3,1,B03,7,5,1,8,2,7,,18,18,1,12,4,120.618677,24.177485,2
3452,66000,387130000C,(04)23274275,(04)23288582,2025,09,9,17,8,臺中市,太平區,0,2,0,7,2,6,50,13,9,1,5,4,6,6,4,4,9,5,5,2,12,2,9,5,4,C03,7,9,1,10,2,11,,85,85,1,6,4,120.719038,24.136123,2
3453,66000,387130000C,(04)23274275,(04)23288582,2025,09,9,17,9,臺中市,北屯區,0,0,0,7,,,50,,,,,,,,,,,,,,13,,,,,B03,,,1,8,2,,,58,58,1,12,4,120.686504,24.193219,3
3454,66000,387130000C,(04)23274275,(04)23288582,2025,09,9,17,10,臺中市,西屯區,0,0,0,7,,,50,,,,,,,,,,,,,,,,,,,B03,,,1,,1,,,49,49,1,12,4,120.636087,24.17684,3
3455,66000,387130000C,(04)23274275,(04)23288582,2025,09,9,17,11,臺中市,北屯區,0,1,0,7,2,6,50,3,1,1,5,4,6,6,1,1,10,5,5,2,16,3,10,3,1,B03,7,5,5,8,2,2,,22,22,1,12,4,120.665366,24.201375,2
3456,66000,387130000C,(04)23274275,(04)23288582,2025,09,9,17,12,臺中市,中區,0,1,0,6,2,6,50,13,9,1,5,4,6,6,4,4,5,4,4,2,14,3,10,5,4,B03,7,2,1,8,2,7,,49,49,1,13,4,120.681745,24.142854,2
3457,66000,387130000C,(04)23274275,(04)23288582,2025,09,9,17,13,臺中市,烏日區,0,0,0,7,,,50,,,,,,,,,,,,,,12,,,,,A04,,,1,,9,,,8,8,1,6,4,120.635622,24.106932,3
3458,66000,387130000C,(04)23274275,(04)23288582,2025,09,9,17,14,臺中市,潭子區,0,0,0,7,,,50,,,,,,,,,,,,,,,,,,,C03,,,1,,2,,,84,84,1,13,4,120.697944,24.194648,3
3459,66000,387130000C,(04)23274275,(04)23288582,2025,09,9,17,15,臺中市,南區,0,2,0,7,2,6,50,13,7,1,5,4,6,6,4,4,5,5,4,2,13,2,9,1,1,C03,7,9,1,10,2,11,12,84,84,1,12,4,120.659839,24.113239,2
3460,66000,387130000C,(04)23274275,(04)23288582,2025,09,9,17,16,臺中市,梧棲區,0,1,0,7,2,6,50,4,1,1,5,4,6,6,1,1,10,5,5,2,16,3,10,3,1,B03,7,5,1,8,2,6,,11,11,1,12,4,120.553626,24.259359,2
3461,66000,387130000C,(04)23274275,(04)23288582,2025,09,9,17,20,臺中市,大雅區,0,0,0,7,,,40,,,,,,,,,,,,,,,,,,,A11,,,1,,1,,,84,84,1,12,4,120.650266,24.2095,3
3462,66000,387130000C,(04)23274275,(04)23288582,2025,09,9,17,20,臺中市,沙鹿區,0,0,0,7,,,40,,,,,,,,,,,,,,,,,,,C01,,,1,,2,,,7,7,1,12,4,120.571637,24.233458,3
3463,66000,387130000C,(04)23274275,(04)23288582,2025,09,9,17,22,臺中市,大甲區,0,1,0,7,3,6,50,13,9,1,5,4,6,6,4,4,9,5,5,1,13,2,9,2,1,C03,7,9,1,8,2,11,,7,7,1,6,4,120.644316,24.405252,2
3464,66000,387130000C,(04)23274275,(04)23288582,2025,09,9,17,23,臺中市,南屯區,0,0,0,7,,,50,,,,,,,,,,,,,,12,,,,,B03,,,1,,9,,,8,8,1,12,4,120.643012,24.146783,3
3465,66000,387130000C,(04)23274275,(04)23288582,2025,09,9,17,23,臺中市,北屯區,0,0,0,7,,,50,,,,,,,,,,,,,,13,,,,,B03,,,1,,1,,,7,7,1,12,4,120.721923,24.181984,4
3466,66000,387130000C,(04)23274275,(04)23288582,2025,09,9,17,24,臺中市,大雅區,0,1,0,7,2,6,30,13,9,1,5,4,6,6,4,4,10,5,5,1,28,2,9,2,1,C03,7,9,1,10,2,11,,87,87,1,13,4,120.650436,24.227693,2
3467,66000,387130000C,(04)23274275,(04)23288582,2025,09,9,17,24,臺中市,西屯區,0,1,0,7,2,6,50,4,1,1,5,4,6,6,2,1,10,5,5,2,11,3,10,3,4,B03,7,6,1,8,2,2,,11,11,1,12,4,120.650871,24.166529,2
3468,66000,387130000C,(04)23274275,(04)23288582,2025,09,9,17,24,臺中市,龍井區,0,0,0,7,2,6,50,4,1,1,5,4,6,6,4,4,5,5,5,2,15,,,,,C03,,,1,,1,,,12,12,1,6,4,120.592907,24.188526,3
3469,66000,387130000C,(04)23274275,(04)23288582,2025,09,9,17,25,臺中市,西屯區,0,0,0,7,,,60,,,,,,,,,,,,,,12,,,,,B03,,,1,,1,,,48,48,1,12,4,120.628789,24.162905,3
3470,66000,387130000C,(04)23274275,(04)23288582,2025,09,9,17,26,臺中市,西屯區,0,0,0,7,,,40,,,,,,,,,,,,,,13,,,,,C03,,,1,,1,,,7,7,1,13,4,120.639644,24.169095,3
3471,66000,387130000C,(04)23274275,(04)23288582,2025,09,9,17,29,臺中市,西區,0,0,0,7,,,50,,,,,,,,,,,,,,16,,,,,B02,,,1,,1,,,11,11,1,12,4,120.657375,24.146713,3
3472,66000,387130000C,(04)23274275,(04)23288582,2025,09,9,17,30,臺中市,大雅區,0,0,0,7,,,60,,,,,,,,,,,,,,,,,,,B03,,,1,,1,,,59,59,1,13,4,120.64899,24.217339,3
3473,66000,387130000C,(04)23274275,(04)23288582,2025,09,9,17,30,臺中市,太平區,0,2,0,7,2,6,50,4,2,1,5,4,6,6,4,4,9,4,4,2,17,2,9,1,1,C03,7,9,1,10,2,11,,59,59,1,12,4,120.718674,24.117412,2
3474,66000,387130000C,(04)23274275,(04)23288582,2025,09,9,17,31,臺中市,潭子區,0,0,0,7,,,60,,,,,,,,,,,,,,13,,,,,C03,,,1,,2,,,7,7,1,12,4,120.702958,24.199537,3
3475,66000,387130000C,(04)23274275,(04)23288582,2025,09,9,17,35,臺中市,南屯區,0,2,0,7,3,6,50,3,7,1,5,4,6,6,1,1,5,5,4,2,17,2,9,2,4,C03,7,9,1,10,2,14,,7,7,1,6,4,120.609838,24.137949,2
3476,66000,387130000C,(04)23274275,(04)23288582,2025,09,9,17,39,臺中市,大里區,0,1,0,7,2,6,50,4,7,1,5,4,6,6,1,1,3,4,4,1,12,3,10,3,1,B03,7,9,1,8,2,2,,84,84,1,13,4,120.693096,24.090507,2
3477,66000,387130000C,(04)23274275,(04)23288582,2025,09,9,17,40,臺中市,大里區,0,2,0,7,1,6,50,13,7,1,5,4,6,6,4,4,5,4,4,2,17,2,9,1,1,F02,7,11,7,21,7,12,,32,32,1,13,4,120.716738,24.101662,2
3478,66000,387130000C,(04)23274275,(04)23288582,2025,09,9,17,40,臺中市,大里區,0,1,0,7,1,6,50,3,1,1,5,4,6,6,4,4,10,5,5,2,16,3,10,3,1,B03,7,5,1,8,2,5,,47,47,1,12,4,120.683889,24.109632,2
3479,66000,387130000C,(04)23274275,(04)23288582,2025,09,9,17,40,臺中市,大里區,0,0,0,7,,,30,,,,,,,,,,,,,,13,,,,,C03,,,1,,1,,,87,87,1,13,4,120.712525,24.086756,3
3480,66000,387130000C,(04)23274275,(04)23288582,2025,09,9,17,41,臺中市,北屯區,0,1,0,7,2,6,50,14,7,1,5,4,6,6,4,4,10,5,4,2,18,2,9,1,1,C03,7,9,1,10,2,12,,84,84,1,6,4,120.739907,24.178942,2
3481,66000,387130000C,(04)23274275,(04)23288582,2025,09,9,17,44,臺中市,西屯區,0,0,0,7,,,50,,,,,,,,,,,,,,13,,,,,C03,,,1,,1,,,59,59,1,12,4,120.642524,24.181166,4
3482,66000,387130000C,(04)23274275,(04)23288582,2025,09,9,17,45,臺中市,南區,0,0,0,7,,,40,,,,,,,,,,,,,,12,,,,,B03,,,1,,1,,,8,8,1,12,4,120.680808,24.126304,3
3483,66000,387130000C,(04)23274275,(04)23288582,2025,09,9,17,47,臺中市,大里區,0,1,0,7,2,6,60,5,9,1,5,4,6,6,1,1,3,5,5,1,13,2,9,2,1,C03,7,9,1,10,2,11,,7,7,1,13,4,120.687788,24.086047,2
3484,66000,387130000C,(04)23274275,(04)23288582,2025,09,9,17,50,臺中市,太平區,0,0,0,7,,,50,,,,,,,,,,,,,,13,,,,,C03,,,5,,2,,,58,58,1,6,4,120.715774,24.14802,3