﻿序號,縣市別代碼,機關代碼,市話,傳真,年,月,日,時,分,縣市,區,死亡數量,受傷數量,2-30,天候,道路照明設備,道路類別,道路速限,道路型態,事故位置,路面鋪裝,路面狀態,路面缺陷,障礙物,視距,號誌種類,號誌動作,分向設施,快車道或一般車道間,快慢車道間,路面邊線,事故類型及型態,受傷程度,主要傷處,保護裝備,行動電話或功能裝置,當事者區分_類別,車輛用途,當事者行動狀態,駕照狀態,駕照種類,飲酒情形,車輛撞擊部位最初,車輛撞擊部位其他,肇事因素個別,肇事因素主要,肇事逃逸,職業,共享經濟或外送平台,GPS座標X,GPS座標Y,事故類別
3819,66000,387130000C,(04)23274275,(04)23288582,2025,09,10,14,47,臺中市,西屯區,0,0,0,7,,,0,,,,,,,,,,,,,,14,,,,,B03,,,1,,1,,,49,49,1,12,4,120.613608,24.173429,3
3820,66000,387130000C,(04)23274275,(04)23288582,2025,09,10,14,50,臺中市,西區,0,2,0,7,2,6,30,4,1,1,5,4,6,6,4,4,10,5,5,2,15,3,10,2,1,C03,7,9,1,10,2,13,,15,15,1,12,4,120.658203,24.156043,2
3821,66000,387130000C,(04)23274275,(04)23288582,2025,09,10,14,55,臺中市,東區,0,1,0,7,2,6,50,13,9,1,5,4,6,6,4,4,3,4,5,2,17,3,10,3,1,A04,7,9,1,2,2,1,,84,84,1,12,4,120.690634,24.132073,2
3822,66000,387130000C,(04)23274275,(04)23288582,2025,09,10,15,2,臺中市,西屯區,0,1,0,7,2,6,50,4,1,1,5,4,6,6,1,1,10,5,5,2,16,3,10,5,4,B03,7,6,1,8,2,1,,11,11,1,12,4,120.659684,24.192971,2
3823,66000,387130000C,(04)23274275,(04)23288582,2025,09,10,15,16,臺中市,西屯區,0,1,0,7,2,6,50,13,7,1,5,4,6,6,4,4,1,5,4,2,13,2,9,5,4,B03,7,12,1,8,2,1,,7,7,1,12,4,120.611822,24.19315,2
3824,66000,387130000C,(04)23274275,(04)23288582,2025,09,10,15,17,臺中市,石岡區,0,0,0,5,,,70,,,,,,,,,,,,,,,,,,,B03,,,1,,1,,,84,84,1,12,4,120.817762,24.260491,3
3825,66000,387130000C,(04)23274275,(04)23288582,2025,09,10,15,18,臺中市,南區,0,0,0,7,,,50,,,,,,,,,,,,,,,,,,,B12,,,1,,2,,,8,8,1,12,4,120.667663,24.118615,3
3826,66000,387130000C,(04)23274275,(04)23288582,2025,09,10,15,18,臺中市,烏日區,0,1,0,7,2,6,50,4,1,1,5,4,6,6,1,1,10,5,5,2,17,3,10,5,4,B12,7,5,1,8,2,5,,11,11,1,12,4,120.644156,24.087646,2
3827,66000,387130000C,(04)23274275,(04)23288582,2025,09,10,15,24,臺中市,外埔區,0,1,0,7,2,6,50,13,14,1,5,4,6,6,4,4,5,5,5,1,27,2,9,2,1,C03,7,9,1,10,2,11,,59,59,1,12,4,120.632253,24.332896,2
3828,66000,387130000C,(04)23274275,(04)23288582,2025,09,10,15,26,臺中市,西屯區,0,0,0,7,,,50,,,,,,,,,,,,,,16,,,,,B03,,,1,,2,,,6,6,1,12,4,120.606133,24.188942,3
3829,66000,387130000C,(04)23274275,(04)23288582,2025,09,10,15,30,臺中市,西屯區,0,0,0,7,,,50,,,,,,,,,,,,,,,,,,,B03,,,1,,2,,,40,40,1,12,4,120.653714,24.155902,3
3830,66000,387130000C,(04)23274275,(04)23288582,2025,09,10,15,33,臺中市,西區,0,0,0,7,,,50,,,,,,,,,,,,,,,,,,,C03,,,1,10,2,,,85,85,1,13,4,120.672857,24.136156,3
3831,66000,387130000C,(04)23274275,(04)23288582,2025,09,10,15,39,臺中市,潭子區,0,1,0,7,2,6,50,3,1,1,5,4,6,6,4,4,10,5,5,2,17,3,10,4,1,B03,7,13,1,8,2,4,,76,76,1,12,4,120.700798,24.211239,2
3832,66000,387130000C,(04)23274275,(04)23288582,2025,09,10,15,39,臺中市,北屯區,0,0,0,7,,,50,,,,,,,,,,,,,,13,,,,,B03,,,1,,1,,,59,59,1,13,4,120.684298,24.171814,3
3833,66000,387130000C,(04)23274275,(04)23288582,2025,09,10,15,40,臺中市,清水區,0,0,0,7,,,40,,,,,,,,,,,,,,,,,,,B03,,,1,,2,,,50,50,1,12,4,120.577217,24.272196,3
3834,66000,387130000C,(04)23274275,(04)23288582,2025,09,10,15,44,臺中市,南屯區,0,0,0,6,,,60,,,,,,,,,,,,,,17,,,,,B03,,,1,,1,,,59,59,1,12,4,120.653232,24.136904,3
3835,66000,387130000C,(04)23274275,(04)23288582,2025,09,10,15,49,臺中市,西區,0,1,0,7,3,6,50,3,2,1,5,4,6,6,1,1,5,4,5,2,13,2,9,1,1,C03,7,9,1,10,2,11,,7,7,1,6,4,120.673326,24.136609,2
3836,66000,387130000C,(04)23274275,(04)23288582,2025,09,10,15,53,臺中市,豐原區,0,0,0,7,2,6,50,13,9,1,5,4,6,6,4,4,9,5,4,2,12,3,10,3,1,B03,7,9,1,8,2,2,,84,84,1,12,4,120.719579,24.252538,3
3837,66000,387130000C,(04)23274275,(04)23288582,2025,09,10,15,55,臺中市,西屯區,0,1,0,7,2,6,50,3,7,1,5,4,6,6,4,4,9,4,4,2,13,3,10,2,1,C03,7,9,1,10,2,11,,7,7,1,12,4,120.649444,24.175282,2
3838,66000,387130000C,(04)23274275,(04)23288582,2025,09,10,15,59,臺中市,大里區,0,1,0,7,2,6,50,13,9,1,5,4,6,6,4,4,8,5,5,1,12,3,10,3,1,B03,7,4,1,8,2,2,,8,8,1,6,4,120.701368,24.083785,2
3839,66000,387130000C,(04)23274275,(04)23288582,2025,09,10,16,1,臺中市,北屯區,0,1,0,7,2,6,30,4,1,1,5,4,6,6,4,4,10,5,5,2,15,3,10,3,1,B03,7,9,1,8,2,1,,12,12,1,12,4,120.684524,24.173452,2
3840,66000,387130000C,(04)23274275,(04)23288582,2025,09,10,16,2,臺中市,西屯區,0,0,0,7,,,50,,,,,,,,,,,,,,12,,,,,B03,,,1,,1,,,40,40,1,13,4,120.645711,24.164129,3
3841,66000,387130000C,(04)23274275,(04)23288582,2025,09,10,16,9,臺中市,北屯區,0,0,0,7,,3,80,,,,,,,,,,,,,,17,,,,,B03,,,1,,1,,,87,87,1,6,4,120.720762,24.169123,3
3842,66000,387130000C,(04)23274275,(04)23288582,2025,09,10,16,10,臺中市,東勢區,0,0,0,6,,,50,,,,,,,,,,,,,,13,,,,,C03,,,1,,1,,,59,59,1,13,4,120.828469,24.257124,3
3843,66000,387130000C,(04)23274275,(04)23288582,2025,09,10,16,18,臺中市,北區,0,0,0,7,,,50,,,,,,,,,,,,,,,,,,,B03,,,1,,1,,,7,7,1,12,4,120.665809,24.160018,4
3844,66000,387130000C,(04)23274275,(04)23288582,2025,09,10,16,24,臺中市,大里區,0,1,0,6,2,6,40,13,8,1,5,4,6,6,4,4,5,5,4,2,17,3,10,4,1,B03,7,15,1,8,1,4,,76,76,1,13,4,120.694585,24.111112,2
3845,66000,387130000C,(04)23274275,(04)23288582,2025,09,10,16,28,臺中市,清水區,0,1,0,7,2,6,50,4,1,1,5,4,6,6,1,1,8,5,5,1,17,3,10,3,1,B03,7,5,1,8,2,2,,20,20,1,12,4,120.540132,24.289347,2
3846,66000,387130000C,(04)23274275,(04)23288582,2025,09,10,16,30,臺中市,大里區,0,1,0,7,3,6,50,3,1,1,5,4,6,6,4,4,10,5,5,2,16,3,10,5,4,B12,7,6,1,8,2,1,,14,14,1,13,4,120.69448,24.124078,2
3847,66000,387130000C,(04)23274275,(04)23288582,2025,09,10,16,30,臺中市,后里區,0,1,0,7,2,6,30,13,9,1,5,4,6,6,4,4,10,5,5,1,11,2,7,2,1,C03,7,9,1,10,2,14,,84,84,1,12,4,120.695121,24.291063,2
3848,66000,387130000C,(04)23274275,(04)23288582,2025,09,10,16,32,臺中市,北區,0,1,0,7,2,6,50,4,4,1,5,4,6,6,2,1,1,4,5,2,13,2,9,1,1,C03,7,9,1,10,2,11,12,7,7,1,13,4,120.673513,24.166764,2
3849,66000,387130000C,(04)23274275,(04)23288582,2025,09,10,16,32,臺中市,西屯區,0,0,0,6,,,50,,,,,,,,,,,,,,13,,,,,B03,,,1,,1,,,59,59,1,12,4,120.646699,24.173072,3
3850,66000,387130000C,(04)23274275,(04)23288582,2025,09,10,16,33,臺中市,豐原區,0,2,0,5,2,6,50,4,1,1,4,4,6,6,2,1,5,4,4,2,17,2,6,6,1,F01,7,6,7,21,2,14,,48,48,1,12,4,120.722309,24.24847,2
3851,66000,387130000C,(04)23274275,(04)23288582,2025,09,10,16,35,臺中市,南屯區,0,2,0,7,3,3,80,13,9,1,5,4,6,6,4,4,3,4,5,1,13,3,10,3,1,B03,7,9,1,8,1,1,,7,7,1,12,4,120.621618,24.134699,2
3852,66000,387130000C,(04)23274275,(04)23288582,2025,09,10,16,36,臺中市,潭子區,0,0,0,5,,,50,,,,,,,,,,,,,,35,,,,,B12,,,1,,2,,,84,84,1,12,4,120.706189,24.203558,3
3853,66000,387130000C,(04)23274275,(04)23288582,2025,09,10,16,40,臺中市,北區,0,2,0,7,3,6,50,13,9,1,5,4,6,6,4,4,1,4,5,2,17,2,7,3,1,B03,7,1,1,8,2,4,,51,51,1,12,4,120.672772,24.162825,2
3854,66000,387130000C,(04)23274275,(04)23288582,2025,09,10,16,41,臺中市,北屯區,0,0,0,7,,,50,,,,,,,,,,,,,,13,,,,,B03,,,1,,1,,,84,84,1,6,4,120.706426,24.166087,3
3855,66000,387130000C,(04)23274275,(04)23288582,2025,09,10,16,42,臺中市,西屯區,0,0,0,7,,,30,,,,,,,,,,,,,,11,,,,,B03,,,1,,1,,,8,8,1,12,4,120.665242,24.168705,3
3856,66000,387130000C,(04)23274275,(04)23288582,2025,09,10,16,46,臺中市,北區,0,0,0,7,,,50,,,,,,,,,,,,,,17,,,,,B03,,,1,,2,,,51,51,1,13,4,120.678859,24.156675,3
3857,66000,387130000C,(04)23274275,(04)23288582,2025,09,10,16,46,臺中市,清水區,0,4,0,7,2,6,50,4,2,1,5,4,6,6,1,1,8,3,3,1,17,2,9,3,1,B03,7,9,1,8,2,1,,21,21,1,12,4,120.532965,24.26834,2
3858,66000,387130000C,(04)23274275,(04)23288582,2025,09,10,16,47,臺中市,南屯區,0,1,0,7,2,6,50,4,1,1,5,4,6,6,2,1,1,3,1,1,12,3,10,3,1,B03,7,9,1,8,2,4,,8,8,1,12,4,120.623141,24.145201,2
3859,66000,387130000C,(04)23274275,(04)23288582,2025,09,10,16,47,臺中市,西屯區,0,0,0,7,,,50,,,,,,,,,,,,,,14,,,,,B03,,,1,,1,,,49,49,1,12,4,120.619076,24.185924,3
3860,66000,387130000C,(04)23274275,(04)23288582,2025,09,10,16,49,臺中市,大甲區,0,0,0,7,,,50,,,,,,,,,,,,,,,,,,,B12,,,1,,1,,,51,51,1,6,4,120.623202,24.341164,3
3861,66000,387130000C,(04)23274275,(04)23288582,2025,09,10,16,54,臺中市,北區,0,1,0,7,2,6,50,3,1,1,5,4,6,6,1,1,10,5,5,2,16,3,10,1,1,C03,7,5,1,10,2,12,,11,11,1,12,4,120.688386,24.151865,2
3862,66000,387130000C,(04)23274275,(04)23288582,2025,09,10,16,54,臺中市,清水區,0,0,0,7,,,60,,,,,,,,,,,,,,,,,,,A41,,,1,,2,,,7,7,1,12,4,120.536417,24.281189,3
3863,66000,387130000C,(04)23274275,(04)23288582,2025,09,10,16,55,臺中市,南屯區,0,1,0,7,2,6,60,4,1,1,5,4,6,6,2,1,7,4,5,2,16,3,10,1,1,C03,7,5,1,10,2,12,,11,11,1,5,4,120.609707,24.138486,2
3864,66000,387130000C,(04)23274275,(04)23288582,2025,09,10,16,57,臺中市,北區,0,1,0,7,2,6,50,4,1,1,5,4,6,6,2,1,5,4,5,2,16,3,10,3,1,B12,7,5,1,8,2,5,,11,11,1,13,4,120.666191,24.167105,2
3865,66000,387130000C,(04)23274275,(04)23288582,2025,09,10,16,57,臺中市,北屯區,0,1,0,7,2,9,0,18,13,1,5,4,6,6,4,4,10,5,5,2,17,2,9,5,4,C03,7,9,3,19,2,11,,27,27,1,12,4,120.682604,24.201416,2
3866,66000,387130000C,(04)23274275,(04)23288582,2025,09,10,16,58,臺中市,北屯區,0,1,0,7,2,6,50,4,1,1,5,4,6,6,1,1,4,3,5,2,15,2,9,2,1,C03,7,9,1,10,2,12,14,21,21,1,13,4,120.68695,24.186872,2
3867,66000,387130000C,(04)23274275,(04)23288582,2025,09,10,17,0,臺中市,大里區,0,0,0,6,2,6,50,4,1,1,5,4,6,6,4,4,5,5,4,2,30,,,,,B12,,,1,,2,,,84,84,1,13,4,120.692081,24.112008,3
3868,66000,387130000C,(04)23274275,(04)23288582,2025,09,10,17,1,臺中市,西屯區,0,0,0,7,,,50,,,,,,,,,,,,,,,,,,,C03,,,1,,1,,,7,7,1,12,4,120.641848,24.1698,3
3869,66000,387130000C,(04)23274275,(04)23288582,2025,09,10,17,2,臺中市,烏日區,0,0,0,7,,,30,,,,,,,,,,,,,,15,,,,,C03,,,1,,2,,,12,12,1,6,4,120.64162,24.098122,3
3870,66000,387130000C,(04)23274275,(04)23288582,2025,09,10,17,4,臺中市,太平區,0,1,0,6,3,6,50,4,1,1,5,4,6,6,4,4,10,5,5,2,15,3,10,3,1,B03,7,9,1,8,2,2,,15,15,1,6,4,120.715333,24.1596,2
3871,66000,387130000C,(04)23274275,(04)23288582,2025,09,10,17,5,臺中市,北屯區,0,1,0,7,3,6,50,4,1,1,5,4,6,6,4,4,10,5,5,2,15,2,9,2,1,C03,7,9,1,10,1,11,,15,15,1,13,4,120.694088,24.178062,2
3872,66000,387130000C,(04)23274275,(04)23288582,2025,09,10,17,5,臺中市,西屯區,0,0,0,7,,,40,,,,,,,,,,,,,,17,,,,,C03,,,1,,2,,,50,50,1,12,4,120.644305,24.174544,3
3873,66000,387130000C,(04)23274275,(04)23288582,2025,09,10,17,5,臺中市,沙鹿區,0,0,0,7,,,,,,,,,,,,,,,,,25,,,,,,,,,,,,,119,119,1,,,120.576839,24.220829,4
3874,66000,387130000C,(04)23274275,(04)23288582,2025,09,10,17,8,臺中市,霧峰區,0,1,0,7,2,6,40,4,1,1,5,4,6,6,1,1,5,5,5,2,16,3,10,3,1,B03,7,5,1,8,2,2,,11,11,1,13,4,120.684494,24.050966,2
3875,66000,387130000C,(04)23274275,(04)23288582,2025,09,10,17,10,臺中市,大里區,0,0,0,7,,,50,,,,,,,,,,,,,,,,,,,B03,,,1,,11,,,76,76,1,12,4,120.690017,24.092478,3
3876,66000,387130000C,(04)23274275,(04)23288582,2025,09,10,17,10,臺中市,太平區,0,0,0,7,,,30,,,,,,,,,,,,,,17,,,,,B03,,,1,,1,,,86,86,1,6,4,120.715323,24.117474,3
3877,66000,387130000C,(04)23274275,(04)23288582,2025,09,10,17,10,臺中市,龍井區,0,1,0,7,3,6,50,13,9,1,5,4,6,6,4,4,9,5,5,2,17,2,9,1,1,C03,7,1,1,10,2,11,,51,51,1,13,4,120.525055,24.20694,2
3878,66000,387130000C,(04)23274275,(04)23288582,2025,09,10,17,11,臺中市,潭子區,0,0,0,7,,,50,,,,,,,,,,,,,,,,,,,B03,,,1,,2,,,84,84,1,12,4,120.692926,24.21614,3
3879,66000,387130000C,(04)23274275,(04)23288582,2025,09,10,17,12,臺中市,西屯區,0,0,0,7,,,50,,,,,,,,,,,,,,13,,,,,B12,,,1,,1,,,84,84,1,13,4,120.61858,24.187818,3
3880,66000,387130000C,(04)23274275,(04)23288582,2025,09,10,17,12,臺中市,龍井區,0,2,0,7,3,6,40,4,1,1,5,4,6,6,1,1,5,5,5,2,17,2,9,1,1,C03,7,9,1,10,2,11,,34,34,1,6,4,120.512196,24.208441,2
3881,66000,387130000C,(04)23274275,(04)23288582,2025,09,10,17,13,臺中市,北區,0,0,0,7,,,50,,,,,,,,,,,,,,,,,,,C03,,,1,,1,,,7,7,1,12,4,120.668204,24.170895,3
3882,66000,387130000C,(04)23274275,(04)23288582,2025,09,10,17,13,臺中市,北屯區,0,0,0,5,,,50,,,,,,,,,,,,,,17,,,,,B03,,,1,,1,,,59,59,1,12,4,120.715673,24.179478,3
3883,66000,387130000C,(04)23274275,(04)23288582,2025,09,10,17,13,臺中市,大安區,0,0,0,7,,,50,,,,,,,,,,,,,,14,,,,,B03,,,1,,2,,,49,49,1,6,4,120.60719,24.37753,3
3884,66000,387130000C,(04)23274275,(04)23288582,2025,09,10,17,14,臺中市,西區,0,1,0,6,1,6,50,3,1,1,5,4,6,6,1,1,10,5,5,2,17,3,10,5,4,B12,7,6,1,8,2,1,,20,20,1,12,4,120.661678,24.141244,2
3885,66000,387130000C,(04)23274275,(04)23288582,2025,09,10,17,14,臺中市,南區,0,1,0,7,3,6,50,4,1,1,5,4,6,6,1,1,10,5,5,2,17,3,10,5,4,C03,7,15,1,10,2,13,,85,85,1,12,4,120.676627,24.131752,2
3886,66000,387130000C,(04)23274275,(04)23288582,2025,09,10,17,17,臺中市,西區,0,1,0,7,2,6,50,13,9,1,5,4,6,6,4,4,5,4,5,2,17,3,10,3,1,B03,7,1,1,8,2,8,,51,51,1,12,4,120.656541,24.150713,2
3887,66000,387130000C,(04)23274275,(04)23288582,2025,09,10,17,17,臺中市,沙鹿區,0,0,0,7,,,60,,,,,,,,,,,,,,,,,,,B03,,,1,,2,,,7,7,1,12,4,120.558332,24.241822,3
3888,66000,387130000C,(04)23274275,(04)23288582,2025,09,10,17,18,臺中市,大里區,0,0,0,7,,,50,,,,,,,,,,,,,,16,,,,,C03,,,1,,2,,,11,11,1,12,4,120.715737,24.099251,3
3889,66000,387130000C,(04)23274275,(04)23288582,2025,09,10,17,20,臺中市,潭子區,0,1,0,5,2,6,50,13,9,1,4,4,6,6,4,4,1,4,4,1,13,2,8,2,1,C03,7,8,1,10,2,11,,84,84,1,12,4,120.704044,24.203817,2
3890,66000,387130000C,(04)23274275,(04)23288582,2025,09,10,17,21,臺中市,西區,0,1,0,7,3,6,50,4,1,1,5,4,6,6,3,1,10,5,5,2,13,3,10,1,1,C03,7,9,1,10,2,11,,7,7,1,5,4,120.663063,24.147868,2
3891,66000,387130000C,(04)23274275,(04)23288582,2025,09,10,17,22,臺中市,西區,0,0,0,7,,,30,,,,,,,,,,,,,,15,,,,,C03,,,1,,1,,,12,12,1,12,4,120.660917,24.149016,3
3892,66000,387130000C,(04)23274275,(04)23288582,2025,09,10,17,23,臺中市,大里區,0,1,0,7,3,6,50,3,1,1,5,4,6,6,1,1,5,4,5,2,12,3,10,5,4,C03,7,9,1,10,2,11,,7,7,1,13,4,120.697287,24.100656,2
3893,66000,387130000C,(04)23274275,(04)23288582,2025,09,10,17,23,臺中市,太平區,0,0,0,7,,,30,,,,,,,,,,,,,,,,,,,B03,,,1,,2,,,49,49,1,6,4,120.712682,24.149305,3
3894,66000,387130000C,(04)23274275,(04)23288582,2025,09,10,17,24,臺中市,神岡區,0,0,0,7,,,50,,,,,,,,,,,,,,2,,,,,C03,,,1,,2,,,7,7,1,12,4,120.684305,24.246627,3
3895,66000,387130000C,(04)23274275,(04)23288582,2025,09,10,17,25,臺中市,南屯區,0,0,0,7,,,40,,,,,,,,,,,,,,13,,,,,C03,,,1,,1,,,7,7,1,6,4,120.638277,24.141134,3
3896,66000,387130000C,(04)23274275,(04)23288582,2025,09,10,17,25,臺中市,北屯區,0,2,0,5,2,6,50,4,1,1,4,4,6,6,2,1,10,5,5,2,16,2,9,1,1,C03,7,6,1,10,2,14,,23,23,1,6,4,120.730362,24.17377,2
3897,66000,387130000C,(04)23274275,(04)23288582,2025,09,10,17,25,臺中市,西屯區,0,1,0,7,2,6,40,4,1,1,5,4,6,6,1,1,10,5,5,2,16,3,10,5,4,B01,7,5,1,8,2,2,,11,11,1,12,4,120.641076,24.167898,2
3898,66000,387130000C,(04)23274275,(04)23288582,2025,09,10,17,25,臺中市,豐原區,0,0,0,6,,,50,,,,,,,,,,,,,,17,,,,,B03,,,1,,2,,,40,40,1,13,4,120.758357,24.275716,3
3899,66000,387130000C,(04)23274275,(04)23288582,2025,09,10,17,27,臺中市,潭子區,0,1,0,6,2,6,30,11,9,1,4,4,3,3,4,4,10,5,5,2,11,3,10,3,1,B03,7,5,1,8,2,8,,84,84,1,12,4,120.702983,24.210944,2
3900,66000,387130000C,(04)23274275,(04)23288582,2025,09,10,17,27,臺中市,西屯區,0,0,0,7,,,50,,,,,,,,,,,,,,13,,,,,B03,,,1,,1,,,88,88,1,12,4,120.651843,24.177146,3
3901,66000,387130000C,(04)23274275,(04)23288582,2025,09,10,17,28,臺中市,北區,0,0,0,7,,,50,,,,,,,,,,,,,,,,,,,B03,,,1,,1,,,7,7,1,12,4,120.675754,24.150337,3
3902,66000,387130000C,(04)23274275,(04)23288582,2025,09,10,17,28,臺中市,西屯區,0,0,0,7,,,40,,,,,,,,,,,,,,13,,,,,C03,,,1,,1,,,59,59,1,5,4,120.614593,24.183081,3
3903,66000,387130000C,(04)23274275,(04)23288582,2025,09,10,17,29,臺中市,大里區,0,1,0,7,3,6,50,4,2,1,5,4,6,6,4,4,5,4,5,1,17,3,10,3,1,B03,7,9,1,8,2,5,,7,7,1,13,4,120.689533,24.106031,2
3904,66000,387130000C,(04)23274275,(04)23288582,2025,09,10,17,30,臺中市,南屯區,0,2,0,7,3,6,50,13,9,1,5,4,6,6,1,1,5,5,4,2,12,2,9,1,1,F01,7,6,7,21,2,14,,48,48,1,12,4,120.612725,24.138917,2
3905,66000,387130000C,(04)23274275,(04)23288582,2025,09,10,17,30,臺中市,大里區,0,0,0,6,2,6,50,3,2,1,5,4,6,6,4,4,5,5,5,1,17,,,,,B03,,,1,,2,,,50,50,1,13,4,120.677411,24.110819,3
3906,66000,387130000C,(04)23274275,(04)23288582,2025,09,10,17,30,臺中市,沙鹿區,0,0,0,7,,,50,,,,,,,,,,,,,,17,,,,,B03,,,1,,2,,,59,59,1,12,4,120.558677,24.227962,3
3907,66000,387130000C,(04)23274275,(04)23288582,2025,09,10,17,32,臺中市,北屯區,0,0,0,7,,,50,,,,,,,,,,,,,,13,,,,,B03,,,1,,2,,,83,83,1,13,4,120.68406,24.201506,3
3908,66000,387130000C,(04)23274275,(04)23288582,2025,09,10,17,37,臺中市,東區,0,0,0,7,,,50,,,,,,,,,,,,,,,,,,,,,,,,,,,86,86,1,,,120.692133,24.145378,3
3909,66000,387130000C,(04)23274275,(04)23288582,2025,09,10,17,39,臺中市,北區,0,2,0,7,2,6,50,13,7,1,5,4,6,6,4,4,1,4,4,2,13,3,10,3,1,B03,7,9,1,8,2,1,,59,59,1,13,4,120.675597,24.15005,2
3910,66000,387130000C,(04)23274275,(04)23288582,2025,09,10,17,43,臺中市,北屯區,0,0,0,7,,,50,,,,,,,,,,,,,,9,,,,,B03,,,1,8,1,,,40,40,1,12,4,120.700991,24.169902,3
3911,66000,387130000C,(04)23274275,(04)23288582,2025,09,10,17,46,臺中市,北屯區,0,0,0,7,,,50,,,,,,,,,,,,,,13,,,,,B03,,,1,,1,,,35,35,1,13,4,120.721003,24.175968,3
3912,66000,387130000C,(04)23274275,(04)23288582,2025,09,10,17,47,臺中市,龍井區,0,0,0,7,,,30,,,,,,,,,,,,,,12,,,,,B01,,,1,,2,,,8,8,1,6,4,120.58987,24.183072,3
3913,66000,387130000C,(04)23274275,(04)23288582,2025,09,10,17,47,臺中市,后里區,0,0,0,5,2,6,50,13,7,1,4,4,6,6,4,4,9,5,4,1,13,3,10,3,1,B03,7,9,1,3,1,1,,84,84,1,12,4,120.69085,24.31404,3
3914,66000,387130000C,(04)23274275,(04)23288582,2025,09,10,17,50,臺中市,北屯區,0,1,0,6,1,6,50,13,7,1,4,4,6,6,4,4,9,5,4,2,12,2,9,1,1,C03,7,4,1,10,2,12,,1,1,1,12,4,120.708492,24.169302,2
3915,66000,387130000C,(04)23274275,(04)23288582,2025,09,10,17,51,臺中市,中區,0,0,0,7,,,50,,,,,,,,,,,,,,,,,,,C03,,,1,,1,,,48,48,1,12,4,120.681309,24.146355,3
3916,66000,387130000C,(04)23274275,(04)23288582,2025,09,10,17,51,臺中市,北區,0,0,0,7,,,50,,,,,,,,,,,,,,,,,,,B03,,,3,,2,,,50,50,1,12,4,120.678262,24.173014,3
3917,66000,387130000C,(04)23274275,(04)23288582,2025,09,10,17,51,臺中市,南屯區,0,0,0,7,,,50,,,,,,,,,,,,,,17,,,,,C03,,,1,,1,,,84,84,1,12,4,120.640731,24.146859,3
3918,66000,387130000C,(04)23274275,(04)23288582,2025,09,10,17,52,臺中市,北屯區,0,0,0,7,,,,,,,,,,,,,,,,,12,,,,,,,,,,,,,119,119,1,,,120.721563,24.182025,3
3919,66000,387130000C,(04)23274275,(04)23288582,2025,09,10,17,57,臺中市,北屯區,0,1,0,5,1,6,50,4,19,1,4,4,6,6,2,1,10,5,5,2,3,3,10,3,1,B12,7,6,1,8,2,1,,10,10,1,12,4,120.686545,24.196694,2
3920,66000,387130000C,(04)23274275,(04)23288582,2025,09,10,17,58,臺中市,北區,0,1,0,7,2,6,50,3,1,1,5,4,6,6,4,4,10,5,4,2,13,3,10,3,1,B01,7,11,1,4,2,3,,45,45,1,13,4,120.680854,24.151025,2
3921,66000,387130000C,(04)23274275,(04)23288582,2025,09,10,18,0,臺中市,豐原區,0,2,0,5,1,6,50,4,9,1,4,4,6,6,2,1,1,4,5,1,13,3,10,1,1,C03,7,9,1,10,2,11,14,7,7,1,12,4,120.724908,24.277226,2
3922,66000,387130000C,(04)23274275,(04)23288582,2025,09,10,18,2,臺中市,北區,0,0,0,5,,,50,,,,,,,,,,,,,,,,,,,B03,,,1,,1,,,13,13,1,12,4,120.685856,24.155261,3
3923,66000,387130000C,(04)23274275,(04)23288582,2025,09,10,18,3,臺中市,北屯區,0,0,0,7,,,50,,,,,,,,,,,,,,16,,,,,B03,,,1,,1,,,14,14,1,13,4,120.694718,24.173159,3
3924,66000,387130000C,(04)23274275,(04)23288582,2025,09,10,18,5,臺中市,北區,0,0,0,7,,,30,,,,,,,,,,,,,,9,,,,,C03,,,1,,2,,,59,59,1,13,4,120.682908,24.151787,3
3925,66000,387130000C,(04)23274275,(04)23288582,2025,09,10,18,5,臺中市,大里區,0,1,0,7,1,6,50,3,9,1,5,4,6,6,1,1,5,5,5,2,16,3,10,3,1,B03,7,5,1,8,2,2,,11,11,1,13,4,120.680021,24.074163,2
3926,66000,387130000C,(04)23274275,(04)23288582,2025,09,10,18,6,臺中市,東勢區,0,0,0,5,,,30,,,,,,,,,,,,,,15,,,,,B03,,,1,,1,,,12,12,1,13,4,120.829612,24.25166,3
3927,66000,387130000C,(04)23274275,(04)23288582,2025,09,10,18,7,臺中市,北屯區,0,1,0,7,3,6,50,13,9,1,5,4,6,6,4,4,5,5,5,2,12,2,9,2,1,C03,7,8,1,10,2,14,,43,43,1,13,4,120.68384,24.174546,2
3928,66000,387130000C,(04)23274275,(04)23288582,2025,09,10,18,9,臺中市,西屯區,0,0,0,7,,,40,,,,,,,,,,,,,,17,,,,,B03,,,1,,1,,,50,50,1,12,4,120.62203,24.183766,3
3929,66000,387130000C,(04)23274275,(04)23288582,2025,09,10,18,10,臺中市,潭子區,0,0,0,5,,,40,,,,,,,,,,,,,,14,,,,,B03,,,1,,2,,,49,49,1,12,4,120.711058,24.201329,3
3930,66000,387130000C,(04)23274275,(04)23288582,2025,09,10,18,10,臺中市,潭子區,0,1,0,6,1,6,50,4,2,1,4,4,6,6,3,1,5,4,4,2,18,2,9,1,1,C03,7,9,1,10,2,12,,59,59,1,13,4,120.704352,24.207145,2