﻿序號,縣市別代碼,機關代碼,市話,傳真,年,月,日,時,分,縣市,區,死亡數量,受傷數量,2-30,天候,道路照明設備,道路類別,道路速限,道路型態,事故位置,路面鋪裝,路面狀態,路面缺陷,障礙物,視距,號誌種類,號誌動作,分向設施,快車道或一般車道間,快慢車道間,路面邊線,事故類型及型態,受傷程度,主要傷處,保護裝備,行動電話或功能裝置,當事者區分_類別,車輛用途,當事者行動狀態,駕照狀態,駕照種類,飲酒情形,車輛撞擊部位最初,車輛撞擊部位其他,肇事因素個別,肇事因素主要,肇事逃逸,職業,共享經濟或外送平台,GPS座標X,GPS座標Y,事故類別
3931,66000,387130000C,(04)23274275,(04)23288582,2025,09,10,18,10,臺中市,沙鹿區,0,0,0,7,,,30,,,,,,,,,,,,,,13,,,,,C03,,,1,,1,,,7,7,1,12,4,120.560335,24.240998,4
3932,66000,387130000C,(04)23274275,(04)23288582,2025,09,10,18,15,臺中市,南屯區,0,0,0,6,,,50,,,,,,,,,,,,,,13,,,,,C03,,,1,,1,,,7,7,1,6,4,120.646778,24.139712,3
3933,66000,387130000C,(04)23274275,(04)23288582,2025,09,10,18,16,臺中市,北屯區,0,0,0,7,,,50,,,,,,,,,,,,,,13,,,,,B03,,,1,,1,,,84,84,1,12,4,120.685823,24.17736,3
3934,66000,387130000C,(04)23274275,(04)23288582,2025,09,10,18,16,臺中市,霧峰區,0,0,0,7,,,30,,,,,,,,,,,,,,11,,,,,B03,,,1,,2,,,8,8,1,12,4,120.659607,24.072058,3
3935,66000,387130000C,(04)23274275,(04)23288582,2025,09,10,18,21,臺中市,大里區,0,1,0,5,3,6,50,13,9,1,4,4,6,6,4,4,5,4,5,1,18,2,8,5,4,C03,7,9,1,10,2,12,,84,84,1,13,4,120.674458,24.114553,2
3936,66000,387130000C,(04)23274275,(04)23288582,2025,09,10,18,22,臺中市,太平區,0,0,0,5,,,40,,,,,,,,,,,,,,12,,,,,B03,,,1,,2,,,50,50,1,6,4,120.729454,24.150194,3
3937,66000,387130000C,(04)23274275,(04)23288582,2025,09,10,18,23,臺中市,西區,0,0,0,7,,,40,,,,,,,,,,,,,,17,,,,,C03,,,1,,1,,,7,7,1,12,4,120.663901,24.154997,3
3938,66000,387130000C,(04)23274275,(04)23288582,2025,09,10,18,24,臺中市,西屯區,0,0,0,6,,,50,,,,,,,,,,,,,,17,,,,,B03,,,1,,2,,,51,51,1,12,4,120.660916,24.164138,3
3939,66000,387130000C,(04)23274275,(04)23288582,2025,09,10,18,25,臺中市,西屯區,0,0,0,7,,,50,,,,,,,,,,,,,,12,,,,,C03,,,1,,2,,,8,8,1,13,4,120.636528,24.170784,3
3940,66000,387130000C,(04)23274275,(04)23288582,2025,09,10,18,25,臺中市,烏日區,0,0,0,6,1,6,50,3,9,1,5,4,6,6,1,1,5,4,5,1,12,3,10,3,1,B02,7,9,1,5,2,4,,8,8,1,6,4,120.64278,24.072904,3
3941,66000,387130000C,(04)23274275,(04)23288582,2025,09,10,18,26,臺中市,南屯區,0,1,0,7,1,6,50,13,8,1,5,4,6,6,1,1,5,5,4,2,17,2,9,1,1,C03,7,9,3,19,2,14,,59,59,1,12,4,120.630824,24.145706,2
3942,66000,387130000C,(04)23274275,(04)23288582,2025,09,10,18,27,臺中市,沙鹿區,0,1,0,6,2,6,60,13,7,1,5,4,6,6,4,4,1,4,4,2,13,3,10,3,1,B03,7,9,1,10,2,1,,7,7,1,6,4,120.575637,24.227646,2
3943,66000,387130000C,(04)23274275,(04)23288582,2025,09,10,18,30,臺中市,北屯區,0,0,0,7,,,50,,,,,,,,,,,,,,17,,,,,C03,,,1,,1,,,4,4,1,6,4,120.669476,24.176198,4
3944,66000,387130000C,(04)23274275,(04)23288582,2025,09,10,18,30,臺中市,龍井區,0,3,0,7,1,6,30,3,2,1,5,4,6,6,4,4,10,5,5,2,8,2,8,6,1,F02,7,6,7,21,2,11,,59,59,1,6,4,120.589657,24.179579,2
3945,66000,387130000C,(04)23274275,(04)23288582,2025,09,10,18,34,臺中市,南屯區,0,0,0,7,,,30,,,,,,,,,,,,,,14,,,,,B03,,,1,,1,,,50,50,1,12,4,120.630635,24.115417,3
3946,66000,387130000C,(04)23274275,(04)23288582,2025,09,10,18,35,臺中市,西屯區,0,1,0,7,2,6,50,13,8,1,5,4,6,6,4,4,5,4,4,2,16,3,10,5,4,B03,7,5,1,8,2,2,,20,20,1,13,4,120.652646,24.176464,2
3947,66000,387130000C,(04)23274275,(04)23288582,2025,09,10,18,35,臺中市,大安區,0,0,0,7,,,30,,,,,,,,,,,,,,,,,,,B03,,,1,,2,,,59,59,1,6,4,120.598074,24.344671,3
3948,66000,387130000C,(04)23274275,(04)23288582,2025,09,10,18,37,臺中市,西區,0,0,0,6,1,6,50,13,9,1,5,4,6,6,2,1,6,1,5,2,17,,,,,B03,,,1,,1,,,85,85,1,13,4,120.671195,24.145326,3
3949,66000,387130000C,(04)23274275,(04)23288582,2025,09,10,18,38,臺中市,梧棲區,0,1,0,5,1,6,40,3,1,1,4,4,6,6,2,1,10,5,5,2,16,3,10,3,1,B03,7,5,1,8,2,5,,11,11,1,12,4,120.544166,24.246884,2
3950,66000,387130000C,(04)23274275,(04)23288582,2025,09,10,18,42,臺中市,南區,0,0,0,5,,,50,,,,,,,,,,,,,,13,,,,,B03,,,1,,1,,,84,84,1,12,4,120.679286,24.119037,3
3951,66000,387130000C,(04)23274275,(04)23288582,2025,09,10,18,44,臺中市,西屯區,0,0,0,7,,,50,,,,,,,,,,,,,,16,,,,,B03,,,1,,2,,,11,11,1,12,4,120.654004,24.168311,3
3952,66000,387130000C,(04)23274275,(04)23288582,2025,09,10,18,46,臺中市,北屯區,0,1,0,5,1,6,50,3,2,1,4,4,6,6,4,4,5,4,5,2,16,2,9,1,1,C03,7,5,1,9,2,11,,13,13,1,10,4,120.715723,24.174638,2
3953,66000,387130000C,(04)23274275,(04)23288582,2025,09,10,18,49,臺中市,南區,0,1,0,5,1,6,50,4,1,1,4,4,6,6,1,1,10,5,5,2,18,2,9,1,1,C03,7,9,1,10,2,12,,84,84,1,12,4,120.679399,24.12407,2
3954,66000,387130000C,(04)23274275,(04)23288582,2025,09,10,18,49,臺中市,西屯區,0,0,0,7,,3,40,,,,,,,,,,,,,,,,,,,B03,,,6,,11,,,7,7,2,12,5,120.627747,24.161148,3
3955,66000,387130000C,(04)23274275,(04)23288582,2025,09,10,18,50,臺中市,中區,0,0,0,5,,,,,,,,,,,,,,,,,17,,,,,,,,,,,,,87,,1,,,120.679416,24.139939,3
3956,66000,387130000C,(04)23274275,(04)23288582,2025,09,10,18,54,臺中市,西屯區,0,0,0,7,,3,80,,,,,,,,,,,,,,12,,,,,B01,,,1,,1,,,40,40,1,12,4,120.630854,24.16747,3
3957,66000,387130000C,(04)23274275,(04)23288582,2025,09,10,18,55,臺中市,北屯區,0,1,0,7,2,6,50,13,9,1,5,4,6,6,4,4,10,4,5,2,13,2,9,5,4,C03,7,9,1,10,1,11,,7,7,1,12,4,120.692866,24.171073,2
3958,66000,387130000C,(04)23274275,(04)23288582,2025,09,10,18,56,臺中市,東勢區,0,0,0,5,,,50,,,,,,,,,,,,,,17,,,,,B03,,,1,,1,,,39,39,1,13,4,120.82425,24.261399,3
3959,66000,387130000C,(04)23274275,(04)23288582,2025,09,10,18,57,臺中市,北屯區,0,0,0,7,,,50,,,,,,,,,,,,,,2,,,,,B03,,,1,,2,,,8,8,1,13,4,120.680225,24.169568,3
3960,66000,387130000C,(04)23274275,(04)23288582,2025,09,10,19,0,臺中市,南區,0,2,0,5,1,6,50,4,1,1,4,4,6,6,1,1,10,5,5,2,13,3,10,5,4,B03,7,6,1,8,2,1,,84,84,1,12,4,120.653463,24.122717,2
3961,66000,387130000C,(04)23274275,(04)23288582,2025,09,10,19,2,臺中市,太平區,0,1,0,5,1,6,50,13,9,1,4,4,6,6,4,4,10,5,5,2,13,2,8,1,1,C03,7,9,1,10,2,11,,84,84,1,6,4,120.717233,24.128301,2
3962,66000,387130000C,(04)23274275,(04)23288582,2025,09,10,19,3,臺中市,太平區,0,0,0,5,,,50,,,,,,,,,,,,,,,,,,,B03,,,1,,1,,,59,59,1,6,4,120.712834,24.146293,3
3963,66000,387130000C,(04)23274275,(04)23288582,2025,09,10,19,6,臺中市,北區,0,0,0,5,,,50,,,,,,,,,,,,,,,,,,,B03,,,1,,1,,,14,14,1,12,4,120.686041,24.149216,3
3964,66000,387130000C,(04)23274275,(04)23288582,2025,09,10,19,6,臺中市,北區,0,0,0,7,,,50,,,,,,,,,,,,,,13,,,,,B03,,,1,,2,,,7,7,1,13,4,120.683398,24.147612,3
3965,66000,387130000C,(04)23274275,(04)23288582,2025,09,10,19,8,臺中市,西屯區,0,0,0,7,,,60,,,,,,,,,,,,,,17,,,,,B03,,,1,,1,,,85,85,1,13,4,120.629456,24.163991,3
3966,66000,387130000C,(04)23274275,(04)23288582,2025,09,10,19,9,臺中市,大里區,0,0,0,5,,,50,,,,,,,,,,,,,,,,,,,C03,,,1,,1,,,48,48,1,6,4,120.696762,24.09058,3
3967,66000,387130000C,(04)23274275,(04)23288582,2025,09,10,19,9,臺中市,大里區,0,0,0,5,1,6,30,11,7,1,4,4,6,6,4,4,5,5,4,2,11,,,,,A04,,,1,,2,,,39,39,1,13,4,120.692634,24.122218,3
3968,66000,387130000C,(04)23274275,(04)23288582,2025,09,10,19,11,臺中市,北區,0,1,0,6,1,6,50,4,1,1,4,4,6,6,1,1,10,5,5,2,16,3,10,3,1,B03,7,6,1,8,2,8,,11,11,1,12,4,120.668252,24.171649,2
3969,66000,387130000C,(04)23274275,(04)23288582,2025,09,10,19,11,臺中市,南屯區,0,0,0,5,,,50,,,,,,,,,,,,,,17,,,,,B03,,,1,,1,,,51,51,1,12,4,120.648305,24.132052,3
3970,66000,387130000C,(04)23274275,(04)23288582,2025,09,10,19,12,臺中市,大雅區,0,2,0,5,1,6,50,5,2,1,4,4,6,6,4,4,9,4,5,1,12,2,9,2,1,C03,7,11,1,10,2,11,,45,45,1,13,4,120.666088,24.211309,2
3971,66000,387130000C,(04)23274275,(04)23288582,2025,09,10,19,13,臺中市,南屯區,0,1,0,5,1,6,50,4,1,1,4,4,6,6,2,1,10,5,5,2,15,2,8,2,4,C03,7,1,1,10,2,12,,84,84,1,6,4,120.648317,24.129534,2
3972,66000,387130000C,(04)23274275,(04)23288582,2025,09,10,19,14,臺中市,西屯區,0,0,0,6,,,50,,,,,,,,,,,,,,13,,,,,B03,,,5,,1,,,7,7,1,12,4,120.661043,24.171538,3
3973,66000,387130000C,(04)23274275,(04)23288582,2025,09,10,19,21,臺中市,西屯區,0,1,0,7,1,6,50,4,19,1,5,4,6,6,4,4,10,5,5,2,3,2,8,1,4,C03,7,9,3,19,2,14,,8,8,1,12,4,120.660892,24.167633,2
3974,66000,387130000C,(04)23274275,(04)23288582,2025,09,10,19,27,臺中市,北屯區,0,2,0,7,1,6,50,13,9,1,5,4,6,6,4,4,10,5,5,2,17,2,9,2,1,C03,7,1,1,10,2,11,,51,51,1,13,4,120.666326,24.186383,2
3975,66000,387130000C,(04)23274275,(04)23288582,2025,09,10,19,28,臺中市,西屯區,0,0,0,7,,,50,,,,,,,,,,,,,,13,,,,,B03,,,1,,1,,,7,7,1,12,4,120.649796,24.162755,3
3976,66000,387130000C,(04)23274275,(04)23288582,2025,09,10,19,32,臺中市,北屯區,0,1,0,5,1,6,50,4,1,1,4,4,6,6,1,1,10,5,5,2,16,3,10,3,1,B01,7,6,1,4,2,8,,11,11,1,12,4,120.681046,24.168542,2
3977,66000,387130000C,(04)23274275,(04)23288582,2025,09,10,19,34,臺中市,南屯區,0,1,0,5,1,6,50,13,19,1,4,4,6,6,1,1,3,2,5,2,9,3,10,3,1,B03,7,6,1,8,2,4,,10,10,1,11,4,120.647044,24.143771,2
3978,66000,387130000C,(04)23274275,(04)23288582,2025,09,10,19,37,臺中市,北屯區,0,0,0,7,,,50,,,,,,,,,,,,,,13,,,,,C03,,,1,,1,,,7,7,1,6,4,120.696855,24.174239,3
3979,66000,387130000C,(04)23274275,(04)23288582,2025,09,10,19,40,臺中市,西屯區,0,0,0,5,,,60,,,,,,,,,,,,,,13,,,,,B03,,,1,,2,,,59,59,1,12,4,120.644454,24.165509,3
3980,66000,387130000C,(04)23274275,(04)23288582,2025,09,10,19,47,臺中市,太平區,0,1,0,5,1,6,50,4,1,1,4,4,6,6,1,1,10,5,5,2,16,3,10,3,1,B03,7,6,1,8,2,5,,11,11,1,6,4,120.703018,24.153451,2
3981,66000,387130000C,(04)23274275,(04)23288582,2025,09,10,19,52,臺中市,太平區,0,1,0,5,2,3,80,13,9,1,4,4,6,6,4,4,1,4,5,1,17,2,9,5,4,C02,7,9,1,10,2,11,,58,58,1,6,4,120.714383,24.148835,2
3982,66000,387130000C,(04)23274275,(04)23288582,2025,09,10,19,54,臺中市,東區,0,1,0,5,1,6,50,4,1,1,4,4,6,6,1,1,1,5,5,2,15,2,7,2,1,C03,7,9,1,10,2,14,,21,21,1,13,4,120.696568,24.140114,2
3983,66000,387130000C,(04)23274275,(04)23288582,2025,09,10,19,55,臺中市,大里區,0,0,0,5,,,50,,,,,,,,,,,,,,12,,,,,B03,,,1,,2,,,8,8,1,13,4,120.666237,24.112186,3
3984,66000,387130000C,(04)23274275,(04)23288582,2025,09,10,20,4,臺中市,龍井區,0,1,0,5,1,6,40,13,8,1,4,4,6,6,4,4,1,4,4,2,17,3,10,3,1,B03,7,13,1,8,2,4,,76,76,1,6,4,120.54652,24.19527,2
3985,66000,387130000C,(04)23274275,(04)23288582,2025,09,10,20,5,臺中市,龍井區,0,0,0,7,,,50,,,,,,,,,,,,,,14,,,,,B03,,,1,,2,,,49,49,1,13,4,120.584635,24.182078,3
3986,66000,387130000C,(04)23274275,(04)23288582,2025,09,10,20,8,臺中市,西屯區,0,0,0,7,,,40,,,,,,,,,,,,,,,,,,,C03,,,1,,2,,,7,7,1,12,4,120.617624,24.182202,3
3987,66000,387130000C,(04)23274275,(04)23288582,2025,09,10,20,10,臺中市,沙鹿區,0,0,0,5,1,6,60,3,7,1,4,4,6,6,1,1,1,3,5,2,13,,,,,B03,,,1,,1,,,84,84,1,12,4,120.569447,24.225326,3
3988,66000,387130000C,(04)23274275,(04)23288582,2025,09,10,20,12,臺中市,西區,0,0,0,5,,,50,,,,,,,,,,,,,,,,,,,B03,,,1,,1,,,7,7,1,12,4,120.666393,24.133614,3
3989,66000,387130000C,(04)23274275,(04)23288582,2025,09,10,20,14,臺中市,西區,0,1,0,5,1,6,50,4,1,1,4,4,6,6,1,1,10,5,5,2,17,3,10,5,4,B03,7,6,1,8,1,1,,11,11,1,12,4,120.675422,24.133556,2
3990,66000,387130000C,(04)23274275,(04)23288582,2025,09,10,20,15,臺中市,大里區,0,1,0,5,1,6,30,13,9,1,4,4,6,6,4,4,10,5,5,2,19,2,9,1,1,C03,7,15,1,10,7,11,,84,84,1,13,4,120.67821,24.089589,2
3991,66000,387130000C,(04)23274275,(04)23288582,2025,09,10,20,25,臺中市,北屯區,0,0,0,7,,,50,,,,,,,,,,,,,,18,,,,,C03,,,1,,2,,,85,85,1,13,2,120.690449,24.176807,3
3992,66000,387130000C,(04)23274275,(04)23288582,2025,09,10,20,28,臺中市,南屯區,0,1,0,5,1,6,60,18,24,1,4,4,6,6,4,4,1,4,5,2,16,3,10,3,1,B03,7,5,1,8,2,6,,47,47,1,12,4,120.646495,24.130489,2
3993,66000,387130000C,(04)23274275,(04)23288582,2025,09,10,20,28,臺中市,外埔區,0,2,0,5,1,6,40,13,8,1,4,4,6,6,4,4,5,4,4,1,17,2,9,1,1,F03,7,9,7,21,2,12,,59,59,1,12,4,120.636218,24.341242,2
3994,66000,387130000C,(04)23274275,(04)23288582,2025,09,10,20,35,臺中市,南屯區,0,1,0,5,1,6,50,13,9,1,4,4,6,6,4,4,1,4,5,2,17,2,8,2,4,C03,7,9,1,10,2,12,,85,85,1,6,4,120.646533,24.131767,2
3995,66000,387130000C,(04)23274275,(04)23288582,2025,09,10,20,35,臺中市,北屯區,0,0,0,7,,,50,,,,,,,,,,,,,,9,,,,,C03,,,1,10,2,,,8,8,1,13,4,120.713574,24.179366,3
3996,66000,387130000C,(04)23274275,(04)23288582,2025,09,10,20,35,臺中市,龍井區,0,1,0,5,2,6,30,3,1,1,4,4,6,6,4,4,10,5,5,2,16,3,10,1,1,C03,7,5,1,10,1,14,,12,12,1,6,4,120.591733,24.18138,2
3997,66000,387130000C,(04)23274275,(04)23288582,2025,09,10,20,35,臺中市,大肚區,0,1,0,5,1,6,40,13,8,1,4,4,6,6,4,4,3,4,3,2,12,3,10,3,1,B03,7,9,1,8,2,2,,7,7,1,6,4,120.582536,24.170806,2
3998,66000,387130000C,(04)23274275,(04)23288582,2025,09,10,20,40,臺中市,西屯區,0,1,0,7,1,6,50,13,9,1,5,4,6,6,4,4,9,5,5,2,12,2,8,2,1,C03,7,9,1,10,1,14,,7,7,1,12,2,120.652226,24.159302,2
3999,66000,387130000C,(04)23274275,(04)23288582,2025,09,10,20,40,臺中市,大里區,0,0,0,7,,,40,,,,,,,,,,,,,,13,,,,,B03,,,1,,2,,,7,7,1,13,4,120.696235,24.110545,3
4000,66000,387130000C,(04)23274275,(04)23288582,2025,09,10,20,49,臺中市,太平區,0,1,0,5,1,6,50,3,2,1,4,4,6,6,2,1,5,5,5,1,13,3,10,3,1,B01,7,9,1,4,2,1,,84,84,1,12,4,120.718819,24.126584,2
4001,66000,387130000C,(04)23274275,(04)23288582,2025,09,10,20,51,臺中市,豐原區,0,0,0,5,,,40,,,,,,,,,,,,,,35,,,,,B03,,,1,,2,,,84,84,1,12,4,120.72761,24.250786,3
4002,66000,387130000C,(04)23274275,(04)23288582,2025,09,10,20,53,臺中市,霧峰區,0,1,0,5,1,6,50,3,1,1,4,4,6,6,1,1,5,5,5,2,17,2,9,2,1,C03,7,9,1,10,2,11,,85,85,1,13,4,120.696246,24.053973,2
4003,66000,387130000C,(04)23274275,(04)23288582,2025,09,10,20,58,臺中市,西區,0,1,0,5,1,6,50,4,2,1,4,4,6,6,4,4,10,5,5,2,18,2,9,2,1,C03,7,9,1,10,2,12,,84,84,1,12,4,120.66199,24.15479,2
4004,66000,387130000C,(04)23274275,(04)23288582,2025,09,10,20,59,臺中市,大肚區,0,1,0,7,1,6,50,4,1,1,5,4,6,6,1,1,10,5,5,2,15,2,9,2,1,C03,7,9,3,19,2,11,,85,85,1,6,4,120.548028,24.14666,2
4005,66000,387130000C,(04)23274275,(04)23288582,2025,09,10,21,10,臺中市,北區,0,1,0,7,1,6,50,4,1,1,5,4,6,6,1,1,1,4,4,2,17,3,10,3,1,B03,7,6,1,8,2,2,,11,11,1,12,4,120.67543,24.160429,2
4006,66000,387130000C,(04)23274275,(04)23288582,2025,09,10,21,14,臺中市,烏日區,0,0,0,7,,,50,,,,,,,,,,,,,,12,,,,,B03,,,1,,2,,,8,8,1,6,4,120.638537,24.107725,3
4007,66000,387130000C,(04)23274275,(04)23288582,2025,09,10,21,15,臺中市,烏日區,0,0,0,5,,,50,,,,,,,,,,,,,,12,,,,,B03,,,1,,2,,,59,59,1,6,4,120.620486,24.109525,3
4008,66000,387130000C,(04)23274275,(04)23288582,2025,09,10,21,18,臺中市,南屯區,0,1,0,6,2,6,50,4,1,1,4,4,6,6,4,4,10,5,5,2,18,2,9,2,4,C03,7,9,1,10,2,14,,84,84,1,13,4,120.639625,24.138919,2
4009,66000,387130000C,(04)23274275,(04)23288582,2025,09,10,21,22,臺中市,西區,0,0,0,7,,,50,,,,,,,,,,,,,,17,,,,,C03,,,1,,1,,,6,6,1,12,4,120.659366,24.16,3
4010,66000,387130000C,(04)23274275,(04)23288582,2025,09,10,21,25,臺中市,東區,0,1,0,6,1,6,50,4,1,1,4,4,6,6,1,1,9,4,5,2,18,2,7,1,1,C03,7,9,1,10,2,12,,7,7,1,12,4,120.702063,24.142703,2
4011,66000,387130000C,(04)23274275,(04)23288582,2025,09,10,21,29,臺中市,龍井區,0,1,0,5,1,6,50,4,1,1,4,4,6,6,1,1,10,5,5,2,18,2,9,1,1,C03,7,5,1,10,2,12,,59,59,1,6,4,120.596684,24.188631,2
4012,66000,387130000C,(04)23274275,(04)23288582,2025,09,10,21,30,臺中市,烏日區,0,0,0,7,,,50,,,,,,,,,,,,,,16,,,,,B03,,,1,,1,,,22,22,1,6,4,120.649171,24.093448,3
4013,66000,387130000C,(04)23274275,(04)23288582,2025,09,10,21,32,臺中市,北屯區,0,0,0,7,,,40,,,,,,,,,,,,,,14,,,,,C03,,,1,,1,,,87,87,1,12,4,120.683163,24.176766,3
4014,66000,387130000C,(04)23274275,(04)23288582,2025,09,10,21,35,臺中市,西屯區,0,0,0,7,,,,,,,,,,,,,,,,,17,,,,,,,,,,,,,119,119,1,,,120.646077,24.180435,3
4015,66000,387130000C,(04)23274275,(04)23288582,2025,09,10,21,38,臺中市,西區,0,3,0,7,1,6,50,3,1,1,5,4,6,6,4,4,10,5,5,2,17,2,9,5,4,C03,7,9,1,10,2,11,,20,20,1,12,4,120.653125,24.150585,2
4016,66000,387130000C,(04)23274275,(04)23288582,2025,09,10,21,38,臺中市,太平區,0,2,0,6,1,6,50,4,1,1,4,4,6,6,2,1,5,5,5,2,17,2,9,2,1,C03,7,9,1,10,9,11,,21,21,1,12,4,120.705773,24.15943,2
4017,66000,387130000C,(04)23274275,(04)23288582,2025,09,10,21,38,臺中市,龍井區,0,1,0,7,1,6,50,5,1,1,4,4,6,6,4,4,10,5,5,2,18,2,9,2,1,C03,7,12,1,10,2,12,,6,6,1,6,4,120.565975,24.196192,2
4018,66000,387130000C,(04)23274275,(04)23288582,2025,09,10,21,39,臺中市,大里區,0,1,0,5,1,6,40,3,2,1,4,4,6,6,4,4,5,5,4,2,18,2,9,1,1,C03,7,9,1,10,2,14,,84,84,1,13,4,120.676725,24.100764,2
4019,66000,387130000C,(04)23274275,(04)23288582,2025,09,10,21,39,臺中市,太平區,0,2,0,6,1,6,50,4,2,1,5,4,6,6,1,1,5,4,5,2,13,2,8,1,1,F03,7,9,7,21,2,11,,7,7,1,12,4,120.722151,24.149322,2
4020,66000,387130000C,(04)23274275,(04)23288582,2025,09,10,21,42,臺中市,中區,0,0,0,6,,,50,,,,,,,,,,,,,,,,,,,B12,,,1,,1,,,49,49,1,12,4,120.674776,24.143194,3
4021,66000,387130000C,(04)23274275,(04)23288582,2025,09,10,21,42,臺中市,神岡區,0,1,0,7,1,6,50,11,8,1,5,4,6,6,4,4,5,4,4,2,27,2,3,3,1,B03,7,9,1,8,2,1,,59,59,1,6,4,120.696656,24.265476,2
4022,66000,387130000C,(04)23274275,(04)23288582,2025,09,10,21,44,臺中市,沙鹿區,0,0,0,7,,,50,,,,,,,,,,,,,,,,,,,B03,,,1,,2,,,59,59,1,12,4,120.561389,24.24264,3
4023,66000,387130000C,(04)23274275,(04)23288582,2025,09,10,21,55,臺中市,神岡區,0,0,0,7,,,30,,,,,,,,,,,,,,10,,,,,B03,,,1,,2,,,41,41,1,6,4,120.659655,24.277268,3
4024,66000,387130000C,(04)23274275,(04)23288582,2025,09,10,22,4,臺中市,北屯區,0,0,0,7,,,50,,,,,,,,,,,,,,17,,,,,B02,,,1,,1,,,59,59,1,13,4,120.715584,24.174566,3
4025,66000,387130000C,(04)23274275,(04)23288582,2025,09,10,22,9,臺中市,沙鹿區,0,1,0,7,2,6,50,3,1,1,5,4,6,6,4,4,10,5,5,2,16,3,10,3,1,B03,7,5,1,8,2,7,,14,14,1,5,4,120.569057,24.212762,2
4026,66000,387130000C,(04)23274275,(04)23288582,2025,09,10,22,10,臺中市,南屯區,0,0,0,7,,,50,,,,,,,,,,,,,,,,,,,B03,,,1,,1,,,84,84,1,6,4,120.605223,24.138957,3
4027,66000,387130000C,(04)23274275,(04)23288582,2025,09,10,22,12,臺中市,中區,0,0,0,7,,,50,,,,,,,,,,,,,,17,,,,,B03,,,1,,1,,,84,84,1,12,4,120.675931,24.144413,3
4028,66000,387130000C,(04)23274275,(04)23288582,2025,09,10,22,23,臺中市,中區,0,1,0,6,1,6,50,13,8,1,5,4,6,6,4,4,5,4,5,2,17,3,10,5,4,B12,7,11,1,3,2,2,,39,39,1,12,4,120.684212,24.138085,2
4029,66000,387130000C,(04)23274275,(04)23288582,2025,09,10,22,34,臺中市,南區,0,1,0,6,1,6,50,4,1,1,4,4,6,6,1,1,10,5,5,2,13,2,9,1,1,C03,7,9,1,10,2,12,,84,84,1,12,4,120.666731,24.114148,2
4030,66000,387130000C,(04)23274275,(04)23288582,2025,09,10,22,56,臺中市,西屯區,0,1,0,7,1,6,50,3,1,1,5,4,6,6,4,4,10,5,5,2,16,3,10,3,1,B03,7,5,1,8,2,5,,47,47,1,12,4,120.649621,24.172863,2
4031,66000,387130000C,(04)23274275,(04)23288582,2025,09,10,22,59,臺中市,大里區,0,1,0,5,1,6,30,4,1,1,4,4,6,6,4,4,10,5,5,2,15,2,9,1,1,C03,7,9,1,10,2,12,,15,15,1,6,4,120.694206,24.080084,2
4032,66000,387130000C,(04)23274275,(04)23288582,2025,09,10,23,9,臺中市,沙鹿區,0,2,0,6,2,6,50,4,1,1,5,4,6,6,4,4,10,5,5,2,15,2,8,1,1,C03,7,9,1,10,2,11,14,15,15,1,12,4,120.567082,24.254778,2
4033,66000,387130000C,(04)23274275,(04)23288582,2025,09,10,23,19,臺中市,南區,0,1,0,7,1,6,50,5,1,1,4,4,6,6,1,1,10,5,5,2,16,2,9,1,1,C03,7,6,1,10,2,14,,36,36,1,6,4,120.684193,24.124041,2
4034,66000,387130000C,(04)23274275,(04)23288582,2025,09,10,23,22,臺中市,西區,0,1,0,6,1,6,50,13,9,1,5,4,6,6,2,1,5,4,5,2,13,3,10,3,1,B03,7,15,1,8,2,1,,56,56,1,12,4,120.661476,24.146955,2
4035,66000,387130000C,(04)23274275,(04)23288582,2025,09,10,23,49,臺中市,西區,0,0,0,6,,,50,,,,,,,,,,,,,,,,,,,B03,,,1,,1,,,87,87,1,12,4,120.661496,24.146728,3
4036,66000,387130000C,(04)23274275,(04)23288582,2025,09,11,0,5,臺中市,西區,0,0,0,7,,,50,,,,,,,,,,,,,,17,,,,,B02,,,1,,2,,,32,32,1,12,4,120.651428,24.146349,3
4037,66000,387130000C,(04)23274275,(04)23288582,2025,09,11,0,8,臺中市,潭子區,0,0,0,7,,,,,,,,,,,,,,,,,9,,,,,C03,,,,,,,,86,86,1,,,120.70257,24.18879,3
4038,66000,387130000C,(04)23274275,(04)23288582,2025,09,11,0,19,臺中市,北屯區,0,1,0,7,1,6,50,4,1,1,5,4,6,6,2,1,10,5,5,2,13,3,10,1,1,C03,7,9,1,10,2,12,,7,7,1,12,4,120.683398,24.172247,2
4039,66000,387130000C,(04)23274275,(04)23288582,2025,09,11,1,28,臺中市,北屯區,0,1,0,7,1,6,50,4,1,1,5,4,6,6,2,1,10,5,5,2,13,3,10,3,1,B03,7,9,1,8,2,5,,84,84,1,12,4,120.695377,24.164938,2
4040,66000,387130000C,(04)23274275,(04)23288582,2025,09,11,1,58,臺中市,南區,0,0,0,7,,,50,,,,,,,,,,,,,,,,,,,B03,,,1,,2,,,84,84,1,6,4,120.682573,24.13135,3
4041,66000,387130000C,(04)23274275,(04)23288582,2025,09,11,4,7,臺中市,北屯區,0,1,0,7,1,6,50,3,2,1,5,4,6,6,4,4,1,4,5,2,20,2,8,3,1,B03,7,8,1,8,2,8,,59,59,1,12,4,120.789952,24.205151,2