﻿序號,縣市別代碼,機關代碼,市話,傳真,年,月,日,時,分,縣市,區,死亡數量,受傷數量,2-30,天候,道路照明設備,道路類別,道路速限,道路型態,事故位置,路面鋪裝,路面狀態,路面缺陷,障礙物,視距,號誌種類,號誌動作,分向設施,快車道或一般車道間,快慢車道間,路面邊線,事故類型及型態,受傷程度,主要傷處,保護裝備,行動電話或功能裝置,當事者區分_類別,車輛用途,當事者行動狀態,駕照狀態,駕照種類,飲酒情形,車輛撞擊部位最初,車輛撞擊部位其他,肇事因素個別,肇事因素主要,肇事逃逸,職業,共享經濟或外送平台,GPS座標X,GPS座標Y,事故類別
4042,66000,387130000C,(04)23274275,(04)23288582,2025,09,11,5,2,臺中市,沙鹿區,0,1,0,7,3,6,30,12,9,1,5,4,6,6,4,4,10,5,5,2,18,2,9,2,1,C03,7,9,3,19,8,14,,53,53,1,6,4,120.580849,24.207944,2
4043,66000,387130000C,(04)23274275,(04)23288582,2025,09,11,5,3,臺中市,大雅區,0,0,0,7,,,50,,,,,,,,,,,,,,13,,,,,B03,,,1,,2,,,84,84,1,12,4,120.645047,24.225458,3
4044,66000,387130000C,(04)23274275,(04)23288582,2025,09,11,5,11,臺中市,沙鹿區,0,1,0,7,2,6,50,13,9,1,5,4,6,6,4,4,5,5,5,2,17,2,8,1,1,C03,7,9,3,19,9,11,12,84,84,1,6,4,120.579884,24.208177,2
4045,66000,387130000C,(04)23274275,(04)23288582,2025,09,11,5,55,臺中市,后里區,0,1,0,7,2,6,30,13,9,1,5,4,6,6,4,4,10,5,5,1,28,,,,,,,,,,,,,118,118,1,,,120.706782,24.30214,2
4046,66000,387130000C,(04)23274275,(04)23288582,2025,09,11,6,2,臺中市,豐原區,0,1,0,7,2,6,50,13,9,1,5,4,6,6,4,4,1,4,5,2,13,2,9,1,1,C03,7,9,1,10,2,11,,7,7,1,12,4,120.724969,24.27805,2
4047,66000,387130000C,(04)23274275,(04)23288582,2025,09,11,6,5,臺中市,西區,0,1,0,7,2,6,50,3,1,1,5,4,6,6,4,4,10,5,5,2,17,3,10,3,1,B03,7,5,1,8,2,4,,12,12,1,12,4,120.675056,24.142126,2
4048,66000,387130000C,(04)23274275,(04)23288582,2025,09,11,6,7,臺中市,東區,0,1,0,7,1,6,50,4,1,1,5,4,6,6,1,1,10,5,5,2,15,3,10,3,1,B12,7,9,1,8,2,1,,21,21,1,6,4,120.700103,24.138881,2
4049,66000,387130000C,(04)23274275,(04)23288582,2025,09,11,6,42,臺中市,大里區,0,0,0,7,,,50,,,,,,,,,,,,,,,,,,,B12,,,1,,2,,,50,50,1,12,4,120.692998,24.112059,3
4050,66000,387130000C,(04)23274275,(04)23288582,2025,09,11,6,43,臺中市,北屯區,0,0,0,7,,,50,,,,,,,,,,,,,,14,,,,,B03,,,1,,1,,,49,49,1,12,4,120.709613,24.174665,3
4051,66000,387130000C,(04)23274275,(04)23288582,2025,09,11,6,50,臺中市,大里區,0,1,0,7,3,6,30,13,9,1,3,2,6,6,4,4,9,5,5,2,18,2,9,1,1,C03,7,9,1,10,2,16,,84,84,1,13,4,120.727934,24.090028,2
4052,66000,387130000C,(04)23274275,(04)23288582,2025,09,11,6,58,臺中市,清水區,0,3,0,7,3,6,50,3,1,1,5,4,6,6,4,4,9,4,5,2,16,2,9,1,1,C03,7,9,1,10,2,12,,39,39,1,12,4,120.573441,24.266685,2
4053,66000,387130000C,(04)23274275,(04)23288582,2025,09,11,6,59,臺中市,大肚區,0,0,0,7,,,50,,,,,,,,,,,,,,,,,,,B03,,,1,,2,,,85,85,1,12,4,120.580582,24.172767,3
4054,66000,387130000C,(04)23274275,(04)23288582,2025,09,11,6,59,臺中市,烏日區,0,1,0,7,3,6,70,13,8,1,5,4,6,6,4,4,1,4,4,1,12,3,10,5,4,B03,7,7,1,8,2,3,,40,40,1,13,4,120.590602,24.113743,2
4055,66000,387130000C,(04)23274275,(04)23288582,2025,09,11,6,59,臺中市,東勢區,0,1,0,7,3,6,50,11,9,1,5,4,6,6,4,4,9,5,5,1,17,2,9,5,4,C03,7,9,1,10,2,12,,43,43,1,12,4,120.778128,24.286259,2
4056,66000,387130000C,(04)23274275,(04)23288582,2025,09,11,7,0,臺中市,北屯區,0,1,0,7,2,6,50,4,1,1,5,4,6,6,2,1,10,5,5,2,16,3,10,3,1,B03,7,5,1,8,2,2,,11,11,1,12,4,120.705738,24.1648,2
4057,66000,387130000C,(04)23274275,(04)23288582,2025,09,11,7,0,臺中市,清水區,0,0,0,7,,,50,,,,,,,,,,,,,,13,,,,,B12,,,1,,2,,,7,7,1,12,4,120.590749,24.30429,3
4058,66000,387130000C,(04)23274275,(04)23288582,2025,09,11,7,1,臺中市,大里區,0,0,0,7,,,50,,,,,,,,,,,,,,,,,,,B03,,,1,,2,,,15,15,1,12,4,120.695251,24.087724,3
4059,66000,387130000C,(04)23274275,(04)23288582,2025,09,11,7,2,臺中市,太平區,0,1,0,7,3,6,30,13,9,1,5,4,6,6,4,4,10,5,5,2,9,3,10,3,1,B12,7,2,1,8,2,3,,49,49,1,12,4,120.717851,24.137914,2
4060,66000,387130000C,(04)23274275,(04)23288582,2025,09,11,7,4,臺中市,西屯區,0,0,0,7,,,50,,,,,,,,,,,,,,13,,,,,B03,,,1,,2,,,7,7,1,12,4,120.618652,24.181375,3
4061,66000,387130000C,(04)23274275,(04)23288582,2025,09,11,7,5,臺中市,沙鹿區,0,2,0,7,2,6,30,13,8,1,5,4,6,6,4,4,10,5,5,2,13,2,8,1,1,C03,7,9,3,19,2,11,,7,7,1,6,4,120.560119,24.241007,2
4062,66000,387130000C,(04)23274275,(04)23288582,2025,09,11,7,10,臺中市,北屯區,0,0,0,7,,3,80,,,,,,,,,,,,,,,,,,,B12,,,1,,1,,,7,7,1,12,4,120.720908,24.169239,3
4063,66000,387130000C,(04)23274275,(04)23288582,2025,09,11,7,11,臺中市,大肚區,0,0,0,7,,,50,,,,,,,,,,,,,,13,,,,,B11,,,1,,2,,,59,59,1,6,4,120.574694,24.119416,3
4064,66000,387130000C,(04)23274275,(04)23288582,2025,09,11,7,12,臺中市,北區,0,1,0,7,2,6,40,13,8,1,5,4,6,6,4,4,5,5,4,2,18,2,9,6,1,F01,7,9,7,21,2,16,,84,84,1,13,4,120.666743,24.159481,2
4065,66000,387130000C,(04)23274275,(04)23288582,2025,09,11,7,15,臺中市,南屯區,0,1,0,7,2,6,50,4,1,1,5,4,6,6,2,1,1,4,4,2,17,2,9,3,1,B03,7,8,1,8,1,8,,87,87,1,6,4,120.622953,24.149873,2
4066,66000,387130000C,(04)23274275,(04)23288582,2025,09,11,7,16,臺中市,北屯區,0,1,0,7,2,6,50,4,1,1,5,4,6,6,1,1,10,5,5,2,15,2,9,1,1,C03,7,9,1,8,2,11,,21,21,1,12,4,120.692013,24.182689,2
4067,66000,387130000C,(04)23274275,(04)23288582,2025,09,11,7,16,臺中市,北屯區,0,0,0,7,,,50,,,,,,,,,,,,,,,,,,,C03,,,1,,1,,,58,58,1,6,4,120.700054,24.178622,3
4068,66000,387130000C,(04)23274275,(04)23288582,2025,09,11,7,17,臺中市,霧峰區,0,1,0,7,2,6,30,4,9,1,5,4,6,6,4,4,5,5,5,1,17,3,10,5,4,B12,7,6,1,8,2,1,,84,84,1,13,4,120.666595,24.079726,2
4069,66000,387130000C,(04)23274275,(04)23288582,2025,09,11,7,20,臺中市,太平區,0,0,0,7,,,50,,,,,,,,,,,,,,13,,,,,B12,,,1,,1,,,84,84,1,12,4,120.71304,24.143464,3
4070,66000,387130000C,(04)23274275,(04)23288582,2025,09,11,7,21,臺中市,南屯區,0,2,0,7,3,6,50,13,7,1,5,4,6,6,4,4,9,4,4,2,13,2,9,1,1,C03,7,7,1,10,2,12,,84,84,1,12,4,120.617586,24.158691,2
4071,66000,387130000C,(04)23274275,(04)23288582,2025,09,11,7,22,臺中市,豐原區,0,0,0,7,,,50,,,,,,,,,,,,,,13,,,,,C03,,,1,,2,,,7,7,1,13,4,120.733308,24.274089,3
4072,66000,387130000C,(04)23274275,(04)23288582,2025,09,11,7,25,臺中市,北屯區,0,2,0,7,3,6,50,4,1,1,5,4,6,6,2,1,10,5,5,2,16,2,9,1,1,C03,7,6,1,10,2,12,,11,11,1,6,4,120.67614,24.195393,2
4073,66000,387130000C,(04)23274275,(04)23288582,2025,09,11,7,28,臺中市,北屯區,0,1,0,7,2,6,50,5,4,1,5,4,6,6,2,1,10,5,5,2,13,3,10,3,1,B03,7,9,1,8,2,1,,84,84,1,12,4,120.698333,24.172948,2
4074,66000,387130000C,(04)23274275,(04)23288582,2025,09,11,7,29,臺中市,北區,0,1,0,7,2,6,50,4,1,1,5,4,6,6,1,1,5,5,4,2,17,3,10,3,1,B03,7,6,1,8,11,16,,85,85,1,12,4,120.675884,24.171452,2
4075,66000,387130000C,(04)23274275,(04)23288582,2025,09,11,7,29,臺中市,西屯區,0,0,0,7,,,40,,,,,,,,,,,,,,13,,,,,B03,,,1,,1,,,58,58,1,12,4,120.612853,24.183943,3
4076,66000,387130000C,(04)23274275,(04)23288582,2025,09,11,7,29,臺中市,神岡區,0,1,0,7,2,6,50,13,9,1,5,4,6,6,4,4,5,5,5,1,17,2,9,5,4,F02,7,9,7,21,2,11,,82,82,1,12,4,120.65959,24.256031,2
4077,66000,387130000C,(04)23274275,(04)23288582,2025,09,11,7,30,臺中市,南屯區,0,1,0,7,3,6,50,13,8,1,5,4,6,6,1,1,3,4,2,2,12,2,9,1,1,C03,7,9,1,10,2,14,,85,85,1,12,4,120.631731,24.125507,2
4078,66000,387130000C,(04)23274275,(04)23288582,2025,09,11,7,30,臺中市,神岡區,0,0,0,7,1,6,30,13,9,1,5,4,6,6,4,4,10,5,5,2,13,,,,,B12,,,1,,2,,,8,8,1,12,4,120.691471,24.23339,3
4079,66000,387130000C,(04)23274275,(04)23288582,2025,09,11,7,32,臺中市,南屯區,0,1,0,7,2,6,50,13,9,1,5,4,6,6,4,4,9,4,5,2,17,3,10,4,1,G03,7,15,7,21,9,17,,84,84,1,6,4,120.64628,24.152343,2
4080,66000,387130000C,(04)23274275,(04)23288582,2025,09,11,7,32,臺中市,大里區,0,0,0,7,,,50,,,,,,,,,,,,,,14,,,,,B03,,,1,,1,,,49,49,1,13,4,120.689325,24.100604,4
4081,66000,387130000C,(04)23274275,(04)23288582,2025,09,11,7,33,臺中市,沙鹿區,0,1,0,7,2,6,50,3,2,1,5,4,6,6,1,1,3,3,3,1,17,3,10,5,4,C03,7,5,1,10,2,12,,11,11,1,13,4,120.570261,24.211895,2
4082,66000,387130000C,(04)23274275,(04)23288582,2025,09,11,7,36,臺中市,大里區,0,2,0,7,2,6,50,13,9,1,5,4,6,6,4,4,1,5,5,1,17,2,9,1,1,C03,7,9,1,10,2,14,,85,85,1,6,4,120.685507,24.096186,2
4083,66000,387130000C,(04)23274275,(04)23288582,2025,09,11,7,37,臺中市,大甲區,0,0,0,7,,,50,,,,,,,,,,,,,,,,,,,B03,,,1,,1,,,50,50,1,6,4,120.64591,24.406364,4
4084,66000,387130000C,(04)23274275,(04)23288582,2025,09,11,7,40,臺中市,北區,0,0,0,7,,,50,,,,,,,,,,,,,,17,,,,,B03,,,1,,1,,,59,59,1,13,4,120.68396,24.146313,3
4085,66000,387130000C,(04)23274275,(04)23288582,2025,09,11,7,40,臺中市,北屯區,0,0,0,7,,,50,,,,,,,,,,,,,,,,,,,C03,,,1,,1,,,7,7,1,12,4,120.721761,24.18068,3
4086,66000,387130000C,(04)23274275,(04)23288582,2025,09,11,7,40,臺中市,太平區,0,0,0,7,,,50,,,,,,,,,,,,,,17,,,,,B12,,,1,,2,,,50,50,1,12,4,120.715638,24.111945,3
4087,66000,387130000C,(04)23274275,(04)23288582,2025,09,11,7,40,臺中市,烏日區,0,0,0,7,,,50,,,,,,,,,,,,,,13,,,,,B03,,,1,,1,,,7,7,1,6,4,120.637276,24.10733,3
4088,66000,387130000C,(04)23274275,(04)23288582,2025,09,11,7,47,臺中市,神岡區,0,1,0,7,2,6,30,3,1,1,5,4,6,6,3,1,10,5,5,2,16,3,10,5,4,B03,7,6,1,8,2,8,,24,24,1,12,4,120.680022,24.266127,2
4089,66000,387130000C,(04)23274275,(04)23288582,2025,09,11,7,49,臺中市,東區,0,2,0,7,2,6,50,4,1,1,5,4,6,6,2,1,10,5,5,2,16,2,9,2,1,C03,7,15,1,10,2,11,,84,84,1,12,4,120.700548,24.127404,2
4090,66000,387130000C,(04)23274275,(04)23288582,2025,09,11,7,49,臺中市,北屯區,0,1,0,7,2,6,50,4,1,1,5,4,6,6,1,1,10,5,5,2,16,3,10,3,1,A05,7,6,1,2,2,2,,11,11,1,6,4,120.718605,24.170158,2
4091,66000,387130000C,(04)23274275,(04)23288582,2025,09,11,7,50,臺中市,北屯區,0,0,0,7,,,50,,,,,,,,,,,,,,13,,,,,B03,,,1,8,9,,,7,7,1,6,4,120.686309,24.179682,3
4092,66000,387130000C,(04)23274275,(04)23288582,2025,09,11,7,50,臺中市,西屯區,0,0,0,7,,,50,,,,,,,,,,,,,,17,,,,,C03,,,1,,1,,,59,59,1,12,4,120.645539,24.172354,3
4093,66000,387130000C,(04)23274275,(04)23288582,2025,09,11,7,51,臺中市,南區,0,1,0,7,2,6,50,4,2,1,5,4,6,6,1,1,10,5,5,2,13,2,9,2,1,C03,7,9,1,10,1,11,,7,7,1,13,4,120.66679,24.115338,2
4094,66000,387130000C,(04)23274275,(04)23288582,2025,09,11,7,52,臺中市,沙鹿區,0,2,0,7,2,6,30,13,9,1,5,4,6,6,4,4,10,5,5,2,13,2,8,2,1,C03,7,9,1,10,2,11,,7,7,1,6,4,120.552464,24.226615,2
4095,66000,387130000C,(04)23274275,(04)23288582,2025,09,11,7,53,臺中市,東區,0,0,0,7,,,50,,,,,,,,,,,,,,17,,,,,C03,,,1,,1,,,48,48,1,12,4,120.697901,24.138668,3
4096,66000,387130000C,(04)23274275,(04)23288582,2025,09,11,7,54,臺中市,北區,0,0,0,7,,,50,,,,,,,,,,,,,,17,,,,,B03,,,1,,9,,,85,85,1,13,4,120.690607,24.156527,3
4097,66000,387130000C,(04)23274275,(04)23288582,2025,09,11,7,55,臺中市,北屯區,0,0,0,7,,,50,,,,,,,,,,,,,,,,,,,C03,,,1,,2,,,7,7,1,12,4,120.673337,24.181634,3
4098,66000,387130000C,(04)23274275,(04)23288582,2025,09,11,7,56,臺中市,太平區,0,0,0,7,,,50,,,,,,,,,,,,,,13,,,,,B03,,,1,,1,,,7,7,1,12,4,120.710669,24.149868,3
4099,66000,387130000C,(04)23274275,(04)23288582,2025,09,11,7,57,臺中市,東區,0,0,0,7,,,30,,,,,,,,,,,,,,16,,,,,C03,,,1,,1,,,84,84,1,12,4,120.693949,24.126537,3
4100,66000,387130000C,(04)23274275,(04)23288582,2025,09,11,7,57,臺中市,西屯區,0,1,0,7,2,6,50,13,9,1,5,4,6,6,4,4,5,5,5,2,16,2,8,2,1,C03,7,5,3,19,2,12,,47,47,1,12,4,120.594943,24.169421,2
4101,66000,387130000C,(04)23274275,(04)23288582,2025,09,11,7,58,臺中市,霧峰區,0,1,0,7,3,6,60,5,1,1,5,4,6,6,1,1,10,5,5,2,16,3,10,3,1,B12,7,5,1,8,2,2,,38,38,1,6,4,120.664369,24.083286,2
4102,66000,387130000C,(04)23274275,(04)23288582,2025,09,11,7,59,臺中市,中區,0,0,0,7,,,50,,,,,,,,,,,,,,,,,,,B03,,,1,,1,,,50,50,1,12,4,120.680161,24.142832,3
4103,66000,387130000C,(04)23274275,(04)23288582,2025,09,11,7,59,臺中市,西屯區,0,0,0,7,,,50,,,,,,,,,,,,,,16,,,,,B03,,,1,2,1,,,11,11,1,12,4,120.64465,24.184429,3
4104,66000,387130000C,(04)23274275,(04)23288582,2025,09,11,8,0,臺中市,北區,0,0,0,7,,,50,,,,,,,,,,,,,,17,,,,,B03,,,1,,1,,,8,8,1,13,4,120.671739,24.168767,3
4105,66000,387130000C,(04)23274275,(04)23288582,2025,09,11,8,0,臺中市,東區,0,0,0,7,,,50,,,,,,,,,,,,,,17,,,,,,,,,,,,,86,86,1,,,120.705482,24.132911,4
4106,66000,387130000C,(04)23274275,(04)23288582,2025,09,11,8,0,臺中市,南屯區,0,1,0,7,2,6,50,4,1,1,5,4,6,6,2,1,9,4,3,2,12,2,9,1,1,C03,7,8,1,10,2,14,,40,40,1,12,4,120.628648,24.147818,2
4107,66000,387130000C,(04)23274275,(04)23288582,2025,09,11,8,0,臺中市,北屯區,0,0,0,7,,,50,,,,,,,,,,,,,,,,,,,B03,,,1,,1,,,84,84,1,12,4,120.690984,24.180333,3
4108,66000,387130000C,(04)23274275,(04)23288582,2025,09,11,8,0,臺中市,西屯區,0,3,0,7,2,6,50,3,1,1,5,4,6,6,1,1,5,5,4,2,16,2,9,2,1,C03,7,8,1,10,2,14,,40,40,1,12,4,120.66015,24.16433,2
4109,66000,387130000C,(04)23274275,(04)23288582,2025,09,11,8,3,臺中市,東區,0,1,0,7,2,6,40,13,8,1,5,4,6,6,4,4,5,4,4,2,17,3,10,3,1,B03,7,14,1,8,2,2,,77,77,1,12,4,120.684811,24.128439,2
4110,66000,387130000C,(04)23274275,(04)23288582,2025,09,11,8,4,臺中市,西區,0,1,0,7,2,6,50,4,1,1,5,4,6,6,1,1,10,5,5,2,16,3,10,5,4,B03,7,5,1,8,2,5,,47,47,1,13,4,120.66774,24.13095,2
4111,66000,387130000C,(04)23274275,(04)23288582,2025,09,11,8,4,臺中市,北區,0,1,0,7,2,6,50,4,1,1,5,4,6,6,1,1,5,4,5,2,16,3,10,1,1,C03,7,6,1,10,2,14,,48,48,1,12,4,120.677005,24.165436,2
4112,66000,387130000C,(04)23274275,(04)23288582,2025,09,11,8,5,臺中市,北屯區,0,1,0,7,2,6,50,4,1,1,5,4,6,6,1,1,10,5,5,2,17,3,10,3,1,B03,7,11,1,8,2,8,,45,45,1,12,4,120.692635,24.173711,2
4113,66000,387130000C,(04)23274275,(04)23288582,2025,09,11,8,5,臺中市,西屯區,0,1,0,7,3,3,40,13,9,1,5,4,6,6,4,4,10,5,5,2,13,2,9,5,4,B03,7,9,1,8,2,1,,59,59,1,13,4,120.635674,24.181621,2
4114,66000,387130000C,(04)23274275,(04)23288582,2025,09,11,8,7,臺中市,北區,0,1,0,7,2,6,50,13,9,1,5,4,6,6,4,4,8,3,5,2,17,2,9,2,1,C03,7,9,1,10,2,12,,84,84,1,13,4,120.679876,24.165469,2
4115,66000,387130000C,(04)23274275,(04)23288582,2025,09,11,8,7,臺中市,大里區,0,0,0,7,,,,,,,,,,,,,,,,,30,,,,,,,,,,,,,119,119,1,,,120.705883,24.095552,3
4116,66000,387130000C,(04)23274275,(04)23288582,2025,09,11,8,10,臺中市,北區,0,2,0,7,2,6,50,4,1,1,5,4,6,6,1,1,10,5,5,2,17,2,9,1,1,C03,7,9,1,10,2,12,,84,84,1,13,4,120.680948,24.159108,2
4117,66000,387130000C,(04)23274275,(04)23288582,2025,09,11,8,10,臺中市,北區,0,1,0,7,2,6,40,13,9,1,5,4,6,6,4,4,5,5,5,2,17,3,10,5,1,B03,7,5,1,8,2,2,,84,84,1,13,4,120.677067,24.154757,2
4118,66000,387130000C,(04)23274275,(04)23288582,2025,09,11,8,11,臺中市,西區,0,0,0,7,,,50,,,,,,,,,,,,,,,,,,,B03,,,1,,2,,,51,51,1,6,4,120.670829,24.145969,3
4119,66000,387130000C,(04)23274275,(04)23288582,2025,09,11,8,11,臺中市,北區,0,0,0,7,,,50,,,,,,,,,,,,,,13,,,,,B03,,,1,,1,,,84,84,1,12,4,120.677448,24.15905,3
4120,66000,387130000C,(04)23274275,(04)23288582,2025,09,11,8,11,臺中市,大里區,0,1,0,7,3,6,30,3,1,1,5,4,6,6,4,4,10,5,5,2,16,2,9,1,1,C03,7,6,1,10,2,11,,14,14,1,12,4,120.692549,24.085164,2
4121,66000,387130000C,(04)23274275,(04)23288582,2025,09,11,8,11,臺中市,太平區,0,0,0,7,,3,80,,,,,,,,,,,,,,13,,,,,B03,,,1,,2,,,7,7,1,12,4,120.714272,24.148696,3
4122,66000,387130000C,(04)23274275,(04)23288582,2025,09,11,8,11,臺中市,沙鹿區,0,0,0,7,,,50,,,,,,,,,,,,,,,,,,,B03,,,1,,2,,,59,59,1,13,4,120.590147,24.245316,3
4123,66000,387130000C,(04)23274275,(04)23288582,2025,09,11,8,17,臺中市,西區,0,2,0,7,2,6,50,3,2,1,5,4,6,6,4,4,5,5,5,2,13,2,9,2,1,C03,7,9,1,10,2,11,,7,7,1,12,4,120.662372,24.158282,2
4124,66000,387130000C,(04)23274275,(04)23288582,2025,09,11,8,21,臺中市,西屯區,0,0,0,7,,,50,,,,,,,,,,,,,,16,,,,,D02,,,1,,1,,,40,40,1,10,4,120.624472,24.180158,3
4125,66000,387130000C,(04)23274275,(04)23288582,2025,09,11,8,23,臺中市,北區,0,1,0,7,2,6,40,13,8,1,5,4,6,6,4,4,1,4,4,2,16,3,10,3,1,B03,7,5,1,8,2,5,,47,47,1,12,4,120.675256,24.159974,2
4126,66000,387130000C,(04)23274275,(04)23288582,2025,09,11,8,23,臺中市,北屯區,0,0,0,7,,,50,,,,,,,,,,,,,,,,,,,B03,,,1,,2,,,8,8,1,6,4,120.672674,24.174046,3
4127,66000,387130000C,(04)23274275,(04)23288582,2025,09,11,8,25,臺中市,東勢區,0,1,0,7,2,6,60,3,1,1,5,4,6,6,1,1,10,5,5,2,12,3,10,3,1,B03,7,5,1,8,2,2,,11,11,1,12,4,120.82458,24.25692,2
4128,66000,387130000C,(04)23274275,(04)23288582,2025,09,11,8,29,臺中市,北區,0,1,0,7,2,6,50,13,7,1,5,4,6,6,4,4,1,4,4,2,17,2,9,1,1,C03,7,9,3,19,2,11,,7,7,1,13,4,120.680024,24.152794,2
4129,66000,387130000C,(04)23274275,(04)23288582,2025,09,11,8,30,臺中市,北區,0,0,0,7,,,50,,,,,,,,,,,,,,17,,,,,C03,,,1,,1,,,7,7,1,13,4,120.679876,24.165469,3
4130,66000,387130000C,(04)23274275,(04)23288582,2025,09,11,8,30,臺中市,西屯區,0,1,0,6,1,6,40,5,8,1,5,4,6,6,1,1,1,4,1,2,13,3,10,3,1,B03,7,9,1,8,2,1,,7,7,1,12,4,120.644113,24.165999,2
4131,66000,387130000C,(04)23274275,(04)23288582,2025,09,11,8,31,臺中市,南屯區,0,0,0,7,,,50,,,,,,,,,,,,,,,,,,,C03,,,3,,2,,,59,59,1,6,4,120.641104,24.139984,4
4132,66000,387130000C,(04)23274275,(04)23288582,2025,09,11,8,33,臺中市,西屯區,0,1,0,7,2,6,50,13,7,1,5,4,6,6,4,4,5,4,4,2,17,2,9,2,1,C03,7,9,1,10,2,12,,59,59,1,12,4,120.619023,24.166194,2
4133,66000,387130000C,(04)23274275,(04)23288582,2025,09,11,8,34,臺中市,后里區,0,0,0,7,2,6,50,5,2,1,5,4,6,6,1,1,5,4,4,1,16,3,10,3,1,B03,7,5,1,8,2,5,,11,11,1,12,4,120.696734,24.313089,3
4134,66000,387130000C,(04)23274275,(04)23288582,2025,09,11,8,39,臺中市,豐原區,0,0,0,7,,,50,,,,,,,,,,,,,,17,,,,,C03,,,1,,1,,,51,51,1,12,4,120.709355,24.25316,3
4135,66000,387130000C,(04)23274275,(04)23288582,2025,09,11,8,40,臺中市,南屯區,0,1,0,7,3,6,50,13,9,1,5,4,6,6,1,1,3,4,5,2,12,3,10,1,1,C03,7,9,1,10,2,14,,7,7,1,12,4,120.625946,24.145114,2
4136,66000,387130000C,(04)23274275,(04)23288582,2025,09,11,8,41,臺中市,潭子區,0,2,0,7,3,6,50,5,1,1,5,4,6,6,1,1,5,5,5,2,17,2,9,2,1,C03,7,6,1,10,2,12,,23,23,1,13,4,120.714819,24.200062,2
4137,66000,387130000C,(04)23274275,(04)23288582,2025,09,11,8,43,臺中市,西區,0,1,0,7,2,6,30,11,9,1,5,4,6,6,4,4,10,5,5,2,18,2,9,1,1,C03,7,9,1,10,2,12,,84,84,1,13,4,120.659894,24.158815,2
4138,66000,387130000C,(04)23274275,(04)23288582,2025,09,11,8,44,臺中市,北區,0,2,0,7,2,6,40,3,1,1,5,4,6,6,4,4,5,4,4,2,17,2,9,5,1,F02,7,6,7,21,2,13,,48,48,1,13,4,120.67173,24.17027,2
4139,66000,387130000C,(04)23274275,(04)23288582,2025,09,11,8,44,臺中市,北屯區,0,1,0,7,3,6,50,11,9,1,5,4,6,6,4,4,5,5,5,2,18,2,9,2,1,C03,7,9,1,10,2,12,,84,84,1,5,4,120.696501,24.186483,2
4140,66000,387130000C,(04)23274275,(04)23288582,2025,09,11,8,45,臺中市,北屯區,0,1,0,7,2,6,50,4,4,1,5,4,6,6,2,1,10,5,5,2,13,2,8,2,1,C03,7,9,1,8,2,11,,7,7,1,12,4,120.694208,24.171236,2
4141,66000,387130000C,(04)23274275,(04)23288582,2025,09,11,8,47,臺中市,神岡區,0,1,0,7,2,6,50,13,9,1,5,4,6,6,4,4,9,5,5,1,12,3,10,5,4,B12,7,9,1,8,2,6,,8,8,1,12,4,120.692202,24.238012,2
4142,66000,387130000C,(04)23274275,(04)23288582,2025,09,11,8,50,臺中市,北屯區,0,1,0,7,2,6,50,4,1,1,5,4,6,6,2,1,10,5,5,2,15,3,10,3,1,B03,7,9,1,8,2,1,,21,21,1,12,4,120.722536,24.169708,2
4143,66000,387130000C,(04)23274275,(04)23288582,2025,09,11,8,50,臺中市,北屯區,0,0,0,7,,,50,,,,,,,,,,,,,,13,,,,,B03,,,1,,1,,,59,59,1,12,4,120.723,24.181584,3
4144,66000,387130000C,(04)23274275,(04)23288582,2025,09,11,8,54,臺中市,潭子區,0,0,0,7,,,50,,,,,,,,,,,,,,16,,,,,B03,,,1,,2,,,84,84,1,13,4,120.718263,24.218115,3
4145,66000,387130000C,(04)23274275,(04)23288582,2025,09,11,8,54,臺中市,北區,0,2,0,7,2,6,50,4,2,1,5,4,6,6,2,1,10,5,5,2,12,2,9,2,1,C03,7,9,1,10,2,11,,7,7,1,13,4,120.677503,24.153648,2
4146,66000,387130000C,(04)23274275,(04)23288582,2025,09,11,8,55,臺中市,西屯區,0,1,0,7,1,6,40,8,9,1,5,4,6,6,4,4,1,5,5,1,13,2,9,1,1,C03,7,9,1,10,2,11,,7,7,1,12,4,120.632691,24.171597,2
4147,66000,387130000C,(04)23274275,(04)23288582,2025,09,11,9,0,臺中市,西屯區,0,0,0,7,,,60,,,,,,,,,,,,,,14,,,,,B12,,,1,,1,,,49,49,1,6,4,120.64899,24.160394,3
4148,66000,387130000C,(04)23274275,(04)23288582,2025,09,11,9,1,臺中市,神岡區,0,0,0,7,1,6,30,13,9,1,5,4,6,6,4,4,10,5,5,1,27,,,,,B02,,,1,,2,,,8,8,1,12,4,120.660728,24.27735,3
4149,66000,387130000C,(04)23274275,(04)23288582,2025,09,11,9,2,臺中市,大肚區,0,0,0,7,,,50,,,,,,,,,,,,,,,,,,,B02,,,1,,2,,,20,20,1,12,4,120.573778,24.168655,3
4150,66000,387130000C,(04)23274275,(04)23288582,2025,09,11,9,3,臺中市,北屯區,0,1,0,7,2,6,50,3,1,1,5,4,6,6,1,1,10,5,5,2,15,3,10,3,1,B01,7,9,1,4,2,2,,21,21,1,6,4,120.714915,24.182282,2
4151,66000,387130000C,(04)23274275,(04)23288582,2025,09,11,9,3,臺中市,西屯區,0,0,0,7,,,50,,,,,,,,,,,,,,13,,,,,B03,,,1,,1,,,84,84,1,12,4,120.602685,24.183504,3
4152,66000,387130000C,(04)23274275,(04)23288582,2025,09,11,9,5,臺中市,西屯區,0,2,0,7,3,6,50,4,1,1,5,4,6,6,1,1,10,5,5,2,16,2,9,5,4,C03,7,11,1,11,2,13,,45,45,1,13,4,120.662421,24.163584,2