﻿序號,縣市別代碼,機關代碼,市話,傳真,年,月,日,時,分,縣市,區,死亡數量,受傷數量,2-30,天候,道路照明設備,道路類別,道路速限,道路型態,事故位置,路面鋪裝,路面狀態,路面缺陷,障礙物,視距,號誌種類,號誌動作,分向設施,快車道或一般車道間,快慢車道間,路面邊線,事故類型及型態,受傷程度,主要傷處,保護裝備,行動電話或功能裝置,當事者區分_類別,車輛用途,當事者行動狀態,駕照狀態,駕照種類,飲酒情形,車輛撞擊部位最初,車輛撞擊部位其他,肇事因素個別,肇事因素主要,肇事逃逸,職業,共享經濟或外送平台,GPS座標X,GPS座標Y,事故類別
4153,66000,387130000C,(04)23274275,(04)23288582,2025,09,11,9,8,臺中市,南屯區,0,0,0,7,,,40,,,,,,,,,,,,,,12,,,,,B03,,,1,,9,,,51,51,1,12,4,120.626335,24.115609,3
4154,66000,387130000C,(04)23274275,(04)23288582,2025,09,11,9,10,臺中市,西區,0,2,0,7,3,6,50,4,1,1,5,4,6,6,1,1,10,5,5,2,16,2,1,1,1,C03,7,6,1,10,2,14,,84,84,1,6,4,120.6602,24.144317,2
4155,66000,387130000C,(04)23274275,(04)23288582,2025,09,11,9,10,臺中市,后里區,0,0,0,7,2,6,30,3,1,1,5,4,6,6,4,4,10,5,5,1,30,3,10,3,1,B02,7,5,1,8,1,2,,84,84,1,12,4,120.702798,24.292068,3
4156,66000,387130000C,(04)23274275,(04)23288582,2025,09,11,9,12,臺中市,南屯區,0,0,0,7,3,6,60,13,7,1,5,4,6,6,1,1,3,4,3,2,16,,,,,B03,,,1,,2,,,25,25,1,12,4,120.598422,24.155204,3
4157,66000,387130000C,(04)23274275,(04)23288582,2025,09,11,9,14,臺中市,北區,0,1,0,7,2,6,50,13,9,1,5,4,6,6,4,4,5,4,5,2,17,3,10,1,1,C03,7,10,1,10,2,13,,42,42,1,13,4,120.68693,24.148175,2
4158,66000,387130000C,(04)23274275,(04)23288582,2025,09,11,9,15,臺中市,西區,0,0,0,7,,,50,,,,,,,,,,,,,,13,,,,,B01,,,1,,1,,,7,7,1,12,4,120.652826,24.147575,3
4159,66000,387130000C,(04)23274275,(04)23288582,2025,09,11,9,15,臺中市,東區,0,1,0,7,2,6,50,4,1,1,5,4,6,6,1,1,9,4,5,2,17,3,10,3,1,B03,7,6,1,8,2,1,,11,11,1,12,4,120.701623,24.138767,2
4160,66000,387130000C,(04)23274275,(04)23288582,2025,09,11,9,15,臺中市,太平區,0,0,0,7,2,6,30,,,,,,,,,,,,,,,,,,,C03,,,1,,2,11,,15,15,1,12,4,120.724137,24.142657,3
4161,66000,387130000C,(04)23274275,(04)23288582,2025,09,11,9,17,臺中市,東勢區,0,1,0,7,2,6,30,13,9,1,4,4,6,6,4,4,10,5,5,2,18,2,9,5,4,C03,7,9,1,10,2,12,,84,84,1,13,4,120.784591,24.293466,2
4162,66000,387130000C,(04)23274275,(04)23288582,2025,09,11,9,25,臺中市,西屯區,0,1,0,7,2,6,50,13,7,1,5,4,6,6,2,1,5,4,4,2,13,3,10,5,4,B03,7,9,1,8,2,1,,59,59,1,13,4,120.611441,24.191697,2
4163,66000,387130000C,(04)23274275,(04)23288582,2025,09,11,9,27,臺中市,烏日區,0,2,0,7,2,6,50,13,9,1,5,4,6,6,4,4,1,4,5,2,13,3,10,5,4,B03,7,9,1,8,2,1,,84,84,1,13,4,120.614305,24.106696,2
4164,66000,387130000C,(04)23274275,(04)23288582,2025,09,11,9,30,臺中市,南屯區,0,1,0,7,2,6,50,4,1,1,5,4,6,6,2,1,1,5,5,2,13,2,7,1,1,C03,7,9,1,10,9,11,,7,7,1,6,4,120.646545,24.140395,2
4165,66000,387130000C,(04)23274275,(04)23288582,2025,09,11,9,30,臺中市,太平區,0,2,0,7,3,6,50,13,9,1,5,4,6,6,4,4,9,5,5,2,13,2,8,2,1,C03,7,9,3,19,2,11,,84,84,1,12,4,120.728471,24.156754,2
4166,66000,387130000C,(04)23274275,(04)23288582,2025,09,11,9,32,臺中市,北屯區,0,1,0,7,3,6,50,13,9,1,5,4,6,6,4,4,5,5,5,2,18,2,9,2,1,C03,7,9,1,10,2,14,,7,7,1,6,4,120.711215,24.174444,2
4167,66000,387130000C,(04)23274275,(04)23288582,2025,09,11,9,34,臺中市,南屯區,0,0,0,7,,,50,,,,,,,,,,,,,,17,,,,,B03,,,1,,9,,,50,50,1,12,4,120.63277,24.145065,3
4168,66000,387130000C,(04)23274275,(04)23288582,2025,09,11,9,35,臺中市,大雅區,0,1,0,7,3,6,70,3,2,1,5,4,6,6,1,1,1,3,4,1,17,3,10,3,4,B03,7,4,1,8,2,6,,1,1,1,13,4,120.644362,24.22723,2
4169,66000,387130000C,(04)23274275,(04)23288582,2025,09,11,9,38,臺中市,潭子區,0,0,0,7,,,50,,,,,,,,,,,,,,,,,,,B03,,,1,,2,,,14,14,1,13,4,120.69943,24.211497,3
4170,66000,387130000C,(04)23274275,(04)23288582,2025,09,11,9,38,臺中市,后里區,0,1,0,7,2,6,30,3,2,1,5,4,6,6,4,4,9,5,5,1,17,2,9,2,1,C03,7,5,1,8,2,13,,12,12,1,12,4,120.727769,24.30919,2
4171,66000,387130000C,(04)23274275,(04)23288582,2025,09,11,9,40,臺中市,北屯區,0,0,0,7,,,50,,,,,,,,,,,,,,,,,,,B03,,,1,,2,,,7,7,1,12,4,120.665218,24.200776,3
4172,66000,387130000C,(04)23274275,(04)23288582,2025,09,11,9,41,臺中市,西屯區,0,0,0,7,,,50,,,,,,,,,,,,,,17,,,,,B03,,,1,,1,,,26,26,1,12,4,120.62904,24.163157,3
4173,66000,387130000C,(04)23274275,(04)23288582,2025,09,11,9,41,臺中市,后里區,0,1,0,7,2,6,30,4,2,1,5,4,6,6,1,1,1,4,4,1,17,2,8,1,1,F03,7,1,7,21,2,14,,51,51,1,12,4,120.724002,24.315228,2
4174,66000,387130000C,(04)23274275,(04)23288582,2025,09,11,9,42,臺中市,豐原區,0,1,0,7,2,6,30,13,9,1,5,4,6,6,4,4,10,5,5,2,14,3,10,5,4,B11,7,2,1,4,2,7,,49,49,1,12,4,120.709411,24.241897,2
4175,66000,387130000C,(04)23274275,(04)23288582,2025,09,11,9,43,臺中市,豐原區,0,0,0,7,,,50,,,,,,,,,,,,,,13,,,,,C03,,,1,,2,,,7,7,1,13,4,120.71394,24.253089,3
4176,66000,387130000C,(04)23274275,(04)23288582,2025,09,11,9,44,臺中市,龍井區,0,0,0,7,,,30,,,,,,,,,,,,,,,,,,,G03,,,1,,2,,,49,49,1,12,4,120.593526,24.187412,3
4177,66000,387130000C,(04)23274275,(04)23288582,2025,09,11,9,47,臺中市,烏日區,0,0,0,7,,,50,,,,,,,,,,,,,,13,,,,,B12,,,1,,1,,,59,59,1,13,4,120.612438,24.10646,3
4178,66000,387130000C,(04)23274275,(04)23288582,2025,09,11,9,50,臺中市,北區,0,1,0,7,2,6,50,3,1,1,5,4,6,6,1,1,5,4,5,2,17,3,10,5,1,B01,7,6,1,4,2,6,,11,11,1,13,4,120.688113,24.151003,2
4179,66000,387130000C,(04)23274275,(04)23288582,2025,09,11,9,52,臺中市,西屯區,0,1,0,7,2,6,40,4,1,1,5,4,6,6,1,1,10,5,5,2,13,2,8,2,1,C03,7,9,1,10,2,14,,7,7,1,12,4,120.643643,24.165818,2
4180,66000,387130000C,(04)23274275,(04)23288582,2025,09,11,9,55,臺中市,沙鹿區,0,0,0,7,,,0,,,,,,,,,,,,,,17,,,,,C03,,,1,,2,,,51,51,1,6,4,120.580812,24.219148,3
4181,66000,387130000C,(04)23274275,(04)23288582,2025,09,11,9,57,臺中市,大里區,0,0,0,7,,,50,,,,,,,,,,,,,,13,,,,,B03,,,1,,2,,,7,7,1,13,4,120.679637,24.109649,3
4182,66000,387130000C,(04)23274275,(04)23288582,2025,09,11,10,2,臺中市,南屯區,0,1,0,7,2,6,50,4,1,1,5,4,6,6,2,1,1,5,5,2,16,3,10,1,1,C03,7,6,1,10,2,14,,11,11,1,6,4,120.633567,24.141411,2
4183,66000,387130000C,(04)23274275,(04)23288582,2025,09,11,10,5,臺中市,西區,0,1,0,7,2,6,50,4,1,1,5,4,6,6,4,4,10,5,5,2,18,2,9,1,1,C03,7,5,3,19,2,14,,84,84,1,13,4,120.659483,24.145799,2
4184,66000,387130000C,(04)23274275,(04)23288582,2025,09,11,10,11,臺中市,北區,0,1,0,7,2,6,50,13,9,1,5,4,6,6,4,4,9,5,5,2,17,3,10,5,4,B12,7,15,1,3,2,15,,72,72,1,13,4,120.673532,24.152725,2
4185,66000,387130000C,(04)23274275,(04)23288582,2025,09,11,10,12,臺中市,大雅區,0,0,0,7,,,50,,,,,,,,,,,,,,,,,,,B03,,,1,,1,,,7,7,1,12,4,120.630316,24.210134,3
4186,66000,387130000C,(04)23274275,(04)23288582,2025,09,11,10,17,臺中市,西屯區,0,0,0,7,,,50,,,,,,,,,,,,,,7,,,,,B03,,,1,,9,,,8,8,1,12,4,120.639312,24.182372,3
4187,66000,387130000C,(04)23274275,(04)23288582,2025,09,11,10,18,臺中市,潭子區,0,0,0,7,,,30,,,,,,,,,,,,,,11,,,,,B02,,,1,,2,,,41,41,1,13,4,120.686522,24.230457,3
4188,66000,387130000C,(04)23274275,(04)23288582,2025,09,11,10,19,臺中市,北區,0,0,0,7,,,50,,,,,,,,,,,,,,13,,,,,B03,,,1,,1,,,56,56,1,12,4,120.668289,24.154324,3
4189,66000,387130000C,(04)23274275,(04)23288582,2025,09,11,10,20,臺中市,南屯區,0,0,0,7,,,30,,,,,,,,,,,,,,11,,,,,C03,,,1,,1,,,59,59,1,12,4,120.610888,24.13993,3
4190,66000,387130000C,(04)23274275,(04)23288582,2025,09,11,10,20,臺中市,南屯區,0,3,0,7,3,6,50,13,9,1,5,4,6,6,1,1,3,4,5,2,13,2,9,1,1,C03,7,9,1,10,2,13,,84,84,1,12,4,120.652959,24.150813,2
4191,66000,387130000C,(04)23274275,(04)23288582,2025,09,11,10,20,臺中市,北屯區,0,0,0,7,,,50,,,,,,,,,,,,,,,,,,,B03,,,1,,2,,,84,84,1,12,4,120.665363,24.200815,3
4192,66000,387130000C,(04)23274275,(04)23288582,2025,09,11,10,25,臺中市,西區,0,0,0,7,,,50,,,,,,,,,,,,,,,,,,,C03,,,1,,1,,,8,8,1,6,4,120.662255,24.148874,3
4193,66000,387130000C,(04)23274275,(04)23288582,2025,09,11,10,26,臺中市,北區,0,0,0,7,,,50,,,,,,,,,,,,,,30,,,,,B03,,,1,,2,,,59,59,1,13,4,120.676911,24.150669,3
4194,66000,387130000C,(04)23274275,(04)23288582,2025,09,11,10,31,臺中市,南屯區,0,1,0,7,2,6,30,13,9,1,5,4,6,6,4,4,10,5,5,2,29,3,10,3,1,B12,7,9,1,8,2,2,,73,73,1,6,4,120.62867,24.153279,2
4195,66000,387130000C,(04)23274275,(04)23288582,2025,09,11,10,35,臺中市,西屯區,0,0,0,7,,,70,,,,,,,,,,,,,,13,,,,,B03,,,1,,1,,,7,7,1,12,4,120.619111,24.181355,3
4196,66000,387130000C,(04)23274275,(04)23288582,2025,09,11,10,36,臺中市,北屯區,0,2,0,7,2,6,50,3,2,1,5,4,6,6,4,4,10,5,5,2,17,2,9,1,1,C03,7,6,1,10,2,14,,41,41,1,12,4,120.699594,24.166201,2
4197,66000,387130000C,(04)23274275,(04)23288582,2025,09,11,10,37,臺中市,石岡區,0,1,0,7,3,6,50,13,9,1,5,4,6,6,4,4,5,5,5,1,18,2,9,1,1,C03,7,9,1,10,1,11,,59,59,1,6,4,120.813339,24.257765,2
4198,66000,387130000C,(04)23274275,(04)23288582,2025,09,11,10,39,臺中市,南屯區,0,1,0,7,2,6,50,4,1,1,5,4,6,6,4,4,9,4,5,2,17,2,9,1,1,C03,7,9,1,10,2,14,,84,84,1,12,4,120.631441,24.139702,2
4199,66000,387130000C,(04)23274275,(04)23288582,2025,09,11,10,39,臺中市,西屯區,0,0,0,7,,,50,,,,,,,,,,,,,,13,,,,,B03,,,1,3,1,,,59,59,1,13,4,120.651771,24.165419,3
4200,66000,387130000C,(04)23274275,(04)23288582,2025,09,11,10,39,臺中市,西屯區,0,0,0,7,,,50,,,,,,,,,,,,,,17,,,,,B12,,,1,,1,,,8,8,1,12,4,120.656722,24.175829,3
4201,66000,387130000C,(04)23274275,(04)23288582,2025,09,11,10,39,臺中市,大里區,0,0,0,7,,,50,,,,,,,,,,,,,,,,,,,B03,,,1,,2,,,4,4,1,12,4,120.709627,24.088916,3
4202,66000,387130000C,(04)23274275,(04)23288582,2025,09,11,10,40,臺中市,南區,0,0,0,7,,,50,,,,,,,,,,,,,,13,,,,,B12,,,1,,1,,,7,7,1,6,4,120.658146,24.117615,3
4203,66000,387130000C,(04)23274275,(04)23288582,2025,09,11,10,41,臺中市,西區,0,0,0,7,,,50,,,,,,,,,,,,,,,,,,,C03,,,1,,1,,,59,59,1,12,4,120.662749,24.156135,3
4204,66000,387130000C,(04)23274275,(04)23288582,2025,09,11,10,45,臺中市,大雅區,0,2,0,7,2,6,50,13,9,1,5,4,6,6,4,4,5,4,5,1,17,2,9,1,1,C03,7,11,3,19,2,11,,46,46,1,12,4,120.644963,24.223065,2
4205,66000,387130000C,(04)23274275,(04)23288582,2025,09,11,10,46,臺中市,北區,0,1,0,7,2,6,50,3,2,1,5,4,6,6,4,4,10,5,5,2,17,2,9,2,1,C03,7,9,1,10,2,11,,7,7,1,13,4,120.67395,24.17013,2
4206,66000,387130000C,(04)23274275,(04)23288582,2025,09,11,10,47,臺中市,北屯區,0,0,0,7,,,50,,,,,,,,,,,,,,17,,,,,B03,,,1,,9,,,59,59,2,13,4,120.688449,24.182165,3
4207,66000,387130000C,(04)23274275,(04)23288582,2025,09,11,10,47,臺中市,烏日區,0,2,0,7,2,6,50,3,4,1,5,4,6,6,1,1,5,5,4,1,13,2,9,5,4,C03,7,9,3,19,2,11,,7,7,1,12,4,120.627713,24.105816,2
4208,66000,387130000C,(04)23274275,(04)23288582,2025,09,11,10,57,臺中市,潭子區,0,0,0,6,,,50,,,,,,,,,,,,,,,,,,,B03,,,1,,2,,,84,84,1,13,4,120.692335,24.223347,3
4209,66000,387130000C,(04)23274275,(04)23288582,2025,09,11,10,58,臺中市,西區,0,0,0,7,,,50,,,,,,,,,,,,,,,,,,,B03,,,1,8,2,,,40,40,1,13,4,120.671816,24.136692,3
4210,66000,387130000C,(04)23274275,(04)23288582,2025,09,11,10,59,臺中市,北區,0,1,0,7,2,6,50,13,9,1,5,4,6,6,1,1,10,5,5,2,17,3,10,5,4,B03,7,13,1,8,2,2,,76,76,1,13,4,120.680468,24.155039,2
4211,66000,387130000C,(04)23274275,(04)23288582,2025,09,11,10,59,臺中市,大甲區,0,0,0,7,,,50,,,,,,,,,,,,,,12,,,,,A04,,,1,,2,,,8,8,1,6,4,120.62448,24.351421,3
4212,66000,387130000C,(04)23274275,(04)23288582,2025,09,11,11,0,臺中市,北區,0,1,0,7,2,6,50,4,2,1,5,4,6,6,4,4,5,4,5,2,17,3,10,5,1,B03,7,1,1,8,2,1,,51,51,1,13,4,120.676925,24.155434,2
4213,66000,387130000C,(04)23274275,(04)23288582,2025,09,11,11,0,臺中市,東區,0,0,0,7,,,30,,,,,,,,,,,,,,25,,,,,B12,,,1,,2,,,49,49,1,12,4,120.689579,24.143668,3
4214,66000,387130000C,(04)23274275,(04)23288582,2025,09,11,11,2,臺中市,豐原區,0,2,0,7,2,6,50,5,1,1,5,4,6,6,2,1,5,4,4,2,17,2,9,1,1,C04,7,6,5,19,2,11,,48,48,1,12,4,120.719023,24.248259,2
4215,66000,387130000C,(04)23274275,(04)23288582,2025,09,11,11,5,臺中市,北區,0,1,0,7,2,6,50,13,9,1,5,4,6,6,4,4,1,4,5,2,16,3,10,3,1,B03,7,5,1,8,2,2,,47,47,1,12,4,120.664356,24.162564,2
4216,66000,387130000C,(04)23274275,(04)23288582,2025,09,11,11,11,臺中市,太平區,0,0,0,7,2,6,50,,,,,,,,,,,,,,17,,,,,B12,,,1,,2,3,,49,49,1,12,4,120.706488,24.158561,3
4217,66000,387130000C,(04)23274275,(04)23288582,2025,09,11,11,15,臺中市,南屯區,0,0,0,7,3,6,50,13,8,1,5,4,6,6,1,,5,5,4,2,12,,,,,B03,,,1,,2,,,59,59,1,12,4,120.641398,24.133383,3
4218,66000,387130000C,(04)23274275,(04)23288582,2025,09,11,11,19,臺中市,大里區,0,0,0,7,,6,50,,,,,,,,,,,,,,17,,,,,B03,,,1,8,1,,,84,84,1,13,4,120.68739,24.087272,3
4219,66000,387130000C,(04)23274275,(04)23288582,2025,09,11,11,19,臺中市,梧棲區,0,1,0,7,2,6,50,4,2,1,5,4,6,6,1,1,9,4,5,1,17,2,9,1,1,C03,7,6,1,10,2,11,,48,48,1,12,4,120.538002,24.247176,2
4220,66000,387130000C,(04)23274275,(04)23288582,2025,09,11,11,20,臺中市,南屯區,0,0,0,7,,,50,,,,,,,,,,,,,,,,,,,B03,,,1,,1,,,84,84,1,6,4,120.646876,24.128645,3
4221,66000,387130000C,(04)23274275,(04)23288582,2025,09,11,11,22,臺中市,西屯區,0,0,0,7,,,40,,,,,,,,,,,,,,13,,,,,B03,,,1,,1,,,8,8,1,12,4,120.649796,24.162755,3
4222,66000,387130000C,(04)23274275,(04)23288582,2025,09,11,11,22,臺中市,大里區,0,1,0,7,2,6,50,5,1,1,5,4,6,6,1,1,10,5,5,2,16,3,10,3,1,B03,7,5,1,8,9,6,,11,11,1,6,4,120.690275,24.092775,2
4223,66000,387130000C,(04)23274275,(04)23288582,2025,09,11,11,23,臺中市,大里區,0,1,0,7,3,6,50,4,2,1,5,4,6,6,1,1,1,5,4,2,13,3,10,1,1,C03,7,9,1,10,2,11,,7,7,1,6,4,120.693863,24.113892,2
4224,66000,387130000C,(04)23274275,(04)23288582,2025,09,11,11,23,臺中市,豐原區,0,1,0,7,2,6,50,13,9,1,5,4,6,6,4,4,9,5,5,1,12,3,10,3,1,B03,7,4,1,8,2,2,,8,8,1,13,4,120.710085,24.251412,2
4225,66000,387130000C,(04)23274275,(04)23288582,2025,09,11,11,24,臺中市,南區,0,2,0,7,1,6,50,4,1,1,5,4,6,5,4,4,10,5,5,2,15,2,9,5,4,F03,7,9,7,21,2,12,,15,15,1,13,4,120.682579,24.125643,2
4226,66000,387130000C,(04)23274275,(04)23288582,2025,09,11,11,26,臺中市,烏日區,0,0,0,7,,,50,,,,,,,,,,,,,,13,,,,,B12,,,1,,2,,,59,59,1,13,4,120.644698,24.0869,3
4227,66000,387130000C,(04)23274275,(04)23288582,2025,09,11,11,28,臺中市,南屯區,0,0,0,7,,,60,,,,,,,,,,,,,,12,,,,,B03,,,1,,1,,,40,40,1,12,4,120.637637,24.119774,3
4228,66000,387130000C,(04)23274275,(04)23288582,2025,09,11,11,31,臺中市,北屯區,0,2,0,7,3,6,40,5,1,1,5,4,6,6,1,1,10,5,5,2,12,2,9,6,1,F01,7,9,7,21,2,14,,85,85,1,6,4,120.681251,24.176367,2
4229,66000,387130000C,(04)23274275,(04)23288582,2025,09,11,11,35,臺中市,大肚區,0,0,0,7,,,70,,,,,,,,,,,,,,13,,,,,B03,,,1,,2,,,6,6,1,6,4,120.54895,24.151833,3
4230,66000,387130000C,(04)23274275,(04)23288582,2025,09,11,11,37,臺中市,梧棲區,0,1,0,7,3,6,50,4,1,1,5,4,6,6,1,1,10,5,5,2,16,3,10,3,1,A31,7,5,1,1,2,5,,11,11,1,6,4,120.524932,24.254029,2
4231,66000,387130000C,(04)23274275,(04)23288582,2025,09,11,11,37,臺中市,豐原區,0,0,0,7,,,50,,,,,,,,,,,,,,13,,,,,B03,,,1,,1,,,7,7,1,12,4,120.752194,24.271358,3
4232,66000,387130000C,(04)23274275,(04)23288582,2025,09,11,11,40,臺中市,大甲區,0,0,0,7,,,50,,,,,,,,,,,,,,,,,,,B12,,,1,,1,,,93,93,1,6,4,120.633038,24.355868,3
4233,66000,387130000C,(04)23274275,(04)23288582,2025,09,11,11,41,臺中市,中區,0,0,0,7,,,50,,,,,,,,,,,,,,,,,,,B03,,,1,,1,,,49,49,1,6,4,120.678843,24.140117,3
4234,66000,387130000C,(04)23274275,(04)23288582,2025,09,11,11,46,臺中市,西屯區,0,0,0,7,,,30,,,,,,,,,,,,,,17,,,,,,,,,,,,,119,119,1,,,120.645819,24.180137,3
4235,66000,387130000C,(04)23274275,(04)23288582,2025,09,11,11,47,臺中市,西屯區,0,0,0,7,,,40,,,,,,,,,,,,,,13,,,,,B03,,,1,,1,,,56,56,1,12,4,120.62904,24.163157,3
4236,66000,387130000C,(04)23274275,(04)23288582,2025,09,11,11,47,臺中市,大里區,0,0,0,7,,,50,,,,,,,,,,,,,,13,,,,,B03,,,1,,1,,,7,7,1,12,4,120.691968,24.094399,3
4237,66000,387130000C,(04)23274275,(04)23288582,2025,09,11,11,47,臺中市,豐原區,0,0,0,7,,,50,,,,,,,,,,,,,,13,,,,,B03,,,1,,2,,,7,7,1,12,4,120.701497,24.249094,3
4238,66000,387130000C,(04)23274275,(04)23288582,2025,09,11,12,2,臺中市,豐原區,0,2,0,7,2,6,50,4,9,1,5,4,6,6,2,1,5,5,5,2,13,2,9,1,1,C03,7,12,1,10,2,11,,7,7,1,12,4,120.715651,24.251352,2
4239,66000,387130000C,(04)23274275,(04)23288582,2025,09,11,12,3,臺中市,沙鹿區,0,1,0,7,2,6,50,4,2,1,5,4,6,6,4,4,1,4,4,2,17,2,5,3,1,B12,7,1,1,7,2,8,,51,51,1,6,4,120.559137,24.249928,2
4240,66000,387130000C,(04)23274275,(04)23288582,2025,09,11,12,11,臺中市,北屯區,0,1,0,7,2,6,50,5,1,1,5,4,6,6,2,1,10,5,5,2,18,2,9,2,1,C03,7,5,1,10,2,11,,84,84,1,12,4,120.711933,24.182315,2
4241,66000,387130000C,(04)23274275,(04)23288582,2025,09,11,12,15,臺中市,南屯區,0,0,0,7,,,50,,,,,,,,,,,,,,,,,,,B03,,,1,,1,,,7,7,1,6,4,120.64546,24.13082,3
4242,66000,387130000C,(04)23274275,(04)23288582,2025,09,11,12,19,臺中市,北區,0,0,0,7,,,50,,,,,,,,,,,,,,16,,,,,C03,,,1,,2,,,4,4,1,13,4,120.687735,24.164993,3
4243,66000,387130000C,(04)23274275,(04)23288582,2025,09,11,12,22,臺中市,北區,0,2,0,7,2,6,50,4,2,1,5,4,6,6,1,1,5,4,5,2,13,2,9,1,1,C03,7,9,1,10,2,11,,84,84,1,12,4,120.672088,24.166873,2
4244,66000,387130000C,(04)23274275,(04)23288582,2025,09,11,12,25,臺中市,北屯區,0,0,0,7,,,50,,,,,,,,,,,,,,,,,,,B02,,,1,,2,,,11,11,1,12,4,120.66849,24.196688,3
4245,66000,387130000C,(04)23274275,(04)23288582,2025,09,11,12,26,臺中市,西屯區,0,0,0,7,,,50,,,,,,,,,,,,,,30,,,,,C03,,,1,,1,,,84,84,1,12,4,120.661475,24.171861,3
4246,66000,387130000C,(04)23274275,(04)23288582,2025,09,11,12,27,臺中市,北屯區,0,0,0,7,,,50,,,,,,,,,,,,,,17,,,,,F01,,,7,,8,,,59,59,1,12,4,120.719208,24.175849,4
4247,66000,387130000C,(04)23274275,(04)23288582,2025,09,11,12,32,臺中市,西屯區,0,1,0,7,1,6,50,4,1,1,5,4,6,6,2,1,10,5,5,2,13,3,10,3,1,B03,7,1,1,8,1,5,,51,51,1,12,4,120.617423,24.185176,2
4248,66000,387130000C,(04)23274275,(04)23288582,2025,09,11,12,34,臺中市,龍井區,0,0,0,7,,,50,,,,,,,,,,,,,,,,,,,B03,,,1,,2,,,50,50,1,12,4,120.551277,24.212456,3
4249,66000,387130000C,(04)23274275,(04)23288582,2025,09,11,12,35,臺中市,南區,0,0,0,7,,,50,,,,,,,,,,,,,,9,,,,,B03,,,1,,1,,,40,40,1,12,4,120.673408,24.130188,3
4250,66000,387130000C,(04)23274275,(04)23288582,2025,09,11,12,39,臺中市,北屯區,0,1,0,7,3,6,30,3,1,1,5,4,6,6,4,4,10,5,5,2,12,2,9,2,1,C03,7,5,1,10,2,12,,84,84,1,6,4,120.704854,24.169226,2
4251,66000,387130000C,(04)23274275,(04)23288582,2025,09,11,12,40,臺中市,北屯區,0,1,0,7,2,6,50,4,1,1,5,4,6,6,2,1,10,5,5,2,17,3,10,2,1,C03,7,6,1,10,2,16,,48,48,1,12,4,120.694114,24.17031,2
4252,66000,387130000C,(04)23274275,(04)23288582,2025,09,11,12,42,臺中市,沙鹿區,0,0,0,7,,,50,,,,,,,,,,,,,,13,,,,,B03,,,1,,1,,,7,7,1,6,4,120.61496,24.241705,3
4253,66000,387130000C,(04)23274275,(04)23288582,2025,09,11,12,43,臺中市,北區,0,0,0,7,,,50,,,,,,,,,,,,,,17,,,,,B03,,,1,,1,,,59,59,1,13,4,120.677171,24.165195,3
4254,66000,387130000C,(04)23274275,(04)23288582,2025,09,11,12,47,臺中市,北屯區,0,1,0,7,2,6,50,5,1,1,5,4,6,6,2,1,10,5,5,2,13,3,10,2,1,C03,7,9,1,10,2,11,,7,7,1,12,4,120.695012,24.177621,2
4255,66000,387130000C,(04)23274275,(04)23288582,2025,09,11,12,50,臺中市,清水區,0,0,0,7,,,50,,,,,,,,,,,,,,,,,,,B03,,,1,,2,,,87,87,1,12,4,120.541048,24.279976,3
4256,66000,387130000C,(04)23274275,(04)23288582,2025,09,11,12,53,臺中市,北屯區,0,1,0,7,2,6,50,4,4,1,5,4,6,6,2,1,10,5,5,2,13,3,10,3,1,B03,7,9,1,8,2,5,,56,56,1,12,4,120.670782,24.175128,2
4257,66000,387130000C,(04)23274275,(04)23288582,2025,09,11,12,58,臺中市,北屯區,0,0,0,7,,,50,,,,,,,,,,,,,,12,,,,,B03,,,1,,1,,,40,40,1,12,4,120.701709,24.181655,3
4258,66000,387130000C,(04)23274275,(04)23288582,2025,09,11,13,0,臺中市,清水區,0,0,0,7,,,70,,,,,,,,,,,,,,13,,,,,A41,,,1,,2,,,84,84,1,6,4,120.56437,24.297031,3
4259,66000,387130000C,(04)23274275,(04)23288582,2025,09,11,13,0,臺中市,大安區,0,0,0,7,,,50,,,,,,,,,,,,,,,,,,,B03,,,1,,2,,,49,49,1,6,4,120.598607,24.354471,3
4260,66000,387130000C,(04)23274275,(04)23288582,2025,09,11,13,2,臺中市,西區,0,1,0,7,2,6,50,13,9,1,5,4,6,6,4,4,5,4,5,2,12,3,10,1,1,C03,7,15,1,10,2,12,,20,20,1,6,4,120.653207,24.145808,2
4261,66000,387130000C,(04)23274275,(04)23288582,2025,09,11,13,13,臺中市,西屯區,0,2,0,7,2,6,50,4,2,1,5,4,6,6,1,1,10,5,5,2,12,2,9,5,4,C04,7,9,1,11,2,12,14,8,8,1,12,4,120.649386,24.162482,2
4262,66000,387130000C,(04)23274275,(04)23288582,2025,09,11,13,17,臺中市,潭子區,0,0,0,7,,,60,,,,,,,,,,,,,,17,,,,,B03,,,1,,2,,,84,84,1,12,4,120.707836,24.227231,3
4263,66000,387130000C,(04)23274275,(04)23288582,2025,09,11,13,19,臺中市,西區,0,0,0,7,,,50,,,,,,,,,,,,,,,,,,,B03,,,1,,2,,,84,84,1,12,4,120.656751,24.146718,3
4264,66000,387130000C,(04)23274275,(04)23288582,2025,09,11,13,20,臺中市,烏日區,0,0,0,7,2,,40,3,14,1,5,4,6,6,4,4,1,4,4,1,17,,,,,B03,,,1,,1,,,50,50,1,6,4,120.63911,24.107997,3