﻿序號,縣市別代碼,機關代碼,市話,傳真,年,月,日,時,分,縣市,區,死亡數量,受傷數量,2-30,天候,道路照明設備,道路類別,道路速限,道路型態,事故位置,路面鋪裝,路面狀態,路面缺陷,障礙物,視距,號誌種類,號誌動作,分向設施,快車道或一般車道間,快慢車道間,路面邊線,事故類型及型態,受傷程度,主要傷處,保護裝備,行動電話或功能裝置,當事者區分_類別,車輛用途,當事者行動狀態,駕照狀態,駕照種類,飲酒情形,車輛撞擊部位最初,車輛撞擊部位其他,肇事因素個別,肇事因素主要,肇事逃逸,職業,共享經濟或外送平台,GPS座標X,GPS座標Y,事故類別
4265,66000,387130000C,(04)23274275,(04)23288582,2025,09,11,13,34,臺中市,神岡區,0,1,0,7,2,6,30,4,1,1,5,4,6,6,3,1,10,5,5,2,17,2,9,2,1,C03,7,9,1,10,2,11,,24,24,1,6,4,120.679531,24.250944,2
4266,66000,387130000C,(04)23274275,(04)23288582,2025,09,11,13,35,臺中市,大里區,0,0,0,7,,,50,,,,,,,,,,,,,,,,,,,B03,,,1,,2,,,8,8,1,12,4,120.695689,24.090462,3
4267,66000,387130000C,(04)23274275,(04)23288582,2025,09,11,13,39,臺中市,南屯區,0,0,0,7,,,50,,,,,,,,,,,,,,,,,,,C03,,,1,,1,,,84,84,1,13,4,120.649647,24.14604,3
4268,66000,387130000C,(04)23274275,(04)23288582,2025,09,11,13,40,臺中市,西區,0,0,0,7,,,50,,,,,,,,,,,,,,17,,,,,C03,,,1,,2,,,40,40,1,12,4,120.665064,24.151407,3
4269,66000,387130000C,(04)23274275,(04)23288582,2025,09,11,13,40,臺中市,沙鹿區,0,0,0,7,,,50,,,,,,,,,,,,,,,,,,,B03,,,1,,1,,,14,14,1,13,4,120.566964,24.240335,3
4270,66000,387130000C,(04)23274275,(04)23288582,2025,09,11,13,41,臺中市,太平區,0,0,0,7,,,50,,,,,,,,,,,,,,16,,,,,C03,,,5,,2,,,26,26,1,12,4,120.718396,24.12607,3
4271,66000,387130000C,(04)23274275,(04)23288582,2025,09,11,13,47,臺中市,烏日區,0,0,0,7,,,50,,,,,,,,,,,,,,14,,,,,B12,,,1,,1,,,78,78,1,6,4,120.656939,24.057672,3
4272,66000,387130000C,(04)23274275,(04)23288582,2025,09,11,13,48,臺中市,大肚區,0,0,0,7,,,50,,,,,,,,,,,,,,,,,,,A41,,,1,,2,,,7,7,1,6,4,120.55369,24.134227,3
4273,66000,387130000C,(04)23274275,(04)23288582,2025,09,11,13,49,臺中市,西屯區,0,2,0,7,2,6,50,4,1,1,5,4,6,6,1,1,10,5,5,2,16,2,9,5,4,C03,7,9,1,9,2,11,,59,59,1,12,4,120.653213,24.203624,2
4274,66000,387130000C,(04)23274275,(04)23288582,2025,09,11,13,56,臺中市,西屯區,0,2,0,7,2,6,50,13,9,1,5,4,6,6,4,4,1,4,5,2,13,2,9,5,4,C04,7,9,1,8,2,11,,59,59,1,13,4,120.665068,24.172475,2
4275,66000,387130000C,(04)23274275,(04)23288582,2025,09,11,13,57,臺中市,南屯區,0,0,0,7,,,50,,,,,,,,,,,,,,,,,,,B03,,,1,,2,,,48,48,1,6,4,120.644839,24.140068,3
4276,66000,387130000C,(04)23274275,(04)23288582,2025,09,11,14,3,臺中市,大雅區,0,1,0,7,3,6,70,3,1,1,5,4,6,6,1,1,10,5,5,2,17,3,10,3,1,A12,7,5,1,3,2,2,,11,11,1,12,4,120.643622,24.228181,2
4277,66000,387130000C,(04)23274275,(04)23288582,2025,09,11,14,4,臺中市,南屯區,0,0,0,7,,,50,,,,,,,,,,,,,,13,,,,,B03,,,1,,1,,,7,7,1,6,4,120.625818,24.140633,3
4278,66000,387130000C,(04)23274275,(04)23288582,2025,09,11,14,16,臺中市,南屯區,0,0,0,7,,,50,,,,,,,,,,,,,,14,,,,,B03,,,1,,1,,,49,49,1,12,4,120.634656,24.149786,3
4279,66000,387130000C,(04)23274275,(04)23288582,2025,09,11,14,20,臺中市,西屯區,0,0,0,7,,,50,,,,,,,,,,,,,,17,,,,,B03,,,1,,1,,,59,59,1,12,4,120.604227,24.185258,3
4280,66000,387130000C,(04)23274275,(04)23288582,2025,09,11,14,20,臺中市,大甲區,0,1,0,7,3,6,50,13,7,1,5,4,6,6,4,4,5,4,5,1,11,3,10,5,4,B03,7,9,1,8,2,4,,39,39,1,6,4,120.682852,24.363487,2
4281,66000,387130000C,(04)23274275,(04)23288582,2025,09,11,14,26,臺中市,太平區,0,2,0,7,2,6,50,13,9,1,5,4,6,6,4,4,10,5,5,2,13,2,9,5,4,C03,7,9,1,10,2,11,,7,7,1,6,2,120.717535,24.128535,2
4282,66000,387130000C,(04)23274275,(04)23288582,2025,09,11,14,27,臺中市,龍井區,0,0,0,7,,,50,,,,,,,,,,,,,,14,,,,,B03,,,1,,9,,,49,49,1,6,4,120.588355,24.181016,3
4283,66000,387130000C,(04)23274275,(04)23288582,2025,09,11,14,33,臺中市,南區,0,1,0,7,2,6,50,4,1,1,5,4,6,6,1,1,9,4,4,2,17,3,10,1,1,C03,7,6,1,10,2,14,,48,48,1,12,4,120.667032,24.117837,2
4284,66000,387130000C,(04)23274275,(04)23288582,2025,09,11,14,33,臺中市,南屯區,0,1,0,7,1,6,40,4,2,1,5,4,6,6,4,4,1,4,1,2,18,2,9,5,4,C03,7,9,1,10,2,12,,84,84,1,13,4,120.597306,24.155568,2
4285,66000,387130000C,(04)23274275,(04)23288582,2025,09,11,14,40,臺中市,西區,0,0,0,7,,,50,,,,,,,,,,,,,,13,,,,,B03,,,1,,1,,,59,59,1,12,4,120.674173,24.148609,3
4286,66000,387130000C,(04)23274275,(04)23288582,2025,09,11,14,42,臺中市,大雅區,0,1,0,7,3,6,30,13,9,1,5,4,6,6,4,4,9,5,5,2,19,2,9,2,1,C03,7,9,1,10,2,11,,84,84,1,13,4,120.660094,24.239471,2
4287,66000,387130000C,(04)23274275,(04)23288582,2025,09,11,14,50,臺中市,西屯區,0,2,0,7,2,6,50,3,1,1,5,4,6,6,4,4,10,5,5,2,16,2,9,1,1,C03,7,6,1,11,2,11,,14,14,1,12,4,120.658226,24.158811,2
4288,66000,387130000C,(04)23274275,(04)23288582,2025,09,11,14,50,臺中市,和平區,0,0,0,7,3,9,"0\5",18,24,1,5,4,6,6,4,4,10,5,5,1,19,3,10,3,1,B02,7,9,1,8,2,5,,87,87,1,6,4,120.902428,24.27586,4
4289,66000,387130000C,(04)23274275,(04)23288582,2025,09,11,14,51,臺中市,北屯區,0,0,0,7,,3,80,,,,,,,,,,,,,,13,,,,,B12,,,1,8,2,,,7,7,1,6,4,120.67499,24.201399,3
4290,66000,387130000C,(04)23274275,(04)23288582,2025,09,11,14,52,臺中市,西屯區,0,0,0,7,,,50,,,,,,,,,,,,,,12,,,,,A12,,,1,,2,,,8,8,1,12,4,120.642864,24.199238,3
4291,66000,387130000C,(04)23274275,(04)23288582,2025,09,11,14,52,臺中市,大里區,0,1,0,7,3,6,50,4,1,1,5,4,6,6,1,1,10,5,5,2,16,2,8,1,1,C03,7,9,1,10,2,12,,21,21,1,13,4,120.689771,24.114287,2
4292,66000,387130000C,(04)23274275,(04)23288582,2025,09,11,14,53,臺中市,北區,0,2,0,7,2,6,50,13,8,1,5,4,6,6,4,4,1,4,4,2,12,2,9,1,1,C03,7,1,1,10,5,15,,53,53,1,12,4,120.686576,24.155445,2
4293,66000,387130000C,(04)23274275,(04)23288582,2025,09,11,14,53,臺中市,北屯區,0,0,0,7,,,40,,,,,,,,,,,,,,,,,,,B03,,,1,,10,,,87,87,1,12,4,120.726095,24.16162,3
4294,66000,387130000C,(04)23274275,(04)23288582,2025,09,11,14,54,臺中市,西區,0,2,0,7,2,6,50,3,1,1,5,4,6,6,4,4,10,5,5,2,17,2,9,1,1,C03,7,1,1,10,2,11,,51,51,1,6,2,120.666507,24.136588,2
4295,66000,387130000C,(04)23274275,(04)23288582,2025,09,11,14,56,臺中市,北區,0,1,0,7,2,6,50,13,9,1,5,4,6,6,4,4,5,4,5,2,17,3,10,5,1,B03,7,5,1,8,2,2,,84,84,1,13,4,120.664356,24.162564,2
4296,66000,387130000C,(04)23274275,(04)23288582,2025,09,11,14,56,臺中市,南區,0,0,0,7,,,50,,,,,,,,,,,,,,,,,,,C03,,,1,,9,,,6,6,2,12,4,120.653289,24.121969,3
4297,66000,387130000C,(04)23274275,(04)23288582,2025,09,11,14,56,臺中市,大里區,0,1,0,7,2,6,50,13,9,1,5,4,6,6,4,4,1,5,5,1,16,3,10,3,1,B03,7,1,1,8,2,7,,51,51,1,6,4,120.681268,24.1041,2
4298,66000,387130000C,(04)23274275,(04)23288582,2025,09,11,14,59,臺中市,南屯區,0,1,0,7,3,6,50,4,19,1,5,4,6,6,2,1,10,5,5,2,3,3,10,5,4,B01,7,5,1,4,2,1,,10,10,1,6,4,120.649787,24.15378,2
4299,66000,387130000C,(04)23274275,(04)23288582,2025,09,11,14,59,臺中市,南屯區,0,0,0,7,,,60,,,,,,,,,,,,,,13,,,,,B03,,,1,,1,,,59,59,1,12,4,120.646789,24.146405,3
4300,66000,387130000C,(04)23274275,(04)23288582,2025,09,11,15,2,臺中市,西區,0,1,0,7,2,6,50,4,1,1,5,4,6,6,1,1,10,5,5,2,16,3,10,3,1,B12,7,5,1,8,9,2,,20,20,1,12,4,120.669373,24.138795,2
4301,66000,387130000C,(04)23274275,(04)23288582,2025,09,11,15,3,臺中市,潭子區,0,0,0,7,,,60,,,,,,,,,,,,,,,,,,,C03,,,1,,2,,,59,59,1,13,4,120.705272,24.215519,3
4302,66000,387130000C,(04)23274275,(04)23288582,2025,09,11,15,6,臺中市,豐原區,0,1,0,7,2,6,30,3,1,1,5,4,6,6,4,4,10,5,5,2,16,3,10,5,4,B02,7,5,1,8,2,5,,14,14,1,6,4,120.74152,24.251112,2
4303,66000,387130000C,(04)23274275,(04)23288582,2025,09,11,15,10,臺中市,大里區,0,1,0,7,2,6,50,13,7,1,5,4,6,6,4,4,9,5,4,2,16,3,10,3,1,B03,7,5,1,8,2,5,,47,47,1,12,4,120.686526,24.104227,2
4304,66000,387130000C,(04)23274275,(04)23288582,2025,09,11,15,11,臺中市,北屯區,0,1,0,7,3,6,50,4,1,1,5,4,6,6,1,1,10,5,5,2,15,3,10,3,1,B03,7,9,1,8,2,1,,21,21,1,13,4,120.687031,24.18554,2
4305,66000,387130000C,(04)23274275,(04)23288582,2025,09,11,15,18,臺中市,西屯區,0,2,0,7,2,6,40,13,8,1,5,4,6,6,4,4,1,4,3,2,12,2,7,1,4,C03,7,7,1,10,2,12,,20,20,1,12,4,120.600898,24.182133,2
4306,66000,387130000C,(04)23274275,(04)23288582,2025,09,11,15,19,臺中市,烏日區,0,0,0,7,,3,40,,,,,,,,,,,,,,13,,,,,B03,,,1,,1,,,7,7,1,13,4,120.61827,24.116945,3
4307,66000,387130000C,(04)23274275,(04)23288582,2025,09,11,15,20,臺中市,南屯區,0,0,0,7,,,50,,,,,,,,,,,,,,,,,,,B03,,,1,,2,,,40,40,1,13,4,120.646541,24.132061,3
4308,66000,387130000C,(04)23274275,(04)23288582,2025,09,11,15,20,臺中市,西屯區,0,1,0,7,2,6,50,3,1,1,5,4,6,6,4,4,10,5,5,2,17,3,10,5,4,B03,7,15,1,8,2,2,,20,20,1,12,4,120.656781,24.198355,2
4309,66000,387130000C,(04)23274275,(04)23288582,2025,09,11,15,21,臺中市,太平區,0,0,0,7,2,6,30,,,,,,,,,,,,,,,,,,,B03,,,1,,1,4,,41,41,1,12,4,120.706185,24.122016,3
4310,66000,387130000C,(04)23274275,(04)23288582,2025,09,11,15,24,臺中市,中區,0,0,0,7,,,50,,,,,,,,,,,,,,,,,,,C03,,,3,19,1,14,,85,85,1,13,4,120.681893,24.141569,3
4311,66000,387130000C,(04)23274275,(04)23288582,2025,09,11,15,24,臺中市,北區,0,0,0,7,,,50,,,,,,,,,,,,,,,,,,,B03,,,1,,2,,,84,84,1,13,4,120.667414,24.154943,3
4312,66000,387130000C,(04)23274275,(04)23288582,2025,09,11,15,31,臺中市,南屯區,0,0,0,7,,,50,,,,,,,,,,,,,,17,,,,,A11,,,1,,11,,,80,80,2,12,4,120.603878,24.136315,3
4313,66000,387130000C,(04)23274275,(04)23288582,2025,09,11,15,31,臺中市,南屯區,0,1,0,7,1,6,50,4,1,1,5,4,6,6,2,1,5,2,4,2,11,3,10,5,4,B03,7,6,1,8,2,1,,48,48,1,13,4,120.620854,24.13999,2
4314,66000,387130000C,(04)23274275,(04)23288582,2025,09,11,15,31,臺中市,神岡區,0,0,0,7,,,50,,,,,,,,,,,,,,17,,,,,B12,,,1,,2,,,50,50,1,12,4,120.680296,24.24475,3
4315,66000,387130000C,(04)23274275,(04)23288582,2025,09,11,15,32,臺中市,潭子區,0,0,0,7,,,40,,,,,,,,,,,,,,17,,,,,B03,,,1,,2,,,84,84,1,12,4,120.727409,24.20069,3
4316,66000,387130000C,(04)23274275,(04)23288582,2025,09,11,15,34,臺中市,大里區,0,1,0,7,2,6,50,4,2,1,5,4,6,6,1,1,5,5,4,1,16,3,10,3,1,B12,7,5,1,8,2,2,,11,11,1,13,4,120.66738,24.096711,2
4317,66000,387130000C,(04)23274275,(04)23288582,2025,09,11,15,34,臺中市,梧棲區,0,0,0,7,,,,,,,,,,,,,,,,,30,,,,,,,,,,,,,119,119,1,,,120.541668,24.262402,3
4318,66000,387130000C,(04)23274275,(04)23288582,2025,09,11,15,40,臺中市,北區,0,0,0,7,,,50,,,,,,,,,,,,,,,,,,,B03,,,1,,1,,,7,7,1,12,4,120.684858,24.164526,3
4319,66000,387130000C,(04)23274275,(04)23288582,2025,09,11,15,42,臺中市,霧峰區,0,0,0,7,,,60,,,,,,,,,,,,,,,,,,,B03,,,1,,2,,,7,7,1,6,4,120.691944,24.042502,3
4320,66000,387130000C,(04)23274275,(04)23288582,2025,09,11,15,43,臺中市,大里區,0,0,0,7,,,50,,,,,,,,,,,,,,12,,,,,B03,,,1,,2,,,8,8,1,13,4,120.68056,24.107212,3
4321,66000,387130000C,(04)23274275,(04)23288582,2025,09,11,15,49,臺中市,大雅區,0,1,0,7,3,6,60,13,8,1,5,4,6,6,4,4,9,4,4,1,12,3,10,3,1,B03,7,7,5,8,2,2,,40,40,1,13,4,120.649649,24.213673,2
4322,66000,387130000C,(04)23274275,(04)23288582,2025,09,11,15,59,臺中市,北區,0,0,0,4,,,50,,,,,,,,,,,,,,13,,,,,C03,,,1,,2,,,7,7,1,13,4,120.683615,24.15022,3
4323,66000,387130000C,(04)23274275,(04)23288582,2025,09,11,16,0,臺中市,后里區,0,1,0,7,2,6,50,5,1,1,5,4,6,6,2,1,1,5,5,1,16,3,10,3,1,B03,7,5,1,8,2,2,,11,11,1,6,4,120.680265,24.311197,2
4324,66000,387130000C,(04)23274275,(04)23288582,2025,09,11,16,2,臺中市,大里區,0,0,0,7,,,40,,,,,,,,,,,,,,14,,,,,B03,,,1,,9,,,49,49,1,13,4,120.677517,24.11212,3
4325,66000,387130000C,(04)23274275,(04)23288582,2025,09,11,16,4,臺中市,太平區,0,1,0,7,3,6,40,3,1,1,5,4,6,6,4,4,10,5,5,2,16,3,10,3,1,B03,7,6,1,8,2,1,,14,14,1,12,4,120.701888,24.112408,2
4326,66000,387130000C,(04)23274275,(04)23288582,2025,09,11,16,5,臺中市,潭子區,0,1,0,7,3,6,50,4,1,1,5,4,6,6,3,1,5,4,4,2,15,3,10,3,1,B03,7,9,1,8,2,7,,24,24,1,13,4,120.701167,24.193273,2
4327,66000,387130000C,(04)23274275,(04)23288582,2025,09,11,16,6,臺中市,北屯區,0,0,0,7,,,50,,,,,,,,,,,,,,14,,,,,B12,,,1,,2,,,49,49,1,12,4,120.686905,24.195178,3
4328,66000,387130000C,(04)23274275,(04)23288582,2025,09,11,16,8,臺中市,南屯區,0,0,0,7,,,50,,,,,,,,,,,,,,13,,,,,C03,,,1,,2,,,7,7,1,6,4,120.649792,24.143997,4
4329,66000,387130000C,(04)23274275,(04)23288582,2025,09,11,16,11,臺中市,太平區,0,1,0,7,2,6,50,4,1,1,5,4,6,6,2,1,10,5,5,2,18,2,9,5,4,F01,7,9,7,21,2,12,,84,84,1,12,4,120.71834,24.15772,2
4330,66000,387130000C,(04)23274275,(04)23288582,2025,09,11,16,14,臺中市,西屯區,0,0,0,7,,,50,,,,,,,,,,,,,,16,,,,,B03,,,1,,2,,,45,45,1,12,4,120.653682,24.165234,3
4331,66000,387130000C,(04)23274275,(04)23288582,2025,09,11,16,17,臺中市,南區,0,1,0,7,2,6,50,4,1,1,5,4,6,6,2,1,10,5,5,2,3,2,9,6,5,H01,8,16,7,21,10,17,,95,95,1,12,5,120.653382,24.122719,2
4332,66000,387130000C,(04)23274275,(04)23288582,2025,09,11,16,17,臺中市,西屯區,0,0,0,7,,3,40,,,,,,,,,,,,,,13,,,,,B03,,,1,,1,,,59,59,1,13,4,120.624361,24.153776,3
4333,66000,387130000C,(04)23274275,(04)23288582,2025,09,11,16,20,臺中市,北屯區,0,0,0,7,,3,80,,,,,,,,,,,,,,13,,,,,B03,,,1,,2,,,84,84,1,13,4,120.686765,24.201051,3
4334,66000,387130000C,(04)23274275,(04)23288582,2025,09,11,16,21,臺中市,北區,0,2,0,7,3,6,50,4,1,1,5,4,6,6,1,1,5,5,5,2,16,2,9,2,1,C03,7,6,1,10,2,11,,84,84,1,12,4,120.688894,24.152943,2
4335,66000,387130000C,(04)23274275,(04)23288582,2025,09,11,16,21,臺中市,北屯區,0,0,0,7,,,40,,,,,,,,,,,,,,13,,,,,C03,,,1,,1,,,7,7,1,6,4,120.686275,24.182403,3
4336,66000,387130000C,(04)23274275,(04)23288582,2025,09,11,16,22,臺中市,南區,0,0,0,7,,,50,,,,,,,,,,,,,,17,,,,,B02,,,1,,1,,,87,87,1,12,4,120.679394,24.122376,3
4337,66000,387130000C,(04)23274275,(04)23288582,2025,09,11,16,22,臺中市,西屯區,0,2,0,7,2,6,50,13,9,1,5,4,6,6,4,4,3,4,5,2,13,2,9,5,1,C03,7,9,1,10,2,11,,59,59,1,12,4,120.624125,24.182625,2
4338,66000,387130000C,(04)23274275,(04)23288582,2025,09,11,16,27,臺中市,霧峰區,0,1,0,7,2,6,50,5,14,1,5,4,6,6,4,4,4,3,4,1,17,2,7,1,1,F03,7,9,7,21,2,11,,84,84,1,4,4,120.699235,24.069544,2
4339,66000,387130000C,(04)23274275,(04)23288582,2025,09,11,16,30,臺中市,西區,0,1,0,7,1,6,50,18,24,5,5,4,6,6,4,4,10,5,5,2,18,2,9,5,4,F01,7,9,7,21,2,15,,84,84,1,12,4,120.657264,24.135142,2
4340,66000,387130000C,(04)23274275,(04)23288582,2025,09,11,16,30,臺中市,太平區,0,0,0,7,2,6,30,,,,,,,,,,,,,,,,,,,,,,,,,15,,85,85,1,,,120.729633,24.106587,3
4341,66000,387130000C,(04)23274275,(04)23288582,2025,09,11,16,30,臺中市,烏日區,0,0,0,7,,,40,,,,,,,,,,,,,,9,,,,,C03,,,1,,1,,,85,85,1,6,4,120.623483,24.106331,3
4342,66000,387130000C,(04)23274275,(04)23288582,2025,09,11,16,31,臺中市,中區,0,0,0,7,,,50,,,,,,,,,,,,,,13,,,,,C03,,,1,,1,,,7,7,1,12,4,120.681735,24.144818,3
4343,66000,387130000C,(04)23274275,(04)23288582,2025,09,11,16,31,臺中市,西屯區,0,1,0,7,2,6,30,11,9,1,5,4,6,6,4,4,10,5,5,2,10,3,10,3,1,B03,7,9,1,8,2,4,,8,8,1,12,4,120.640244,24.196509,2
4344,66000,387130000C,(04)23274275,(04)23288582,2025,09,11,16,33,臺中市,大里區,0,2,0,7,2,6,30,3,2,1,5,4,6,6,4,4,10,5,5,1,16,2,9,1,1,C03,7,6,1,10,2,14,,14,14,1,12,4,120.688172,24.095618,2
4345,66000,387130000C,(04)23274275,(04)23288582,2025,09,11,16,35,臺中市,大雅區,0,1,0,7,3,6,50,4,2,1,5,4,6,6,1,1,9,4,4,1,11,3,10,3,1,B03,7,6,1,8,2,1,,11,11,1,13,4,120.631422,24.211524,2
4346,66000,387130000C,(04)23274275,(04)23288582,2025,09,11,16,35,臺中市,南區,0,0,0,7,,,40,,,,,,,,,,,,,,,,,,,C03,,,1,,1,,,84,84,1,13,4,120.683446,24.130207,3
4347,66000,387130000C,(04)23274275,(04)23288582,2025,09,11,16,38,臺中市,太平區,0,0,0,7,,,50,,,,,,,,,,,,,,12,,,,,B03,,,1,,2,,,40,40,1,6,4,120.713341,24.149452,3
4348,66000,387130000C,(04)23274275,(04)23288582,2025,09,11,16,39,臺中市,東區,0,2,0,7,1,6,50,4,1,1,5,4,6,6,1,1,9,4,5,2,12,2,9,1,1,C03,7,9,1,10,2,11,12,7,7,1,12,4,120.699357,24.14797,2
4349,66000,387130000C,(04)23274275,(04)23288582,2025,09,11,16,40,臺中市,太平區,0,0,0,7,,,50,,,,,,,,,,,,,,,,,,,B02,,,1,,2,,,8,8,1,6,4,120.712992,24.158899,3
4350,66000,387130000C,(04)23274275,(04)23288582,2025,09,11,16,41,臺中市,北區,0,0,0,7,,,50,,,,,,,,,,,,,,,,,,,C03,,,1,,2,,,7,7,1,13,4,120.672674,24.168118,3
4351,66000,387130000C,(04)23274275,(04)23288582,2025,09,11,16,41,臺中市,大里區,0,1,0,7,2,6,50,4,1,1,5,4,6,6,1,1,5,5,4,2,16,3,10,3,1,B03,7,5,1,8,2,2,,11,11,1,13,4,120.682367,24.100401,2
4352,66000,387130000C,(04)23274275,(04)23288582,2025,09,11,16,42,臺中市,北屯區,0,0,0,7,,,50,,,,,,,,,,,,,,,,,,,B01,,,1,,1,,,34,34,1,12,4,120.680151,24.176665,3
4353,66000,387130000C,(04)23274275,(04)23288582,2025,09,11,16,42,臺中市,烏日區,0,1,0,7,2,6,30,4,1,1,5,4,6,6,4,4,10,5,5,2,17,3,10,5,4,B03,7,9,1,8,2,8,,15,15,1,12,4,120.651378,24.049289,2
4354,66000,387130000C,(04)23274275,(04)23288582,2025,09,11,16,44,臺中市,東區,0,0,0,7,,,50,,,,,,,,,,,,,,,,,,,C04,,,1,,2,,,82,82,1,6,4,120.689726,24.126348,3
4355,66000,387130000C,(04)23274275,(04)23288582,2025,09,11,16,44,臺中市,豐原區,0,0,0,7,,,50,,,,,,,,,,,,,,12,,,,,B03,,,1,,9,,,24,24,1,13,4,120.719287,24.257526,3
4356,66000,387130000C,(04)23274275,(04)23288582,2025,09,11,16,45,臺中市,霧峰區,0,1,0,7,2,6,50,4,1,1,5,4,6,6,4,4,10,5,5,2,13,2,8,1,1,C03,7,9,1,10,2,11,,84,84,1,12,4,120.71488,24.074639,2
4357,66000,387130000C,(04)23274275,(04)23288582,2025,09,11,16,48,臺中市,南區,0,2,0,7,2,6,40,3,1,1,5,4,6,6,4,4,10,5,5,2,16,2,9,1,1,C03,7,5,1,10,2,14,,13,13,1,12,4,120.683602,24.12901,2
4358,66000,387130000C,(04)23274275,(04)23288582,2025,09,11,16,48,臺中市,大里區,0,0,0,7,,,50,,,,,,,,,,,,,,,,,,,B03,,,1,,2,,,7,7,1,6,4,120.688907,24.093601,3
4359,66000,387130000C,(04)23274275,(04)23288582,2025,09,11,16,49,臺中市,北屯區,0,1,0,7,3,6,50,3,1,1,5,4,6,6,4,4,10,5,5,2,16,3,10,3,1,B03,7,5,1,8,2,4,,14,14,1,12,4,120.689949,24.167736,2
4360,66000,387130000C,(04)23274275,(04)23288582,2025,09,11,16,50,臺中市,南區,0,1,0,7,1,6,50,4,1,1,5,4,6,6,1,1,10,5,5,2,16,3,10,3,1,B03,7,6,1,8,1,5,,11,11,1,12,4,120.681121,24.127813,2
4361,66000,387130000C,(04)23274275,(04)23288582,2025,09,11,16,53,臺中市,西屯區,0,1,0,7,2,6,50,4,9,1,5,4,6,6,1,1,5,5,5,2,16,3,10,5,4,B03,7,6,1,8,2,6,,4,4,1,12,4,120.642799,24.198946,2
4362,66000,387130000C,(04)23274275,(04)23288582,2025,09,11,16,57,臺中市,龍井區,0,1,0,7,2,6,50,13,9,1,5,4,6,6,4,4,5,5,5,2,17,2,9,1,1,C03,7,1,1,10,2,14,,51,51,1,5,4,120.581829,24.182055,2
4363,66000,387130000C,(04)23274275,(04)23288582,2025,09,11,17,0,臺中市,潭子區,0,1,0,7,3,6,60,3,1,1,5,4,6,6,1,1,1,4,5,2,17,3,10,2,1,C03,7,8,1,10,2,12,14,84,84,1,13,4,120.70392,24.202416,2
4364,66000,387130000C,(04)23274275,(04)23288582,2025,09,11,17,3,臺中市,清水區,0,1,0,7,2,6,30,3,1,1,5,4,6,6,4,4,5,2,5,1,16,3,10,3,1,B02,7,6,1,8,2,8,,14,14,1,6,4,120.635605,24.276894,2
4365,66000,387130000C,(04)23274275,(04)23288582,2025,09,11,17,5,臺中市,西屯區,0,2,0,7,2,6,30,3,1,1,5,4,6,6,4,4,10,5,5,2,17,3,10,5,4,B03,7,6,1,8,2,2,,84,84,1,12,4,120.625038,24.200235,2
4366,66000,387130000C,(04)23274275,(04)23288582,2025,09,11,17,6,臺中市,北區,0,0,0,7,,,50,,,,,,,,,,,,,,,,,,,B12,,,1,,1,,,7,7,1,12,4,120.67556,24.167183,3
4367,66000,387130000C,(04)23274275,(04)23288582,2025,09,11,17,7,臺中市,東區,0,1,0,7,1,6,50,4,1,1,5,4,6,6,1,1,9,4,5,2,11,2,9,1,1,F01,7,6,7,21,2,12,,20,20,1,12,4,120.699404,24.135172,2
4368,66000,387130000C,(04)23274275,(04)23288582,2025,09,11,17,9,臺中市,大雅區,0,0,0,7,,,50,,,,,,,,,,,,,,,,,,,C03,,,1,,9,,,8,8,1,13,4,120.646376,24.222688,3
4369,66000,387130000C,(04)23274275,(04)23288582,2025,09,11,17,9,臺中市,南區,0,0,0,7,,,50,,,,,,,,,,,,,,,,,,,B12,,,1,,1,,,7,7,1,13,4,120.684248,24.12637,3
4370,66000,387130000C,(04)23274275,(04)23288582,2025,09,11,17,10,臺中市,大里區,0,1,0,7,2,6,50,3,2,1,5,4,6,6,4,4,4,5,5,1,9,2,8,6,1,F01,7,9,7,21,1,11,,84,84,1,4,4,120.70844,24.082366,2
4371,66000,387130000C,(04)23274275,(04)23288582,2025,09,11,17,12,臺中市,大里區,0,1,0,7,2,6,30,11,9,1,5,4,6,6,4,4,4,4,5,1,12,2,9,1,1,C03,7,9,1,10,2,11,,84,84,1,12,4,120.693724,24.099123,2
4372,66000,387130000C,(04)23274275,(04)23288582,2025,09,11,17,12,臺中市,豐原區,0,0,0,7,2,6,50,3,1,1,5,4,6,6,2,1,5,4,5,2,12,3,10,1,1,C03,7,9,1,10,9,14,,84,84,1,12,4,120.722439,24.253645,3
4373,66000,387130000C,(04)23274275,(04)23288582,2025,09,11,17,13,臺中市,北區,0,0,0,7,,,40,,,,,,,,,,,,,,16,,,,,B03,,,1,,1,,,11,11,1,13,4,120.67817,24.151537,3
4374,66000,387130000C,(04)23274275,(04)23288582,2025,09,11,17,14,臺中市,西屯區,0,1,0,7,2,6,40,13,8,1,5,4,6,6,4,4,1,4,1,2,12,3,10,3,1,B03,7,7,5,19,3,2,,40,40,1,12,4,120.632177,24.17087,2
4375,66000,387130000C,(04)23274275,(04)23288582,2025,09,11,17,15,臺中市,后里區,0,2,0,7,2,6,50,4,9,1,5,4,6,6,4,4,5,5,5,1,13,2,9,6,1,F01,7,11,7,21,2,13,,45,45,1,4,4,120.710691,24.305376,2