﻿序號,縣市別代碼,機關代碼,市話,傳真,年,月,日,時,分,縣市,區,死亡數量,受傷數量,2-30,天候,道路照明設備,道路類別,道路速限,道路型態,事故位置,路面鋪裝,路面狀態,路面缺陷,障礙物,視距,號誌種類,號誌動作,分向設施,快車道或一般車道間,快慢車道間,路面邊線,事故類型及型態,受傷程度,主要傷處,保護裝備,行動電話或功能裝置,當事者區分_類別,車輛用途,當事者行動狀態,駕照狀態,駕照種類,飲酒情形,車輛撞擊部位最初,車輛撞擊部位其他,肇事因素個別,肇事因素主要,肇事逃逸,職業,共享經濟或外送平台,GPS座標X,GPS座標Y,事故類別
4376,66000,387130000C,(04)23274275,(04)23288582,2025,09,11,17,20,臺中市,南區,0,0,0,7,,,40,,,,,,,,,,,,,,,,,,,C03,,,1,,2,,,84,84,1,6,4,120.654032,24.116455,3
4377,66000,387130000C,(04)23274275,(04)23288582,2025,09,11,17,22,臺中市,北屯區,0,1,0,7,2,6,25,4,1,1,5,4,6,6,4,4,10,5,5,2,15,4,11,1,1,C03,7,9,6,20,11,12,,6,6,1,12,4,120.701895,24.167538,2
4378,66000,387130000C,(04)23274275,(04)23288582,2025,09,11,17,22,臺中市,豐原區,0,1,0,7,2,6,50,3,1,1,5,4,6,6,4,4,10,5,5,2,17,3,10,5,4,B03,7,1,1,8,2,5,,84,84,1,12,4,120.706828,24.25223,2
4379,66000,387130000C,(04)23274275,(04)23288582,2025,09,11,17,24,臺中市,西屯區,0,0,0,7,,,50,,,,,,,,,,,,,,17,,,,,C03,,,1,,2,,,40,40,1,13,4,120.650754,24.164226,3
4380,66000,387130000C,(04)23274275,(04)23288582,2025,09,11,17,24,臺中市,大里區,0,2,0,7,2,6,30,4,1,1,5,4,6,6,4,4,10,5,5,2,15,2,7,1,1,C03,7,9,1,10,2,11,,12,12,1,13,4,120.689832,24.102883,2
4381,66000,387130000C,(04)23274275,(04)23288582,2025,09,11,17,25,臺中市,南屯區,0,1,0,7,2,6,60,3,1,1,5,4,6,6,2,1,5,4,5,2,17,2,9,1,1,C03,7,8,1,10,2,16,,7,7,1,12,4,120.648375,24.13478,2
4382,66000,387130000C,(04)23274275,(04)23288582,2025,09,11,17,25,臺中市,南屯區,0,0,0,7,,,50,,,,,,,,,,,,,,,,,,,C03,,,1,,1,,,84,84,1,13,2,120.644049,24.136154,3
4383,66000,387130000C,(04)23274275,(04)23288582,2025,09,11,17,26,臺中市,太平區,0,1,0,7,1,6,40,3,1,1,5,4,6,6,4,4,10,5,5,2,9,3,10,3,1,B03,7,11,1,8,2,1,,45,45,1,6,4,120.72895,24.103447,2
4384,66000,387130000C,(04)23274275,(04)23288582,2025,09,11,17,26,臺中市,沙鹿區,0,2,0,7,2,6,50,4,1,1,5,4,6,6,1,1,10,5,5,2,17,2,8,1,1,C03,7,6,1,10,2,14,,48,48,1,5,4,120.579328,24.221272,2
4385,66000,387130000C,(04)23274275,(04)23288582,2025,09,11,17,26,臺中市,清水區,0,0,0,7,,,30,,,,,,,,,,,,,,12,,,,,B03,,,1,,2,,,8,8,1,13,4,120.570778,24.277235,3
4386,66000,387130000C,(04)23274275,(04)23288582,2025,09,11,17,29,臺中市,烏日區,0,1,0,7,3,6,50,4,1,1,5,4,6,6,2,1,1,4,5,1,16,3,10,3,1,B03,7,5,1,8,2,2,,11,11,1,6,4,120.634095,24.106228,2
4387,66000,387130000C,(04)23274275,(04)23288582,2025,09,11,17,31,臺中市,北區,0,0,0,7,,,50,,,,,,,,,,,,,,17,,,,,C03,,,6,,1,,,85,85,1,13,4,120.683644,24.168307,4
4388,66000,387130000C,(04)23274275,(04)23288582,2025,09,11,17,31,臺中市,西屯區,0,0,0,7,,,30,,,,,,,,,,,,,,16,,,,,C03,,,1,,1,,,84,84,1,12,4,120.645073,24.186379,3
4389,66000,387130000C,(04)23274275,(04)23288582,2025,09,11,17,32,臺中市,北屯區,0,0,0,7,,,40,,,,,,,,,,,,,,13,,,,,B03,,,1,,1,,,7,7,1,13,4,120.686862,24.201308,3
4390,66000,387130000C,(04)23274275,(04)23288582,2025,09,11,17,32,臺中市,清水區,0,0,0,7,,3,90,,,,,,,,,,,,,,17,,,,,A12,,,1,,9,,,87,87,1,6,4,120.545977,24.272837,3
4391,66000,387130000C,(04)23274275,(04)23288582,2025,09,11,17,33,臺中市,梧棲區,0,0,0,7,,,50,,,,,,,,,,,,,,16,,,,,C03,,,1,,2,,,14,14,1,12,4,120.533718,24.257343,3
4392,66000,387130000C,(04)23274275,(04)23288582,2025,09,11,17,34,臺中市,東區,0,0,0,7,,,50,,,,,,,,,,,,,,,,,,,C03,,,1,,1,,,7,7,1,12,4,120.698876,24.142599,3
4393,66000,387130000C,(04)23274275,(04)23288582,2025,09,11,17,36,臺中市,西區,0,0,0,7,,,50,,,,,,,,,,,,,,,,,,,C01,,,7,,10,,,77,77,1,6,5,120.671485,24.151623,3
4394,66000,387130000C,(04)23274275,(04)23288582,2025,09,11,17,36,臺中市,清水區,0,0,0,7,,,50,,,,,,,,,,,,,,,,,,,B03,,,1,,1,,,15,15,1,12,4,120.546635,24.263154,3
4395,66000,387130000C,(04)23274275,(04)23288582,2025,09,11,17,39,臺中市,大雅區,0,0,0,7,,,50,,,,,,,,,,,,,,13,,,,,B12,,,1,,1,,,7,7,1,12,4,120.649338,24.216212,3
4396,66000,387130000C,(04)23274275,(04)23288582,2025,09,11,17,40,臺中市,霧峰區,0,1,0,7,2,6,50,3,1,1,5,4,6,6,4,4,10,5,5,2,16,3,10,3,1,B03,7,6,1,8,2,2,,14,14,1,6,4,120.697011,24.055498,2
4397,66000,387130000C,(04)23274275,(04)23288582,2025,09,11,17,40,臺中市,外埔區,0,0,0,7,,,50,,,,,,,,,,,,,,12,,,,,B03,,,1,,2,,,8,8,1,12,4,120.653538,24.332272,3
4398,66000,387130000C,(04)23274275,(04)23288582,2025,09,11,17,45,臺中市,大雅區,0,1,0,7,3,6,30,13,9,1,5,4,6,6,4,4,10,5,5,2,17,3,10,2,1,C03,7,9,1,10,2,14,,41,41,1,12,4,120.643623,24.227511,2
4399,66000,387130000C,(04)23274275,(04)23288582,2025,09,11,17,46,臺中市,南區,0,0,0,7,,,50,,,,,,,,,,,,,,12,,,,,B03,,,1,,1,,,87,87,1,12,4,120.654958,24.129358,3
4400,66000,387130000C,(04)23274275,(04)23288582,2025,09,11,17,48,臺中市,西區,0,0,0,7,,,50,,,,,,,,,,,,,,,,,,,B03,,,1,,2,,,8,8,1,12,4,120.670685,24.136191,3
4401,66000,387130000C,(04)23274275,(04)23288582,2025,09,11,17,48,臺中市,烏日區,0,1,0,7,1,6,50,3,2,1,5,4,6,6,4,4,1,5,5,2,13,3,10,5,4,B03,7,9,1,8,2,1,,59,59,1,13,4,120.61148,24.110728,2
4402,66000,387130000C,(04)23274275,(04)23288582,2025,09,11,17,49,臺中市,大里區,0,1,0,7,2,6,50,4,2,1,5,4,6,6,1,1,1,1,4,1,17,2,9,2,1,C03,7,9,1,10,2,11,,7,7,1,5,4,120.69816,24.080612,2
4403,66000,387130000C,(04)23274275,(04)23288582,2025,09,11,17,50,臺中市,沙鹿區,0,0,0,7,,,50,,,,,,,,,,,,,,17,,,,,B03,,,1,,1,,,7,7,1,12,4,120.567098,24.203503,3
4404,66000,387130000C,(04)23274275,(04)23288582,2025,09,11,17,50,臺中市,豐原區,0,0,0,7,,,40,,,,,,,,,,,,,,,,,,,B03,,,1,,2,,,50,50,1,12,4,120.726391,24.240217,3
4405,66000,387130000C,(04)23274275,(04)23288582,2025,09,11,17,54,臺中市,北區,0,0,0,7,,,50,,,,,,,,,,,,,,17,,,,,B03,,,1,,9,,,58,58,2,13,4,120.679686,24.158128,3
4406,66000,387130000C,(04)23274275,(04)23288582,2025,09,11,17,54,臺中市,沙鹿區,0,1,0,7,2,6,40,13,8,1,5,4,6,6,4,4,3,4,4,2,18,2,9,5,1,F01,7,9,7,21,2,12,,82,82,1,13,4,120.572806,24.210638,2
4407,66000,387130000C,(04)23274275,(04)23288582,2025,09,11,17,55,臺中市,烏日區,0,0,0,7,,,50,,,,,,,,,,,,,,13,,,,,C03,,,1,,1,,,7,7,1,6,4,120.641836,24.108838,3
4408,66000,387130000C,(04)23274275,(04)23288582,2025,09,11,17,56,臺中市,南區,0,2,0,7,1,6,50,13,12,1,5,4,6,6,4,4,7,5,4,2,17,2,9,1,1,C03,7,1,1,10,2,12,,20,20,1,12,4,120.658468,24.113113,2
4409,66000,387130000C,(04)23274275,(04)23288582,2025,09,11,17,57,臺中市,東區,0,0,0,7,,,50,,,,,,,,,,,,,,,,,,,B03,,,1,,2,,,8,8,1,13,4,120.701175,24.143037,3
4410,66000,387130000C,(04)23274275,(04)23288582,2025,09,11,17,57,臺中市,北屯區,0,1,0,7,1,6,50,4,2,1,5,4,6,6,1,1,5,4,5,2,11,3,10,1,1,C03,7,6,1,10,1,11,,11,11,1,13,4,120.719611,24.180137,2
4411,66000,387130000C,(04)23274275,(04)23288582,2025,09,11,17,57,臺中市,太平區,0,1,0,7,2,6,50,3,1,1,5,4,6,6,4,4,10,5,5,2,16,3,10,5,4,B03,7,6,1,8,2,1,,48,48,1,12,4,120.715266,24.1364,2
4412,66000,387130000C,(04)23274275,(04)23288582,2025,09,11,17,58,臺中市,大肚區,0,1,0,7,1,6,50,3,1,1,5,4,6,6,4,4,10,5,5,2,17,2,9,1,1,C03,7,9,1,10,2,14,,59,59,1,6,4,120.578817,24.17501,2
4413,66000,387130000C,(04)23274275,(04)23288582,2025,09,11,17,58,臺中市,豐原區,0,1,0,7,2,6,50,5,1,1,5,4,6,6,1,1,10,5,4,1,12,3,10,5,4,B12,7,9,1,8,2,4,,8,8,1,13,4,120.725745,24.252357,2
4414,66000,387130000C,(04)23274275,(04)23288582,2025,09,11,17,59,臺中市,大雅區,0,0,0,7,,,60,,,,,,,,,,,,,,,,,,,B03,,,1,,1,,,84,84,1,13,4,120.650636,24.210171,3
4415,66000,387130000C,(04)23274275,(04)23288582,2025,09,11,17,59,臺中市,西屯區,0,0,0,7,,,30,,,,,,,,,,,,,,14,,,,,B03,,,1,,1,,,49,49,1,12,4,120.64662,24.182057,4
4416,66000,387130000C,(04)23274275,(04)23288582,2025,09,11,17,59,臺中市,太平區,0,0,0,7,,,30,,,,,,,,,,,,,,15,,,,,C03,,,7,,1,,,15,15,1,12,4,120.712839,24.141164,3
4417,66000,387130000C,(04)23274275,(04)23288582,2025,09,11,17,59,臺中市,梧棲區,0,1,0,7,2,6,40,3,1,1,5,4,6,6,1,1,10,5,5,2,12,3,10,3,1,B03,7,9,1,8,2,8,,43,43,1,12,4,120.542291,24.24759,2
4418,66000,387130000C,(04)23274275,(04)23288582,2025,09,11,18,1,臺中市,西屯區,0,1,0,7,1,6,40,13,8,1,5,4,6,6,4,4,1,4,1,1,12,2,3,2,1,C03,7,15,1,10,1,14,,8,8,1,12,4,120.61031,24.184878,2
4419,66000,387130000C,(04)23274275,(04)23288582,2025,09,11,18,4,臺中市,南屯區,0,1,0,7,3,6,0,13,21,4,5,4,6,6,4,4,10,5,5,2,17,3,10,5,4,B03,7,1,1,8,2,8,,51,51,1,6,4,120.639203,24.136749,2
4420,66000,387130000C,(04)23274275,(04)23288582,2025,09,11,18,4,臺中市,西屯區,0,1,0,7,2,6,50,4,1,1,5,4,6,6,1,1,10,5,5,2,17,3,10,1,4,C03,7,6,1,10,9,16,,36,36,1,12,4,120.626609,24.159831,2
4421,66000,387130000C,(04)23274275,(04)23288582,2025,09,11,18,7,臺中市,南屯區,0,0,0,7,,,50,,,,,,,,,,,,,,16,,,,,B03,,,1,,1,,,20,20,1,13,4,120.645819,24.131718,3
4422,66000,387130000C,(04)23274275,(04)23288582,2025,09,11,18,10,臺中市,西屯區,0,0,0,7,,,30,,,,,,,,,,,,,,14,,,,,B03,,,1,,2,,,49,49,1,12,4,120.614521,24.181842,3
4423,66000,387130000C,(04)23274275,(04)23288582,2025,09,11,18,10,臺中市,霧峰區,0,0,0,7,2,6,50,13,14,1,5,4,6,6,4,4,5,5,4,1,14,,,,,B03,,,7,,1,,,49,49,1,6,4,120.699338,24.069304,3
4424,66000,387130000C,(04)23274275,(04)23288582,2025,09,11,18,13,臺中市,北區,0,1,0,7,3,6,50,4,2,1,5,4,6,6,1,1,3,4,5,2,16,3,10,5,4,B03,7,5,1,8,2,2,,8,8,1,13,4,120.685439,24.166541,2
4425,66000,387130000C,(04)23274275,(04)23288582,2025,09,11,18,17,臺中市,霧峰區,0,0,0,7,,,50,,,,,,,,,,,,,,17,,,,,C03,,,1,,2,,,11,11,1,6,4,120.693112,24.073117,3
4426,66000,387130000C,(04)23274275,(04)23288582,2025,09,11,18,17,臺中市,太平區,0,2,0,7,1,6,50,3,1,1,5,4,6,6,4,4,10,5,5,1,17,2,9,5,4,C03,7,6,1,8,2,11,,48,48,1,6,4,120.722229,24.154331,2
4427,66000,387130000C,(04)23274275,(04)23288582,2025,09,11,18,19,臺中市,東區,0,0,0,7,,,50,,,,,,,,,,,,,,,,,,,B03,,,1,,2,,,49,49,1,12,4,120.689139,24.131072,3
4428,66000,387130000C,(04)23274275,(04)23288582,2025,09,11,18,21,臺中市,西屯區,0,2,0,7,1,6,40,3,4,1,5,4,6,6,2,1,1,4,1,2,13,2,8,1,1,C03,7,5,1,10,2,12,14,59,59,1,12,4,120.614593,24.183081,2
4429,66000,387130000C,(04)23274275,(04)23288582,2025,09,11,18,28,臺中市,大雅區,0,1,0,7,1,6,30,13,9,1,5,4,6,6,4,4,10,5,5,1,11,3,10,2,1,C03,7,9,1,10,2,14,,41,41,1,12,4,120.640401,24.220537,2
4430,66000,387130000C,(04)23274275,(04)23288582,2025,09,11,18,28,臺中市,南區,0,2,0,7,1,6,50,4,1,1,5,4,6,6,4,4,5,5,5,2,15,2,9,2,1,C03,7,9,1,10,2,12,,15,15,1,12,4,120.660908,24.129089,2
4431,66000,387130000C,(04)23274275,(04)23288582,2025,09,11,18,29,臺中市,烏日區,0,1,0,7,1,6,50,13,8,1,5,4,6,6,4,4,5,4,4,2,2,3,10,5,4,C03,7,9,1,10,4,11,,84,84,1,13,4,120.624326,24.10624,2
4432,66000,387130000C,(04)23274275,(04)23288582,2025,09,11,18,30,臺中市,北區,0,1,0,7,1,6,40,4,2,1,5,4,6,6,1,1,1,4,4,2,12,2,8,1,1,C03,7,15,1,10,2,14,,84,84,1,12,4,120.685107,24.161521,2
4433,66000,387130000C,(04)23274275,(04)23288582,2025,09,11,18,30,臺中市,太平區,0,1,0,7,1,6,50,3,1,1,5,4,6,6,4,4,10,5,5,2,3,3,10,5,4,B02,7,6,1,8,2,8,,84,84,1,12,4,120.710243,24.158121,2
4434,66000,387130000C,(04)23274275,(04)23288582,2025,09,11,18,35,臺中市,北屯區,0,0,0,7,,,50,,,,,,,,,,,,,,13,,,,,B03,,,1,,1,,,82,82,1,12,4,120.663549,24.190125,3
4435,66000,387130000C,(04)23274275,(04)23288582,2025,09,11,18,38,臺中市,烏日區,0,1,0,7,1,6,50,3,2,1,5,4,6,6,4,4,5,5,5,1,17,3,10,3,1,B03,7,8,1,8,2,16,,84,84,1,6,4,120.658963,24.058482,2
4436,66000,387130000C,(04)23274275,(04)23288582,2025,09,11,18,39,臺中市,南屯區,0,0,0,7,,,50,,,,,,,,,,,,,,,,,,,B03,,,1,,1,,,84,84,1,13,4,120.648729,24.149941,3
4437,66000,387130000C,(04)23274275,(04)23288582,2025,09,11,18,40,臺中市,東區,0,0,0,7,,3,80,,,,,,,,,,,,,,12,,,,,A41,,,1,,2,,,7,7,1,6,4,120.708634,24.134608,3
4438,66000,387130000C,(04)23274275,(04)23288582,2025,09,11,18,40,臺中市,西屯區,0,1,0,7,1,6,50,3,1,1,5,4,6,6,1,1,8,4,4,1,17,2,9,5,4,C03,7,11,1,10,1,14,,45,45,1,13,4,120.604779,24.187459,2
4439,66000,387130000C,(04)23274275,(04)23288582,2025,09,11,18,41,臺中市,南區,0,1,0,7,1,6,50,4,1,1,5,4,6,6,4,4,10,5,5,2,16,3,10,1,1,F03,7,6,7,21,2,11,,14,14,1,12,4,120.680465,24.134293,2
4440,66000,387130000C,(04)23274275,(04)23288582,2025,09,11,18,47,臺中市,霧峰區,0,2,0,7,1,6,50,4,2,1,5,4,6,6,4,4,5,5,4,2,3,2,7,1,1,F03,7,9,7,21,2,14,,6,6,1,12,4,120.693674,24.044599,2
4441,66000,387130000C,(04)23274275,(04)23288582,2025,09,11,18,48,臺中市,東區,0,2,0,7,1,6,50,4,1,1,5,4,6,6,2,1,10,5,5,2,17,3,10,5,4,B03,7,6,1,8,2,2,,11,11,1,13,4,120.694342,24.141016,2
4442,66000,387130000C,(04)23274275,(04)23288582,2025,09,11,18,49,臺中市,南屯區,0,1,0,7,1,6,60,13,9,1,5,4,6,6,4,4,1,4,5,2,16,3,10,3,1,B03,7,5,1,8,2,2,,47,47,1,12,4,120.627557,24.147912,2
4443,66000,387130000C,(04)23274275,(04)23288582,2025,09,11,18,50,臺中市,北區,0,0,0,7,,,30,,,,,,,,,,,,,,,,,,,B03,,,1,,1,,,85,85,1,12,4,120.667217,24.170316,3
4444,66000,387130000C,(04)23274275,(04)23288582,2025,09,11,18,53,臺中市,豐原區,0,2,0,7,1,6,50,5,1,1,5,4,6,6,4,4,5,5,4,2,15,2,9,1,1,C03,7,9,1,10,2,11,,12,12,1,12,4,120.716328,24.249298,2
4445,66000,387130000C,(04)23274275,(04)23288582,2025,09,11,18,55,臺中市,太平區,0,0,0,7,,,50,,,,,,,,,,,,,,20,,,,,B03,,,1,,1,,,78,78,1,6,4,120.719565,24.155485,3
4446,66000,387130000C,(04)23274275,(04)23288582,2025,09,11,18,58,臺中市,北區,0,0,0,7,,,50,,,,,,,,,,,,,,17,,,,,C03,,,1,,2,,,59,59,1,12,4,120.68263,24.152952,3
4447,66000,387130000C,(04)23274275,(04)23288582,2025,09,11,18,58,臺中市,大里區,0,1,0,7,1,6,50,4,1,1,5,4,6,6,1,1,10,5,5,1,16,2,9,1,1,C03,7,6,3,19,2,13,,48,48,1,12,4,120.674698,24.103507,2
4448,66000,387130000C,(04)23274275,(04)23288582,2025,09,11,19,1,臺中市,潭子區,0,3,0,7,1,6,50,4,1,1,5,4,6,6,2,1,10,5,5,2,17,2,8,2,1,C03,7,11,1,10,2,11,,11,11,1,13,4,120.705749,24.218166,2
4449,66000,387130000C,(04)23274275,(04)23288582,2025,09,11,19,1,臺中市,西屯區,0,0,0,7,,,50,,,,,,,,,,,,,,12,,,,,B03,,,1,,1,,,40,40,1,12,4,120.635172,24.179435,3
4450,66000,387130000C,(04)23274275,(04)23288582,2025,09,11,19,2,臺中市,北屯區,0,1,0,7,1,6,80,13,7,1,5,4,6,6,4,4,1,4,5,1,13,3,10,3,1,B03,7,9,1,8,2,1,,59,59,1,5,4,120.675972,24.200995,2
4451,66000,387130000C,(04)23274275,(04)23288582,2025,09,11,19,3,臺中市,南區,0,0,0,7,,,50,,,,,,,,,,,,,,,,,,,B03,,,1,,1,,,7,7,1,6,4,120.645792,24.11171,3
4452,66000,387130000C,(04)23274275,(04)23288582,2025,09,11,19,3,臺中市,西屯區,0,1,0,7,1,6,50,4,1,1,5,4,6,6,2,1,10,5,5,2,12,2,8,2,1,C03,7,9,1,10,2,12,,39,39,1,5,4,120.644334,24.171486,2
4453,66000,387130000C,(04)23274275,(04)23288582,2025,09,11,19,4,臺中市,北區,0,1,0,7,1,6,50,13,9,1,5,4,6,6,4,4,10,5,5,2,12,3,10,3,1,B03,7,4,1,8,2,2,,8,8,1,12,4,120.67127,24.164439,2
4454,66000,387130000C,(04)23274275,(04)23288582,2025,09,11,19,4,臺中市,梧棲區,0,0,0,7,,,60,,,,,,,,,,,,,,13,,,,,B03,,,1,,1,,,84,84,1,6,4,120.524783,24.2229,3
4455,66000,387130000C,(04)23274275,(04)23288582,2025,09,11,19,7,臺中市,豐原區,0,3,0,7,1,6,50,3,1,1,5,4,6,6,4,4,10,5,5,2,16,2,9,1,1,C03,7,6,1,10,2,14,,14,14,1,12,4,120.727322,24.243474,2
4456,66000,387130000C,(04)23274275,(04)23288582,2025,09,11,19,12,臺中市,南屯區,0,0,0,7,,,60,,,,,,,,,,,,,,13,,,,,B03,,,1,,1,,,84,84,1,13,4,120.62864,24.128501,3
4457,66000,387130000C,(04)23274275,(04)23288582,2025,09,11,19,14,臺中市,大里區,0,1,0,7,2,6,50,3,8,1,5,4,6,6,1,1,5,5,4,2,13,3,10,1,1,C03,7,9,1,10,2,12,,84,84,1,6,4,120.698711,24.099021,2
4458,66000,387130000C,(04)23274275,(04)23288582,2025,09,11,19,15,臺中市,東勢區,0,1,0,5,1,6,40,13,14,1,4,4,6,6,4,4,5,5,5,1,17,2,9,6,1,F01,7,9,7,21,1,11,,59,59,1,3,4,120.836924,24.250984,2
4459,66000,387130000C,(04)23274275,(04)23288582,2025,09,11,19,16,臺中市,南屯區,0,0,0,7,,,50,,,,,,,,,,,,,,17,,,,,C03,,,1,,9,,,50,50,2,6,4,120.650724,24.14,3
4460,66000,387130000C,(04)23274275,(04)23288582,2025,09,11,19,17,臺中市,中區,0,1,0,6,2,6,50,4,1,1,5,4,6,6,1,1,10,5,5,2,17,3,10,3,1,B02,7,9,3,19,2,1,,7,7,1,12,4,120.683557,24.137831,2
4461,66000,387130000C,(04)23274275,(04)23288582,2025,09,11,19,25,臺中市,沙鹿區,0,0,0,6,,,50,,,,,,,,,,,,,,17,,,,,A31,,,1,,2,,,76,76,1,12,4,120.567209,24.203477,4
4462,66000,387130000C,(04)23274275,(04)23288582,2025,09,11,19,31,臺中市,西屯區,0,2,0,7,1,6,50,4,1,1,5,4,6,6,1,1,10,5,5,1,12,2,9,1,1,C03,7,15,1,10,2,12,,42,42,1,12,4,120.656876,24.192465,2
4463,66000,387130000C,(04)23274275,(04)23288582,2025,09,11,19,33,臺中市,沙鹿區,0,0,0,7,,,50,,,,,,,,,,,,,,,,,,,A04,,,1,,2,,,8,8,1,13,4,120.561167,24.237937,3
4464,66000,387130000C,(04)23274275,(04)23288582,2025,09,11,19,41,臺中市,沙鹿區,0,0,0,7,,,50,,,,,,,,,,,,,,17,,,,,B03,,,1,,2,,,84,84,1,6,4,120.566749,24.225178,3
4465,66000,387130000C,(04)23274275,(04)23288582,2025,09,11,19,42,臺中市,北區,0,0,0,7,,,50,,,,,,,,,,,,,,13,,,,,B02,,,1,,2,,,84,84,1,12,4,120.685209,24.161032,3
4466,66000,387130000C,(04)23274275,(04)23288582,2025,09,11,19,44,臺中市,北區,0,0,0,7,,,50,,,,,,,,,,,,,,,,,,,B03,,,1,,1,,,7,7,1,12,4,120.68396,24.146313,3
4467,66000,387130000C,(04)23274275,(04)23288582,2025,09,11,19,54,臺中市,清水區,0,0,0,7,,,90,,,,,,,,,,,,,,,,,,,B03,,,1,,1,,,58,58,1,12,4,120.545534,24.271238,3
4468,66000,387130000C,(04)23274275,(04)23288582,2025,09,11,19,56,臺中市,大里區,0,1,0,7,1,6,50,13,9,1,5,4,6,6,4,4,4,3,5,1,17,3,10,3,1,B03,7,6,1,8,2,5,,26,26,1,6,4,120.710376,24.090316,2
4469,66000,387130000C,(04)23274275,(04)23288582,2025,09,11,19,58,臺中市,烏日區,0,0,0,7,,,50,,,,,,,,,,,,,,17,,,,,B03,,,1,,2,,,49,49,1,6,4,120.624607,24.104165,3
4470,66000,387130000C,(04)23274275,(04)23288582,2025,09,11,20,0,臺中市,東區,0,0,0,7,,,30,,,,,,,,,,,,,,30,,,,,,,,,,,,,86,86,1,,,120.703599,24.130545,3
4471,66000,387130000C,(04)23274275,(04)23288582,2025,09,11,20,5,臺中市,太平區,0,0,0,7,,,50,,,,,,,,,,,,,,,,,,,C03,,,1,,2,,,84,84,1,6,4,120.729332,24.107863,3
4472,66000,387130000C,(04)23274275,(04)23288582,2025,09,11,20,6,臺中市,豐原區,0,0,0,7,,,40,,,,,,,,,,,,,,17,,,,,C03,,,1,,2,,,8,8,1,13,4,120.720432,24.251468,3
4473,66000,387130000C,(04)23274275,(04)23288582,2025,09,11,20,18,臺中市,西區,0,1,0,7,1,6,50,13,14,1,5,4,6,6,4,4,5,5,5,2,30,2,9,1,1,C03,7,9,1,10,2,11,,59,59,1,6,4,120.671771,24.140995,2
4474,66000,387130000C,(04)23274275,(04)23288582,2025,09,11,20,21,臺中市,豐原區,0,1,0,7,1,6,50,4,1,1,5,4,6,6,2,1,5,5,4,2,13,3,10,3,1,B03,7,9,1,8,2,1,,7,7,1,12,4,120.722162,24.249694,2
4475,66000,387130000C,(04)23274275,(04)23288582,2025,09,11,20,22,臺中市,東區,0,0,0,7,,,50,,,,,,,,,,,,,,14,,,,,B03,,,1,,1,,,49,49,1,12,4,120.704086,24.134567,3
4476,66000,387130000C,(04)23274275,(04)23288582,2025,09,11,20,29,臺中市,南區,0,1,0,7,1,6,50,13,9,1,5,4,6,6,4,4,2,5,5,2,13,2,9,2,1,C03,7,9,1,10,2,11,,84,84,1,5,4,120.649043,24.122207,2
4477,66000,387130000C,(04)23274275,(04)23288582,2025,09,11,20,39,臺中市,西屯區,0,2,0,7,2,6,50,3,1,1,5,4,6,6,4,4,10,5,5,2,17,2,9,5,4,C03,7,15,1,10,2,12,,42,42,1,12,4,120.654292,24.176136,2
4478,66000,387130000C,(04)23274275,(04)23288582,2025,09,11,20,52,臺中市,大里區,0,0,0,7,1,6,50,13,14,1,5,4,6,6,4,4,5,4,5,1,17,,,,,B03,,,1,,2,,,56,56,1,13,4,120.675343,24.11487,3
4479,66000,387130000C,(04)23274275,(04)23288582,2025,09,11,21,2,臺中市,沙鹿區,0,0,0,7,,,40,,,,,,,,,,,,,,17,,,,,C03,,,1,,2,,,7,7,1,6,4,120.570052,24.237022,3
4480,66000,387130000C,(04)23274275,(04)23288582,2025,09,11,21,10,臺中市,東區,0,1,0,7,1,6,50,3,2,1,5,4,6,6,4,4,10,4,5,2,11,2,8,1,1,C03,7,6,1,10,2,14,,84,84,1,12,4,120.706293,24.131013,2
4481,66000,387130000C,(04)23274275,(04)23288582,2025,09,11,21,14,臺中市,西屯區,0,0,0,7,,,50,,,,,,,,,,,,,,16,,,,,B03,,,1,,2,,,11,11,1,12,4,120.648838,24.174664,4
4482,66000,387130000C,(04)23274275,(04)23288582,2025,09,11,21,19,臺中市,西屯區,0,1,0,7,1,6,50,3,1,1,5,4,6,6,1,1,8,4,5,1,17,3,10,5,4,B03,7,9,1,8,2,1,,21,21,1,13,4,120.642356,24.169435,2
4483,66000,387130000C,(04)23274275,(04)23288582,2025,09,11,21,20,臺中市,北屯區,0,0,0,7,,,50,,,,,,,,,,,,,,13,,,,,C03,,,1,,1,,,7,7,1,12,4,120.714224,24.173622,3
4484,66000,387130000C,(04)23274275,(04)23288582,2025,09,11,21,21,臺中市,南區,0,1,0,7,1,6,50,4,1,1,5,4,6,6,1,1,10,5,5,2,12,2,9,1,1,C03,7,1,1,10,9,12,,51,51,1,12,4,120.666824,24.119158,2
4485,66000,387130000C,(04)23274275,(04)23288582,2025,09,11,21,25,臺中市,西屯區,0,0,0,7,,,50,,,,,,,,,,,,,,13,,,,,B12,,,1,,1,,,59,59,1,12,4,120.637107,24.171388,3
4486,66000,387130000C,(04)23274275,(04)23288582,2025,09,11,21,32,臺中市,南屯區,0,1,0,7,1,6,50,4,1,1,5,4,6,6,1,1,10,5,5,2,16,3,10,3,1,B03,7,6,1,8,2,1,,11,11,1,12,4,120.649773,24.153607,2
4487,66000,387130000C,(04)23274275,(04)23288582,2025,09,11,21,32,臺中市,北屯區,0,0,0,7,,,50,,,,,,,,,,,,,,9,,,,,B03,,,1,8,9,,,40,40,1,12,4,120.692715,24.162324,3