﻿序號,縣市別代碼,機關代碼,市話,傳真,年,月,日,時,分,縣市,區,死亡數量,受傷數量,2-30,天候,道路照明設備,道路類別,道路速限,道路型態,事故位置,路面鋪裝,路面狀態,路面缺陷,障礙物,視距,號誌種類,號誌動作,分向設施,快車道或一般車道間,快慢車道間,路面邊線,事故類型及型態,受傷程度,主要傷處,保護裝備,行動電話或功能裝置,當事者區分_類別,車輛用途,當事者行動狀態,駕照狀態,駕照種類,飲酒情形,車輛撞擊部位最初,車輛撞擊部位其他,肇事因素個別,肇事因素主要,肇事逃逸,職業,共享經濟或外送平台,GPS座標X,GPS座標Y,事故類別
4598,66000,387130000C,(04)23274275,(04)23288582,2025,09,12,8,35,臺中市,大雅區,0,2,0,7,2,6,50,3,9,1,5,4,6,6,4,4,5,4,5,1,17,2,9,1,1,F01,7,6,7,21,2,12,,14,14,1,12,4,120.653586,24.220673,2
4599,66000,387130000C,(04)23274275,(04)23288582,2025,09,12,8,35,臺中市,北屯區,0,0,0,7,,,30,,,,,,,,,,,,,,16,,,,,B03,,,1,,1,,,14,14,1,6,4,120.681634,24.190899,3
4600,66000,387130000C,(04)23274275,(04)23288582,2025,09,12,8,35,臺中市,龍井區,0,0,0,7,,,30,,,,,,,,,,,,,,,,,,,B12,,,3,,2,,,49,49,1,6,4,120.517423,24.209961,3
4601,66000,387130000C,(04)23274275,(04)23288582,2025,09,12,8,36,臺中市,北屯區,0,0,0,7,,,50,,,,,,,,,,,,,,13,,,,,C03,,,1,,1,,,7,7,1,12,4,120.704591,24.18659,3
4602,66000,387130000C,(04)23274275,(04)23288582,2025,09,12,8,37,臺中市,西區,0,1,0,7,2,6,50,4,1,1,5,4,6,6,1,1,10,5,5,2,16,3,10,5,4,B03,7,6,1,8,2,5,,11,11,1,13,4,120.655632,24.154807,2
4603,66000,387130000C,(04)23274275,(04)23288582,2025,09,12,8,40,臺中市,南屯區,0,1,0,7,2,6,30,4,1,1,5,4,6,6,4,4,9,5,5,2,15,3,10,3,1,B03,7,9,1,8,2,2,,12,12,1,12,4,120.654345,24.140258,2
4604,66000,387130000C,(04)23274275,(04)23288582,2025,09,12,8,40,臺中市,外埔區,0,1,0,7,2,6,50,13,9,1,5,4,6,6,4,4,5,5,5,1,18,2,9,2,1,C03,7,9,1,8,2,12,,84,84,1,12,4,120.67822,24.34451,2
4605,66000,387130000C,(04)23274275,(04)23288582,2025,09,12,8,42,臺中市,太平區,0,2,0,7,2,6,40,4,2,1,5,4,6,6,2,1,5,5,4,1,17,3,10,2,1,C03,7,15,1,10,2,12,,4,4,1,12,4,120.719033,24.155011,2
4606,66000,387130000C,(04)23274275,(04)23288582,2025,09,12,8,44,臺中市,霧峰區,0,0,0,7,,,50,,,,,,,,,,,,,,17,,,,,A05,,,1,,2,,,58,58,1,13,4,120.701584,24.060637,3
4607,66000,387130000C,(04)23274275,(04)23288582,2025,09,12,8,45,臺中市,西區,0,0,0,7,,,50,,,,,,,,,,,,,,,,,,,C03,,,1,10,1,,,68,68,1,13,4,120.661855,24.150484,3
4608,66000,387130000C,(04)23274275,(04)23288582,2025,09,12,8,46,臺中市,東區,0,0,0,7,,,50,,,,,,,,,,,,,,13,,,,,C03,,,1,,2,,,7,7,1,13,4,120.705139,24.140391,3
4609,66000,387130000C,(04)23274275,(04)23288582,2025,09,12,8,48,臺中市,東區,0,1,0,7,2,6,50,13,9,1,5,4,6,6,4,4,9,5,5,2,17,2,9,2,1,C03,7,1,1,10,2,11,,51,51,1,12,4,120.693639,24.134822,2
4610,66000,387130000C,(04)23274275,(04)23288582,2025,09,12,8,51,臺中市,西區,0,1,0,7,2,6,50,4,1,1,5,4,6,6,2,1,5,2,5,2,16,3,10,2,1,C03,7,5,5,19,2,12,,11,11,1,12,4,120.661688,24.140163,2
4611,66000,387130000C,(04)23274275,(04)23288582,2025,09,12,8,55,臺中市,東區,0,0,0,7,,,50,,,,,,,,,,,,,,17,,,,,A41,,,1,,9,,,84,84,1,12,4,120.690979,24.142116,3
4612,66000,387130000C,(04)23274275,(04)23288582,2025,09,12,8,55,臺中市,西屯區,0,0,0,7,,,50,,,,,,,,,,,,,,13,,,,,C03,,,1,,1,,,7,7,1,13,4,120.644069,24.160763,3
4613,66000,387130000C,(04)23274275,(04)23288582,2025,09,12,9,6,臺中市,西屯區,0,0,0,7,,3,80,,,,,,,,,,,,,,30,,,,,,,,,,,,,116,116,1,,,120.635655,24.182616,3
4614,66000,387130000C,(04)23274275,(04)23288582,2025,09,12,9,7,臺中市,西屯區,0,1,0,7,2,6,30,3,2,1,5,4,6,6,4,4,10,5,5,2,14,3,10,5,4,B12,7,2,1,8,2,3,,49,49,1,13,4,120.627344,24.187111,2
4615,66000,387130000C,(04)23274275,(04)23288582,2025,09,12,9,12,臺中市,北區,0,0,0,7,,,50,,,,,,,,,,,,,,17,,,,,B03,,,1,,1,,,84,84,1,13,4,120.679012,24.161652,3
4616,66000,387130000C,(04)23274275,(04)23288582,2025,09,12,9,18,臺中市,北區,0,2,0,7,2,6,50,3,9,1,5,4,6,6,4,4,5,5,5,2,3,2,8,6,5,H01,8,16,7,21,10,17,,98,98,1,12,5,120.684045,24.146625,2
4617,66000,387130000C,(04)23274275,(04)23288582,2025,09,12,9,24,臺中市,西屯區,0,2,0,7,2,6,50,4,1,1,5,4,6,6,1,1,10,5,5,2,13,2,9,1,4,C03,7,9,1,10,2,11,,7,7,1,13,4,120.653258,24.160817,2
4618,66000,387130000C,(04)23274275,(04)23288582,2025,09,12,9,24,臺中市,清水區,0,1,0,7,3,6,90,13,7,1,5,4,1,6,4,4,9,4,5,1,13,3,10,3,1,A12,7,9,1,3,2,8,,59,59,1,12,4,120.544222,24.268448,2
4619,66000,387130000C,(04)23274275,(04)23288582,2025,09,12,9,27,臺中市,南屯區,0,1,0,7,2,6,50,4,1,1,5,4,6,6,2,1,1,5,5,2,16,3,10,2,1,C03,7,5,1,10,2,12,,47,47,1,6,4,120.640867,24.141475,2
4620,66000,387130000C,(04)23274275,(04)23288582,2025,09,12,9,27,臺中市,南屯區,0,0,0,7,,,50,,,,,,,,,,,,,,17,,,,,C03,,,1,,10,,,87,87,1,12,4,120.646391,24.142313,3
4621,66000,387130000C,(04)23274275,(04)23288582,2025,09,12,9,30,臺中市,西屯區,0,0,0,7,,,50,,,,,,,,,,,,,,,,,,,B03,,,1,,9,,,50,50,1,13,4,120.659595,24.160835,3
4622,66000,387130000C,(04)23274275,(04)23288582,2025,09,12,9,32,臺中市,龍井區,0,0,0,7,,,50,,,,,,,,,,,,,,,,,,,B03,,,1,,1,,,49,49,1,12,4,120.591047,24.190154,3
4623,66000,387130000C,(04)23274275,(04)23288582,2025,09,12,9,33,臺中市,南區,0,0,0,7,,,50,,,,,,,,,,,,,,15,,,,,B01,,,1,,1,,,15,15,1,12,4,120.659479,24.124625,3
4624,66000,387130000C,(04)23274275,(04)23288582,2025,09,12,9,35,臺中市,大甲區,0,1,0,7,3,6,50,3,1,1,5,4,6,6,2,1,10,5,5,2,13,2,9,5,4,C03,7,9,1,10,2,11,,7,7,1,12,4,120.613182,24.348196,2
4625,66000,387130000C,(04)23274275,(04)23288582,2025,09,12,9,36,臺中市,西區,0,2,0,7,2,6,50,4,1,1,5,4,6,6,1,1,10,5,5,2,13,2,8,1,1,C03,7,9,1,10,2,11,,84,84,1,13,4,120.67988,24.137919,2
4626,66000,387130000C,(04)23274275,(04)23288582,2025,09,12,9,36,臺中市,沙鹿區,0,2,0,7,2,6,30,3,1,1,5,4,6,6,4,4,1,5,5,1,17,2,8,1,1,C03,7,5,1,10,2,11,14,39,39,1,6,4,120.55822,24.241744,2
4627,66000,387130000C,(04)23274275,(04)23288582,2025,09,12,9,38,臺中市,南屯區,0,0,0,7,,,50,,,,,,,,,,,,,,,,,,,B03,,,5,,9,,,59,59,1,13,4,120.648314,24.1536,3
4628,66000,387130000C,(04)23274275,(04)23288582,2025,09,12,9,44,臺中市,豐原區,0,0,0,7,,,50,,,,,,,,,,,,,,13,,,,,C03,,,1,,1,,,7,7,1,12,4,120.718987,24.249738,3
4629,66000,387130000C,(04)23274275,(04)23288582,2025,09,12,9,45,臺中市,西屯區,0,1,0,7,1,6,50,13,9,1,5,4,6,6,4,4,1,4,5,2,16,3,10,3,1,B03,7,5,1,8,2,5,,20,20,1,12,4,120.655116,24.168808,2
4630,66000,387130000C,(04)23274275,(04)23288582,2025,09,12,9,48,臺中市,北區,0,0,0,7,,,50,,,,,,,,,,,,,,13,,,,,B03,,,1,,1,,,56,56,1,13,4,120.676949,24.159463,3
4631,66000,387130000C,(04)23274275,(04)23288582,2025,09,12,9,48,臺中市,西屯區,0,0,0,7,,,50,,,,,,,,,,,,,,12,,,,,B03,,,1,,2,,,40,40,1,12,4,120.656672,24.200537,3
4632,66000,387130000C,(04)23274275,(04)23288582,2025,09,12,9,55,臺中市,烏日區,0,1,0,7,2,6,40,3,11,1,5,4,6,6,1,1,1,4,4,1,13,2,9,1,1,C03,7,12,1,10,2,11,,7,7,1,6,4,120.613129,24.102743,2
4633,66000,387130000C,(04)23274275,(04)23288582,2025,09,12,9,56,臺中市,南區,0,1,0,7,3,6,50,13,8,1,5,4,6,6,4,4,1,5,4,2,17,3,10,1,1,C03,7,9,1,10,2,12,,87,87,1,12,4,120.67941,24.12522,2
4634,66000,387130000C,(04)23274275,(04)23288582,2025,09,12,9,56,臺中市,大肚區,0,0,0,7,,,40,,,,,,,,,,,,,,,,,,,B12,,,1,,2,,,49,49,1,6,4,120.57843,24.118044,3
4635,66000,387130000C,(04)23274275,(04)23288582,2025,09,12,10,0,臺中市,南屯區,0,0,0,7,,,50,,,,,,,,,,,,,,13,,,,,B11,,,1,,1,,,59,59,1,12,4,120.647506,24.151005,3
4636,66000,387130000C,(04)23274275,(04)23288582,2025,09,12,10,0,臺中市,西屯區,0,0,0,7,,,70,,,,,,,,,,,,,,23,,,,,B03,,,1,,2,,,8,8,1,13,4,120.611767,24.184541,3
4637,66000,387130000C,(04)23274275,(04)23288582,2025,09,12,10,8,臺中市,北屯區,0,0,0,7,,,50,,,,,,,,,,,,,,17,,,,,B03,,,3,,1,,,59,59,1,12,4,120.722644,24.172363,3
4638,66000,387130000C,(04)23274275,(04)23288582,2025,09,12,10,10,臺中市,東勢區,0,2,0,7,2,6,50,13,9,1,5,4,6,6,4,4,10,5,5,1,13,3,10,5,4,B12,7,9,1,8,2,5,,7,7,1,12,4,120.878122,24.23289,2
4639,66000,387130000C,(04)23274275,(04)23288582,2025,09,12,10,12,臺中市,南屯區,0,0,0,7,,,50,,,,,,,,,,,,,,,,,,,A11,,,1,,1,,,40,40,1,6,4,120.623661,24.149625,3
4640,66000,387130000C,(04)23274275,(04)23288582,2025,09,12,10,15,臺中市,北屯區,0,1,0,7,2,6,50,3,1,1,5,4,6,6,4,4,10,5,5,2,17,2,9,3,1,B03,7,9,1,8,2,1,,56,56,1,12,4,120.690044,24.179876,2
4641,66000,387130000C,(04)23274275,(04)23288582,2025,09,12,10,16,臺中市,大雅區,0,2,0,7,3,6,50,13,9,1,5,4,6,6,4,4,10,5,5,2,17,2,2,3,1,B02,7,8,1,8,2,3,,40,40,1,12,4,120.650743,24.210861,2
4642,66000,387130000C,(04)23274275,(04)23288582,2025,09,12,10,17,臺中市,大里區,0,1,0,7,3,6,50,4,1,1,5,4,6,6,1,1,5,5,5,2,17,3,10,3,1,B03,7,11,1,8,2,5,,45,45,1,13,4,120.680385,24.099959,2
4643,66000,387130000C,(04)23274275,(04)23288582,2025,09,12,10,20,臺中市,南區,0,0,0,7,,,50,,,,,,,,,,,,,,17,,,,,B03,,,1,,1,,,43,43,1,13,4,120.660341,24.124186,3
4644,66000,387130000C,(04)23274275,(04)23288582,2025,09,12,10,22,臺中市,太平區,0,1,0,7,3,6,50,4,1,1,5,4,6,6,4,4,10,5,5,2,15,3,10,3,1,B03,7,9,1,8,2,4,,12,12,1,12,4,120.707577,24.151023,2
4645,66000,387130000C,(04)23274275,(04)23288582,2025,09,12,10,22,臺中市,龍井區,0,0,0,7,,,30,,,,,,,,,,,,,,,,,,,B03,,,1,,1,,,49,49,1,12,4,120.512213,24.221957,3
4646,66000,387130000C,(04)23274275,(04)23288582,2025,09,12,10,22,臺中市,神岡區,0,0,0,7,,,50,,,,,,,,,,,,,,13,,,,,B03,,,1,,11,,,7,7,1,12,4,120.69828,24.248736,3
4647,66000,387130000C,(04)23274275,(04)23288582,2025,09,12,10,31,臺中市,烏日區,0,0,0,7,,,30,,,,,,,,,,,,,,11,,,,,C03,,,1,,2,,,8,8,1,6,4,120.606146,24.119248,3
4648,66000,387130000C,(04)23274275,(04)23288582,2025,09,12,10,35,臺中市,大雅區,0,0,0,7,,,30,,,,,,,,,,,,,,,,,,,A11,,,1,,2,,,8,8,1,13,4,120.619775,24.223018,3
4649,66000,387130000C,(04)23274275,(04)23288582,2025,09,12,10,40,臺中市,神岡區,0,1,0,7,1,6,40,11,9,1,5,4,6,6,4,4,5,4,4,2,16,3,10,5,4,B03,7,1,1,8,2,7,,51,51,1,12,4,120.655726,24.259537,2
4650,66000,387130000C,(04)23274275,(04)23288582,2025,09,12,10,42,臺中市,西屯區,0,0,0,7,,,50,,,,,,,,,,,,,,15,,,,,B03,,,1,,2,,,21,21,1,12,4,120.654842,24.196233,3
4651,66000,387130000C,(04)23274275,(04)23288582,2025,09,12,10,50,臺中市,西區,0,0,0,7,,,50,,,,,,,,,,,,,,,,,,,A04,,,1,2,1,,,40,40,2,13,4,120.658894,24.150852,3
4652,66000,387130000C,(04)23274275,(04)23288582,2025,09,12,10,53,臺中市,西屯區,0,0,0,7,,,50,,,,,,,,,,,,,,13,,,,,B03,,,1,,1,,,7,7,1,13,4,120.625804,24.181957,3
4653,66000,387130000C,(04)23274275,(04)23288582,2025,09,12,10,54,臺中市,北屯區,0,1,0,7,2,6,40,3,1,1,5,4,6,6,1,1,10,5,5,2,13,3,10,1,1,C03,7,9,1,10,2,11,,7,7,1,6,4,120.665855,24.1827,2
4654,66000,387130000C,(04)23274275,(04)23288582,2025,09,12,10,56,臺中市,西屯區,0,1,0,7,2,6,40,3,1,1,5,4,6,6,1,1,10,5,5,2,16,3,10,5,4,B03,7,5,1,8,2,2,,85,85,1,12,4,120.611863,24.184604,2
4655,66000,387130000C,(04)23274275,(04)23288582,2025,09,12,10,56,臺中市,大甲區,0,0,0,7,,,50,,,,,,,,,,,,,,,,,,,B03,,,1,,1,,,59,59,1,6,4,120.627601,24.3471,3
4656,66000,387130000C,(04)23274275,(04)23288582,2025,09,12,11,0,臺中市,南屯區,0,1,0,7,2,6,50,13,9,1,5,4,6,6,4,4,9,4,5,2,12,3,10,1,1,C03,7,1,1,10,2,11,,51,51,1,12,4,120.615484,24.152717,2
4657,66000,387130000C,(04)23274275,(04)23288582,2025,09,12,11,4,臺中市,北屯區,0,1,0,7,3,6,50,13,9,1,5,4,6,6,4,4,5,4,5,2,17,2,9,2,1,C03,7,9,1,10,2,11,,84,84,1,6,4,120.716742,24.175117,2
4658,66000,387130000C,(04)23274275,(04)23288582,2025,09,12,11,4,臺中市,太平區,0,1,0,7,2,6,40,4,2,1,5,4,6,6,1,1,5,2,4,2,16,2,8,1,1,C03,7,6,1,10,2,11,,48,48,1,12,4,120.721477,24.119839,2
4659,66000,387130000C,(04)23274275,(04)23288582,2025,09,12,11,8,臺中市,大里區,0,0,0,7,,,40,,,,,,,,,,,,,,17,,,,,B03,,,1,,9,,,84,84,1,6,4,120.695133,24.088935,3
4660,66000,387130000C,(04)23274275,(04)23288582,2025,09,12,11,13,臺中市,后里區,0,1,0,7,2,6,30,13,9,1,5,4,6,6,4,4,10,5,5,1,17,3,10,3,1,B03,7,1,1,8,2,1,,51,51,1,12,4,120.699458,24.29736,2
4661,66000,387130000C,(04)23274275,(04)23288582,2025,09,12,11,14,臺中市,豐原區,0,1,0,7,2,6,50,13,7,1,5,4,6,6,4,4,5,5,4,2,16,3,10,1,1,C03,7,15,1,10,2,12,,39,39,1,13,4,120.724788,24.246669,2
4662,66000,387130000C,(04)23274275,(04)23288582,2025,09,12,11,15,臺中市,南區,0,0,0,7,,,50,,,,,,,,,,,,,,17,,,,,A11,,,1,,11,,,8,8,1,12,4,120.669969,24.118056,3
4663,66000,387130000C,(04)23274275,(04)23288582,2025,09,12,11,16,臺中市,潭子區,0,1,0,7,2,6,50,5,1,1,5,4,6,6,3,1,5,5,5,1,17,2,9,5,1,F01,7,6,7,21,2,14,,84,84,1,13,2,120.699737,24.196169,2
4664,66000,387130000C,(04)23274275,(04)23288582,2025,09,12,11,16,臺中市,大里區,0,1,0,7,2,6,50,3,2,1,5,4,6,6,4,4,5,5,5,1,12,3,10,3,1,B13,7,9,1,8,2,2,,1,1,1,12,4,120.702544,24.088382,2
4665,66000,387130000C,(04)23274275,(04)23288582,2025,09,12,11,17,臺中市,北屯區,0,0,0,7,,,50,,,,,,,,,,,,,,13,,,,,C03,,,1,,1,,,7,7,1,12,4,120.698121,24.174114,3
4666,66000,387130000C,(04)23274275,(04)23288582,2025,09,12,11,20,臺中市,烏日區,0,0,0,7,,,50,,,,,,,,,,,,,,9,,,,,C03,,,1,,1,,,84,84,1,6,4,120.642998,24.109371,4
4667,66000,387130000C,(04)23274275,(04)23288582,2025,09,12,11,21,臺中市,北區,0,0,0,7,,,50,,,,,,,,,,,,,,13,,,,,B03,,,1,,1,,,7,7,1,12,4,120.670647,24.173568,3
4668,66000,387130000C,(04)23274275,(04)23288582,2025,09,12,11,25,臺中市,沙鹿區,0,1,0,7,2,6,40,3,1,1,5,4,6,6,4,4,5,4,4,2,17,2,9,1,1,C03,7,6,1,10,2,14,,48,48,1,13,4,120.566781,24.23694,2
4669,66000,387130000C,(04)23274275,(04)23288582,2025,09,12,11,26,臺中市,西屯區,0,1,0,7,2,6,70,3,1,1,5,4,6,6,1,1,10,5,5,2,17,3,10,3,4,B03,7,5,1,8,2,5,,38,38,1,13,4,120.587624,24.185457,2
4670,66000,387130000C,(04)23274275,(04)23288582,2025,09,12,11,26,臺中市,西屯區,0,0,0,7,,,50,,,,,,,,,,,,,,16,,,,,B03,,,1,,2,,,8,8,1,12,4,120.614878,24.185208,3
4671,66000,387130000C,(04)23274275,(04)23288582,2025,09,12,11,29,臺中市,大肚區,0,1,0,6,2,6,40,13,8,1,5,4,6,6,4,4,10,5,5,1,17,3,10,3,1,B03,7,15,1,8,2,4,,76,76,1,6,4,120.569145,24.121624,2
4672,66000,387130000C,(04)23274275,(04)23288582,2025,09,12,11,33,臺中市,大里區,0,0,0,7,,,30,,,,,,,,,,,,,,14,,,,,B03,,,1,,2,,,49,49,1,12,4,120.711254,24.097706,3
4673,66000,387130000C,(04)23274275,(04)23288582,2025,09,12,11,35,臺中市,龍井區,0,1,0,7,3,6,50,13,9,1,5,4,6,6,4,4,5,5,4,2,17,2,8,1,1,C03,7,15,3,19,2,12,,39,39,1,13,4,120.563728,24.200542,2
4674,66000,387130000C,(04)23274275,(04)23288582,2025,09,12,11,37,臺中市,北區,0,1,0,7,2,6,50,3,2,1,5,4,6,6,2,1,10,5,5,2,12,3,10,2,1,C03,7,9,1,10,2,12,,7,7,1,13,4,120.681581,24.155193,2
4675,66000,387130000C,(04)23274275,(04)23288582,2025,09,12,11,37,臺中市,梧棲區,0,0,0,7,,,50,,,,,,,,,,,,,,12,,,,,B12,,,1,,2,,,84,84,1,12,4,120.540686,24.257138,3
4676,66000,387130000C,(04)23274275,(04)23288582,2025,09,12,11,37,臺中市,大甲區,0,0,0,7,,,50,,,,,,,,,,,,,,,,,,,B03,,,1,,2,,,8,8,1,6,4,120.622826,24.342268,3
4677,66000,387130000C,(04)23274275,(04)23288582,2025,09,12,11,41,臺中市,沙鹿區,0,1,0,7,2,6,0,13,21,1,5,4,6,6,4,4,10,5,5,2,17,2,7,1,1,C03,7,1,1,10,2,11,,51,51,1,6,4,120.580024,24.218981,2
4678,66000,387130000C,(04)23274275,(04)23288582,2025,09,12,11,42,臺中市,梧棲區,0,0,0,7,,,30,,,,,,,,,,,,,,14,,,,,B02,,,1,,2,,,49,49,1,6,4,120.527401,24.223271,3
4679,66000,387130000C,(04)23274275,(04)23288582,2025,09,12,11,44,臺中市,太平區,0,1,0,7,2,6,50,4,1,1,5,4,6,6,2,1,10,5,5,2,30,3,10,3,1,B03,7,6,1,4,2,16,,48,48,1,12,4,120.725149,24.108019,2
4680,66000,387130000C,(04)23274275,(04)23288582,2025,09,12,11,46,臺中市,東區,0,1,0,7,3,6,50,3,1,1,5,4,6,6,4,4,10,5,5,2,17,3,10,3,1,B12,7,13,1,8,2,4,,76,76,1,12,4,120.697232,24.127302,2
4681,66000,387130000C,(04)23274275,(04)23288582,2025,09,12,11,48,臺中市,西屯區,0,3,0,7,2,6,40,3,9,1,5,4,6,6,1,1,5,4,4,2,13,2,9,1,1,C04,7,9,1,11,2,11,,59,59,1,12,4,120.653849,24.176154,2
4682,66000,387130000C,(04)23274275,(04)23288582,2025,09,12,11,49,臺中市,北區,0,0,0,7,,,50,,,,,,,,,,,,,,13,,,,,C04,,,1,,1,,,84,84,1,12,4,120.685119,24.165279,3
4683,66000,387130000C,(04)23274275,(04)23288582,2025,09,12,11,51,臺中市,霧峰區,0,0,0,7,,,50,,,,,,,,,,,,,,30,,,,,B03,,,1,,2,,,49,49,1,13,4,120.66504,24.059973,3
4684,66000,387130000C,(04)23274275,(04)23288582,2025,09,12,11,54,臺中市,西區,0,0,0,7,,,50,,,,,,,,,,,,,,,,,,,C03,,,1,10,1,,,85,85,1,13,4,120.671857,24.151569,3
4685,66000,387130000C,(04)23274275,(04)23288582,2025,09,12,11,54,臺中市,東區,0,1,0,7,3,6,30,4,1,1,5,4,6,6,4,4,10,5,5,2,15,2,9,2,1,C03,7,9,1,10,2,11,,26,26,1,13,4,120.687614,24.143402,2
4686,66000,387130000C,(04)23274275,(04)23288582,2025,09,12,11,58,臺中市,北區,0,0,0,7,,,50,,,,,,,,,,,,,,17,,,,,C03,,,1,,2,,,8,8,1,13,4,120.681683,24.155416,3
4687,66000,387130000C,(04)23274275,(04)23288582,2025,09,12,12,2,臺中市,南屯區,0,1,0,7,2,6,50,4,1,1,5,4,6,6,2,1,5,5,5,2,13,2,9,1,1,C03,7,9,1,10,2,11,,7,7,1,6,4,120.632129,24.137805,2
4688,66000,387130000C,(04)23274275,(04)23288582,2025,09,12,12,4,臺中市,北區,0,1,0,7,2,6,30,3,1,1,5,4,6,6,4,4,5,5,5,2,17,3,10,1,1,C03,7,15,1,10,2,14,,42,42,1,12,4,120.683836,24.151873,2
4689,66000,387130000C,(04)23274275,(04)23288582,2025,09,12,12,8,臺中市,后里區,0,2,0,7,2,6,30,4,1,1,5,4,6,6,3,1,5,5,5,1,15,2,9,2,1,C03,7,9,1,10,2,11,,20,20,1,12,4,120.71753,24.307571,2
4690,66000,387130000C,(04)23274275,(04)23288582,2025,09,12,12,10,臺中市,南屯區,0,0,0,7,,,50,,,,,,,,,,,,,,13,,,,,C03,,,1,,1,,,7,7,1,12,4,120.616266,24.152181,3
4691,66000,387130000C,(04)23274275,(04)23288582,2025,09,12,12,10,臺中市,北屯區,0,1,0,7,2,6,50,4,1,1,5,4,6,6,4,4,10,5,5,2,15,3,10,2,1,C03,7,9,1,10,1,12,,15,15,1,12,4,120.66529,24.178868,2
4692,66000,387130000C,(04)23274275,(04)23288582,2025,09,12,12,17,臺中市,太平區,0,1,0,7,3,6,50,11,9,1,5,4,6,6,4,4,5,5,5,2,18,2,9,1,1,C03,7,5,1,9,2,14,,84,84,1,12,4,120.707453,24.150744,2
4693,66000,387130000C,(04)23274275,(04)23288582,2025,09,12,12,17,臺中市,梧棲區,0,0,0,7,,,50,,,,,,,,,,,,,,13,,,,,B03,,,1,,1,,,84,84,1,6,4,120.543143,24.256232,3
4694,66000,387130000C,(04)23274275,(04)23288582,2025,09,12,12,20,臺中市,大安區,0,1,0,7,3,3,90,13,7,1,5,4,6,6,4,4,1,4,5,1,18,2,9,5,4,C01,7,9,1,9,2,15,,84,84,1,6,4,120.570666,24.339541,2
4695,66000,387130000C,(04)23274275,(04)23288582,2025,09,12,12,22,臺中市,中區,0,1,0,7,2,6,50,4,1,1,5,4,6,6,2,1,10,5,5,2,16,2,9,1,1,C03,7,6,1,10,2,14,,48,48,1,6,4,120.683638,24.141528,2
4696,66000,387130000C,(04)23274275,(04)23288582,2025,09,12,12,22,臺中市,北區,0,1,0,7,2,6,30,3,1,1,5,4,6,6,4,4,10,5,5,2,14,2,9,5,4,C03,7,9,1,10,2,11,,84,84,1,12,4,120.691001,24.149911,2
4697,66000,387130000C,(04)23274275,(04)23288582,2025,09,12,12,23,臺中市,太平區,0,1,0,7,2,6,50,3,1,1,5,4,6,6,1,1,10,5,5,2,16,3,10,3,1,B12,7,6,1,8,2,2,,48,48,1,12,4,120.712309,24.126088,2
4698,66000,387130000C,(04)23274275,(04)23288582,2025,09,12,12,30,臺中市,南屯區,0,0,0,7,,,50,,,,,,,,,,,,,,12,,,,,C03,,,1,,1,,,40,40,1,12,4,120.649506,24.152614,3
4699,66000,387130000C,(04)23274275,(04)23288582,2025,09,12,12,36,臺中市,西區,0,0,0,7,,,,,,,,,,,,,,,,,,,,,,,,,,,,,,81,81,1,,,120.655198,24.137231,3
4700,66000,387130000C,(04)23274275,(04)23288582,2025,09,12,12,39,臺中市,西屯區,0,1,0,7,2,6,30,13,9,1,5,4,6,6,4,4,10,5,5,2,17,3,10,3,1,B03,7,3,1,8,2,8,,50,50,1,13,4,120.589848,24.175628,2
4701,66000,387130000C,(04)23274275,(04)23288582,2025,09,12,12,40,臺中市,北區,0,2,0,7,2,6,50,4,1,1,5,4,6,6,1,1,10,5,5,2,16,2,9,1,1,C03,7,6,1,10,2,14,,11,11,1,13,4,120.678313,24.163112,2
4702,66000,387130000C,(04)23274275,(04)23288582,2025,09,12,12,42,臺中市,大里區,0,1,0,7,2,6,30,11,9,1,5,4,6,6,4,4,10,5,5,2,17,2,9,4,1,F01,7,5,7,21,2,14,,84,84,1,12,4,120.680099,24.116542,2
4703,66000,387130000C,(04)23274275,(04)23288582,2025,09,12,12,44,臺中市,大雅區,0,0,0,7,,,30,,,,,,,,,,,,,,,,,,,B12,,,1,,2,,,49,49,1,13,4,120.654589,24.22867,3
4704,66000,387130000C,(04)23274275,(04)23288582,2025,09,12,12,44,臺中市,西屯區,0,0,0,7,,,50,,,,,,,,,,,,,,14,,,,,B03,,,1,,1,,,49,49,1,13,4,120.603774,24.186098,3
4705,66000,387130000C,(04)23274275,(04)23288582,2025,09,12,12,51,臺中市,大里區,0,0,0,7,,,50,,,,,,,,,,,,,,13,,,,,B03,,,3,,2,,,84,84,1,6,4,120.685947,24.096067,3
4706,66000,387130000C,(04)23274275,(04)23288582,2025,09,12,12,51,臺中市,霧峰區,0,2,0,7,2,6,50,4,1,1,5,4,6,6,4,4,10,5,5,2,16,2,9,1,1,C03,7,6,1,10,2,14,,12,12,1,12,4,120.711103,24.076966,2
4707,66000,387130000C,(04)23274275,(04)23288582,2025,09,12,12,58,臺中市,大甲區,0,1,0,7,3,6,70,4,1,1,5,4,6,6,1,1,10,5,5,2,17,3,10,5,4,C03,7,9,3,19,2,12,,21,21,1,6,4,120.639402,24.363291,2
4708,66000,387130000C,(04)23274275,(04)23288582,2025,09,12,13,1,臺中市,南區,0,1,0,7,2,6,50,4,9,1,5,4,6,6,1,1,5,5,5,2,17,2,9,2,1,C03,7,15,1,10,2,11,,84,84,1,12,4,120.665639,24.11667,2