﻿序號,縣市別代碼,機關代碼,市話,傳真,年,月,日,時,分,縣市,區,死亡數量,受傷數量,2-30,天候,道路照明設備,道路類別,道路速限,道路型態,事故位置,路面鋪裝,路面狀態,路面缺陷,障礙物,視距,號誌種類,號誌動作,分向設施,快車道或一般車道間,快慢車道間,路面邊線,事故類型及型態,受傷程度,主要傷處,保護裝備,行動電話或功能裝置,當事者區分_類別,車輛用途,當事者行動狀態,駕照狀態,駕照種類,飲酒情形,車輛撞擊部位最初,車輛撞擊部位其他,肇事因素個別,肇事因素主要,肇事逃逸,職業,共享經濟或外送平台,GPS座標X,GPS座標Y,事故類別
4709,66000,387130000C,(04)23274275,(04)23288582,2025,09,12,13,5,臺中市,沙鹿區,0,0,0,7,,,50,,,,,,,,,,,,,,17,,,,,B12,,,1,,2,,,8,8,1,12,4,120.559596,24.23723,3
4710,66000,387130000C,(04)23274275,(04)23288582,2025,09,12,13,6,臺中市,南屯區,0,1,0,7,1,6,50,4,1,1,5,4,6,6,2,1,1,2,5,2,18,2,9,5,4,C03,7,9,1,10,2,14,,84,84,1,13,4,120.601124,24.143162,2
4711,66000,387130000C,(04)23274275,(04)23288582,2025,09,12,13,9,臺中市,南區,0,3,0,7,3,6,50,4,1,1,5,4,6,6,4,4,10,5,5,2,17,2,9,2,1,C03,7,9,1,10,2,12,,15,15,1,12,4,120.653378,24.123751,2
4712,66000,387130000C,(04)23274275,(04)23288582,2025,09,12,13,9,臺中市,大里區,0,0,0,7,,,,,,,,,,,,,,,,,17,,,,,,,,,,,,,86,86,1,,,120.681368,24.10361,3
4713,66000,387130000C,(04)23274275,(04)23288582,2025,09,12,13,10,臺中市,南屯區,0,0,0,7,,,50,,,,,,,,,,,,,,17,,,,,B03,,,1,,1,,,40,40,1,12,4,120.641887,24.148784,3
4714,66000,387130000C,(04)23274275,(04)23288582,2025,09,12,13,11,臺中市,西屯區,0,0,0,7,,,50,,,,,,,,,,,,,,17,,,,,,,,,,,,,87,87,1,,,120.636446,24.201567,3
4715,66000,387130000C,(04)23274275,(04)23288582,2025,09,12,13,20,臺中市,北區,0,1,0,7,2,6,50,4,1,1,5,4,6,6,1,1,1,4,5,2,17,2,9,1,1,C03,7,6,5,19,2,12,,4,4,1,12,4,120.673429,24.16551,2
4716,66000,387130000C,(04)23274275,(04)23288582,2025,09,12,13,28,臺中市,西屯區,0,1,0,7,1,6,50,13,9,1,5,4,6,6,4,4,5,4,5,2,12,3,10,3,1,B03,7,9,1,8,2,2,,8,8,1,12,4,120.634715,24.182175,2
4717,66000,387130000C,(04)23274275,(04)23288582,2025,09,12,13,31,臺中市,北區,0,2,0,7,2,6,50,3,1,1,5,4,6,6,4,4,10,5,5,2,17,2,9,5,4,C03,7,6,1,10,2,11,,14,14,1,12,4,120.675424,24.151586,2
4718,66000,387130000C,(04)23274275,(04)23288582,2025,09,12,13,34,臺中市,龍井區,0,0,0,7,,,60,,,,,,,,,,,,,,,,,,,B03,,,1,,2,,,82,82,1,11,4,120.573422,24.185409,3
4719,66000,387130000C,(04)23274275,(04)23288582,2025,09,12,13,35,臺中市,大里區,0,1,0,7,3,6,40,3,1,1,5,4,6,6,1,1,10,5,5,1,13,3,10,1,1,C03,7,8,1,10,2,12,,7,7,1,5,4,120.694656,24.089287,2
4720,66000,387130000C,(04)23274275,(04)23288582,2025,09,12,13,41,臺中市,北屯區,0,0,0,7,,,50,,,,,,,,,,,,,,17,,,,,B03,,,1,,1,,,51,51,1,6,4,120.693576,24.171873,3
4721,66000,387130000C,(04)23274275,(04)23288582,2025,09,12,13,50,臺中市,沙鹿區,0,0,0,7,,,50,,,,,,,,,,,,,,17,,,,,A12,,,1,,2,,,75,75,1,6,4,120.552398,24.231582,3
4722,66000,387130000C,(04)23274275,(04)23288582,2025,09,12,13,53,臺中市,清水區,0,0,0,7,,,50,,,,,,,,,,,,,,14,,,,,B03,,,1,,1,,,8,8,1,13,4,120.559484,24.269805,3
4723,66000,387130000C,(04)23274275,(04)23288582,2025,09,12,13,58,臺中市,南屯區,0,0,0,7,,,50,,,,,,,,,,,,,,13,,,,,B03,,,1,,1,,,59,59,1,12,4,120.651348,24.148783,3
4724,66000,387130000C,(04)23274275,(04)23288582,2025,09,12,13,59,臺中市,南區,0,1,0,7,2,6,50,4,1,1,5,4,6,6,4,4,10,5,5,2,16,3,10,3,1,B03,7,6,1,8,2,4,,48,48,1,12,4,120.677733,24.12491,2
4725,66000,387130000C,(04)23274275,(04)23288582,2025,09,12,14,0,臺中市,西區,0,0,0,7,,,30,,,,,,,,,,,,,,,,,,,C03,,,1,10,1,,,49,49,1,13,4,120.656801,24.155058,3
4726,66000,387130000C,(04)23274275,(04)23288582,2025,09,12,14,0,臺中市,北區,0,0,0,7,,,,,,,,,,,,,,,,,17,,,,,,,,,,,,,86,86,1,,,120.664895,24.163943,3
4727,66000,387130000C,(04)23274275,(04)23288582,2025,09,12,14,2,臺中市,南屯區,0,1,0,7,2,6,50,4,1,1,5,4,6,6,1,1,10,5,5,2,12,3,10,3,1,B03,7,9,1,10,2,2,,8,8,1,6,4,120.650627,24.149942,2
4728,66000,387130000C,(04)23274275,(04)23288582,2025,09,12,14,3,臺中市,豐原區,0,0,0,7,,,50,,,,,,,,,,,,,,17,,,,,B03,,,1,,2,,,84,84,1,13,4,120.701124,24.244622,3
4729,66000,387130000C,(04)23274275,(04)23288582,2025,09,12,14,7,臺中市,大里區,0,1,0,7,2,6,50,5,1,1,5,4,6,6,1,1,10,5,5,2,17,3,10,3,1,A02,7,15,1,2,2,5,,84,84,1,6,4,120.690297,24.092515,2
4730,66000,387130000C,(04)23274275,(04)23288582,2025,09,12,14,12,臺中市,西區,0,0,0,7,,,30,,,,,,,,,,,,,,,,,,,B12,,,1,,1,,,49,49,1,13,4,120.656923,24.154261,3
4731,66000,387130000C,(04)23274275,(04)23288582,2025,09,12,14,15,臺中市,北屯區,0,0,0,7,,,50,,,,,,,,,,,,,,14,,,,,B03,,,1,,1,,,49,49,1,6,4,120.678356,24.184126,3
4732,66000,387130000C,(04)23274275,(04)23288582,2025,09,12,14,15,臺中市,太平區,0,2,0,7,2,6,50,3,9,1,5,4,6,6,1,1,5,5,5,1,13,2,9,2,1,C03,7,9,1,10,2,11,,7,7,1,12,4,120.722246,24.11916,2
4733,66000,387130000C,(04)23274275,(04)23288582,2025,09,12,14,17,臺中市,北屯區,0,2,0,7,1,6,50,13,9,1,5,4,6,6,4,4,2,4,5,2,13,2,9,1,1,C03,7,9,1,10,2,11,,7,7,1,13,4,120.686041,24.171897,2
4734,66000,387130000C,(04)23274275,(04)23288582,2025,09,12,14,26,臺中市,北屯區,0,1,0,7,2,6,50,13,8,1,5,4,6,6,4,4,1,4,4,2,17,2,9,1,1,C03,7,9,1,10,2,11,,84,84,1,12,4,120.702059,24.185577,2
4735,66000,387130000C,(04)23274275,(04)23288582,2025,09,12,14,27,臺中市,西屯區,0,0,0,7,,,50,,,,,,,,,,,,,,12,,,,,C03,,,1,,1,,,59,59,1,12,4,120.650335,24.160753,4
4736,66000,387130000C,(04)23274275,(04)23288582,2025,09,12,14,33,臺中市,西屯區,0,0,0,7,,,60,,,,,,,,,,,,,,12,,,,,B03,,,1,,1,,,40,40,1,13,4,120.644251,24.194815,3
4737,66000,387130000C,(04)23274275,(04)23288582,2025,09,12,14,36,臺中市,豐原區,0,0,0,7,,,50,,,,,,,,,,,,,,16,,,,,B12,,,1,,2,,,14,14,1,12,4,120.716585,24.252681,3
4738,66000,387130000C,(04)23274275,(04)23288582,2025,09,12,14,46,臺中市,西區,0,1,0,7,2,6,50,4,1,1,5,4,6,6,1,1,10,5,5,2,16,2,9,1,1,F03,7,4,7,21,2,14,,1,1,1,12,4,120.669912,24.147954,2
4739,66000,387130000C,(04)23274275,(04)23288582,2025,09,12,14,46,臺中市,太平區,0,0,0,7,,,50,,,,,,,,,,,,,,,,,,,B03,,,1,,2,,,39,39,1,12,4,120.711219,24.142494,3
4740,66000,387130000C,(04)23274275,(04)23288582,2025,09,12,14,48,臺中市,南區,0,2,0,7,2,6,50,4,1,1,5,4,6,6,2,1,10,5,5,2,16,2,9,2,1,C03,7,6,1,10,2,11,,48,48,1,12,4,120.666795,24.117793,2
4741,66000,387130000C,(04)23274275,(04)23288582,2025,09,12,14,49,臺中市,梧棲區,0,1,0,7,3,6,50,4,1,1,5,4,6,6,1,1,10,5,5,2,15,3,10,3,1,B03,7,9,1,8,2,8,,21,21,1,6,4,120.530094,24.253785,2
4742,66000,387130000C,(04)23274275,(04)23288582,2025,09,12,14,50,臺中市,西屯區,0,0,0,7,,,50,,,,,,,,,,,,,,16,,,,,B03,,,1,,1,,,11,11,1,12,4,120.645896,24.191409,3
4743,66000,387130000C,(04)23274275,(04)23288582,2025,09,12,14,50,臺中市,西屯區,0,0,0,7,,,50,,,,,,,,,,,,,,17,,,,,B03,,,1,,1,,,8,8,1,12,4,120.657961,24.15856,3
4744,66000,387130000C,(04)23274275,(04)23288582,2025,09,12,14,54,臺中市,大里區,0,2,0,7,2,6,50,3,1,1,5,4,6,6,4,4,10,5,5,2,17,2,7,2,1,C03,7,1,1,10,2,14,,51,51,1,13,4,120.704734,24.087901,2
4745,66000,387130000C,(04)23274275,(04)23288582,2025,09,12,14,57,臺中市,北屯區,0,0,0,7,,,50,,,,,,,,,,,,,,,,,,,B03,,,1,,1,,,84,84,1,12,4,120.663594,24.199489,3
4746,66000,387130000C,(04)23274275,(04)23288582,2025,09,12,15,0,臺中市,北區,0,0,0,7,,,50,,,,,,,,,,,,,,12,,,,,B03,,,1,,2,,,40,40,1,13,4,120.683296,24.148191,3
4747,66000,387130000C,(04)23274275,(04)23288582,2025,09,12,15,3,臺中市,霧峰區,0,0,0,7,,6,50,,,,,,,,,,,,,,17,,,,,B03,,,1,8,1,,,84,84,1,13,4,120.696737,24.06533,3
4748,66000,387130000C,(04)23274275,(04)23288582,2025,09,12,15,5,臺中市,南屯區,0,0,0,7,,,50,,,,,,,,,,,,,,17,,,,,B03,,,1,,1,,,8,8,2,12,4,120.643004,24.146813,3
4749,66000,387130000C,(04)23274275,(04)23288582,2025,09,12,15,5,臺中市,西屯區,0,0,0,7,,,50,,,,,,,,,,,,,,,,,,,B12,,,1,,9,,,73,73,1,13,4,120.648271,24.169123,3
4750,66000,387130000C,(04)23274275,(04)23288582,2025,09,12,15,10,臺中市,南區,0,0,0,7,,,50,,,,,,,,,,,,,,,,,,,B03,,,3,,2,,,84,84,1,12,4,120.663949,24.116232,3
4751,66000,387130000C,(04)23274275,(04)23288582,2025,09,12,15,10,臺中市,西屯區,0,2,0,7,1,6,50,13,9,1,5,4,6,6,4,4,5,4,5,1,12,2,9,2,1,C03,7,5,1,10,2,14,,47,47,1,12,4,120.653524,24.166237,2
4752,66000,387130000C,(04)23274275,(04)23288582,2025,09,12,15,11,臺中市,沙鹿區,0,1,0,7,2,6,50,3,1,1,5,4,6,6,1,1,10,5,5,2,17,2,8,1,1,C03,7,5,1,10,2,11,,85,85,1,6,4,120.550558,24.229242,2
4753,66000,387130000C,(04)23274275,(04)23288582,2025,09,12,15,13,臺中市,大里區,0,0,0,7,,,50,,,,,,,,,,,,,,17,,,,,B03,,,1,,2,,,49,49,1,6,4,120.695652,24.088616,3
4754,66000,387130000C,(04)23274275,(04)23288582,2025,09,12,15,26,臺中市,北區,0,1,0,7,3,6,50,13,7,1,5,4,6,6,4,4,3,2,4,2,17,3,10,5,4,B03,7,1,1,8,2,3,,51,51,1,13,4,120.675256,24.159974,2
4755,66000,387130000C,(04)23274275,(04)23288582,2025,09,12,15,27,臺中市,沙鹿區,0,2,0,7,3,6,60,4,1,1,5,4,6,6,4,4,10,5,5,2,17,3,10,3,1,B03,7,5,1,8,9,16,,47,47,1,6,4,120.57432,24.229976,2
4756,66000,387130000C,(04)23274275,(04)23288582,2025,09,12,15,28,臺中市,梧棲區,0,0,0,7,,,50,,,,,,,,,,,,,,16,,,,,B12,,,3,,2,,,20,20,1,6,4,120.540191,24.261247,3
4757,66000,387130000C,(04)23274275,(04)23288582,2025,09,12,15,28,臺中市,后里區,0,2,0,7,3,6,50,3,9,1,5,4,6,6,4,4,9,5,5,1,17,3,10,3,1,B03,7,1,1,8,2,8,,51,51,1,6,4,120.72296,24.308911,2
4758,66000,387130000C,(04)23274275,(04)23288582,2025,09,12,15,30,臺中市,西區,0,0,0,7,,,50,,,,,,,,,,,,,,,,,,,B03,,,1,,2,,,40,40,1,12,4,120.661768,24.15529,3
4759,66000,387130000C,(04)23274275,(04)23288582,2025,09,12,15,30,臺中市,西區,0,1,0,7,2,6,50,13,9,1,5,4,6,6,4,4,5,5,5,2,13,2,9,1,1,C03,7,9,1,10,2,11,,7,7,1,13,4,120.659034,24.150578,2
4760,66000,387130000C,(04)23274275,(04)23288582,2025,09,12,15,30,臺中市,太平區,0,0,0,7,2,3,80,,,,,,,,,,,,,,,,,,,B03,,,1,,1,1,,58,58,1,12,4,120.719295,24.158515,3
4761,66000,387130000C,(04)23274275,(04)23288582,2025,09,12,15,33,臺中市,西區,0,0,0,7,,,30,,,,,,,,,,,,,,,,,,,B03,,,1,,2,,,59,59,1,12,4,120.658024,24.145955,3
4762,66000,387130000C,(04)23274275,(04)23288582,2025,09,12,15,37,臺中市,西屯區,0,0,0,7,,,50,,,,,,,,,,,,,,13,,,,,B03,,,5,,2,,,7,7,1,12,4,120.64326,24.17673,3
4763,66000,387130000C,(04)23274275,(04)23288582,2025,09,12,15,46,臺中市,大里區,0,1,0,7,2,6,50,4,1,1,5,4,6,6,1,1,1,2,4,1,16,3,10,1,1,C03,7,5,1,10,2,12,,84,84,1,13,4,120.675079,24.103132,2
4764,66000,387130000C,(04)23274275,(04)23288582,2025,09,12,15,50,臺中市,西區,0,0,0,7,,,50,,,,,,,,,,,,,,17,,,,,B03,,,1,,2,,,58,58,1,12,4,120.670544,24.145058,3
4765,66000,387130000C,(04)23274275,(04)23288582,2025,09,12,15,51,臺中市,西區,0,0,0,7,,,30,,,,,,,,,,,,,,,,,,,B03,,,1,,1,,,50,50,1,6,4,120.663077,24.134082,3
4766,66000,387130000C,(04)23274275,(04)23288582,2025,09,12,15,51,臺中市,北屯區,0,0,0,7,,,30,,,,,,,,,,,,,,14,,,,,B03,,,1,,1,,,49,49,1,12,4,120.738356,24.16675,3
4767,66000,387130000C,(04)23274275,(04)23288582,2025,09,12,15,52,臺中市,龍井區,0,1,0,7,3,6,50,4,1,1,5,4,6,6,1,1,5,4,4,1,17,3,10,4,1,C03,7,6,1,10,2,16,,48,48,1,12,4,120.523125,24.197176,2
4768,66000,387130000C,(04)23274275,(04)23288582,2025,09,12,15,53,臺中市,南屯區,0,0,0,7,,,50,,,,,,,,,,,,,,,,,,,B03,,,1,,1,,,59,59,1,13,4,120.64396,24.133386,3
4769,66000,387130000C,(04)23274275,(04)23288582,2025,09,12,15,58,臺中市,西屯區,0,0,0,7,,3,80,,,,,,,,,,,,,,13,,,,,B03,,,1,,1,,,7,7,1,12,4,120.634948,24.179291,3
4770,66000,387130000C,(04)23274275,(04)23288582,2025,09,12,16,0,臺中市,潭子區,0,0,0,7,,,50,,,,,,,,,,,,,,,,,,,C03,,,1,,2,,,8,8,1,13,4,120.702037,24.200944,3
4771,66000,387130000C,(04)23274275,(04)23288582,2025,09,12,16,0,臺中市,北屯區,0,0,0,7,,,50,,,,,,,,,,,,,,13,,,,,B02,,,1,,1,,,56,56,1,6,4,120.703518,24.182121,3
4772,66000,387130000C,(04)23274275,(04)23288582,2025,09,12,16,0,臺中市,大里區,0,1,0,7,2,6,50,3,1,1,5,4,6,6,4,4,10,5,5,1,16,3,10,1,1,C03,7,6,1,10,2,12,,14,14,1,12,4,120.694817,24.099973,2
4773,66000,387130000C,(04)23274275,(04)23288582,2025,09,12,16,3,臺中市,梧棲區,0,0,0,7,,,50,,,,,,,,,,,,,,14,,,,,B03,,,1,,1,,,49,49,1,12,4,120.530718,24.253475,3
4774,66000,387130000C,(04)23274275,(04)23288582,2025,09,12,16,6,臺中市,南區,0,2,0,7,3,6,50,4,1,1,5,4,6,6,2,1,3,5,5,2,13,2,9,2,1,C03,7,9,1,10,2,11,,7,7,1,5,4,120.648613,24.122807,2
4775,66000,387130000C,(04)23274275,(04)23288582,2025,09,12,16,7,臺中市,西區,0,0,0,7,,,50,,,,,,,,,,,,,,,,,,,B03,,,1,,2,,,8,8,1,12,4,120.662194,24.150985,3
4776,66000,387130000C,(04)23274275,(04)23288582,2025,09,12,16,9,臺中市,東勢區,0,1,0,7,1,6,50,11,9,1,5,4,6,6,4,4,5,5,5,1,13,2,8,2,4,C03,7,9,3,19,2,11,,7,7,1,13,4,120.859041,24.160373,2
4777,66000,387130000C,(04)23274275,(04)23288582,2025,09,12,16,14,臺中市,西屯區,0,0,0,7,,,50,,,,,,,,,,,,,,12,,,,,B03,,,1,,1,,,51,51,1,12,4,120.617335,24.184548,3
4778,66000,387130000C,(04)23274275,(04)23288582,2025,09,12,16,18,臺中市,大雅區,0,0,0,7,,,30,,,,,,,,,,,,,,17,,,,,C03,,,1,,2,,,15,15,1,12,4,120.651122,24.226897,3
4779,66000,387130000C,(04)23274275,(04)23288582,2025,09,12,16,19,臺中市,中區,0,1,0,7,2,6,50,3,1,1,5,4,6,6,1,1,10,5,5,2,17,3,10,5,4,B03,7,9,1,8,2,2,,8,8,1,13,4,120.678368,24.139448,2
4780,66000,387130000C,(04)23274275,(04)23288582,2025,09,12,16,20,臺中市,西屯區,0,0,0,7,,,50,,,,,,,,,,,,,,17,,,,,,,,,,,,,86,86,1,,,120.646238,24.186718,3
4781,66000,387130000C,(04)23274275,(04)23288582,2025,09,12,16,25,臺中市,北區,0,1,0,7,2,6,50,13,9,1,5,4,6,3,4,4,5,5,5,2,17,2,8,1,1,C03,7,1,1,10,2,11,,51,51,1,12,4,120.689273,24.154997,2
4782,66000,387130000C,(04)23274275,(04)23288582,2025,09,12,16,27,臺中市,大雅區,0,0,0,7,,,30,,,,,,,,,,,,,,,,,,,B03,,,1,,2,,,84,84,1,13,4,120.631148,24.239956,3
4783,66000,387130000C,(04)23274275,(04)23288582,2025,09,12,16,27,臺中市,北屯區,0,0,0,7,,,50,,,,,,,,,,,,,,,,,,,B12,,,1,,1,,,84,84,1,13,4,120.661256,24.190671,3
4784,66000,387130000C,(04)23274275,(04)23288582,2025,09,12,16,28,臺中市,太平區,0,1,0,7,2,6,40,13,9,1,5,4,6,6,4,4,5,5,5,1,28,2,9,2,1,C03,7,9,1,10,2,11,14,84,84,1,12,4,120.768638,24.104185,2
4785,66000,387130000C,(04)23274275,(04)23288582,2025,09,12,16,29,臺中市,西屯區,0,0,0,7,,,50,,,,,,,,,,,,,,,,,,,C03,,,5,,1,,,59,59,1,13,4,120.621788,24.190963,3
4786,66000,387130000C,(04)23274275,(04)23288582,2025,09,12,16,29,臺中市,霧峰區,0,0,0,7,,,30,,,,,,,,,,,,,,17,,,,,B03,,,1,,1,,,51,51,1,12,4,120.696271,24.053702,3
4787,66000,387130000C,(04)23274275,(04)23288582,2025,09,12,16,29,臺中市,太平區,0,1,0,7,3,6,50,11,9,1,5,4,6,6,4,4,5,5,5,1,18,2,9,1,1,C03,7,5,1,10,2,12,,6,6,1,12,4,120.752565,24.159722,2
4788,66000,387130000C,(04)23274275,(04)23288582,2025,09,12,16,32,臺中市,西屯區,0,1,0,7,2,6,50,3,1,1,5,4,6,6,1,1,10,5,5,1,16,3,10,3,1,B03,7,5,1,8,2,2,,47,47,1,12,4,120.623331,24.182821,2
4789,66000,387130000C,(04)23274275,(04)23288582,2025,09,12,16,35,臺中市,沙鹿區,0,0,0,7,,,50,,,,,,,,,,,,,,17,,,,,B03,,,1,,2,,,84,84,1,12,4,120.572104,24.200953,3
4790,66000,387130000C,(04)23274275,(04)23288582,2025,09,12,16,36,臺中市,沙鹿區,0,0,0,7,,,50,,,,,,,,,,,,,,13,,,,,B03,,,1,,2,,,7,7,1,6,4,120.582649,24.250313,3
4791,66000,387130000C,(04)23274275,(04)23288582,2025,09,12,16,37,臺中市,北區,0,0,0,7,,,30,,,,,,,,,,,,,,17,,,,,B03,,,1,,2,,,8,8,1,13,4,120.677541,24.164212,3
4792,66000,387130000C,(04)23274275,(04)23288582,2025,09,12,16,38,臺中市,沙鹿區,0,0,0,7,,,50,,,,,,,,,,,,,,,,,,,B03,,,1,,2,,,49,49,1,13,4,120.562768,24.247015,3
4793,66000,387130000C,(04)23274275,(04)23288582,2025,09,12,16,40,臺中市,南屯區,0,0,0,7,,,50,,,,,,,,,,,,,,,,,,,B02,,,1,,2,,,7,7,1,13,4,120.646707,24.150896,3
4794,66000,387130000C,(04)23274275,(04)23288582,2025,09,12,16,43,臺中市,西屯區,0,1,0,7,2,6,40,12,8,1,5,4,6,6,4,4,1,4,3,2,13,2,8,2,4,C03,7,9,1,10,2,12,14,7,7,1,12,4,120.600233,24.182025,2
4795,66000,387130000C,(04)23274275,(04)23288582,2025,09,12,16,44,臺中市,北區,0,0,0,7,2,6,30,11,9,1,5,4,6,6,4,,10,5,5,2,14,3,10,3,1,B13,7,2,1,8,2,9,,49,49,1,12,4,120.688236,24.161243,3
4796,66000,387130000C,(04)23274275,(04)23288582,2025,09,12,16,47,臺中市,沙鹿區,0,0,0,7,,,50,,,,,,,,,,,,,,,,,,,B13,,,1,,1,,,49,49,1,13,4,120.573119,24.222407,3
4797,66000,387130000C,(04)23274275,(04)23288582,2025,09,12,16,49,臺中市,龍井區,0,1,0,7,3,6,40,13,9,1,5,4,6,6,4,4,5,5,5,1,18,2,9,5,4,F01,7,15,7,21,2,14,,6,6,1,13,4,120.557973,24.186054,2
4798,66000,387130000C,(04)23274275,(04)23288582,2025,09,12,16,50,臺中市,南區,0,1,0,7,1,6,50,4,1,1,5,4,6,6,1,1,9,4,5,2,11,2,9,1,1,C03,7,6,1,10,2,12,,36,36,1,12,4,120.669997,24.122365,2
4799,66000,387130000C,(04)23274275,(04)23288582,2025,09,12,16,50,臺中市,沙鹿區,0,1,0,7,2,6,50,13,9,1,5,4,6,6,4,4,5,5,5,2,12,2,8,1,1,C03,7,9,1,10,2,14,,20,20,1,12,4,120.605373,24.244937,2
4800,66000,387130000C,(04)23274275,(04)23288582,2025,09,12,16,51,臺中市,南區,0,2,0,7,2,6,50,13,8,1,5,4,6,6,4,4,1,4,4,2,17,2,9,1,1,C03,7,9,1,10,2,11,,84,84,1,12,4,120.682421,24.119215,2
4801,66000,387130000C,(04)23274275,(04)23288582,2025,09,12,16,52,臺中市,北區,0,1,0,7,3,6,50,4,2,1,5,4,6,6,4,4,5,4,5,2,15,2,9,5,4,C03,7,9,1,10,2,12,,15,15,1,13,4,120.677345,24.162789,2
4802,66000,387130000C,(04)23274275,(04)23288582,2025,09,12,16,52,臺中市,大里區,0,0,0,7,,,50,,,,,,,,,,,,,,17,,,,,B12,,,1,,1,,,84,84,1,12,4,120.687081,24.12107,3
4803,66000,387130000C,(04)23274275,(04)23288582,2025,09,12,16,53,臺中市,北區,0,0,0,7,,,30,,,,,,,,,,,,,,,,,,,B03,,,5,,2,,,7,7,1,12,4,120.691852,24.156864,3
4804,66000,387130000C,(04)23274275,(04)23288582,2025,09,12,16,55,臺中市,太平區,0,0,0,7,2,6,,,,,,,,,,,,,,,,,,,,,,,,,,15,,85,85,1,,,120.7258,24.105171,3
4805,66000,387130000C,(04)23274275,(04)23288582,2025,09,12,17,0,臺中市,豐原區,0,0,0,7,,,30,,,,,,,,,,,,,,17,,,,,B12,,,1,,2,,,84,84,1,6,4,120.733812,24.260426,3
4806,66000,387130000C,(04)23274275,(04)23288582,2025,09,12,17,1,臺中市,南屯區,0,2,0,7,2,6,50,3,1,1,5,4,6,6,1,1,8,3,5,1,17,2,7,1,1,C03,7,6,1,10,2,12,,11,11,1,12,4,120.635269,24.149879,2
4807,66000,387130000C,(04)23274275,(04)23288582,2025,09,12,17,2,臺中市,南屯區,0,0,0,7,,,60,,,,,,,,,,,,,,13,,,,,B12,,,1,,11,,,59,59,2,6,4,120.625818,24.140633,3
4808,66000,387130000C,(04)23274275,(04)23288582,2025,09,12,17,2,臺中市,烏日區,0,1,0,7,2,6,30,13,7,1,5,4,6,6,4,4,10,4,4,2,17,3,10,3,1,B01,7,1,1,8,2,8,,51,51,1,6,4,120.616201,24.111764,2
4809,66000,387130000C,(04)23274275,(04)23288582,2025,09,12,17,3,臺中市,豐原區,0,0,0,7,3,6,40,13,9,1,5,4,6,6,4,4,8,4,5,1,13,3,10,5,4,B12,7,14,1,8,2,3,3,56,56,1,13,4,120.728425,24.245425,3
4810,66000,387130000C,(04)23274275,(04)23288582,2025,09,12,17,5,臺中市,南屯區,0,1,0,7,1,6,50,4,2,1,5,4,6,6,4,4,5,4,5,2,12,2,9,5,4,C03,7,9,1,10,9,11,,84,84,2,13,4,120.648992,24.137006,2
4811,66000,387130000C,(04)23274275,(04)23288582,2025,09,12,17,5,臺中市,烏日區,0,1,0,7,2,6,50,4,1,1,5,4,6,6,3,1,5,4,4,2,16,3,10,3,1,B03,7,9,1,8,2,5,,24,24,1,6,4,120.618641,24.103015,2
4812,66000,387130000C,(04)23274275,(04)23288582,2025,09,12,17,6,臺中市,西屯區,0,2,0,7,2,6,40,18,9,1,5,4,6,6,4,4,5,5,4,2,17,3,10,5,4,C03,7,9,1,10,2,11,,7,7,1,12,4,120.644403,24.187404,2
4813,66000,387130000C,(04)23274275,(04)23288582,2025,09,12,17,8,臺中市,南屯區,0,0,0,7,,,50,,,,,,,,,,,,,,13,,,,,C03,,,1,,1,,,58,58,1,12,4,120.634939,24.146327,3
4814,66000,387130000C,(04)23274275,(04)23288582,2025,09,12,17,13,臺中市,東區,0,0,0,7,,,50,,,,,,,,,,,,,,,,,,,,,,,,,,,86,86,1,,,120.701662,24.142142,3
4815,66000,387130000C,(04)23274275,(04)23288582,2025,09,12,17,13,臺中市,西屯區,0,1,0,7,1,6,50,4,1,1,5,4,6,6,2,1,10,5,5,2,16,3,10,5,4,B03,7,5,1,8,2,5,,11,11,1,12,4,120.63594,24.169215,2
4816,66000,387130000C,(04)23274275,(04)23288582,2025,09,12,17,13,臺中市,太平區,0,1,0,7,1,6,50,13,9,1,5,4,6,6,4,4,1,4,5,2,12,3,10,3,1,B03,7,9,1,8,2,2,,8,8,1,12,4,120.710175,24.13673,2
4817,66000,387130000C,(04)23274275,(04)23288582,2025,09,12,17,16,臺中市,潭子區,0,0,0,7,,,50,,,,,,,,,,,,,,,,,,,B03,,,5,,2,,,84,84,1,13,4,120.723141,24.215309,3
4818,66000,387130000C,(04)23274275,(04)23288582,2025,09,12,17,16,臺中市,龍井區,0,1,0,7,2,6,30,5,1,1,5,4,6,6,3,1,10,5,5,2,12,3,10,3,1,B03,7,5,1,8,2,5,,8,8,1,6,4,120.592637,24.181549,2
4819,66000,387130000C,(04)23274275,(04)23288582,2025,09,12,17,16,臺中市,大肚區,0,2,0,7,2,6,30,4,1,1,5,4,6,6,4,4,10,5,5,2,15,2,9,1,1,F01,7,9,7,21,2,12,,15,15,1,2,4,120.535023,24.157021,2
4820,66000,387130000C,(04)23274275,(04)23288582,2025,09,12,17,17,臺中市,霧峰區,0,1,0,7,2,6,80,13,9,1,5,4,6,6,4,4,1,3,1,1,17,3,10,5,4,B03,7,9,1,8,1,1,,84,84,1,13,4,120.663834,24.079437,2