﻿序號,縣市別代碼,機關代碼,市話,傳真,年,月,日,時,分,縣市,區,死亡數量,受傷數量,2-30,天候,道路照明設備,道路類別,道路速限,道路型態,事故位置,路面鋪裝,路面狀態,路面缺陷,障礙物,視距,號誌種類,號誌動作,分向設施,快車道或一般車道間,快慢車道間,路面邊線,事故類型及型態,受傷程度,主要傷處,保護裝備,行動電話或功能裝置,當事者區分_類別,車輛用途,當事者行動狀態,駕照狀態,駕照種類,飲酒情形,車輛撞擊部位最初,車輛撞擊部位其他,肇事因素個別,肇事因素主要,肇事逃逸,職業,共享經濟或外送平台,GPS座標X,GPS座標Y,事故類別
5155,66000,387130000C,(04)23274275,(04)23288582,2025,09,13,14,59,臺中市,龍井區,0,0,0,7,,,60,,,,,,,,,,,,,,13,,,,,B03,,,1,,2,,,7,7,1,6,4,120.582201,24.175878,3
5156,66000,387130000C,(04)23274275,(04)23288582,2025,09,13,15,3,臺中市,太平區,0,2,0,7,3,6,50,5,1,1,5,4,6,6,4,4,10,5,5,2,16,2,8,1,1,C03,7,4,1,10,2,11,,1,1,1,12,4,120.734307,24.144319,2
5157,66000,387130000C,(04)23274275,(04)23288582,2025,09,13,15,4,臺中市,西區,0,2,0,7,2,6,50,13,9,1,5,4,6,6,4,4,5,5,5,2,17,2,8,1,4,C03,7,9,1,10,2,11,,84,84,1,13,4,120.668909,24.137542,2
5158,66000,387130000C,(04)23274275,(04)23288582,2025,09,13,15,7,臺中市,梧棲區,0,0,0,7,,,50,,,,,,,,,,,,,,30,,,,,,,,,,,,,115,115,1,6,,120.539785,24.262727,3
5159,66000,387130000C,(04)23274275,(04)23288582,2025,09,13,15,14,臺中市,南屯區,0,0,0,7,,,50,,,,,,,,,,,,,,17,,,,,B12,,,1,,2,,,20,20,1,12,4,120.635509,24.131946,3
5160,66000,387130000C,(04)23274275,(04)23288582,2025,09,13,15,14,臺中市,霧峰區,0,0,0,7,,,50,,,,,,,,,,,,,,,,,,,B12,,,1,,2,,,7,7,1,12,4,120.695897,24.012304,4
5161,66000,387130000C,(04)23274275,(04)23288582,2025,09,13,15,15,臺中市,西區,0,0,0,7,,,40,,,,,,,,,,,,,,,,,,,B03,,,1,,2,,,50,50,1,13,4,120.667532,24.141802,3
5162,66000,387130000C,(04)23274275,(04)23288582,2025,09,13,15,15,臺中市,南區,0,1,0,7,2,6,50,13,8,1,5,4,6,6,4,4,3,4,4,2,18,2,9,1,1,C03,7,9,1,10,2,14,,84,84,1,12,4,120.669951,24.129101,2
5163,66000,387130000C,(04)23274275,(04)23288582,2025,09,13,15,19,臺中市,東區,0,0,0,7,,,50,,,,,,,,,,,,,,,,,,,B03,,,1,,2,,,49,49,1,13,4,120.699792,24.140617,3
5164,66000,387130000C,(04)23274275,(04)23288582,2025,09,13,15,23,臺中市,西屯區,0,0,0,7,,,30,,,,,,,,,,,,,,14,,,,,B03,,,1,,1,,,49,49,1,13,4,120.645765,24.179291,3
5165,66000,387130000C,(04)23274275,(04)23288582,2025,09,13,15,29,臺中市,西區,0,1,0,7,2,6,50,13,9,1,5,4,6,6,4,4,9,5,5,2,16,3,10,1,1,C03,7,6,1,10,2,11,,4,4,1,12,4,120.665901,24.14435,2
5166,66000,387130000C,(04)23274275,(04)23288582,2025,09,13,15,29,臺中市,北屯區,0,1,0,7,3,6,30,4,1,1,5,4,6,6,4,4,10,5,5,2,15,2,9,2,1,C03,7,9,1,10,2,12,,12,12,1,13,4,120.701708,24.185841,2
5167,66000,387130000C,(04)23274275,(04)23288582,2025,09,13,15,36,臺中市,北屯區,0,0,0,7,,,50,,,,,,,,,,,,,,30,,,,,B12,,,1,,1,,,75,75,1,6,4,120.763341,24.199158,3
5168,66000,387130000C,(04)23274275,(04)23288582,2025,09,13,15,36,臺中市,太平區,0,0,0,7,,,40,,,,,,,,,,,,,,17,,,,,B03,,,1,,9,,,84,84,1,12,4,120.718552,24.148998,3
5169,66000,387130000C,(04)23274275,(04)23288582,2025,09,13,15,38,臺中市,北區,0,1,0,7,2,6,50,4,2,1,5,4,6,6,2,1,10,5,5,2,12,3,10,2,1,C03,7,9,1,10,2,11,,84,84,1,13,4,120.672198,24.171635,2
5170,66000,387130000C,(04)23274275,(04)23288582,2025,09,13,15,38,臺中市,龍井區,0,0,0,7,,,30,,,,,,,,,,,,,,14,,,,,A12,,,1,,9,,,49,49,1,6,4,120.579836,24.185338,3
5171,66000,387130000C,(04)23274275,(04)23288582,2025,09,13,15,40,臺中市,南屯區,0,1,0,7,2,6,50,4,1,1,5,4,6,6,1,1,9,4,5,2,12,3,10,3,1,B03,7,5,1,8,2,2,,85,85,1,12,4,120.630532,24.138875,2
5172,66000,387130000C,(04)23274275,(04)23288582,2025,09,13,15,41,臺中市,豐原區,0,3,0,7,2,6,50,4,9,1,5,4,6,6,1,1,5,5,5,1,17,2,9,2,1,C03,7,9,1,10,2,12,,26,26,1,13,4,120.719997,24.262862,2
5173,66000,387130000C,(04)23274275,(04)23288582,2025,09,13,15,42,臺中市,太平區,0,0,0,7,,,50,,,,,,,,,,,,,,17,,,,,A12,,,1,,2,,,82,82,1,12,4,120.702749,24.148014,3
5174,66000,387130000C,(04)23274275,(04)23288582,2025,09,13,15,43,臺中市,南區,0,1,0,7,3,6,50,13,9,1,5,4,6,6,4,4,9,5,5,2,14,3,10,3,1,B03,7,2,1,8,2,6,,49,49,1,12,4,120.671413,24.119589,2
5175,66000,387130000C,(04)23274275,(04)23288582,2025,09,13,15,48,臺中市,東區,0,1,0,7,2,6,40,4,1,1,5,4,6,6,4,4,10,5,5,2,16,2,9,2,1,C03,7,6,1,10,9,14,,48,48,1,6,4,120.706017,24.143942,2
5176,66000,387130000C,(04)23274275,(04)23288582,2025,09,13,15,49,臺中市,西區,0,0,0,7,,,50,,,,,,,,,,,,,,,,,,,B03,,,1,,2,,,50,50,1,6,4,120.660421,24.151692,3
5177,66000,387130000C,(04)23274275,(04)23288582,2025,09,13,16,0,臺中市,南屯區,0,0,0,7,,,10,,,,,,,,,,,,,,14,,,,,B02,,,1,,2,,,49,49,1,12,4,120.633966,24.144789,3
5178,66000,387130000C,(04)23274275,(04)23288582,2025,09,13,16,3,臺中市,清水區,0,0,0,7,2,6,50,3,1,1,5,4,6,6,1,1,8,3,4,2,19,,,,,B03,,,1,,1,,,84,84,1,12,4,120.577024,24.273743,3
5179,66000,387130000C,(04)23274275,(04)23288582,2025,09,13,16,6,臺中市,大里區,0,1,0,7,2,6,50,3,1,1,5,4,6,6,1,1,10,5,5,2,17,3,10,1,1,C04,7,9,1,10,1,12,,84,84,1,12,4,120.685355,24.115339,2
5180,66000,387130000C,(04)23274275,(04)23288582,2025,09,13,16,8,臺中市,大甲區,0,0,0,7,,,50,,,,,,,,,,,,,,13,,,,,C03,,,1,,2,,,7,7,1,6,4,120.635329,24.429564,3
5181,66000,387130000C,(04)23274275,(04)23288582,2025,09,13,16,10,臺中市,大里區,0,0,0,7,,,40,,,,,,,,,,,,,,,,,,,C03,,,1,,1,,,84,84,1,6,4,120.692261,24.089369,3
5182,66000,387130000C,(04)23274275,(04)23288582,2025,09,13,16,11,臺中市,霧峰區,0,2,0,7,2,6,25,11,7,1,5,4,6,6,4,4,5,5,4,2,17,2,7,5,4,C03,7,15,1,10,2,11,,84,84,1,13,4,120.715913,24.071894,2
5183,66000,387130000C,(04)23274275,(04)23288582,2025,09,13,16,15,臺中市,南屯區,0,0,0,7,,,50,,,,,,,,,,,,,,,,,,,B03,,,1,,2,,,59,59,1,13,4,120.625939,24.149882,3
5184,66000,387130000C,(04)23274275,(04)23288582,2025,09,13,16,15,臺中市,豐原區,0,2,0,7,3,6,50,4,1,1,5,4,6,6,2,1,5,5,4,2,15,2,9,1,1,F01,7,9,7,21,2,11,,84,84,1,12,4,120.715047,24.247136,2
5185,66000,387130000C,(04)23274275,(04)23288582,2025,09,13,16,16,臺中市,潭子區,0,0,0,7,,,50,,,,,,,,,,,,,,,,,,,B03,,,1,,2,,,84,84,1,13,4,120.706031,24.200805,3
5186,66000,387130000C,(04)23274275,(04)23288582,2025,09,13,16,16,臺中市,東區,0,2,0,7,2,6,50,3,1,1,5,4,6,6,4,4,10,5,5,2,17,2,9,1,1,C03,7,1,1,10,2,12,,51,51,1,12,4,120.706996,24.136463,2
5187,66000,387130000C,(04)23274275,(04)23288582,2025,09,13,16,19,臺中市,西區,0,0,0,7,,,50,,,,,,,,,,,,,,,,,,,B03,,,1,,1,,,7,7,1,13,4,120.666028,24.152605,3
5188,66000,387130000C,(04)23274275,(04)23288582,2025,09,13,16,22,臺中市,大里區,0,1,0,7,2,6,30,11,7,1,5,4,6,6,4,4,5,5,4,2,20,2,9,1,1,C03,7,6,1,10,1,12,,84,84,1,13,4,120.692537,24.122288,2
5189,66000,387130000C,(04)23274275,(04)23288582,2025,09,13,16,24,臺中市,西區,0,0,0,7,,,30,,,,,,,,,,,,,,17,,,,,B03,,,1,,2,,,58,58,1,12,4,120.666438,24.146228,3
5190,66000,387130000C,(04)23274275,(04)23288582,2025,09,13,16,24,臺中市,北屯區,0,3,0,7,3,6,50,3,1,1,5,4,6,6,4,4,10,5,5,2,16,3,10,3,1,B03,7,6,1,8,2,2,,14,14,1,13,4,120.706592,24.167871,2
5191,66000,387130000C,(04)23274275,(04)23288582,2025,09,13,16,26,臺中市,北區,0,0,0,7,,,40,,,,,,,,,,,,,,17,,,,,B03,,,1,,9,,,8,8,2,13,4,120.684967,24.147929,3
5192,66000,387130000C,(04)23274275,(04)23288582,2025,09,13,16,27,臺中市,大里區,0,2,0,7,2,6,50,4,1,1,5,4,6,6,1,1,10,5,5,2,17,2,9,1,1,C03,7,9,1,10,2,11,,6,6,1,12,4,120.680054,24.095594,2
5193,66000,387130000C,(04)23274275,(04)23288582,2025,09,13,16,27,臺中市,霧峰區,0,1,0,7,2,6,50,13,9,1,5,4,6,6,4,4,10,5,5,1,12,3,10,3,1,B03,7,9,1,8,2,4,,1,1,1,12,4,120.713521,24.07314,2
5194,66000,387130000C,(04)23274275,(04)23288582,2025,09,13,16,31,臺中市,梧棲區,0,0,0,7,,,50,,,,,,,,,,,,,,15,,,,,C03,,,1,,2,,,15,15,1,6,2,120.547195,24.255795,3
5195,66000,387130000C,(04)23274275,(04)23288582,2025,09,13,16,32,臺中市,龍井區,0,0,0,7,,,50,,,,,,,,,,,,,,13,,,,,B03,,,1,,1,,,7,7,1,6,4,120.592806,24.181872,3
5196,66000,387130000C,(04)23274275,(04)23288582,2025,09,13,16,39,臺中市,霧峰區,0,0,0,7,,,40,,,,,,,,,,,,,,17,,,,,B03,,,1,8,2,,,84,84,1,13,4,120.699611,24.072634,3
5197,66000,387130000C,(04)23274275,(04)23288582,2025,09,13,16,40,臺中市,東區,0,0,0,7,,,50,,,,,,,,,,,,,,,,,,,B03,,,1,,1,,,49,49,1,12,4,120.69203,24.151842,3
5198,66000,387130000C,(04)23274275,(04)23288582,2025,09,13,16,40,臺中市,大肚區,0,0,0,7,,,,,,,,,,,,,,,,,,,,,,,,,,,,,,119,119,1,,,120.56379,24.123553,3
5199,66000,387130000C,(04)23274275,(04)23288582,2025,09,13,16,43,臺中市,潭子區,0,0,1,7,2,6,50,4,19,1,5,4,6,6,2,1,1,4,4,1,3,3,10,3,1,B03,7,1,1,8,2,1,,10,10,1,13,4,120.691054,24.215868,2
5200,66000,387130000C,(04)23274275,(04)23288582,2025,09,13,16,45,臺中市,沙鹿區,0,2,0,7,2,6,50,4,7,1,5,4,6,6,4,4,4,3,4,2,12,2,9,2,1,C03,7,8,3,19,2,14,,35,35,1,12,4,120.552211,24.231102,2
5201,66000,387130000C,(04)23274275,(04)23288582,2025,09,13,16,46,臺中市,西屯區,0,2,0,7,2,6,50,3,2,1,5,4,6,6,2,1,10,5,5,2,13,2,9,1,1,C03,7,9,1,10,2,11,,7,7,1,13,4,120.647626,24.196701,2
5202,66000,387130000C,(04)23274275,(04)23288582,2025,09,13,16,47,臺中市,南屯區,0,0,0,7,,,50,,,,,,,,,,,,,,,,,,,B03,,,6,,11,,,42,42,2,13,4,120.626061,24.148516,3
5203,66000,387130000C,(04)23274275,(04)23288582,2025,09,13,16,48,臺中市,沙鹿區,0,1,0,7,2,6,50,4,1,1,5,4,6,6,4,4,10,5,5,2,15,2,9,2,1,C03,7,9,1,10,2,12,,12,12,1,6,4,120.560813,24.237025,2
5204,66000,387130000C,(04)23274275,(04)23288582,2025,09,13,16,55,臺中市,西區,0,0,0,7,,,50,,,,,,,,,,,,,,,,,,,C03,,,1,,1,,,84,84,1,6,4,120.661678,24.149484,3
5205,66000,387130000C,(04)23274275,(04)23288582,2025,09,13,16,55,臺中市,西屯區,0,0,0,7,,,60,,,,,,,,,,,,,,,,,,,B03,,,1,,1,,,8,8,1,12,4,120.63229,24.17039,3
5206,66000,387130000C,(04)23274275,(04)23288582,2025,09,13,16,55,臺中市,烏日區,0,1,0,7,3,6,50,5,1,1,5,4,6,6,2,1,10,5,5,2,16,3,10,1,1,C03,7,6,3,19,2,14,,11,11,1,6,4,120.627273,24.104098,2
5207,66000,387130000C,(04)23274275,(04)23288582,2025,09,13,16,56,臺中市,南屯區,0,0,0,7,,,50,,,,,,,,,,,,,,14,,,,,B12,,,1,,1,,,84,84,1,12,4,120.650504,24.133172,3
5208,66000,387130000C,(04)23274275,(04)23288582,2025,09,13,16,56,臺中市,大甲區,0,0,0,7,,,50,,,,,,,,,,,,,,,,,,,B03,,,1,,1,,,59,59,1,6,4,120.623222,24.350744,3
5209,66000,387130000C,(04)23274275,(04)23288582,2025,09,13,16,57,臺中市,大雅區,0,1,0,7,2,6,50,4,1,1,5,4,6,6,2,1,3,4,5,1,12,3,10,2,1,C03,7,5,1,10,2,12,,47,47,1,13,4,120.656532,24.220819,2
5210,66000,387130000C,(04)23274275,(04)23288582,2025,09,13,17,1,臺中市,北屯區,0,0,0,7,,,50,,,,,,,,,,,,,,,,,,,A12,,,1,,1,,,84,84,1,13,4,120.671342,24.189352,3
5211,66000,387130000C,(04)23274275,(04)23288582,2025,09,13,17,2,臺中市,霧峰區,0,1,0,7,2,6,50,13,7,1,5,4,6,6,4,4,5,5,4,1,17,2,9,1,1,C03,7,1,1,10,2,14,,51,51,1,13,4,120.698725,24.064773,2
5212,66000,387130000C,(04)23274275,(04)23288582,2025,09,13,17,2,臺中市,豐原區,0,0,0,7,,,50,,,,,,,,,,,,,,17,,,,,B03,,,1,,2,,,50,50,1,13,4,120.709788,24.251312,3
5213,66000,387130000C,(04)23274275,(04)23288582,2025,09,13,17,15,臺中市,霧峰區,0,2,0,7,2,6,40,3,2,1,5,4,6,6,3,1,1,5,4,1,16,2,5,6,1,F01,7,6,7,21,2,13,,48,48,1,12,4,120.66404,24.076115,2
5214,66000,387130000C,(04)23274275,(04)23288582,2025,09,13,17,16,臺中市,西區,0,0,0,7,,,50,,,,,,,,,,,,,,,,,,,C03,,,1,,2,,,84,84,1,12,4,120.668384,24.151779,3
5215,66000,387130000C,(04)23274275,(04)23288582,2025,09,13,17,18,臺中市,龍井區,0,0,0,7,,,40,,,,,,,,,,,,,,13,,,,,C03,,,1,,1,,,7,7,1,6,4,120.592143,24.183053,3
5216,66000,387130000C,(04)23274275,(04)23288582,2025,09,13,17,23,臺中市,西屯區,0,2,0,7,2,6,50,4,1,1,5,4,6,6,2,1,1,2,5,2,16,3,10,5,4,B03,7,6,1,8,2,2,,11,11,1,12,4,120.656743,24.18474,2
5217,66000,387130000C,(04)23274275,(04)23288582,2025,09,13,17,24,臺中市,北區,0,0,0,7,,,50,,,,,,,,,,,,,,,,,,,B03,,,1,,1,,,84,84,1,13,4,120.682472,24.152537,3
5218,66000,387130000C,(04)23274275,(04)23288582,2025,09,13,17,28,臺中市,烏日區,0,0,0,7,,,50,,,,,,,,,,,,,,13,,,,,B01,,,1,,1,,,7,7,1,6,4,120.618823,24.106446,3
5219,66000,387130000C,(04)23274275,(04)23288582,2025,09,13,17,29,臺中市,后里區,0,2,0,7,3,6,40,4,8,1,5,4,6,6,4,4,1,4,4,1,13,2,9,1,1,C03,7,9,1,10,2,11,,7,7,1,6,4,120.681329,24.315522,2
5220,66000,387130000C,(04)23274275,(04)23288582,2025,09,13,17,30,臺中市,南屯區,0,0,0,7,,,50,,,,,,,,,,,,,,,,,,,B03,,,1,,1,,,87,87,1,13,4,120.648481,24.155153,3
5221,66000,387130000C,(04)23274275,(04)23288582,2025,09,13,17,30,臺中市,烏日區,0,0,0,7,,,,,,,,,,,,,,,,,,,,,,,,,,,,,,86,86,1,,,120.601478,24.10923,3
5222,66000,387130000C,(04)23274275,(04)23288582,2025,09,13,17,31,臺中市,南屯區,0,2,0,7,3,6,50,4,2,1,5,4,6,6,2,1,1,4,5,2,12,2,9,1,1,C03,7,8,1,10,2,14,,42,42,1,6,2,120.64662,24.137211,2
5223,66000,387130000C,(04)23274275,(04)23288582,2025,09,13,17,31,臺中市,沙鹿區,0,1,0,7,2,6,50,3,1,1,5,4,6,6,4,4,10,5,5,2,16,3,10,2,1,C03,7,5,1,10,2,13,,14,14,1,6,4,120.563172,24.241042,2
5224,66000,387130000C,(04)23274275,(04)23288582,2025,09,13,17,33,臺中市,東區,0,0,0,7,,,50,,,,,,,,,,,,,,,,,,,B12,,,1,,9,,,7,7,2,12,4,120.709199,24.145017,3
5225,66000,387130000C,(04)23274275,(04)23288582,2025,09,13,17,33,臺中市,霧峰區,0,1,0,7,2,6,40,13,9,1,5,4,6,6,4,4,5,5,5,1,20,2,9,5,4,C03,7,9,1,10,2,11,,84,84,1,13,4,120.690333,24.047935,2
5226,66000,387130000C,(04)23274275,(04)23288582,2025,09,13,17,35,臺中市,大雅區,0,0,0,7,,,30,,,,,,,,,,,,,,12,,,,,B03,,,3,,2,,,84,84,1,13,4,120.621298,24.235773,3
5227,66000,387130000C,(04)23274275,(04)23288582,2025,09,13,17,35,臺中市,豐原區,0,1,0,7,1,6,50,4,1,1,5,4,6,6,1,1,5,4,5,1,17,3,10,3,1,B03,7,6,1,8,2,1,,11,11,1,6,4,120.722306,24.254021,2
5228,66000,387130000C,(04)23274275,(04)23288582,2025,09,13,17,37,臺中市,太平區,0,0,0,7,,,40,,,,,,,,,,,,,,,,,,,B03,,,5,,9,,,50,50,1,12,4,120.71664,24.148632,3
5229,66000,387130000C,(04)23274275,(04)23288582,2025,09,13,17,39,臺中市,太平區,0,0,0,7,,,30,,,,,,,,,,,,,,12,,,,,B03,,,1,,1,,,85,85,1,6,4,120.716999,24.152905,3
5230,66000,387130000C,(04)23274275,(04)23288582,2025,09,13,17,41,臺中市,潭子區,0,2,0,7,2,6,50,4,1,1,5,4,6,6,3,1,1,4,4,2,16,2,7,2,1,C03,7,9,3,19,2,14,,21,21,1,13,4,120.705045,24.215586,2
5231,66000,387130000C,(04)23274275,(04)23288582,2025,09,13,17,46,臺中市,西屯區,0,1,0,7,1,6,40,13,8,1,5,4,6,6,4,4,1,4,5,1,13,3,10,3,1,B03,7,9,1,8,1,5,,7,7,1,12,4,120.644924,24.164931,2
5232,66000,387130000C,(04)23274275,(04)23288582,2025,09,13,17,46,臺中市,后里區,0,1,0,7,3,6,50,13,9,1,5,4,6,6,4,4,5,4,4,1,13,2,9,1,1,C03,7,9,5,10,8,11,,53,53,1,6,4,120.6718,24.317274,2
5233,66000,387130000C,(04)23274275,(04)23288582,2025,09,13,17,48,臺中市,南區,0,0,0,7,,,50,,,,,,,,,,,,,,,,,,,C03,,,1,,1,,,15,15,1,6,4,120.682848,24.130741,4
5234,66000,387130000C,(04)23274275,(04)23288582,2025,09,13,17,48,臺中市,龍井區,0,0,0,7,,,50,,,,,,,,,,,,,,17,,,,,C03,,,1,,9,,,50,50,1,6,2,120.57888,24.184648,3
5235,66000,387130000C,(04)23274275,(04)23288582,2025,09,13,17,49,臺中市,北屯區,0,1,0,7,3,6,0,18,21,1,5,4,6,6,4,4,10,5,5,2,17,2,9,2,1,C03,7,9,1,10,2,11,,84,84,1,6,4,120.676924,24.1792,2
5236,66000,387130000C,(04)23274275,(04)23288582,2025,09,13,17,54,臺中市,龍井區,0,3,0,7,1,6,40,13,8,1,5,4,6,6,4,4,3,4,3,2,17,3,10,3,1,B03,7,3,1,8,2,5,,20,20,1,6,4,120.580345,24.17595,2
5237,66000,387130000C,(04)23274275,(04)23288582,2025,09,13,17,55,臺中市,沙鹿區,0,0,0,7,,,60,,,,,,,,,,,,,,14,,,,,B03,,,1,,9,,,84,84,2,6,4,120.583333,24.249846,3
5238,66000,387130000C,(04)23274275,(04)23288582,2025,09,13,17,56,臺中市,北屯區,0,0,0,7,,3,50,,,,,,,,,,,,,,13,,,,,B03,,,1,,1,,,7,7,1,6,4,120.694144,24.201018,3
5239,66000,387130000C,(04)23274275,(04)23288582,2025,09,13,18,0,臺中市,北屯區,0,0,0,7,,,50,,,,,,,,,,,,,,17,,,,,C03,,,1,,2,,,8,8,1,13,4,120.684795,24.185677,3
5240,66000,387130000C,(04)23274275,(04)23288582,2025,09,13,18,0,臺中市,烏日區,0,0,0,7,,,30,,,,,,,,,,,,,,12,,,,,F03,,,1,,1,,,8,8,1,6,4,120.647508,24.085586,3
5241,66000,387130000C,(04)23274275,(04)23288582,2025,09,13,18,7,臺中市,西屯區,0,2,0,7,1,6,50,3,1,1,5,4,6,6,2,1,10,5,5,2,12,3,10,5,4,B03,7,7,1,8,2,5,,40,40,1,13,4,120.650633,24.164377,2
5242,66000,387130000C,(04)23274275,(04)23288582,2025,09,13,18,10,臺中市,沙鹿區,0,0,0,7,1,6,50,13,7,1,5,4,6,6,4,4,4,3,4,2,13,,,,,B03,,,1,,1,,,7,7,1,12,4,120.564883,24.240971,3
5243,66000,387130000C,(04)23274275,(04)23288582,2025,09,13,18,10,臺中市,東勢區,0,2,0,7,1,6,50,4,1,1,5,4,6,6,1,1,10,5,5,1,12,2,9,5,4,F01,7,6,7,21,2,14,,11,11,1,13,4,120.833714,24.250642,2
5244,66000,387130000C,(04)23274275,(04)23288582,2025,09,13,18,11,臺中市,西區,0,0,0,7,,,50,,,,,,,,,,,,,,,,,,,C03,,,1,,1,,,8,8,1,12,4,120.662459,24.136719,3
5245,66000,387130000C,(04)23274275,(04)23288582,2025,09,13,18,15,臺中市,霧峰區,0,1,0,7,1,6,40,13,9,1,5,4,6,6,4,4,5,5,5,1,13,2,9,2,1,C03,7,9,1,10,2,11,,84,84,1,5,4,120.700571,24.065908,2
5246,66000,387130000C,(04)23274275,(04)23288582,2025,09,13,18,15,臺中市,豐原區,0,0,0,7,,,50,,,,,,,,,,,,,,17,,,,,C03,,,1,,2,,,51,51,1,12,4,120.737515,24.255924,3
5247,66000,387130000C,(04)23274275,(04)23288582,2025,09,13,18,18,臺中市,北屯區,0,0,0,7,,3,80,,,,,,,,,,,,,,13,,,,,B03,,,1,,1,,,7,7,1,12,4,120.694128,24.201163,3
5248,66000,387130000C,(04)23274275,(04)23288582,2025,09,13,18,19,臺中市,石岡區,0,0,0,7,,,70,,,,,,,,,,,,,,12,,,,,B03,,,1,,1,,,40,40,1,13,4,120.816317,24.260251,3
5249,66000,387130000C,(04)23274275,(04)23288582,2025,09,13,18,24,臺中市,西屯區,0,1,0,7,1,6,50,13,9,1,5,4,6,6,2,3,10,5,5,2,13,3,10,3,1,B03,7,9,1,8,2,1,,7,7,1,13,4,120.610228,24.191577,2
5250,66000,387130000C,(04)23274275,(04)23288582,2025,09,13,18,25,臺中市,西區,0,1,0,6,1,6,50,13,9,1,5,4,6,6,4,4,5,4,5,2,17,2,9,1,1,C03,7,9,1,10,2,11,,7,7,1,13,4,120.657585,24.145964,2
5251,66000,387130000C,(04)23274275,(04)23288582,2025,09,13,18,26,臺中市,南屯區,0,0,0,7,,,40,,,,,,,,,,,,,,17,,,,,B03,,,1,,1,,,8,8,1,12,4,120.623497,24.149515,4
5252,66000,387130000C,(04)23274275,(04)23288582,2025,09,13,18,30,臺中市,南屯區,0,0,0,7,,,50,,,,,,,,,,,,,,12,,,,,B03,,,1,,1,,,26,26,1,12,4,120.646203,24.129547,3
5253,66000,387130000C,(04)23274275,(04)23288582,2025,09,13,18,32,臺中市,南屯區,0,0,0,7,,,50,,,,,,,,,,,,,,16,,,,,C03,,,1,,1,,,59,59,1,13,4,120.636205,24.146723,3
5254,66000,387130000C,(04)23274275,(04)23288582,2025,09,13,18,34,臺中市,西屯區,0,1,0,7,1,6,50,13,9,1,5,4,6,6,1,1,5,4,5,1,13,2,8,2,1,C03,7,9,1,10,2,11,,59,59,1,12,4,120.605367,24.171318,2
5255,66000,387130000C,(04)23274275,(04)23288582,2025,09,13,18,35,臺中市,大里區,0,0,0,7,,,50,,,,,,,,,,,,,,17,,,,,C03,,,1,,2,,,7,7,1,12,4,120.697628,24.111826,3
5256,66000,387130000C,(04)23274275,(04)23288582,2025,09,13,18,48,臺中市,西屯區,0,0,0,7,,,50,,,,,,,,,,,,,,12,,,,,B03,,,1,,2,,,40,40,1,12,4,120.624516,24.185168,3
5257,66000,387130000C,(04)23274275,(04)23288582,2025,09,13,18,48,臺中市,大里區,0,0,0,7,,,50,,,,,,,,,,,,,,,,,,,B03,,,1,,1,,,59,59,1,12,4,120.697202,24.082976,4
5258,66000,387130000C,(04)23274275,(04)23288582,2025,09,13,18,49,臺中市,潭子區,0,2,0,7,1,6,50,3,1,1,5,4,6,6,4,4,5,5,4,2,13,2,9,2,1,C03,7,9,1,10,2,11,,84,84,1,13,4,120.703367,24.210758,2
5259,66000,387130000C,(04)23274275,(04)23288582,2025,09,13,18,51,臺中市,西屯區,0,2,0,7,1,6,50,8,9,1,5,4,6,6,4,4,2,4,5,2,13,2,1,5,4,B03,7,14,1,8,2,7,5,77,77,1,12,4,120.625204,24.173082,2
5260,66000,387130000C,(04)23274275,(04)23288582,2025,09,13,18,59,臺中市,西屯區,0,0,0,7,,3,80,,,,,,,,,,,,,,16,,,,,B03,,,1,,2,,,40,40,1,12,4,120.639049,24.188664,3
5261,66000,387130000C,(04)23274275,(04)23288582,2025,09,13,19,0,臺中市,大雅區,0,0,0,7,,,70,,,,,,,,,,,,,,,,,,,B03,,,1,,1,,,84,84,1,13,4,120.640456,24.230904,3
5262,66000,387130000C,(04)23274275,(04)23288582,2025,09,13,19,2,臺中市,西區,0,1,0,7,1,6,50,13,8,1,5,4,6,6,2,1,5,5,4,2,12,2,9,1,1,C03,7,9,1,10,2,14,,84,84,1,6,4,120.665277,24.136497,2
5263,66000,387130000C,(04)23274275,(04)23288582,2025,09,13,19,3,臺中市,北屯區,0,0,0,7,,,50,,,,,,,,,,,,,,17,,,,,B03,,,1,,2,,,50,50,1,6,4,120.707716,24.185233,4
5264,66000,387130000C,(04)23274275,(04)23288582,2025,09,13,19,3,臺中市,太平區,0,0,0,7,1,6,50,3,19,1,5,4,6,6,2,1,10,5,5,2,18,3,10,1,1,C03,7,5,1,10,8,16,,53,53,1,12,4,120.718844,24.126988,3
5265,66000,387130000C,(04)23274275,(04)23288582,2025,09,13,19,7,臺中市,神岡區,0,1,0,6,1,6,50,13,14,1,5,4,6,6,4,4,9,5,5,1,17,2,9,5,4,C03,7,9,1,10,2,11,,8,8,1,12,4,120.650873,24.258332,2
5266,66000,387130000C,(04)23274275,(04)23288582,2025,09,13,19,15,臺中市,東區,0,1,0,7,1,6,50,4,1,1,5,4,6,6,2,1,10,5,5,2,12,3,10,2,1,C03,7,15,1,10,2,12,,42,42,1,12,4,120.692553,24.139579,2