﻿序號,縣市別代碼,機關代碼,市話,傳真,年,月,日,時,分,縣市,區,死亡數量,受傷數量,2-30,天候,道路照明設備,道路類別,道路速限,道路型態,事故位置,路面鋪裝,路面狀態,路面缺陷,障礙物,視距,號誌種類,號誌動作,分向設施,快車道或一般車道間,快慢車道間,路面邊線,事故類型及型態,受傷程度,主要傷處,保護裝備,行動電話或功能裝置,當事者區分_類別,車輛用途,當事者行動狀態,駕照狀態,駕照種類,飲酒情形,車輛撞擊部位最初,車輛撞擊部位其他,肇事因素個別,肇事因素主要,肇事逃逸,職業,共享經濟或外送平台,GPS座標X,GPS座標Y,事故類別
5267,66000,387130000C,(04)23274275,(04)23288582,2025,09,13,19,15,臺中市,西屯區,0,0,0,7,,,50,,,,,,,,,,,,,,13,,,,,B03,,,1,,7,,,53,53,1,6,4,120.662038,24.163568,3
5268,66000,387130000C,(04)23274275,(04)23288582,2025,09,13,19,15,臺中市,霧峰區,0,0,0,7,,6,50,,,,,,,,,,,,,,17,,,,,C03,,,1,10,2,,,84,84,1,13,4,120.699496,24.068965,3
5269,66000,387130000C,(04)23274275,(04)23288582,2025,09,13,19,18,臺中市,西區,0,0,0,7,,,50,,,,,,,,,,,,,,,,,,,B03,,,1,,1,,,84,84,1,12,4,120.663096,24.146699,3
5270,66000,387130000C,(04)23274275,(04)23288582,2025,09,13,19,23,臺中市,西區,0,2,0,7,1,6,40,13,8,1,5,4,6,6,4,4,3,4,4,2,17,2,9,2,1,C03,7,9,1,10,2,12,,84,84,1,12,4,120.665743,24.130636,2
5271,66000,387130000C,(04)23274275,(04)23288582,2025,09,13,19,23,臺中市,沙鹿區,0,2,0,7,1,6,30,4,1,1,5,4,6,6,4,4,10,5,5,2,15,2,9,2,1,F03,7,9,7,21,2,12,,15,15,1,12,4,120.567344,24.250612,2
5272,66000,387130000C,(04)23274275,(04)23288582,2025,09,13,19,26,臺中市,烏日區,0,0,0,7,,,30,,,,,,,,,,,,,,17,,,,,A11,,,1,,2,,,8,8,1,6,4,120.639465,24.085085,3
5273,66000,387130000C,(04)23274275,(04)23288582,2025,09,13,19,28,臺中市,北屯區,0,0,0,7,,,40,,,,,,,,,,,,,,17,,,,,C03,,,1,,2,,,4,4,1,6,4,120.664201,24.184089,3
5274,66000,387130000C,(04)23274275,(04)23288582,2025,09,13,19,29,臺中市,北區,0,0,0,7,1,6,50,13,9,1,5,4,6,6,1,1,5,4,5,2,13,3,10,3,1,B03,7,9,1,8,1,5,,7,7,1,12,4,120.67545,24.150928,4
5275,66000,387130000C,(04)23274275,(04)23288582,2025,09,13,19,30,臺中市,大里區,0,0,0,7,,,50,,,,,,,,,,,,,,,,,,,B02,,,1,,2,,,8,8,1,12,4,120.705463,24.093002,3
5276,66000,387130000C,(04)23274275,(04)23288582,2025,09,13,19,30,臺中市,沙鹿區,0,2,0,7,1,6,40,3,2,1,5,4,6,6,4,4,10,5,5,2,18,2,9,6,1,F02,7,9,7,21,2,14,,82,82,1,3,4,120.574623,24.210349,2
5277,66000,387130000C,(04)23274275,(04)23288582,2025,09,13,20,0,臺中市,北屯區,0,0,0,7,,,50,,,,,,,,,,,,,,13,,,,,B03,,,1,,1,,,59,59,1,13,4,120.704204,24.183984,3
5278,66000,387130000C,(04)23274275,(04)23288582,2025,09,13,20,4,臺中市,南屯區,0,0,0,7,,,50,,,,,,,,,,,,,,13,,,,,B03,,,1,,1,,,59,59,1,6,4,120.652511,24.150823,3
5279,66000,387130000C,(04)23274275,(04)23288582,2025,09,13,20,7,臺中市,大雅區,0,1,0,7,1,6,50,3,2,1,5,4,6,6,4,4,5,5,5,1,13,2,9,2,1,C03,7,9,1,10,2,11,,84,84,1,13,4,120.653982,24.230115,2
5280,66000,387130000C,(04)23274275,(04)23288582,2025,09,13,20,15,臺中市,霧峰區,0,2,0,7,2,6,50,4,1,1,5,4,6,6,4,4,10,5,5,2,17,2,9,5,4,C03,7,9,1,10,2,11,,84,84,1,13,4,120.69646,24.068378,2
5281,66000,387130000C,(04)23274275,(04)23288582,2025,09,13,20,16,臺中市,龍井區,0,0,0,7,,,50,,,,,,,,,,,,,,13,,,,,C03,,,3,,2,,,88,88,1,10,4,120.584916,24.184403,3
5282,66000,387130000C,(04)23274275,(04)23288582,2025,09,13,20,24,臺中市,大甲區,0,1,0,7,1,6,50,5,2,1,5,4,6,6,1,1,5,5,5,1,16,3,10,2,1,C03,7,5,1,10,2,14,,7,7,1,6,4,120.621997,24.344222,2
5283,66000,387130000C,(04)23274275,(04)23288582,2025,09,13,20,25,臺中市,西區,0,1,0,6,1,6,50,5,1,1,5,4,6,6,1,1,10,5,5,2,17,2,9,1,1,C03,7,9,1,10,2,11,,7,7,1,13,4,120.663128,24.14306,2
5284,66000,387130000C,(04)23274275,(04)23288582,2025,09,13,20,25,臺中市,南屯區,0,0,0,7,,,50,,,,,,,,,,,,,,,,,,,C03,,,1,,1,,,1,1,1,13,4,120.611229,24.138359,3
5285,66000,387130000C,(04)23274275,(04)23288582,2025,09,13,20,46,臺中市,大甲區,0,0,0,7,,,50,,,,,,,,,,,,,,13,,,,,B12,,,1,,2,,,78,78,1,13,4,120.648638,24.376565,3
5286,66000,387130000C,(04)23274275,(04)23288582,2025,09,13,20,52,臺中市,神岡區,0,2,0,7,1,6,30,5,1,1,5,4,6,6,1,1,10,5,5,2,17,3,10,5,4,B03,7,9,1,8,2,5,,21,21,1,12,4,120.694644,24.232851,2
5287,66000,387130000C,(04)23274275,(04)23288582,2025,09,13,20,59,臺中市,大里區,0,0,0,7,1,6,60,4,2,1,5,4,6,6,1,1,1,4,4,1,13,,,,,B03,,,1,,3,,,84,84,1,13,4,120.688724,24.10169,3
5288,66000,387130000C,(04)23274275,(04)23288582,2025,09,13,21,9,臺中市,北屯區,0,1,0,7,1,6,50,4,1,1,5,4,6,6,2,1,5,4,5,2,13,2,8,2,1,C03,7,9,1,10,2,11,,59,59,1,12,4,120.697745,24.170349,2
5289,66000,387130000C,(04)23274275,(04)23288582,2025,09,13,21,30,臺中市,烏日區,0,0,0,7,,,70,,,,,,,,,,,,,,,,,,,C02,,,1,,2,,,87,87,1,6,4,120.583857,24.111401,3
5290,66000,387130000C,(04)23274275,(04)23288582,2025,09,13,21,32,臺中市,南區,0,0,0,7,,,50,,,,,,,,,,,,,,,,,,,B03,,,1,,1,,,84,84,1,12,4,120.673914,24.126343,4
5291,66000,387130000C,(04)23274275,(04)23288582,2025,09,13,21,33,臺中市,沙鹿區,0,1,0,7,1,6,50,5,1,1,5,4,6,6,4,4,10,5,5,2,18,2,9,6,1,F02,7,9,7,21,11,14,,82,82,1,13,4,120.577954,24.214746,2
5292,66000,387130000C,(04)23274275,(04)23288582,2025,09,13,21,37,臺中市,西屯區,0,0,0,7,,,30,,,,,,,,,,,,,,14,,,,,B03,,,1,,1,,,49,49,1,13,4,120.643272,24.18175,3
5293,66000,387130000C,(04)23274275,(04)23288582,2025,09,13,21,40,臺中市,南屯區,0,0,0,7,,,50,,,,,,,,,,,,,,13,,,,,C03,,,1,,1,,,7,7,1,12,4,120.652447,24.151066,3
5294,66000,387130000C,(04)23274275,(04)23288582,2025,09,13,21,47,臺中市,沙鹿區,0,0,0,7,,,60,,,,,,,,,,,,,,14,,,,,B03,,,1,,2,,,59,59,1,6,4,120.597054,24.250019,3
5295,66000,387130000C,(04)23274275,(04)23288582,2025,09,13,22,9,臺中市,太平區,0,2,0,7,1,6,50,13,14,1,5,4,6,6,4,4,5,2,5,1,17,2,9,1,1,C03,7,9,1,10,2,11,,84,84,1,6,4,120.733963,24.145802,2
5296,66000,387130000C,(04)23274275,(04)23288582,2025,09,13,22,10,臺中市,西區,0,0,0,7,,,40,,,,,,,,,,,,,,,,,,,,,,,,,,,119,119,1,,,120.660452,24.157034,3
5297,66000,387130000C,(04)23274275,(04)23288582,2025,09,13,22,16,臺中市,西屯區,0,0,0,7,,,50,,,,,,,,,,,,,,,,,,,B03,,,1,,1,,,59,59,1,12,4,120.623067,24.186064,3
5298,66000,387130000C,(04)23274275,(04)23288582,2025,09,13,22,18,臺中市,后里區,0,0,0,7,1,6,30,13,9,1,5,4,6,6,4,4,10,5,5,2,14,,,,,B03,,,1,,2,,,49,49,1,6,4,120.743539,24.330408,3
5299,66000,387130000C,(04)23274275,(04)23288582,2025,09,13,22,19,臺中市,北屯區,0,1,0,6,1,6,50,13,9,1,5,4,6,6,4,4,10,5,5,2,13,2,8,2,1,C03,7,12,1,10,2,11,,59,59,1,4,4,120.67532,24.176529,2
5300,66000,387130000C,(04)23274275,(04)23288582,2025,09,13,22,21,臺中市,南區,0,1,0,7,1,6,50,4,1,1,5,4,6,6,2,1,5,5,5,2,11,3,10,3,1,B03,7,6,1,8,2,2,,11,11,1,6,4,120.6685,24.129403,2
5301,66000,387130000C,(04)23274275,(04)23288582,2025,09,13,22,25,臺中市,中區,0,1,0,7,1,6,50,13,9,1,5,4,6,6,1,1,10,5,5,1,17,3,10,5,4,B01,7,9,1,4,2,1,,84,84,1,12,4,120.684403,24.142256,2
5302,66000,387130000C,(04)23274275,(04)23288582,2025,09,13,22,30,臺中市,西屯區,0,2,0,7,1,6,40,12,24,1,5,4,6,6,4,4,1,4,3,2,18,2,7,1,4,C03,7,15,1,10,2,11,,82,82,1,12,4,120.597192,24.181758,2
5303,66000,387130000C,(04)23274275,(04)23288582,2025,09,13,22,43,臺中市,北區,0,0,0,7,,,0,,,,,,,,,,,,,,17,,,,,C03,,,7,,9,,,85,85,1,13,4,120.684664,24.158944,4
5304,66000,387130000C,(04)23274275,(04)23288582,2025,09,13,22,45,臺中市,豐原區,0,0,0,7,,,50,,,,,,,,,,,,,,17,,,,,B03,,,1,,9,,,84,84,1,6,4,120.744373,24.264529,3
5305,66000,387130000C,(04)23274275,(04)23288582,2025,09,13,22,49,臺中市,太平區,0,0,0,7,,,30,,,,,,,,,,,,,,,,,,,B03,,,1,,1,,,84,84,1,12,4,120.705904,24.154891,3
5306,66000,387130000C,(04)23274275,(04)23288582,2025,09,13,23,2,臺中市,豐原區,0,1,0,7,1,6,60,13,9,1,5,4,6,6,4,4,1,4,1,1,23,2,9,5,4,B03,7,9,1,8,8,1,,53,53,1,12,4,120.729087,24.27745,2
5307,66000,387130000C,(04)23274275,(04)23288582,2025,09,13,23,5,臺中市,后里區,0,1,0,7,1,6,50,13,9,1,5,4,6,6,4,4,5,5,5,1,19,2,9,1,1,C03,7,9,1,10,2,11,,59,59,1,6,4,120.687126,24.290906,2
5308,66000,387130000C,(04)23274275,(04)23288582,2025,09,13,23,34,臺中市,西屯區,0,2,0,7,1,6,50,3,1,1,5,4,6,6,4,4,10,5,5,2,3,2,8,1,1,C03,7,9,1,10,2,11,,59,59,1,12,4,120.667185,24.178179,2
5309,66000,387130000C,(04)23274275,(04)23288582,2025,09,13,23,35,臺中市,太平區,0,1,0,7,1,6,50,13,14,1,5,4,6,6,4,4,5,2,5,1,17,2,9,1,1,F02,7,9,7,21,8,11,,58,58,1,6,4,120.707071,24.116928,2
5310,66000,387130000C,(04)23274275,(04)23288582,2025,09,13,23,37,臺中市,南區,0,0,0,7,,,40,,,,,,,,,,,,,,,,,,,C03,,,1,,2,,,7,7,1,13,4,120.6646,24.122522,3
5311,66000,387130000C,(04)23274275,(04)23288582,2025,09,13,23,48,臺中市,南屯區,0,2,0,7,1,6,50,13,9,1,5,4,6,6,2,1,5,4,5,2,13,2,9,2,1,C03,7,9,1,10,2,11,,56,56,1,13,4,120.632705,24.137476,2
5312,66000,387130000C,(04)23274275,(04)23288582,2025,09,14,0,0,臺中市,西區,0,1,0,7,1,6,50,4,4,1,5,4,6,6,1,1,5,4,5,2,13,3,10,1,1,C03,7,9,1,10,2,11,,7,7,1,12,4,120.681997,24.135918,2
5313,66000,387130000C,(04)23274275,(04)23288582,2025,09,14,0,35,臺中市,北區,0,0,0,7,,,50,,,,,,,,,,,,,,28,,,,,,,,,,,,,118,118,1,,,120.687408,24.155646,3
5314,66000,387130000C,(04)23274275,(04)23288582,2025,09,14,1,8,臺中市,西屯區,0,1,0,7,1,6,50,4,1,1,5,4,6,6,2,1,10,5,5,2,18,2,9,2,1,C03,7,6,1,10,2,12,,43,43,1,12,4,120.632545,24.170095,2
5315,66000,387130000C,(04)23274275,(04)23288582,2025,09,14,1,13,臺中市,北屯區,0,0,0,7,,,50,,,,,,,,,,,,,,13,,,,,B01,,,1,,1,,,7,7,1,12,4,120.70396,24.182162,3
5316,66000,387130000C,(04)23274275,(04)23288582,2025,09,14,2,10,臺中市,神岡區,0,1,0,7,1,6,40,13,9,1,5,4,6,6,4,4,10,5,5,1,27,2,9,4,4,B03,7,9,1,8,2,5,,59,59,1,12,4,120.672881,24.244148,2
5317,66000,387130000C,(04)23274275,(04)23288582,2025,09,14,2,15,臺中市,北區,0,0,0,7,,,50,,,,,,,,,,,,,,17,,,,,B03,,,1,,2,,,8,8,1,13,4,120.693265,24.155754,3
5318,66000,387130000C,(04)23274275,(04)23288582,2025,09,14,2,20,臺中市,北屯區,0,0,0,7,,,50,,,,,,,,,,,,,,13,,,,,B03,,,1,,2,,,55,55,1,13,4,120.686267,24.181646,3
5319,66000,387130000C,(04)23274275,(04)23288582,2025,09,14,2,30,臺中市,北屯區,0,1,0,7,1,6,40,13,8,1,5,4,6,6,4,4,5,5,4,2,17,2,1,2,1,C04,7,9,5,19,2,12,12,84,84,1,12,4,120.696394,24.182175,2
5320,66000,387130000C,(04)23274275,(04)23288582,2025,09,14,3,46,臺中市,南區,0,0,0,7,,,,,,,,,,,,,,,,,,,,,,,,,,,,,,86,86,1,,,120.656611,24.12447,3
5321,66000,387130000C,(04)23274275,(04)23288582,2025,09,14,3,53,臺中市,后里區,0,1,0,7,1,6,50,11,24,1,5,4,6,6,4,4,5,4,4,1,19,2,9,1,1,C01,7,9,1,9,2,11,,59,59,1,6,4,120.728279,24.326347,2
5322,66000,387130000C,(04)23274275,(04)23288582,2025,09,14,4,7,臺中市,西屯區,0,2,0,7,1,6,30,3,1,1,5,4,6,6,4,4,10,5,5,2,16,3,10,3,1,B03,7,5,1,8,2,8,,12,12,1,12,4,120.656212,24.1598,2
5323,66000,387130000C,(04)23274275,(04)23288582,2025,09,14,5,6,臺中市,西屯區,0,1,0,7,1,6,50,3,1,1,5,4,6,6,1,1,1,4,5,1,17,3,10,5,4,B03,7,8,1,8,2,3,,40,40,1,13,4,120.646833,24.157008,2
5324,66000,387130000C,(04)23274275,(04)23288582,2025,09,14,5,9,臺中市,中區,0,3,0,7,1,6,50,4,1,1,5,4,6,6,1,1,10,5,5,1,9,2,9,5,4,C03,7,5,1,10,2,16,,84,84,1,12,4,120.680994,24.14383,2
5325,66000,387130000C,(04)23274275,(04)23288582,2025,09,14,5,29,臺中市,北屯區,0,0,0,7,,,50,,,,,,,,,,,,,,14,,,,,B03,,,1,,1,,,49,49,1,12,4,120.685854,24.180227,3
5326,66000,387130000C,(04)23274275,(04)23288582,2025,09,14,5,32,臺中市,西屯區,0,0,0,7,,,50,,,,,,,,,,,,,,12,,,,,B03,,,1,,2,,,43,43,1,12,4,120.620864,24.18944,3
5327,66000,387130000C,(04)23274275,(04)23288582,2025,09,14,5,47,臺中市,潭子區,0,0,0,7,,3,80,,,,,,,,,,,,,,,,,,,B03,,,1,,2,,,60,60,1,13,4,120.709739,24.200514,3
5328,66000,387130000C,(04)23274275,(04)23288582,2025,09,14,5,56,臺中市,大里區,0,1,0,7,2,6,30,3,2,1,5,4,6,6,4,4,10,5,5,2,17,2,7,1,1,C03,7,15,1,10,2,14,,84,84,1,13,4,120.700255,24.105396,2
5329,66000,387130000C,(04)23274275,(04)23288582,2025,09,14,6,2,臺中市,大里區,0,2,0,7,1,6,40,3,1,1,5,4,6,6,1,1,1,3,4,1,16,2,9,1,1,C03,7,9,1,10,2,11,,21,21,1,12,4,120.693245,24.090183,2
5330,66000,387130000C,(04)23274275,(04)23288582,2025,09,14,6,37,臺中市,豐原區,0,1,0,7,2,6,50,4,2,1,5,4,6,6,1,1,5,5,4,1,13,2,8,1,1,C03,7,9,1,10,2,11,,7,7,1,13,4,120.722602,24.255845,2
5331,66000,387130000C,(04)23274275,(04)23288582,2025,09,14,6,47,臺中市,豐原區,0,2,0,7,2,6,30,13,9,1,5,4,6,6,4,4,10,5,5,2,10,2,9,1,1,C03,7,9,1,10,2,11,,41,41,1,13,4,120.709598,24.23802,2
5332,66000,387130000C,(04)23274275,(04)23288582,2025,09,14,6,50,臺中市,大雅區,0,1,0,7,1,6,50,4,1,1,5,4,6,6,1,1,10,5,5,2,15,3,10,3,1,B03,7,9,1,7,2,8,,21,21,1,12,4,120.645807,24.225758,2
5333,66000,387130000C,(04)23274275,(04)23288582,2025,09,14,6,52,臺中市,大里區,0,0,0,7,,,,,,,,,,,,,,,,,,,,,,,,,,,,,,119,119,1,,,120.688069,24.11229,3
5334,66000,387130000C,(04)23274275,(04)23288582,2025,09,14,6,58,臺中市,石岡區,0,0,0,7,,,50,,,,,,,,,,,,,,,,,,,B03,,,1,,2,,,43,43,1,12,4,120.807726,24.266895,3
5335,66000,387130000C,(04)23274275,(04)23288582,2025,09,14,7,0,臺中市,外埔區,0,1,0,7,2,6,50,13,14,1,5,4,6,6,4,4,9,5,5,1,12,2,9,1,1,F03,7,9,7,21,2,11,,59,59,1,12,4,120.651792,24.347391,2
5336,66000,387130000C,(04)23274275,(04)23288582,2025,09,14,7,7,臺中市,太平區,0,1,0,7,3,6,30,13,9,1,5,4,6,6,4,4,10,5,5,2,9,3,10,3,1,B03,7,9,1,8,2,5,,8,8,1,12,4,120.726743,24.149514,2
5337,66000,387130000C,(04)23274275,(04)23288582,2025,09,14,7,15,臺中市,沙鹿區,0,1,0,7,3,6,50,4,1,1,5,4,6,6,1,1,10,5,5,2,16,3,10,3,1,B03,7,6,1,8,2,1,,11,11,1,9,4,120.567015,24.211754,2
5338,66000,387130000C,(04)23274275,(04)23288582,2025,09,14,7,17,臺中市,北區,0,1,0,7,3,6,50,13,7,1,5,4,6,6,4,4,3,4,4,2,18,2,9,1,1,C03,7,9,3,19,2,12,,84,84,1,12,4,120.69458,24.157463,2
5339,66000,387130000C,(04)23274275,(04)23288582,2025,09,14,7,17,臺中市,沙鹿區,0,0,0,7,,,50,,,,,,,,,,,,,,,,,,,B12,,,1,,1,,,8,8,1,12,4,120.557844,24.235726,3
5340,66000,387130000C,(04)23274275,(04)23288582,2025,09,14,7,21,臺中市,大里區,0,2,0,7,3,6,50,4,1,1,5,4,6,6,1,1,10,5,5,2,12,2,9,6,1,F01,7,6,7,21,2,14,,42,42,1,12,4,120.680384,24.099924,2
5341,66000,387130000C,(04)23274275,(04)23288582,2025,09,14,7,22,臺中市,烏日區,0,0,0,7,,,50,,,,,,,,,,,,,,17,,,,,B03,,,5,,1,,,51,51,1,6,4,120.622405,24.106236,3
5342,66000,387130000C,(04)23274275,(04)23288582,2025,09,14,7,31,臺中市,太平區,0,1,0,7,2,6,50,4,2,1,5,4,6,6,2,1,5,5,5,1,18,2,7,2,1,C03,7,9,1,10,2,14,,84,84,1,12,4,120.719489,24.131668,2
5343,66000,387130000C,(04)23274275,(04)23288582,2025,09,14,7,37,臺中市,梧棲區,0,1,0,7,3,6,50,13,14,1,5,4,6,6,4,4,1,4,1,1,17,2,9,4,1,F01,7,9,7,21,2,12,,59,59,1,6,4,120.540191,24.261247,2
5344,66000,387130000C,(04)23274275,(04)23288582,2025,09,14,7,44,臺中市,北屯區,0,2,0,6,2,6,50,13,9,1,5,4,6,6,4,4,5,4,4,2,13,2,9,1,1,C03,7,9,1,10,2,11,,59,59,1,6,4,120.732849,24.177053,2
5345,66000,387130000C,(04)23274275,(04)23288582,2025,09,14,7,44,臺中市,沙鹿區,0,0,0,7,,,30,,,,,,,,,,,,,,17,,,,,B03,,,1,,2,,,8,8,1,12,4,120.567152,24.197992,3
5346,66000,387130000C,(04)23274275,(04)23288582,2025,09,14,7,58,臺中市,大肚區,0,0,0,7,,,40,,,,,,,,,,,,,,13,,,,,C03,,,1,,2,,,7,7,1,6,4,120.5829,24.168496,3
5347,66000,387130000C,(04)23274275,(04)23288582,2025,09,14,8,8,臺中市,西屯區,0,1,0,7,2,6,50,13,9,1,5,4,6,6,4,4,5,5,5,2,13,2,8,2,1,C03,7,9,1,10,2,11,,55,55,1,12,4,120.664903,24.169893,2
5348,66000,387130000C,(04)23274275,(04)23288582,2025,09,14,8,23,臺中市,豐原區,0,2,0,7,3,6,30,13,13,1,5,4,6,6,4,4,10,5,5,2,2,2,9,1,1,F01,7,9,7,21,9,11,,85,85,1,13,4,120.716211,24.244826,2
5349,66000,387130000C,(04)23274275,(04)23288582,2025,09,14,8,24,臺中市,豐原區,0,0,0,7,2,6,50,4,14,1,5,4,6,6,4,4,1,4,4,1,14,3,10,3,1,B03,7,1,1,8,2,5,,51,51,1,12,4,120.757768,24.275929,3
5350,66000,387130000C,(04)23274275,(04)23288582,2025,09,14,8,43,臺中市,北區,0,1,0,7,2,6,50,3,1,1,5,4,6,6,1,1,10,5,5,2,17,3,10,5,4,B03,7,5,1,8,2,2,,84,84,1,12,4,120.668167,24.173221,2
5351,66000,387130000C,(04)23274275,(04)23288582,2025,09,14,8,48,臺中市,北屯區,0,0,0,7,,,50,,,,,,,,,,,,,,13,,,,,B03,,,1,8,1,,,84,84,1,6,4,120.691057,24.181745,3
5352,66000,387130000C,(04)23274275,(04)23288582,2025,09,14,8,55,臺中市,北區,0,0,0,7,,,30,,,,,,,,,,,,,,14,,,,,B12,,,1,,9,,,49,49,2,13,4,120.693759,24.161325,3
5353,66000,387130000C,(04)23274275,(04)23288582,2025,09,14,8,55,臺中市,沙鹿區,0,2,0,7,2,6,50,3,1,1,5,4,6,6,4,4,10,5,5,2,17,2,7,1,1,F03,7,6,7,21,2,13,,14,14,1,12,4,120.556912,24.232621,2
5354,66000,387130000C,(04)23274275,(04)23288582,2025,09,14,8,59,臺中市,東區,0,0,0,7,,,50,,,,,,,,,,,,,,17,,,,,,,,,,,,,119,119,1,,,120.700153,24.139063,3
5355,66000,387130000C,(04)23274275,(04)23288582,2025,09,14,9,12,臺中市,霧峰區,0,2,0,7,3,6,50,13,9,1,5,4,6,6,4,4,9,5,5,1,17,2,9,1,1,C03,7,1,1,10,9,11,,51,51,1,13,4,120.727718,24.060427,2
5356,66000,387130000C,(04)23274275,(04)23288582,2025,09,14,9,15,臺中市,北屯區,0,3,0,7,3,6,30,4,1,1,5,4,6,6,4,4,10,5,5,2,16,2,9,2,1,C03,7,6,1,10,2,11,,14,14,1,6,4,120.665313,24.178913,2
5357,66000,387130000C,(04)23274275,(04)23288582,2025,09,14,9,16,臺中市,南屯區,0,1,0,7,3,6,50,13,9,1,5,4,6,6,4,4,9,5,5,2,12,2,9,1,1,C03,7,9,1,10,2,12,,59,59,1,12,4,120.643962,24.132079,2
5358,66000,387130000C,(04)23274275,(04)23288582,2025,09,14,9,16,臺中市,西屯區,0,1,0,7,2,6,50,3,1,1,5,4,6,6,2,1,10,5,5,2,16,2,9,2,1,C03,7,6,1,9,2,12,,11,11,1,13,4,120.617104,24.174158,2
5359,66000,387130000C,(04)23274275,(04)23288582,2025,09,14,9,16,臺中市,大里區,0,2,0,7,3,6,50,3,1,1,5,4,6,6,4,4,10,5,5,2,16,2,9,1,1,C03,7,6,1,10,2,11,,20,20,1,13,4,120.703531,24.088043,2
5360,66000,387130000C,(04)23274275,(04)23288582,2025,09,14,9,20,臺中市,大安區,0,1,0,7,3,6,50,13,9,1,5,4,6,6,4,4,8,5,5,1,17,3,10,5,4,C03,7,1,1,10,2,12,,51,51,1,12,4,120.580903,24.350415,2
5361,66000,387130000C,(04)23274275,(04)23288582,2025,09,14,9,23,臺中市,霧峰區,0,0,0,7,,,40,,,,,,,,,,,,,,17,,,,,C03,,,1,,11,,,84,84,2,13,4,120.713329,24.0773,3
5362,66000,387130000C,(04)23274275,(04)23288582,2025,09,14,9,24,臺中市,西區,0,0,0,7,3,6,50,13,9,1,5,4,6,6,4,,8,3,5,2,12,,,,,B03,,,1,,1,,,84,84,1,13,4,120.674562,24.13292,3
5363,66000,387130000C,(04)23274275,(04)23288582,2025,09,14,9,25,臺中市,大里區,0,2,0,7,3,6,50,3,9,1,5,4,6,6,4,4,5,4,5,1,12,2,9,1,1,C03,7,11,1,10,2,11,,46,46,1,12,4,120.687627,24.115349,2
5364,66000,387130000C,(04)23274275,(04)23288582,2025,09,14,9,37,臺中市,烏日區,0,3,0,7,3,6,50,4,1,1,5,4,6,6,1,1,5,4,5,1,16,2,7,1,1,C04,7,9,1,10,2,11,,21,21,1,12,4,120.633383,24.098297,2
5365,66000,387130000C,(04)23274275,(04)23288582,2025,09,14,9,43,臺中市,梧棲區,0,2,0,7,3,6,40,13,8,1,5,4,6,6,4,4,1,4,1,1,13,2,8,1,1,C03,7,9,1,10,2,11,,7,7,1,6,4,120.553988,24.243803,2
5366,66000,387130000C,(04)23274275,(04)23288582,2025,09,14,9,44,臺中市,北屯區,0,1,0,7,3,6,50,3,2,1,5,4,6,6,1,1,5,5,4,2,17,2,9,2,1,C03,7,9,1,10,9,11,,84,84,1,6,4,120.710708,24.191747,2
5367,66000,387130000C,(04)23274275,(04)23288582,2025,09,14,9,46,臺中市,大里區,0,0,0,7,,,30,,,,,,,,,,,,,,9,,,,,B03,,,1,,1,,,49,49,1,12,4,120.715877,24.085317,3
5368,66000,387130000C,(04)23274275,(04)23288582,2025,09,14,9,48,臺中市,西屯區,0,2,0,7,2,6,50,4,1,1,5,4,6,6,2,1,10,5,5,2,16,3,10,5,4,B03,7,6,1,8,2,8,,48,48,1,12,4,120.615837,24.176269,2
5369,66000,387130000C,(04)23274275,(04)23288582,2025,09,14,9,50,臺中市,西區,0,0,0,7,,,50,,,,,,,,,,,,,,13,,,,,B03,,,1,,1,,,59,59,1,12,4,120.657267,24.149861,3
5370,66000,387130000C,(04)23274275,(04)23288582,2025,09,14,9,53,臺中市,南屯區,0,1,0,7,2,6,50,4,1,1,5,4,6,6,1,1,5,5,5,2,16,3,10,3,1,B03,7,5,1,8,2,5,,84,84,1,12,4,120.637309,24.130189,2
5371,66000,387130000C,(04)23274275,(04)23288582,2025,09,14,9,56,臺中市,西區,0,2,0,7,2,6,50,4,1,1,5,4,6,6,1,1,10,5,5,2,16,3,10,5,4,B12,7,5,1,8,2,2,,11,11,1,12,4,120.656361,24.155923,2
5372,66000,387130000C,(04)23274275,(04)23288582,2025,09,14,9,57,臺中市,太平區,0,0,0,7,,,50,,,,,,,,,,,,,,13,,,,,B03,,,1,,1,,,84,84,1,12,4,120.714847,24.140286,3
5373,66000,387130000C,(04)23274275,(04)23288582,2025,09,14,10,0,臺中市,大雅區,0,0,0,7,,,70,,,,,,,,,,,,,,16,,,,,B12,,,1,,2,,,20,20,1,12,4,120.637008,24.234492,3
5374,66000,387130000C,(04)23274275,(04)23288582,2025,09,14,10,3,臺中市,大甲區,0,2,0,7,2,6,70,3,1,1,5,4,6,6,1,1,3,4,4,1,13,2,9,2,1,C03,7,1,3,19,2,11,,51,51,1,6,4,120.641148,24.403097,2
5375,66000,387130000C,(04)23274275,(04)23288582,2025,09,14,10,5,臺中市,烏日區,0,1,0,7,2,6,30,13,9,1,5,4,6,6,4,4,10,5,5,2,11,2,8,2,1,C03,7,15,1,10,1,14,,8,8,1,6,4,120.605727,24.11865,2
5376,66000,387130000C,(04)23274275,(04)23288582,2025,09,14,10,7,臺中市,西屯區,0,0,0,7,,,50,,,,,,,,,,,,,,,,,,,B03,,,1,,1,,,51,51,1,12,4,120.638732,24.15779,3