﻿序號,縣市別代碼,機關代碼,市話,傳真,年,月,日,時,分,縣市,區,死亡數量,受傷數量,2-30,天候,道路照明設備,道路類別,道路速限,道路型態,事故位置,路面鋪裝,路面狀態,路面缺陷,障礙物,視距,號誌種類,號誌動作,分向設施,快車道或一般車道間,快慢車道間,路面邊線,事故類型及型態,受傷程度,主要傷處,保護裝備,行動電話或功能裝置,當事者區分_類別,車輛用途,當事者行動狀態,駕照狀態,駕照種類,飲酒情形,車輛撞擊部位最初,車輛撞擊部位其他,肇事因素個別,肇事因素主要,肇事逃逸,職業,共享經濟或外送平台,GPS座標X,GPS座標Y,事故類別
5377,66000,387130000C,(04)23274275,(04)23288582,2025,09,14,10,8,臺中市,西屯區,0,0,0,7,,,60,,,,,,,,,,,,,,12,,,,,B03,,,5,,2,,,8,8,1,12,4,120.65654,24.158943,3
5378,66000,387130000C,(04)23274275,(04)23288582,2025,09,14,10,11,臺中市,中區,0,0,0,7,3,6,50,13,9,1,5,4,6,6,4,4,8,3,5,2,17,,,,,B03,,,1,,1,,,7,7,1,13,4,120.680839,24.139152,3
5379,66000,387130000C,(04)23274275,(04)23288582,2025,09,14,10,16,臺中市,西屯區,0,0,0,7,,,50,,,,,,,,,,,,,,17,,,,,B03,,,1,,2,,,50,50,1,13,4,120.654972,24.168699,3
5380,66000,387130000C,(04)23274275,(04)23288582,2025,09,14,10,17,臺中市,北區,0,1,0,7,3,6,50,3,1,1,5,4,6,6,1,1,10,5,5,2,16,3,10,3,1,B03,7,5,1,8,2,2,,20,20,1,12,4,120.68838,24.151777,2
5381,66000,387130000C,(04)23274275,(04)23288582,2025,09,14,10,17,臺中市,烏日區,0,0,0,7,,,50,,,,,,,,,,,,,,,,,,,B03,,,1,,1,,,7,7,1,6,4,120.618501,24.102656,3
5382,66000,387130000C,(04)23274275,(04)23288582,2025,09,14,10,18,臺中市,北區,0,0,0,7,,,50,,,,,,,,,,,,,,15,,,,,B03,,,1,,1,5,,15,15,1,12,4,120.679966,24.162541,3
5383,66000,387130000C,(04)23274275,(04)23288582,2025,09,14,10,19,臺中市,北區,0,0,0,7,,,30,,,,,,,,,,,,,,14,,,,,B03,,,1,,1,,,49,49,1,12,4,120.675129,24.162784,3
5384,66000,387130000C,(04)23274275,(04)23288582,2025,09,14,10,20,臺中市,后里區,0,2,0,7,2,6,50,3,1,1,5,4,6,6,1,1,10,5,5,2,12,2,9,1,1,F06,7,6,7,21,2,14,,11,11,1,12,4,120.71476,24.310293,2
5385,66000,387130000C,(04)23274275,(04)23288582,2025,09,14,10,27,臺中市,西區,0,1,0,7,2,6,50,4,1,1,5,4,6,6,1,1,9,4,5,2,12,2,9,1,1,C03,7,9,1,10,2,11,,84,84,1,12,4,120.66175,24.131503,2
5386,66000,387130000C,(04)23274275,(04)23288582,2025,09,14,10,44,臺中市,清水區,0,2,0,7,3,6,30,13,9,1,5,4,6,6,4,4,10,5,5,1,17,2,8,4,1,F01,7,1,7,21,1,14,,51,51,1,3,4,120.601621,24.267786,2
5387,66000,387130000C,(04)23274275,(04)23288582,2025,09,14,10,46,臺中市,太平區,0,0,0,7,,,50,,,,,,,,,,,,,,17,,,,,B03,,,1,,2,,,84,84,1,12,4,120.718557,24.11402,3
5388,66000,387130000C,(04)23274275,(04)23288582,2025,09,14,10,50,臺中市,沙鹿區,0,0,0,7,2,6,40,4,8,1,5,4,6,6,1,,4,3,4,2,12,,,,,C03,,,1,,1,,,36,36,1,12,4,120.565136,24.242918,3
5389,66000,387130000C,(04)23274275,(04)23288582,2025,09,14,10,58,臺中市,南屯區,0,1,0,7,2,6,50,3,1,1,5,4,6,6,4,4,1,5,5,2,17,3,10,3,1,B03,7,11,1,8,2,5,,45,45,1,6,4,120.608376,24.144852,2
5390,66000,387130000C,(04)23274275,(04)23288582,2025,09,14,11,0,臺中市,西區,0,0,0,7,,,50,,,,,,,,,,,,,,,,,,,B03,,,1,8,1,,,84,84,1,13,4,120.6612,24.134237,3
5391,66000,387130000C,(04)23274275,(04)23288582,2025,09,14,11,3,臺中市,沙鹿區,0,0,0,7,,,30,,,,,,,,,,,,,,35,,,,,B03,,,1,,2,,,14,14,1,12,4,120.598241,24.218191,3
5392,66000,387130000C,(04)23274275,(04)23288582,2025,09,14,11,20,臺中市,東區,0,1,0,7,2,6,50,3,1,1,5,4,6,6,4,4,3,4,5,2,13,2,9,2,1,C03,7,5,1,10,2,11,,84,84,1,13,4,120.68637,24.135737,2
5393,66000,387130000C,(04)23274275,(04)23288582,2025,09,14,11,28,臺中市,西屯區,0,0,0,7,,,40,,,,,,,,,,,,,,17,,,,,B03,,,1,,2,,,8,8,1,13,4,120.668683,24.177874,3
5394,66000,387130000C,(04)23274275,(04)23288582,2025,09,14,11,30,臺中市,東區,0,0,0,7,,,50,,,,,,,,,,,,,,17,,,,,B03,,,1,,1,,,7,7,1,13,4,120.695312,24.133063,3
5395,66000,387130000C,(04)23274275,(04)23288582,2025,09,14,11,32,臺中市,太平區,0,0,0,7,,,50,,,,,,,,,,,,,,16,,,,,B03,,,1,,1,,,8,8,1,12,4,120.71624,24.133456,3
5396,66000,387130000C,(04)23274275,(04)23288582,2025,09,14,11,33,臺中市,北屯區,0,2,0,7,2,6,50,4,4,1,5,4,6,6,2,1,10,5,5,2,12,2,9,2,1,C03,7,9,3,19,2,11,,84,84,1,12,4,120.665086,24.183832,2
5397,66000,387130000C,(04)23274275,(04)23288582,2025,09,14,11,35,臺中市,霧峰區,0,0,0,7,,,50,,,,,,,,,,,,,,17,,,,,C03,,,1,,1,,,7,7,1,13,4,120.707524,24.07637,3
5398,66000,387130000C,(04)23274275,(04)23288582,2025,09,14,11,39,臺中市,霧峰區,0,0,0,7,,3,70,,,,,,,,,,,,,,17,,,,,B03,,,1,,2,,,8,8,1,12,4,120.687935,24.058851,3
5399,66000,387130000C,(04)23274275,(04)23288582,2025,09,14,11,40,臺中市,南區,0,0,0,7,,,50,,,,,,,,,,,,,,13,,,,,B03,,,1,,1,,,84,84,1,12,4,120.658363,24.128485,3
5400,66000,387130000C,(04)23274275,(04)23288582,2025,09,14,11,40,臺中市,北屯區,0,0,0,7,,,50,,,,,,,,,,,,,,12,,,,,B03,,,1,,1,,,8,8,1,6,4,120.720286,24.176637,3
5401,66000,387130000C,(04)23274275,(04)23288582,2025,09,14,11,43,臺中市,沙鹿區,0,0,0,7,,,60,,,,,,,,,,,,,,,,,,,B03,,,1,,2,,,7,7,1,12,4,120.578451,24.223289,3
5402,66000,387130000C,(04)23274275,(04)23288582,2025,09,14,11,44,臺中市,龍井區,0,0,0,7,,,50,,,,,,,,,,,,,,17,,,,,B12,,,1,,2,,,84,84,1,6,4,120.596347,24.188459,3
5403,66000,387130000C,(04)23274275,(04)23288582,2025,09,14,11,44,臺中市,神岡區,0,1,0,7,2,6,50,3,1,1,5,4,6,6,2,1,10,5,5,1,16,3,10,5,4,C03,7,9,1,10,2,11,,21,21,1,13,4,120.682525,24.246128,2
5404,66000,387130000C,(04)23274275,(04)23288582,2025,09,14,11,47,臺中市,北屯區,0,0,0,7,,,30,,,,,,,,,,,,,,12,,,,,B03,,,1,4,1,,,84,84,1,6,4,120.724474,24.176886,3
5405,66000,387130000C,(04)23274275,(04)23288582,2025,09,14,11,50,臺中市,清水區,0,0,0,7,,,40,,,,,,,,,,,,,,13,,,,,B12,,,1,,1,,,82,82,1,13,4,120.57487,24.267796,3
5406,66000,387130000C,(04)23274275,(04)23288582,2025,09,14,11,52,臺中市,神岡區,0,0,0,7,,,50,,,,,,,,,,,,,,16,,,,,C03,,,1,,2,,,47,47,1,12,4,120.681805,24.249906,3
5407,66000,387130000C,(04)23274275,(04)23288582,2025,09,14,11,53,臺中市,南屯區,0,1,0,7,2,6,50,3,1,1,5,4,6,6,4,4,5,5,5,2,17,2,9,2,1,C03,7,9,1,10,2,12,,6,6,1,12,4,120.654535,24.136049,2
5408,66000,387130000C,(04)23274275,(04)23288582,2025,09,14,12,0,臺中市,東區,0,0,0,7,,,50,,,,,,,,,,,,,,12,,,,,B03,,,1,,1,,,84,84,1,13,4,120.683975,24.134812,4
5409,66000,387130000C,(04)23274275,(04)23288582,2025,09,14,12,5,臺中市,太平區,0,1,0,7,2,6,50,13,9,1,5,4,6,6,4,4,9,4,5,2,16,3,10,3,1,B03,7,1,1,8,2,1,,51,51,1,13,4,120.724038,24.124056,2
5410,66000,387130000C,(04)23274275,(04)23288582,2025,09,14,12,9,臺中市,神岡區,0,2,0,7,2,6,50,5,1,1,5,4,6,6,2,1,10,5,5,1,16,2,9,5,4,C03,7,6,1,10,2,11,12,11,11,1,13,4,120.711776,24.258059,2
5411,66000,387130000C,(04)23274275,(04)23288582,2025,09,14,12,21,臺中市,東勢區,0,2,0,7,3,6,40,13,9,1,5,4,6,6,4,4,5,5,5,1,16,2,9,2,1,C03,7,9,1,10,2,11,,85,85,1,6,4,120.835006,24.24553,2
5412,66000,387130000C,(04)23274275,(04)23288582,2025,09,14,12,23,臺中市,北區,0,0,0,7,,,50,,,,,,,,,,,,,,13,,,,,C03,,,1,,1,11,,59,59,1,12,4,120.664386,24.162057,3
5413,66000,387130000C,(04)23274275,(04)23288582,2025,09,14,12,40,臺中市,西屯區,0,2,0,7,2,6,40,3,1,1,5,4,6,6,2,1,10,5,5,2,12,2,9,5,4,C03,7,9,1,10,2,11,,59,59,1,12,4,120.609593,24.184227,2
5414,66000,387130000C,(04)23274275,(04)23288582,2025,09,14,12,44,臺中市,北區,0,1,0,7,2,6,50,4,1,1,5,4,6,6,4,4,10,5,5,2,15,3,10,5,4,C03,7,9,1,9,1,12,,15,15,1,12,4,120.685689,24.148235,2
5415,66000,387130000C,(04)23274275,(04)23288582,2025,09,14,12,44,臺中市,北屯區,0,0,0,7,,,50,,,,,,,,,,,,,,,,,,,,,,,,,,,119,119,1,,,120.715384,24.163823,3
5416,66000,387130000C,(04)23274275,(04)23288582,2025,09,14,12,46,臺中市,太平區,0,2,0,7,3,6,50,4,2,1,5,4,6,6,1,1,5,4,5,1,13,2,9,2,1,C03,7,9,3,19,2,11,,7,7,1,12,4,120.725915,24.134047,2
5417,66000,387130000C,(04)23274275,(04)23288582,2025,09,14,12,48,臺中市,南屯區,0,1,0,7,2,6,50,4,1,1,5,4,6,6,2,1,4,5,5,2,16,3,10,3,1,B03,7,6,1,8,2,5,,11,11,1,6,4,120.633437,24.149765,2
5418,66000,387130000C,(04)23274275,(04)23288582,2025,09,14,12,51,臺中市,西區,0,0,0,7,,,50,,,,,,,,,,,,,,,,,,,B03,,,1,,1,,,7,7,1,13,4,120.660215,24.149024,3
5419,66000,387130000C,(04)23274275,(04)23288582,2025,09,14,12,52,臺中市,北屯區,0,0,0,7,,3,40,,,,,,,,,,,,,,,,,,,B03,,,1,,2,,,84,84,1,12,4,120.694144,24.201018,3
5420,66000,387130000C,(04)23274275,(04)23288582,2025,09,14,12,55,臺中市,中區,0,0,0,7,,,50,,,,,,,,,,,,,,14,,,,,B03,,,1,,1,,,49,49,1,12,4,120.685949,24.140137,3
5421,66000,387130000C,(04)23274275,(04)23288582,2025,09,14,13,0,臺中市,豐原區,0,0,0,7,,,60,,,,,,,,,,,,,,17,,,,,B03,,,1,,2,,,26,26,1,13,4,120.722498,24.236557,3
5422,66000,387130000C,(04)23274275,(04)23288582,2025,09,14,13,9,臺中市,北區,0,1,0,7,2,6,50,3,1,1,5,4,6,6,1,1,10,5,5,2,13,2,9,1,1,C03,7,9,1,10,2,11,,59,59,1,12,4,120.688411,24.151722,2
5423,66000,387130000C,(04)23274275,(04)23288582,2025,09,14,13,9,臺中市,南屯區,0,1,0,7,2,6,50,3,2,1,5,4,6,6,4,4,1,4,1,2,17,3,10,3,1,B03,7,5,1,8,2,6,,14,14,1,12,4,120.646862,24.153999,2
5424,66000,387130000C,(04)23274275,(04)23288582,2025,09,14,13,11,臺中市,東區,0,1,0,7,3,9,0,18,23,4,5,4,6,6,4,4,10,5,5,2,18,2,9,5,4,C03,7,13,3,19,9,15,,84,84,1,12,4,120.696124,24.138915,2
5425,66000,387130000C,(04)23274275,(04)23288582,2025,09,14,13,16,臺中市,豐原區,0,0,0,7,,,30,,,,,,,,,,,,,,11,,,,,B03,,,1,,9,,,16,16,1,13,4,120.765307,24.217833,3
5426,66000,387130000C,(04)23274275,(04)23288582,2025,09,14,13,17,臺中市,北區,0,0,0,7,,,50,,,,,,,,,,,,,,13,,,,,B03,,,1,,1,,,59,59,1,12,4,120.687088,24.1461,3
5427,66000,387130000C,(04)23274275,(04)23288582,2025,09,14,13,19,臺中市,東區,0,0,0,7,,,50,,,,,,,,,,,,,,12,,,,,C03,,,1,,1,,,84,84,1,13,4,120.690163,24.131725,3
5428,66000,387130000C,(04)23274275,(04)23288582,2025,09,14,13,22,臺中市,神岡區,0,1,0,7,2,6,30,11,9,1,5,4,6,6,4,4,10,5,5,2,11,2,9,5,4,F01,7,9,7,21,2,11,,59,59,1,12,4,120.667597,24.253484,2
5429,66000,387130000C,(04)23274275,(04)23288582,2025,09,14,13,26,臺中市,中區,0,0,0,7,3,6,50,4,1,1,5,4,6,6,1,4,10,5,5,2,21,,,,,B12,,,1,,2,,,84,84,1,6,4,120.680034,24.144657,3
5430,66000,387130000C,(04)23274275,(04)23288582,2025,09,14,13,29,臺中市,西區,0,0,0,7,,,30,,,,,,,,,,,,,,12,,,,,B03,,,1,,2,,,8,8,1,12,4,120.656588,24.139181,3
5431,66000,387130000C,(04)23274275,(04)23288582,2025,09,14,13,31,臺中市,北區,0,0,0,7,,,50,,,,,,,,,,,,,,17,,,,,C03,,,1,,1,,,84,84,1,12,4,120.678225,24.148653,3
5432,66000,387130000C,(04)23274275,(04)23288582,2025,09,14,13,33,臺中市,北屯區,0,0,0,7,,,50,,,,,,,,,,,,,,17,,,,,B03,,,1,,1,,,84,84,1,12,4,120.717046,24.17525,3
5433,66000,387130000C,(04)23274275,(04)23288582,2025,09,14,13,38,臺中市,北屯區,0,0,0,7,,3,40,,,,,,,,,,,,,,13,,,,,B12,,,1,,1,,,7,7,1,6,4,120.722477,24.188035,3
5434,66000,387130000C,(04)23274275,(04)23288582,2025,09,14,13,40,臺中市,西屯區,0,0,0,7,,,40,,,,,,,,,,,,,,,,,,,C03,,,1,9,1,,,84,84,1,12,4,120.667812,24.178112,3
5435,66000,387130000C,(04)23274275,(04)23288582,2025,09,14,13,42,臺中市,清水區,0,2,0,7,3,6,50,13,8,1,5,4,6,6,4,4,1,4,4,2,7,2,7,1,1,F01,7,9,7,21,2,12,,58,58,1,3,4,120.578734,24.277657,2
5436,66000,387130000C,(04)23274275,(04)23288582,2025,09,14,13,44,臺中市,東區,0,1,0,7,2,6,50,4,2,1,5,4,6,6,1,1,10,5,5,2,18,2,9,1,1,C03,7,9,3,19,2,12,,87,87,1,13,4,120.689187,24.143135,2
5437,66000,387130000C,(04)23274275,(04)23288582,2025,09,14,13,45,臺中市,豐原區,0,1,0,7,2,6,50,11,9,1,5,4,6,6,4,4,5,4,5,2,17,2,9,1,1,C03,7,9,3,19,2,11,,84,84,1,12,4,120.71233,24.259878,2
5438,66000,387130000C,(04)23274275,(04)23288582,2025,09,14,13,49,臺中市,北區,0,0,0,7,,,50,,,,,,,,,,,,,,16,,,,,B03,,,1,,1,,,84,84,1,12,4,120.683437,24.15371,3
5439,66000,387130000C,(04)23274275,(04)23288582,2025,09,14,13,54,臺中市,太平區,0,0,0,7,,,50,,,,,,,,,,,,,,13,,,,,B03,,,1,,2,,,84,84,1,12,4,120.731522,24.140224,3
5440,66000,387130000C,(04)23274275,(04)23288582,2025,09,14,13,58,臺中市,南屯區,0,1,0,7,3,6,50,13,9,1,5,4,6,6,4,4,1,4,5,2,16,3,10,3,1,B03,7,5,1,8,2,5,,20,20,1,6,4,120.648701,24.13993,2
5441,66000,387130000C,(04)23274275,(04)23288582,2025,09,14,14,3,臺中市,西屯區,0,1,0,7,2,6,30,3,1,1,5,4,6,6,3,1,10,5,5,2,16,2,9,2,1,C03,7,6,1,10,2,11,,48,48,1,12,4,120.65024,24.182,2
5442,66000,387130000C,(04)23274275,(04)23288582,2025,09,14,14,4,臺中市,太平區,0,1,0,7,3,6,50,4,1,1,5,4,6,6,1,1,5,5,5,1,13,3,10,2,1,C03,7,9,3,19,2,11,,7,7,1,12,4,120.717594,24.123472,2
5443,66000,387130000C,(04)23274275,(04)23288582,2025,09,14,14,6,臺中市,北屯區,0,1,0,7,3,6,50,5,2,1,5,4,6,6,4,4,5,5,5,2,18,2,9,4,1,F01,7,9,7,21,1,12,,84,84,1,3,4,120.689514,24.180287,2
5444,66000,387130000C,(04)23274275,(04)23288582,2025,09,14,14,10,臺中市,霧峰區,0,1,0,7,3,6,30,13,9,1,5,4,6,6,4,4,10,5,5,2,18,2,9,1,1,C03,7,9,1,10,2,16,,84,84,1,13,4,120.709156,24.062997,2
5445,66000,387130000C,(04)23274275,(04)23288582,2025,09,14,14,13,臺中市,南屯區,0,0,0,7,,,50,,,,,,,,,,,,,,,,,,,C03,,,1,,2,,,48,48,1,13,4,120.605792,24.138943,3
5446,66000,387130000C,(04)23274275,(04)23288582,2025,09,14,14,16,臺中市,神岡區,0,0,0,7,,,30,,,,,,,,,,,,,,17,,,,,C03,,,1,,2,,,51,51,1,12,4,120.707848,24.261539,3
5447,66000,387130000C,(04)23274275,(04)23288582,2025,09,14,14,19,臺中市,大里區,0,2,0,7,2,6,50,5,1,1,5,4,6,6,3,1,10,5,5,1,17,2,2,3,1,B03,7,6,1,8,2,8,,84,84,1,12,4,120.680362,24.115111,2
5448,66000,387130000C,(04)23274275,(04)23288582,2025,09,14,14,25,臺中市,西屯區,0,0,0,7,,,0,,,,,,,,,,,,,,30,,,,,,,,,,,,,116,116,1,,,120.614287,24.186958,3
5449,66000,387130000C,(04)23274275,(04)23288582,2025,09,14,14,26,臺中市,西區,0,0,0,7,,,50,,,,,,,,,,,,,,,,,,,B03,,,1,,1,,,87,87,1,13,4,120.674083,24.139372,3
5450,66000,387130000C,(04)23274275,(04)23288582,2025,09,14,14,26,臺中市,東勢區,0,1,0,7,3,6,50,13,9,1,5,4,6,6,4,4,5,5,5,1,10,3,10,3,1,B03,7,9,1,8,2,8,,34,34,1,6,4,120.867882,24.168098,2
5451,66000,387130000C,(04)23274275,(04)23288582,2025,09,14,14,28,臺中市,北屯區,0,2,0,7,2,6,50,3,4,1,5,4,6,6,2,1,10,5,5,2,13,2,8,2,1,C03,7,9,1,10,2,11,,84,84,1,12,4,120.666597,24.181493,2
5452,66000,387130000C,(04)23274275,(04)23288582,2025,09,14,14,28,臺中市,西屯區,0,1,0,7,2,6,50,4,9,1,5,4,6,6,4,4,5,4,4,2,13,2,8,2,1,C03,7,9,1,10,2,12,,7,7,1,12,4,120.635258,24.166972,2
5453,66000,387130000C,(04)23274275,(04)23288582,2025,09,14,14,34,臺中市,霧峰區,0,1,0,7,2,6,50,4,1,1,5,4,6,6,4,4,10,5,5,1,17,2,9,1,1,C03,7,6,1,10,2,12,,14,14,1,13,4,120.697683,24.064749,2
5454,66000,387130000C,(04)23274275,(04)23288582,2025,09,14,14,39,臺中市,大里區,0,0,0,6,,,50,,,,,,,,,,,,,,,,,,,B03,,,1,,1,,,84,84,1,12,4,120.689599,24.106938,3
5455,66000,387130000C,(04)23274275,(04)23288582,2025,09,14,14,40,臺中市,西區,0,2,0,7,2,6,50,5,1,1,5,4,6,6,1,1,10,5,5,2,17,2,9,1,1,C03,7,15,1,10,2,11,,11,11,1,13,4,120.671987,24.140726,2
5456,66000,387130000C,(04)23274275,(04)23288582,2025,09,14,14,40,臺中市,北區,0,1,0,7,3,6,50,13,9,1,5,4,6,6,4,4,9,5,5,2,16,3,10,3,1,B03,7,5,1,8,2,2,,20,20,1,12,4,120.684816,24.155498,2
5457,66000,387130000C,(04)23274275,(04)23288582,2025,09,14,14,42,臺中市,潭子區,0,0,0,7,,,60,,,,,,,,,,,,,,,,,,,,,,,,,,,119,119,1,,,120.690094,24.226016,3
5458,66000,387130000C,(04)23274275,(04)23288582,2025,09,14,14,45,臺中市,潭子區,0,0,0,7,,,30,,,,,,,,,,,,,,,,,,,B03,,,1,,2,,,49,49,1,13,4,120.717489,24.204087,3
5459,66000,387130000C,(04)23274275,(04)23288582,2025,09,14,14,45,臺中市,沙鹿區,0,2,0,7,2,6,30,4,1,1,5,4,6,6,4,4,10,5,5,2,16,2,7,2,1,C03,7,6,1,10,2,14,,13,13,1,6,4,120.560937,24.2416,2
5460,66000,387130000C,(04)23274275,(04)23288582,2025,09,14,14,46,臺中市,新社區,0,2,0,7,2,9,50,3,2,1,5,4,6,6,4,4,5,5,5,1,27,2,9,5,4,B03,7,9,1,8,2,1,,55,55,1,13,4,120.820341,24.218681,2
5461,66000,387130000C,(04)23274275,(04)23288582,2025,09,14,14,51,臺中市,北區,0,0,0,7,,,30,,,,,,,,,,,,,,17,,,,,B03,,,1,,2,,,84,84,1,12,4,120.697502,24.160305,3
5462,66000,387130000C,(04)23274275,(04)23288582,2025,09,14,14,53,臺中市,南屯區,0,0,0,7,,,50,,,,,,,,,,,,,,,,,,,B03,,,1,,1,,,7,7,1,13,4,120.62512,24.149,3
5463,66000,387130000C,(04)23274275,(04)23288582,2025,09,14,14,56,臺中市,東區,0,0,0,7,,,50,,,,,,,,,,,,,,13,,,,,B03,,,1,,1,,,84,84,1,12,4,120.686484,24.13606,3
5464,66000,387130000C,(04)23274275,(04)23288582,2025,09,14,14,59,臺中市,西屯區,0,0,0,7,,,30,,,,,,,,,,,,,,17,,,,,B03,,,1,,9,,,84,84,1,12,4,120.586303,24.176479,3
5465,66000,387130000C,(04)23274275,(04)23288582,2025,09,14,15,0,臺中市,西屯區,0,0,0,7,,,60,,,,,,,,,,,,,,13,,,,,B03,,,1,,1,,,7,7,1,13,4,120.651891,24.161735,3
5466,66000,387130000C,(04)23274275,(04)23288582,2025,09,14,15,3,臺中市,西屯區,0,0,0,6,,,,,,,,,,,,,,,,,17,,,,,,,,,,,,,119,119,1,,,120.622515,24.184841,3
5467,66000,387130000C,(04)23274275,(04)23288582,2025,09,14,15,4,臺中市,南區,0,0,0,7,,,50,,,,,,,,,,,,,,,,,,,B03,,,1,,1,,,7,7,1,6,4,120.682929,24.134431,3
5468,66000,387130000C,(04)23274275,(04)23288582,2025,09,14,15,16,臺中市,南屯區,0,1,0,7,3,6,50,3,1,1,5,4,6,6,4,4,10,5,5,2,17,3,10,3,1,B03,7,8,1,8,2,8,,42,42,1,6,4,120.634718,24.154456,2
5469,66000,387130000C,(04)23274275,(04)23288582,2025,09,14,15,20,臺中市,后里區,0,0,0,7,3,6,40,13,9,1,5,4,6,6,4,4,10,5,5,2,17,3,10,3,1,B03,7,15,1,8,1,7,,82,82,1,6,4,120.720336,24.310141,3
5470,66000,387130000C,(04)23274275,(04)23288582,2025,09,14,15,22,臺中市,大里區,0,0,0,7,,,50,,,,,,,,,,,,,,,,,,,C03,,,1,,1,,,84,84,1,13,4,120.695371,24.084515,3
5471,66000,387130000C,(04)23274275,(04)23288582,2025,09,14,15,25,臺中市,大里區,0,1,0,7,2,6,50,3,2,1,5,4,6,6,4,4,4,5,4,1,18,2,9,1,1,C03,7,9,1,10,2,12,,84,84,1,5,4,120.688571,24.103499,2
5472,66000,387130000C,(04)23274275,(04)23288582,2025,09,14,15,28,臺中市,西區,0,0,0,6,,,30,,,,,,,,,,,,,,12,,,,,B03,,,1,,2,,,8,8,1,12,4,120.662452,24.152036,3
5473,66000,387130000C,(04)23274275,(04)23288582,2025,09,14,15,30,臺中市,神岡區,0,0,0,7,2,6,50,3,1,1,5,4,6,6,1,1,10,5,5,2,16,,,,,F02,,,1,,2,,,21,21,1,12,4,120.674878,24.251891,3
5474,66000,387130000C,(04)23274275,(04)23288582,2025,09,14,15,41,臺中市,西區,0,0,0,6,,,50,,,,,,,,,,,,,,,,,,,B02,,,1,,2,,,84,84,1,13,4,120.659054,24.136484,3
5475,66000,387130000C,(04)23274275,(04)23288582,2025,09,14,15,41,臺中市,龍井區,0,0,0,7,2,6,30,3,2,1,5,4,6,6,4,4,10,5,5,2,17,,,,,B03,,,1,,2,,,84,84,1,6,4,120.597386,24.189509,3
5476,66000,387130000C,(04)23274275,(04)23288582,2025,09,14,15,43,臺中市,西區,0,0,0,7,,,50,,,,,,,,,,,,,,,,,,,B03,,,1,,1,,,50,50,1,12,4,120.654169,24.147326,3
5477,66000,387130000C,(04)23274275,(04)23288582,2025,09,14,15,45,臺中市,豐原區,0,1,0,7,2,6,50,3,1,1,5,4,6,6,4,4,10,5,5,2,17,3,10,3,1,B03,7,15,1,8,2,1,,14,14,1,13,4,120.718977,24.243788,2
5478,66000,387130000C,(04)23274275,(04)23288582,2025,09,14,15,52,臺中市,沙鹿區,0,1,0,7,2,6,40,13,8,1,5,4,6,6,4,4,1,5,4,1,17,2,8,2,1,C03,7,9,1,10,2,12,14,8,8,1,5,4,120.57484,24.228424,2
5479,66000,387130000C,(04)23274275,(04)23288582,2025,09,14,15,52,臺中市,梧棲區,0,2,0,7,3,6,70,13,12,1,5,4,6,6,4,4,1,4,4,1,13,2,9,1,1,C03,7,9,1,10,2,11,,59,59,1,6,4,120.55898,24.257942,2
5480,66000,387130000C,(04)23274275,(04)23288582,2025,09,14,15,52,臺中市,大甲區,0,1,0,7,2,6,60,3,1,1,5,4,6,6,1,1,3,4,4,1,16,2,9,2,1,C03,7,6,1,10,2,14,,36,36,1,6,4,120.618746,24.354432,2
5481,66000,387130000C,(04)23274275,(04)23288582,2025,09,14,15,59,臺中市,大里區,0,3,0,7,1,6,50,4,2,1,5,4,6,6,4,4,10,5,5,2,17,2,9,2,1,C03,7,9,1,10,2,11,,6,6,1,13,4,120.69855,24.089683,2
5482,66000,387130000C,(04)23274275,(04)23288582,2025,09,14,16,0,臺中市,南區,0,0,0,7,,,50,,,,,,,,,,,,,,13,,,,,B03,,,1,,1,,,7,7,1,12,4,120.670235,24.111984,3
5483,66000,387130000C,(04)23274275,(04)23288582,2025,09,14,16,5,臺中市,南屯區,0,0,0,7,,,50,,,,,,,,,,,,,,,,,,,B03,,,1,,1,,,84,84,1,13,4,120.626708,24.14867,3
5484,66000,387130000C,(04)23274275,(04)23288582,2025,09,14,16,7,臺中市,西區,0,1,0,7,2,6,50,4,1,1,5,4,6,6,1,1,10,5,5,2,15,2,1,6,1,F01,7,11,7,21,2,12,,4,4,1,12,4,120.660295,24.144356,2
5485,66000,387130000C,(04)23274275,(04)23288582,2025,09,14,16,9,臺中市,后里區,0,2,0,7,2,6,40,13,8,1,5,4,6,6,4,4,1,4,4,1,12,2,9,1,1,C03,7,9,1,10,2,11,,8,8,1,6,4,120.722135,24.304683,2
5486,66000,387130000C,(04)23274275,(04)23288582,2025,09,14,16,12,臺中市,西屯區,0,1,0,7,2,6,40,3,1,1,5,4,6,6,4,4,10,5,5,1,16,3,10,3,1,B03,7,5,1,8,2,2,,47,47,1,12,4,120.638325,24.169474,2
5487,66000,387130000C,(04)23274275,(04)23288582,2025,09,14,16,13,臺中市,南屯區,0,0,0,7,,,50,,,,,,,,,,,,,,,,,,,B03,,,1,,1,,,11,11,1,12,4,120.643962,24.132079,3
5488,66000,387130000C,(04)23274275,(04)23288582,2025,09,14,16,14,臺中市,南屯區,0,3,0,7,3,3,80,13,9,1,5,4,6,6,4,4,1,4,5,1,13,3,10,3,1,B03,7,9,1,8,2,1,,7,7,1,6,4,120.61985,24.12143,2