﻿序號,縣市別代碼,機關代碼,市話,傳真,年,月,日,時,分,縣市,區,死亡數量,受傷數量,2-30,天候,道路照明設備,道路類別,道路速限,道路型態,事故位置,路面鋪裝,路面狀態,路面缺陷,障礙物,視距,號誌種類,號誌動作,分向設施,快車道或一般車道間,快慢車道間,路面邊線,事故類型及型態,受傷程度,主要傷處,保護裝備,行動電話或功能裝置,當事者區分_類別,車輛用途,當事者行動狀態,駕照狀態,駕照種類,飲酒情形,車輛撞擊部位最初,車輛撞擊部位其他,肇事因素個別,肇事因素主要,肇事逃逸,職業,共享經濟或外送平台,GPS座標X,GPS座標Y,事故類別
5600,66000,387130000C,(04)23274275,(04)23288582,2025,09,14,22,22,臺中市,北屯區,0,0,0,6,,,50,,,,,,,,,,,,,,13,,,,,B01,,,1,,1,,,59,59,1,6,4,120.683444,24.191577,3
5601,66000,387130000C,(04)23274275,(04)23288582,2025,09,14,22,38,臺中市,大雅區,0,2,0,7,3,6,50,5,2,1,5,4,6,6,1,1,5,2,5,1,17,2,9,1,1,C03,7,9,1,10,2,12,,21,21,1,12,4,120.653452,24.225411,2
5602,66000,387130000C,(04)23274275,(04)23288582,2025,09,14,22,49,臺中市,烏日區,0,0,0,6,,,50,,,,,,,,,,,,,,13,,,,,B03,,,1,,1,,,59,59,1,13,4,120.619199,24.110393,3
5603,66000,387130000C,(04)23274275,(04)23288582,2025,09,14,22,52,臺中市,西屯區,0,0,0,7,,,40,,,,,,,,,,,,,,,,,,,C03,,,1,,9,,,59,59,2,12,4,120.618341,24.164158,3
5604,66000,387130000C,(04)23274275,(04)23288582,2025,09,14,23,20,臺中市,大里區,0,0,0,7,,,40,,,,,,,,,,,,,,,,,,,B03,,,1,,2,,,84,84,1,13,4,120.700118,24.088011,3
5605,66000,387130000C,(04)23274275,(04)23288582,2025,09,14,23,33,臺中市,南區,0,1,0,7,1,6,50,4,1,1,5,4,6,6,1,1,10,5,5,2,23,2,7,3,1,B03,7,9,1,8,2,8,,55,55,1,6,4,120.670033,24.124847,2
5606,66000,387130000C,(04)23274275,(04)23288582,2025,09,14,23,35,臺中市,大里區,0,0,0,7,,,50,,,,,,,,,,,,,,16,,,,,B03,,,1,,2,,,11,11,1,6,4,120.702713,24.088214,3
5607,66000,387130000C,(04)23274275,(04)23288582,2025,09,14,23,55,臺中市,西屯區,0,1,0,7,1,6,50,4,1,1,5,4,6,6,1,1,1,4,5,2,16,2,9,2,1,C03,7,9,1,10,2,14,,7,7,1,5,4,120.59375,24.191356,2
5608,66000,387130000C,(04)23274275,(04)23288582,2025,09,15,0,0,臺中市,沙鹿區,0,1,0,7,1,6,50,4,1,1,5,4,6,6,3,1,10,5,5,2,17,3,10,3,1,B03,7,6,1,8,2,16,,20,20,1,6,4,120.573593,24.229074,2
5609,66000,387130000C,(04)23274275,(04)23288582,2025,09,15,0,2,臺中市,南屯區,0,0,0,7,,,50,,,,,,,,,,,,,,28,,,,,B03,,,1,,1,,,59,59,1,13,4,120.628758,24.151307,3
5610,66000,387130000C,(04)23274275,(04)23288582,2025,09,15,0,3,臺中市,西屯區,0,2,0,7,1,6,50,4,1,1,5,4,6,6,2,1,10,5,5,2,15,2,9,1,1,C03,7,9,1,9,2,14,,21,21,1,12,4,120.646861,24.174894,2
5611,66000,387130000C,(04)23274275,(04)23288582,2025,09,15,0,33,臺中市,南屯區,0,0,0,7,,,50,,,,,,,,,,,,,,13,,,,,B03,,,1,,2,,,59,59,1,12,4,120.646242,24.139833,3
5612,66000,387130000C,(04)23274275,(04)23288582,2025,09,15,0,52,臺中市,南屯區,0,1,0,7,1,6,40,13,8,1,5,4,6,6,4,4,9,5,4,2,12,2,9,1,1,C03,7,9,1,10,2,12,,84,84,1,12,4,120.635546,24.132177,2
5613,66000,387130000C,(04)23274275,(04)23288582,2025,09,15,1,5,臺中市,北區,0,2,0,7,1,6,50,4,1,1,5,4,6,6,1,1,10,5,5,2,17,2,8,5,4,C03,7,5,1,10,2,12,,84,84,1,13,4,120.677154,24.150953,2
5614,66000,387130000C,(04)23274275,(04)23288582,2025,09,15,1,15,臺中市,霧峰區,0,0,0,7,,,50,,,,,,,,,,,,,,,,,,,C03,,,1,,1,,,84,84,1,5,4,120.720636,24.039324,3
5615,66000,387130000C,(04)23274275,(04)23288582,2025,09,15,1,55,臺中市,霧峰區,0,0,0,7,,,40,,,,,,,,,,,,,,,,,,,B02,,,1,,2,,,49,49,1,6,4,120.671846,24.046645,3
5616,66000,387130000C,(04)23274275,(04)23288582,2025,09,15,2,54,臺中市,北區,0,1,0,7,1,6,50,13,9,1,5,4,6,6,4,4,5,4,5,2,17,2,9,5,4,C03,7,9,1,10,2,11,,84,84,1,13,4,120.673918,24.166712,2
5617,66000,387130000C,(04)23274275,(04)23288582,2025,09,15,3,0,臺中市,大雅區,0,1,0,7,1,6,40,13,9,1,5,4,6,6,4,4,1,4,5,1,19,2,9,1,1,C03,7,9,1,10,2,12,,84,84,1,12,4,120.63543,24.235604,2
5618,66000,387130000C,(04)23274275,(04)23288582,2025,09,15,6,25,臺中市,東區,0,0,0,7,,,50,,,,,,,,,,,,,,,,,,,B03,,,1,,1,,,84,84,1,13,4,120.70447,24.142728,3
5619,66000,387130000C,(04)23274275,(04)23288582,2025,09,15,6,30,臺中市,南屯區,0,1,0,7,3,6,50,4,1,1,5,4,6,6,1,1,5,4,5,2,17,2,9,2,1,C03,7,8,1,10,2,14,,84,84,1,12,4,120.636047,24.146607,2
5620,66000,387130000C,(04)23274275,(04)23288582,2025,09,15,6,35,臺中市,霧峰區,0,0,0,7,,,50,,,,,,,,,,,,,,,,,,,C03,,,1,,2,,,84,84,1,6,4,120.699216,24.068843,3
5621,66000,387130000C,(04)23274275,(04)23288582,2025,09,15,6,57,臺中市,北屯區,0,2,0,7,2,6,50,4,1,1,5,4,6,6,4,4,10,5,5,2,15,3,10,3,1,B03,7,9,1,8,2,1,,15,15,1,12,4,120.725318,24.164691,2
5622,66000,387130000C,(04)23274275,(04)23288582,2025,09,15,6,58,臺中市,東區,0,2,0,7,2,6,50,4,4,1,1,4,6,6,1,1,10,5,5,2,13,2,8,2,1,C03,7,9,1,10,2,11,,58,58,1,5,4,120.705442,24.130222,2
5623,66000,387130000C,(04)23274275,(04)23288582,2025,09,15,6,59,臺中市,大里區,0,0,0,7,3,6,50,11,6,1,5,4,,6,4,4,1,4,5,,13,,,,,B03,,,1,,2,,,84,84,1,12,4,120.699471,24.114626,3
5624,66000,387130000C,(04)23274275,(04)23288582,2025,09,15,7,0,臺中市,大雅區,0,1,0,7,1,6,50,13,9,1,5,4,6,6,4,4,1,5,5,2,17,3,10,3,1,B03,7,14,1,8,2,2,,76,76,1,13,4,120.650288,24.221764,2
5625,66000,387130000C,(04)23274275,(04)23288582,2025,09,15,7,2,臺中市,西屯區,0,2,0,7,2,6,50,5,1,1,5,4,6,6,2,1,5,4,4,2,16,2,4,5,4,C03,7,6,1,10,2,13,,23,23,1,12,4,120.664076,24.16452,2
5626,66000,387130000C,(04)23274275,(04)23288582,2025,09,15,7,7,臺中市,北區,0,3,0,7,3,6,50,4,1,1,5,4,6,6,4,4,7,5,5,2,15,2,9,1,1,C03,7,9,1,10,2,11,,15,15,1,12,4,120.679222,24.160372,2
5627,66000,387130000C,(04)23274275,(04)23288582,2025,09,15,7,7,臺中市,北屯區,0,1,0,7,2,6,50,13,9,1,5,4,6,6,4,4,5,5,5,2,12,3,10,2,1,C03,7,4,1,10,2,14,,1,1,1,12,2,120.70349,24.161955,2
5628,66000,387130000C,(04)23274275,(04)23288582,2025,09,15,7,8,臺中市,大里區,0,0,0,7,,,50,,,,,,,,,,,,,,13,,,,,B03,,,1,,2,,,84,84,1,13,4,120.694587,24.100059,3
5629,66000,387130000C,(04)23274275,(04)23288582,2025,09,15,7,10,臺中市,西屯區,0,1,0,7,2,6,50,4,1,1,5,4,6,6,2,1,10,5,5,2,16,3,10,2,1,C03,7,6,1,10,2,11,,11,11,1,12,4,120.616213,24.179508,2
5630,66000,387130000C,(04)23274275,(04)23288582,2025,09,15,7,11,臺中市,南屯區,0,2,0,7,3,6,40,13,8,1,5,4,6,6,4,4,1,5,1,2,13,2,9,2,4,C03,7,9,1,10,2,11,,7,7,1,6,4,120.613337,24.149634,2
5631,66000,387130000C,(04)23274275,(04)23288582,2025,09,15,7,13,臺中市,后里區,0,0,0,7,,,50,,,,,,,,,,,,,,13,,,,,C03,,,1,,2,,,7,7,1,12,4,120.695411,24.313158,3
5632,66000,387130000C,(04)23274275,(04)23288582,2025,09,15,7,19,臺中市,南屯區,0,1,0,7,3,6,50,13,9,1,5,4,6,6,4,4,5,5,5,2,16,3,10,3,1,A05,7,6,1,2,2,2,,39,39,1,12,4,120.60612,24.136148,2
5633,66000,387130000C,(04)23274275,(04)23288582,2025,09,15,7,20,臺中市,潭子區,0,0,0,7,,,40,,,,,,,,,,,,,,13,,,,,B12,,,1,,2,,,84,84,1,12,4,120.708513,24.231346,3
5634,66000,387130000C,(04)23274275,(04)23288582,2025,09,15,7,20,臺中市,潭子區,0,2,0,7,3,6,50,3,1,1,5,4,6,6,4,4,5,4,5,1,3,2,9,2,1,C03,7,9,1,10,2,11,,84,84,1,13,4,120.700397,24.212149,2
5635,66000,387130000C,(04)23274275,(04)23288582,2025,09,15,7,20,臺中市,西屯區,0,0,0,7,,,30,,,,,,,,,,,,,,14,,,,,B12,,,1,5,1,,,49,49,1,13,4,120.651015,24.198575,4
5636,66000,387130000C,(04)23274275,(04)23288582,2025,09,15,7,20,臺中市,烏日區,0,0,0,7,,,40,,,,,,,,,,,,,,13,,,,,C03,,,1,,2,,,7,7,1,6,4,120.614401,24.106611,3
5637,66000,387130000C,(04)23274275,(04)23288582,2025,09,15,7,21,臺中市,北屯區,0,1,0,7,2,6,30,3,1,1,5,4,6,6,4,4,10,5,5,2,16,3,10,3,1,B03,7,6,1,8,2,1,,12,12,1,6,4,120.696654,24.178307,2
5638,66000,387130000C,(04)23274275,(04)23288582,2025,09,15,7,21,臺中市,大里區,0,1,0,7,3,6,50,13,9,1,5,4,6,6,4,4,5,4,5,1,13,2,9,1,1,C03,7,9,1,10,2,11,,84,84,1,12,4,120.688554,24.103055,2
5639,66000,387130000C,(04)23274275,(04)23288582,2025,09,15,7,25,臺中市,大雅區,0,0,0,7,,,50,,,,,,,,,,,,,,,,,,,C03,,,1,,1,,,7,7,1,12,4,120.604064,24.227451,3
5640,66000,387130000C,(04)23274275,(04)23288582,2025,09,15,7,27,臺中市,太平區,0,6,0,7,2,6,40,4,4,1,5,4,6,6,1,1,5,4,4,1,13,2,9,1,1,C03,7,9,1,10,2,11,,7,7,1,12,4,120.715287,24.158896,2
5641,66000,387130000C,(04)23274275,(04)23288582,2025,09,15,7,27,臺中市,烏日區,0,1,0,7,3,6,50,4,2,1,5,4,6,6,1,1,5,5,4,1,13,3,10,1,1,C03,7,6,1,10,2,11,,7,7,1,6,4,120.62209,24.106406,2
5642,66000,387130000C,(04)23274275,(04)23288582,2025,09,15,7,31,臺中市,東勢區,0,2,0,7,2,6,50,13,9,1,5,4,6,6,4,4,9,5,5,1,11,3,10,5,4,C03,7,6,1,10,2,12,,20,20,1,13,4,120.829888,24.247694,2
5643,66000,387130000C,(04)23274275,(04)23288582,2025,09,15,7,32,臺中市,大里區,0,0,0,7,,,50,,,,,,,,,,,,,,13,,,,,B03,,,1,,2,,,7,7,1,13,4,120.687989,24.101751,3
5644,66000,387130000C,(04)23274275,(04)23288582,2025,09,15,7,33,臺中市,北區,0,0,0,7,,,50,,,,,,,,,,,,,,17,,,,,B03,,,1,,2,2,,59,59,1,12,4,120.672558,24.171615,3
5645,66000,387130000C,(04)23274275,(04)23288582,2025,09,15,7,33,臺中市,大里區,0,0,0,7,,,40,,,,,,,,,,,,,,17,,,,,C03,,,1,,2,,,8,8,1,12,4,120.681745,24.104815,3
5646,66000,387130000C,(04)23274275,(04)23288582,2025,09,15,7,34,臺中市,南屯區,0,0,0,7,,,40,,,,,,,,,,,,,,13,,,,,C03,,,1,,1,,,7,7,1,6,4,120.61439,24.148632,3
5647,66000,387130000C,(04)23274275,(04)23288582,2025,09,15,7,35,臺中市,霧峰區,0,0,0,7,,,40,,,,,,,,,,,,,,16,,,,,C03,,,1,,2,,,48,48,1,6,4,120.663578,24.076531,3
5648,66000,387130000C,(04)23274275,(04)23288582,2025,09,15,7,35,臺中市,霧峰區,0,2,0,7,3,6,40,3,1,1,5,4,6,6,4,4,10,5,5,2,12,3,10,5,4,B03,7,1,3,19,2,4,,51,51,1,13,4,120.6989,24.061574,2
5649,66000,387130000C,(04)23274275,(04)23288582,2025,09,15,7,36,臺中市,南屯區,0,2,0,7,2,6,50,13,9,1,5,4,6,6,4,4,1,4,5,2,13,2,3,3,1,B11,7,9,1,8,2,1,,7,7,1,12,4,120.647745,24.123939,2
5650,66000,387130000C,(04)23274275,(04)23288582,2025,09,15,7,37,臺中市,北屯區,0,0,0,7,,,50,,,,,,,,,,,,,,13,,,,,C03,,,1,10,1,,,7,7,1,5,4,120.686764,24.172209,3
5651,66000,387130000C,(04)23274275,(04)23288582,2025,09,15,7,38,臺中市,南區,0,1,0,7,2,6,50,4,1,1,5,4,6,6,1,1,10,5,5,2,13,2,7,1,1,C03,7,9,1,10,2,11,,84,84,1,12,4,120.666828,24.122352,2
5652,66000,387130000C,(04)23274275,(04)23288582,2025,09,15,7,38,臺中市,西屯區,0,0,0,7,,3,80,,,,,,,,,,,,,,13,,,,,B03,,,1,,1,,,7,7,1,13,4,120.632254,24.16986,3
5653,66000,387130000C,(04)23274275,(04)23288582,2025,09,15,7,40,臺中市,西屯區,0,0,0,7,,,50,,,,,,,,,,,,,,,,,,,C03,,,1,9,1,,,7,7,1,12,4,120.620842,24.189392,3
5654,66000,387130000C,(04)23274275,(04)23288582,2025,09,15,7,40,臺中市,太平區,0,0,0,7,,,50,,,,,,,,,,,,,,13,,,,,B03,,,1,,2,,,7,7,1,12,4,120.712583,24.145627,3
5655,66000,387130000C,(04)23274275,(04)23288582,2025,09,15,7,40,臺中市,烏日區,0,0,0,7,,,60,,,,,,,,,,,,,,2,,,,,B03,,,1,,1,,,8,8,1,6,4,120.612438,24.10646,3
5656,66000,387130000C,(04)23274275,(04)23288582,2025,09,15,7,42,臺中市,西屯區,0,0,0,7,,,50,,,,,,,,,,,,,,17,,,,,B03,,,1,,1,,,8,8,1,12,4,120.651759,24.165884,3
5657,66000,387130000C,(04)23274275,(04)23288582,2025,09,15,7,43,臺中市,南屯區,0,1,0,7,2,6,50,3,1,1,5,4,6,6,1,1,5,5,5,2,17,2,8,1,1,C03,7,1,1,10,2,14,,51,51,1,6,4,120.607121,24.138604,2
5658,66000,387130000C,(04)23274275,(04)23288582,2025,09,15,7,44,臺中市,西屯區,0,1,0,7,2,6,50,5,2,1,5,4,6,6,2,1,10,5,5,2,12,3,10,5,4,B03,7,9,1,8,2,5,,8,8,1,12,4,120.64295,24.177106,2
5659,66000,387130000C,(04)23274275,(04)23288582,2025,09,15,7,44,臺中市,神岡區,0,1,0,7,2,6,30,13,9,1,5,4,6,6,4,4,10,5,5,2,28,2,9,1,1,F03,7,9,7,21,2,11,,84,84,1,6,4,120.7079,24.266879,2
5660,66000,387130000C,(04)23274275,(04)23288582,2025,09,15,7,45,臺中市,北區,0,0,0,7,,,50,,,,,,,,,,,,,,13,,,,,B03,,,1,,1,,,84,84,1,12,4,120.668807,24.166976,3
5661,66000,387130000C,(04)23274275,(04)23288582,2025,09,15,7,45,臺中市,北屯區,0,1,0,7,3,6,30,4,1,1,5,4,6,6,4,4,10,5,5,2,13,3,10,3,1,B03,7,9,1,8,2,1,,7,7,1,6,4,120.679062,24.17466,2
5662,66000,387130000C,(04)23274275,(04)23288582,2025,09,15,7,45,臺中市,沙鹿區,0,0,0,7,,,30,,,,,,,,,,,,,,11,,,,,C03,,,1,,2,,,41,41,1,12,4,120.557601,24.221528,3
5663,66000,387130000C,(04)23274275,(04)23288582,2025,09,15,7,48,臺中市,潭子區,0,1,0,7,3,6,30,4,1,1,5,4,6,6,4,4,10,5,5,2,17,2,9,2,1,C03,7,6,3,19,2,12,,14,14,1,13,4,120.711299,24.210056,2
5664,66000,387130000C,(04)23274275,(04)23288582,2025,09,15,7,49,臺中市,沙鹿區,0,0,0,7,,,50,,,,,,,,,,,,,,17,,,,,C03,,,1,,2,,,40,40,1,12,4,120.579823,24.220081,3
5665,66000,387130000C,(04)23274275,(04)23288582,2025,09,15,7,50,臺中市,太平區,0,0,0,7,,,30,,,,,,,,,,,,,,,,,,,C03,,,1,,1,,,14,14,1,12,4,120.712311,24.150896,3
5666,66000,387130000C,(04)23274275,(04)23288582,2025,09,15,7,50,臺中市,神岡區,0,0,0,7,,,50,,,,,,,,,,,,,,2,,,,,C03,,,1,,1,,,59,59,1,12,4,120.696007,24.248598,3
5667,66000,387130000C,(04)23274275,(04)23288582,2025,09,15,7,51,臺中市,東區,0,1,0,7,2,6,50,3,1,1,5,4,6,6,2,1,5,5,4,2,12,2,9,2,1,C03,7,7,1,10,2,13,,40,40,1,13,4,120.693024,24.134762,2
5668,66000,387130000C,(04)23274275,(04)23288582,2025,09,15,7,51,臺中市,霧峰區,0,1,0,7,2,6,30,4,1,1,5,4,6,6,4,4,10,5,5,2,16,3,10,5,4,B03,7,6,1,8,2,8,,14,14,1,12,4,120.665636,24.07303,2
5669,66000,387130000C,(04)23274275,(04)23288582,2025,09,15,7,57,臺中市,北區,0,0,0,7,,,50,,,,,,,,,,,,,,,,,,,A04,,,1,,1,,,51,51,1,12,4,120.684754,24.151611,3
5670,66000,387130000C,(04)23274275,(04)23288582,2025,09,15,7,57,臺中市,北屯區,0,1,0,7,2,6,50,13,7,1,5,4,6,6,4,4,1,5,5,2,18,2,9,2,1,C03,7,9,1,10,2,11,,84,84,1,12,4,120.722095,24.187778,2
5671,66000,387130000C,(04)23274275,(04)23288582,2025,09,15,7,58,臺中市,西屯區,0,0,0,7,,,30,,,,,,,,,,,,,,13,,,,,C03,,,1,,1,,,7,7,1,12,4,120.628616,24.176771,3
5672,66000,387130000C,(04)23274275,(04)23288582,2025,09,15,7,58,臺中市,太平區,0,0,0,7,,,50,,,,,,,,,,,,,,17,,,,,B03,,,1,,2,,,39,39,1,12,4,120.720217,24.149071,3
5673,66000,387130000C,(04)23274275,(04)23288582,2025,09,15,8,0,臺中市,南屯區,0,0,0,7,,,50,,,,,,,,,,,,,,,,,,,B03,,,1,,1,,,7,7,1,12,4,120.587186,24.160977,3
5674,66000,387130000C,(04)23274275,(04)23288582,2025,09,15,8,0,臺中市,西屯區,0,2,0,7,2,6,40,3,2,1,5,4,6,6,2,1,5,5,4,2,13,2,8,2,1,C03,7,9,1,10,2,12,,7,7,1,12,4,120.643044,24.187304,2
5675,66000,387130000C,(04)23274275,(04)23288582,2025,09,15,8,1,臺中市,烏日區,0,1,0,7,3,6,30,4,1,1,5,4,6,6,4,4,10,5,5,2,11,3,10,3,1,B03,7,11,1,4,2,8,,84,84,1,6,4,120.594598,24.115023,2
5676,66000,387130000C,(04)23274275,(04)23288582,2025,09,15,8,3,臺中市,北屯區,0,0,0,7,,,50,,,,,,,,,,,,,,14,,,,,B12,,,1,,1,,,50,50,1,6,4,120.736812,24.159496,3
5677,66000,387130000C,(04)23274275,(04)23288582,2025,09,15,8,4,臺中市,神岡區,0,1,0,7,2,6,40,4,1,1,5,4,6,6,1,1,10,5,5,2,17,3,10,2,1,C03,7,9,1,10,2,12,,21,21,1,6,4,120.683051,24.246644,2
5678,66000,387130000C,(04)23274275,(04)23288582,2025,09,15,8,5,臺中市,西區,0,0,0,7,,,30,,,,,,,,,,,,,,17,,,,,B03,,,1,,1,,,51,51,1,12,4,120.652278,24.145273,3
5679,66000,387130000C,(04)23274275,(04)23288582,2025,09,15,8,8,臺中市,北區,0,1,0,7,2,6,50,4,1,1,5,4,6,6,4,4,10,5,5,2,15,2,9,1,1,C03,7,9,1,10,2,12,,15,15,1,12,4,120.672084,24.158488,2
5680,66000,387130000C,(04)23274275,(04)23288582,2025,09,15,8,8,臺中市,太平區,0,2,0,7,3,6,50,3,1,1,5,4,6,6,4,4,5,5,5,1,16,2,7,2,1,C03,7,6,1,10,2,14,,84,84,1,12,4,120.715672,24.11837,2
5681,66000,387130000C,(04)23274275,(04)23288582,2025,09,15,8,9,臺中市,新社區,0,0,0,7,,,50,,,,,,,,,,,,,,,,,,,B03,,,1,,9,,,45,45,1,12,4,120.807779,24.240367,3
5682,66000,387130000C,(04)23274275,(04)23288582,2025,09,15,8,11,臺中市,南區,0,2,0,7,3,6,40,5,1,1,5,4,6,6,1,1,10,5,5,2,17,2,9,5,4,F03,7,9,7,21,2,11,,84,84,1,12,4,120.661476,24.121735,2
5683,66000,387130000C,(04)23274275,(04)23288582,2025,09,15,8,12,臺中市,東區,0,0,0,7,,,50,,,,,,,,,,,,,,12,,,,,B03,,,1,,1,,,84,84,1,13,4,120.693743,24.126731,3
5684,66000,387130000C,(04)23274275,(04)23288582,2025,09,15,8,14,臺中市,西屯區,0,0,0,7,,,30,,,,,,,,,,,,,,,,,,,B03,,,1,,9,,,87,87,1,12,4,120.664831,24.167317,3
5685,66000,387130000C,(04)23274275,(04)23288582,2025,09,15,8,14,臺中市,后里區,0,1,0,7,2,6,50,11,9,1,5,4,6,6,4,4,10,5,5,2,11,3,10,3,1,B12,7,6,1,8,2,8,,20,20,1,12,4,120.688163,24.312009,2
5686,66000,387130000C,(04)23274275,(04)23288582,2025,09,15,8,17,臺中市,北屯區,0,1,0,7,2,6,50,4,1,1,5,4,6,6,2,1,10,5,5,2,16,3,10,3,1,B03,7,5,1,8,1,2,,11,11,1,12,4,120.719325,24.15949,2
5687,66000,387130000C,(04)23274275,(04)23288582,2025,09,15,8,18,臺中市,西屯區,0,1,0,7,2,6,50,4,1,1,5,4,6,6,1,1,10,5,5,2,16,3,10,3,1,B03,7,5,1,8,2,5,,47,47,1,12,4,120.65263,24.166498,2
5688,66000,387130000C,(04)23274275,(04)23288582,2025,09,15,8,19,臺中市,北屯區,0,0,0,7,,,50,,,,,,,,,,,,,,13,,,,,B03,,,1,8,1,,,84,84,1,6,4,120.691705,24.162583,3
5689,66000,387130000C,(04)23274275,(04)23288582,2025,09,15,8,19,臺中市,西屯區,0,0,0,7,,,50,,,,,,,,,,,,,,,,,,,B03,,,1,,1,,,11,11,1,12,4,120.640716,24.176188,3
5690,66000,387130000C,(04)23274275,(04)23288582,2025,09,15,8,19,臺中市,大里區,0,0,0,7,3,6,50,4,1,1,5,4,6,6,4,4,10,5,5,2,13,,,,,A04,,,1,,9,,,84,84,1,12,4,120.680774,24.105747,3
5691,66000,387130000C,(04)23274275,(04)23288582,2025,09,15,8,20,臺中市,潭子區,0,1,0,7,2,6,50,3,1,1,5,4,6,6,1,1,10,5,5,2,17,3,10,3,1,B03,7,9,1,8,2,1,,84,84,1,12,4,120.691645,24.223514,2
5692,66000,387130000C,(04)23274275,(04)23288582,2025,09,15,8,22,臺中市,北區,0,0,0,7,,,50,,,,,,,,,,,,,,17,,,,,B03,,,1,,2,,,84,84,1,12,4,120.667776,24.165768,3
5693,66000,387130000C,(04)23274275,(04)23288582,2025,09,15,8,23,臺中市,龍井區,0,0,0,7,,,60,,,,,,,,,,,,,,14,,,,,B12,,,1,,1,,,84,84,1,6,4,120.573393,24.186978,3
5694,66000,387130000C,(04)23274275,(04)23288582,2025,09,15,8,29,臺中市,北區,0,0,0,7,,,30,,,,,,,,,,,,,,14,,,,,B03,,,1,,1,6,,50,50,1,12,4,120.669478,24.169182,3
5695,66000,387130000C,(04)23274275,(04)23288582,2025,09,15,8,30,臺中市,北屯區,0,1,0,7,2,6,50,13,9,1,5,4,6,6,4,4,1,4,4,2,17,2,7,1,1,C03,7,4,3,19,9,12,,84,84,2,12,4,120.686044,24.182097,2
5696,66000,387130000C,(04)23274275,(04)23288582,2025,09,15,8,32,臺中市,東區,0,0,0,7,,,50,,,,,,,,,,,,,,13,,,,,B03,,,1,,1,,,7,7,1,12,4,120.68985,24.137669,3
5697,66000,387130000C,(04)23274275,(04)23288582,2025,09,15,8,33,臺中市,南屯區,0,2,0,7,3,6,50,13,9,1,5,4,6,6,1,1,5,5,5,2,12,2,9,1,1,C03,7,6,1,10,2,14,,65,65,1,12,4,120.647758,24.152335,2
5698,66000,387130000C,(04)23274275,(04)23288582,2025,09,15,8,34,臺中市,梧棲區,0,1,0,7,3,6,60,13,9,1,5,4,6,6,4,4,1,2,5,1,16,3,10,3,1,B03,7,5,1,8,2,2,,20,20,1,6,4,120.535747,24.248246,2
5699,66000,387130000C,(04)23274275,(04)23288582,2025,09,15,8,35,臺中市,北區,0,2,0,7,2,6,50,4,2,1,5,4,6,6,2,1,10,5,5,2,17,3,10,3,1,B03,7,9,1,8,2,5,,84,84,1,13,4,120.665824,24.165689,2
5700,66000,387130000C,(04)23274275,(04)23288582,2025,09,15,8,35,臺中市,北屯區,0,0,0,7,,,50,,,,,,,,,,,,,,13,,,,,B03,,,1,,1,,,7,7,1,6,4,120.706465,24.182177,3
5701,66000,387130000C,(04)23274275,(04)23288582,2025,09,15,8,36,臺中市,南屯區,0,1,0,7,2,6,50,4,1,1,5,4,6,6,4,4,10,5,5,2,15,3,10,3,1,B03,7,9,1,8,2,2,,12,12,1,6,4,120.616538,24.153188,2
5702,66000,387130000C,(04)23274275,(04)23288582,2025,09,15,8,37,臺中市,烏日區,0,1,0,7,2,6,50,4,1,1,5,4,6,6,1,1,10,5,5,2,17,3,10,5,4,A12,7,5,1,7,2,2,,11,11,1,6,4,120.644303,24.056037,2
5703,66000,387130000C,(04)23274275,(04)23288582,2025,09,15,8,38,臺中市,北區,0,2,0,7,3,6,50,4,2,1,5,4,6,6,1,1,1,5,5,2,17,2,9,1,1,C03,7,6,1,10,2,14,,84,84,1,12,4,120.676297,24.160416,2
5704,66000,387130000C,(04)23274275,(04)23288582,2025,09,15,8,39,臺中市,太平區,0,1,0,7,3,6,50,3,1,1,5,4,6,6,1,1,5,5,5,1,13,2,9,2,1,C03,7,9,1,10,2,11,,7,7,1,12,4,120.70823,24.120503,2
5705,66000,387130000C,(04)23274275,(04)23288582,2025,09,15,8,40,臺中市,大里區,0,0,0,7,,,50,,,,,,,,,,,,,,17,,,,,B03,,,1,,9,,,51,51,1,13,4,120.689887,24.110312,3
5706,66000,387130000C,(04)23274275,(04)23288582,2025,09,15,8,46,臺中市,太平區,0,0,0,7,,,30,,,,,,,,,,,,,,17,,,,,A12,,,1,,1,,,78,78,1,12,4,120.712427,24.110627,3
5707,66000,387130000C,(04)23274275,(04)23288582,2025,09,15,8,47,臺中市,北屯區,0,1,0,7,2,6,50,4,1,1,5,4,6,6,2,1,10,5,5,2,16,3,10,3,1,B03,7,5,1,8,2,2,,11,11,1,12,4,120.704325,24.164753,2
5708,66000,387130000C,(04)23274275,(04)23288582,2025,09,15,8,52,臺中市,北屯區,0,1,0,7,2,6,50,3,4,1,5,4,6,6,2,1,5,4,5,2,13,3,10,3,1,B12,7,9,1,8,2,5,,59,59,1,6,4,120.698968,24.170344,2
5709,66000,387130000C,(04)23274275,(04)23288582,2025,09,15,8,53,臺中市,西屯區,0,1,0,7,2,6,40,4,1,1,5,4,6,6,2,1,10,5,5,2,18,2,9,5,4,C03,7,9,1,10,2,14,,59,59,1,12,4,120.655814,24.159008,2
5710,66000,387130000C,(04)23274275,(04)23288582,2025,09,15,9,0,臺中市,北區,0,0,0,7,,,,,,,,,,,,,,,,,17,,,,,,,,,,,,,119,119,1,,,120.681325,24.150824,3