﻿序號,縣市別代碼,機關代碼,市話,傳真,年,月,日,時,分,縣市,區,死亡數量,受傷數量,2-30,天候,道路照明設備,道路類別,道路速限,道路型態,事故位置,路面鋪裝,路面狀態,路面缺陷,障礙物,視距,號誌種類,號誌動作,分向設施,快車道或一般車道間,快慢車道間,路面邊線,事故類型及型態,受傷程度,主要傷處,保護裝備,行動電話或功能裝置,當事者區分_類別,車輛用途,當事者行動狀態,駕照狀態,駕照種類,飲酒情形,車輛撞擊部位最初,車輛撞擊部位其他,肇事因素個別,肇事因素主要,肇事逃逸,職業,共享經濟或外送平台,GPS座標X,GPS座標Y,事故類別
5711,66000,387130000C,(04)23274275,(04)23288582,2025,09,15,9,0,臺中市,沙鹿區,0,0,0,7,2,6,40,3,9,1,5,4,6,6,4,4,10,4,5,2,10,,,,,C03,,,1,,1,,,47,47,1,12,4,120.568627,24.222698,3
5712,66000,387130000C,(04)23274275,(04)23288582,2025,09,15,9,0,臺中市,神岡區,0,0,0,7,,,50,,,,,,,,,,,,,,12,,,,,B03,,,1,,1,,,84,84,1,12,4,120.674317,24.282366,3
5713,66000,387130000C,(04)23274275,(04)23288582,2025,09,15,9,1,臺中市,東區,0,0,0,7,,,50,,,,,,,,,,,,,,17,,,,,B12,,,1,,2,,,84,84,1,12,4,120.68664,24.141552,3
5714,66000,387130000C,(04)23274275,(04)23288582,2025,09,15,9,2,臺中市,大雅區,0,1,0,7,1,6,50,5,2,1,5,4,6,6,1,1,1,5,4,1,18,2,9,1,1,C03,7,11,1,10,2,14,,82,82,1,13,4,120.672696,24.215889,2
5715,66000,387130000C,(04)23274275,(04)23288582,2025,09,15,9,3,臺中市,南區,0,1,0,7,2,6,30,13,9,1,5,4,6,6,4,4,10,5,5,2,12,3,10,3,1,B03,7,13,1,8,1,8,,76,76,1,13,4,120.681892,24.130027,2
5716,66000,387130000C,(04)23274275,(04)23288582,2025,09,15,9,5,臺中市,潭子區,0,2,0,7,3,6,30,4,1,1,5,4,6,6,4,4,10,5,5,2,15,2,9,2,1,C03,7,9,1,10,2,14,,12,12,1,13,2,120.703409,24.209964,2
5717,66000,387130000C,(04)23274275,(04)23288582,2025,09,15,9,6,臺中市,北區,0,2,0,7,2,6,50,4,2,1,5,4,6,6,2,1,10,5,5,2,17,2,9,2,1,C03,7,9,1,10,2,11,,54,54,1,13,4,120.663023,24.161686,2
5718,66000,387130000C,(04)23274275,(04)23288582,2025,09,15,9,7,臺中市,大甲區,0,1,0,7,3,6,50,13,9,1,5,4,6,6,4,4,9,5,5,1,16,2,8,1,1,C03,7,6,1,10,2,12,,48,48,1,6,4,120.613484,24.348018,2
5719,66000,387130000C,(04)23274275,(04)23288582,2025,09,15,9,10,臺中市,西區,0,1,0,7,3,6,50,3,8,1,5,4,6,6,4,4,10,5,1,2,12,3,10,3,1,B03,7,5,1,8,2,2,,14,14,1,6,4,120.66869,24.152273,2
5720,66000,387130000C,(04)23274275,(04)23288582,2025,09,15,9,10,臺中市,北屯區,0,0,0,7,,,50,,,,,,,,,,,,,,,,,,,B03,,,1,,1,,,84,84,1,12,4,120.704626,24.187533,3
5721,66000,387130000C,(04)23274275,(04)23288582,2025,09,15,9,10,臺中市,沙鹿區,0,0,0,7,,,30,,,,,,,,,,,,,,15,,,,,B03,,,1,,2,,,20,20,1,12,4,120.562312,24.2524,3
5722,66000,387130000C,(04)23274275,(04)23288582,2025,09,15,9,10,臺中市,大甲區,0,0,0,7,,,50,,,,,,,,,,,,,,17,,,,,B03,,,1,,1,,,55,55,1,12,4,120.59799,24.334135,3
5723,66000,387130000C,(04)23274275,(04)23288582,2025,09,15,9,21,臺中市,北區,0,0,0,7,,,50,,,,,,,,,,,,,,17,,,,,B03,,,1,,1,5,,39,39,1,12,4,120.670656,24.156821,3
5724,66000,387130000C,(04)23274275,(04)23288582,2025,09,15,9,24,臺中市,南屯區,0,0,0,7,,,50,,,,,,,,,,,,,,12,,,,,C03,,,1,,1,,,59,59,1,12,4,120.5821,24.142882,3
5725,66000,387130000C,(04)23274275,(04)23288582,2025,09,15,9,27,臺中市,沙鹿區,0,0,0,7,,,50,,,,,,,,,,,,,,13,,,,,A12,,,1,,2,,,50,50,1,6,4,120.568939,24.22137,3
5726,66000,387130000C,(04)23274275,(04)23288582,2025,09,15,9,29,臺中市,西區,0,0,0,7,,,50,,,,,,,,,,,,,,16,,,,,B03,,,1,,1,,,23,23,1,12,4,120.669642,24.152949,3
5727,66000,387130000C,(04)23274275,(04)23288582,2025,09,15,9,29,臺中市,南屯區,0,0,0,7,,,50,,,,,,,,,,,,,,,,,,,B03,,,1,,1,,,59,59,1,12,4,120.646496,24.150782,3
5728,66000,387130000C,(04)23274275,(04)23288582,2025,09,15,9,31,臺中市,東區,0,1,0,7,2,6,50,4,1,1,5,4,6,6,1,1,5,2,5,2,16,3,10,3,1,B03,7,6,1,8,2,8,,11,11,1,13,4,120.700733,24.13509,2
5729,66000,387130000C,(04)23274275,(04)23288582,2025,09,15,9,43,臺中市,東勢區,0,2,0,7,2,6,50,4,1,1,5,4,6,6,4,4,10,5,5,2,15,2,9,1,1,C03,7,1,1,10,2,14,,51,51,1,12,4,120.781507,24.286079,2
5730,66000,387130000C,(04)23274275,(04)23288582,2025,09,15,9,56,臺中市,北屯區,0,1,0,7,3,6,50,4,1,1,5,4,6,6,2,1,10,5,5,2,12,3,10,3,1,B03,7,9,5,19,1,5,,84,84,1,6,4,120.694352,24.17093,2
5731,66000,387130000C,(04)23274275,(04)23288582,2025,09,15,9,59,臺中市,梧棲區,0,0,0,7,,,70,,,,,,,,,,,,,,13,,,,,B02,,,1,,1,,,7,7,1,6,4,120.54505,24.226986,3
5732,66000,387130000C,(04)23274275,(04)23288582,2025,09,15,10,0,臺中市,中區,0,2,0,7,2,6,50,4,1,1,5,4,6,6,1,1,9,4,5,2,30,,,,,,,,,,,,,118,118,1,,,120.678603,24.143248,2
5733,66000,387130000C,(04)23274275,(04)23288582,2025,09,15,10,0,臺中市,烏日區,0,2,0,7,2,6,40,13,8,1,5,4,6,6,4,4,1,4,4,2,12,2,9,1,1,C03,7,7,1,10,2,12,,40,40,1,6,4,120.648569,24.110999,2
5734,66000,387130000C,(04)23274275,(04)23288582,2025,09,15,10,0,臺中市,沙鹿區,0,3,0,7,2,6,40,13,8,1,5,4,6,6,4,4,1,3,1,1,9,2,8,2,1,C03,7,9,1,10,1,11,,59,59,1,12,4,120.580985,24.203837,2
5735,66000,387130000C,(04)23274275,(04)23288582,2025,09,15,10,5,臺中市,大甲區,0,1,0,7,3,6,50,4,1,1,5,4,6,6,4,4,10,5,5,2,15,2,9,5,4,C03,7,9,1,10,2,11,,15,15,1,6,4,120.625043,24.344964,2
5736,66000,387130000C,(04)23274275,(04)23288582,2025,09,15,10,10,臺中市,南屯區,0,0,0,7,,,50,,,,,,,,,,,,,,16,,,,,B03,,,1,,9,,,25,25,1,12,4,120.646536,24.131927,3
5737,66000,387130000C,(04)23274275,(04)23288582,2025,09,15,10,11,臺中市,龍井區,0,0,0,7,,,30,,,,,,,,,,,,,,12,,,,,B03,,,1,,1,,,7,7,1,6,4,120.593065,24.181376,3
5738,66000,387130000C,(04)23274275,(04)23288582,2025,09,15,10,15,臺中市,北區,0,0,0,7,,,50,,,,,,,,,,,,,,13,,,,,B03,,,1,,1,,,59,59,1,12,4,120.67981,24.157135,3
5739,66000,387130000C,(04)23274275,(04)23288582,2025,09,15,10,15,臺中市,北屯區,0,0,0,7,,,50,,,,,,,,,,,,,,14,,,,,B12,,,1,,1,,,49,49,1,6,4,120.667679,24.179919,3
5740,66000,387130000C,(04)23274275,(04)23288582,2025,09,15,10,16,臺中市,沙鹿區,0,1,0,7,2,6,0,3,9,1,5,4,6,6,1,1,10,5,5,2,18,2,7,1,1,C03,7,6,1,10,2,14,,87,87,1,12,4,120.579458,24.218546,2
5741,66000,387130000C,(04)23274275,(04)23288582,2025,09,15,10,17,臺中市,南屯區,0,1,0,7,3,6,40,13,9,1,5,4,6,6,4,4,9,5,5,2,17,3,10,5,4,B03,7,1,1,8,2,1,,51,51,1,6,4,120.651107,24.13338,2
5742,66000,387130000C,(04)23274275,(04)23288582,2025,09,15,10,17,臺中市,大里區,0,0,0,7,,,50,,,,,,,,,,,,,,14,,,,,B12,,,1,,2,,,49,49,1,6,4,120.689713,24.09835,4
5743,66000,387130000C,(04)23274275,(04)23288582,2025,09,15,10,26,臺中市,霧峰區,0,1,0,7,2,6,50,4,1,1,5,4,6,6,1,1,10,5,5,2,16,3,10,2,1,C03,7,9,1,10,2,12,,21,21,1,6,4,120.715472,24.076375,2
5744,66000,387130000C,(04)23274275,(04)23288582,2025,09,15,10,26,臺中市,烏日區,0,0,0,7,,,30,,,,,,,,,,,,,,20,,,,,B02,,,1,,2,,,84,84,1,12,4,120.647449,24.081467,3
5745,66000,387130000C,(04)23274275,(04)23288582,2025,09,15,10,28,臺中市,西屯區,0,0,0,7,,,50,,,,,,,,,,,,,,13,,,,,B03,,,1,,1,,,59,59,1,12,4,120.60387,24.185965,3
5746,66000,387130000C,(04)23274275,(04)23288582,2025,09,15,10,28,臺中市,沙鹿區,0,0,0,7,,,40,,,,,,,,,,,,,,14,,,,,B03,,,1,,2,,,50,50,1,12,4,120.565055,24.243632,3
5747,66000,387130000C,(04)23274275,(04)23288582,2025,09,15,10,29,臺中市,西屯區,0,1,0,7,2,6,40,4,1,1,5,4,6,6,2,1,10,5,5,2,16,2,9,1,1,C03,7,9,3,19,2,11,,7,7,1,13,4,120.593044,24.183185,2
5748,66000,387130000C,(04)23274275,(04)23288582,2025,09,15,10,30,臺中市,西屯區,0,0,0,7,,,50,,,,,,,,,,,,,,13,,,,,C03,,,1,,1,,,59,59,1,13,4,120.648061,24.173987,3
5749,66000,387130000C,(04)23274275,(04)23288582,2025,09,15,10,30,臺中市,沙鹿區,0,0,0,7,2,6,50,13,14,1,5,4,6,6,4,4,4,4,5,2,14,,,,,B03,,,1,,2,,,49,49,1,12,4,120.581223,24.219274,3
5750,66000,387130000C,(04)23274275,(04)23288582,2025,09,15,10,30,臺中市,后里區,0,0,0,7,,,50,,,,,,,,,,,,,,13,,,,,C03,,,1,,9,,,7,7,1,12,4,120.674499,24.303705,3
5751,66000,387130000C,(04)23274275,(04)23288582,2025,09,15,10,38,臺中市,北區,0,1,0,7,3,6,50,13,9,1,5,4,6,6,4,4,1,2,5,2,17,2,9,1,1,C03,7,15,1,10,2,14,,40,40,1,12,4,120.688437,24.164999,2
5752,66000,387130000C,(04)23274275,(04)23288582,2025,09,15,10,41,臺中市,南區,0,0,0,7,2,6,50,3,1,1,5,4,6,6,1,1,10,5,5,2,16,3,10,3,1,B03,7,5,1,8,2,6,,47,47,1,12,4,120.657578,24.124635,3
5753,66000,387130000C,(04)23274275,(04)23288582,2025,09,15,10,42,臺中市,南屯區,0,1,0,7,3,6,30,4,1,1,5,4,6,6,3,1,5,5,5,2,15,2,9,1,1,C03,7,9,1,10,2,14,,24,24,2,12,4,120.641358,24.136046,2
5754,66000,387130000C,(04)23274275,(04)23288582,2025,09,15,10,43,臺中市,東區,0,1,0,7,3,6,50,4,1,1,5,4,6,6,4,4,10,5,5,2,15,2,9,5,4,F03,7,9,7,21,2,12,,15,15,1,12,4,120.70855,24.142191,2
5755,66000,387130000C,(04)23274275,(04)23288582,2025,09,15,10,46,臺中市,西區,0,0,0,7,,,,,,,,,,,,,,,,,12,,,,,,,,,,,,,86,86,2,,,120.672733,24.146967,3
5756,66000,387130000C,(04)23274275,(04)23288582,2025,09,15,10,50,臺中市,西屯區,0,0,0,7,,,50,,,,,,,,,,,,,,17,,,,,A41,,,1,,2,,,8,8,1,12,4,120.661401,24.201354,3
5757,66000,387130000C,(04)23274275,(04)23288582,2025,09,15,10,50,臺中市,太平區,0,1,0,7,3,6,30,13,9,1,5,4,6,6,4,4,5,5,5,1,17,3,10,3,1,B03,7,1,1,8,2,8,,51,51,1,12,4,120.732482,24.137996,2
5758,66000,387130000C,(04)23274275,(04)23288582,2025,09,15,10,51,臺中市,北屯區,0,0,0,7,,,50,,,,,,,,,,,,,,,,,,,B03,,,1,,11,,,84,84,1,12,4,120.756533,24.201975,3
5759,66000,387130000C,(04)23274275,(04)23288582,2025,09,15,10,53,臺中市,沙鹿區,0,0,0,7,,,50,,,,,,,,,,,,,,12,,,,,B03,,,1,,2,,,51,51,1,12,4,120.560873,24.237353,3
5760,66000,387130000C,(04)23274275,(04)23288582,2025,09,15,10,54,臺中市,北區,0,1,0,7,2,6,50,3,2,1,5,4,6,6,2,1,10,5,5,2,30,2,9,3,1,B03,7,9,1,8,2,4,,84,84,1,13,4,120.673046,24.162749,2
5761,66000,387130000C,(04)23274275,(04)23288582,2025,09,15,11,5,臺中市,西區,0,2,0,7,2,6,50,4,1,1,5,4,6,6,1,1,10,5,5,2,17,2,9,1,1,C04,7,5,1,10,2,12,,65,65,1,13,4,120.678385,24.136454,2
5762,66000,387130000C,(04)23274275,(04)23288582,2025,09,15,11,5,臺中市,清水區,0,0,0,7,,,30,,,,,,,,,,,,,,,,,,,C03,,,1,,2,,,8,8,1,12,4,120.576306,24.27087,3
5763,66000,387130000C,(04)23274275,(04)23288582,2025,09,15,11,6,臺中市,西屯區,0,1,0,7,2,6,50,4,1,1,4,4,6,6,2,1,10,5,5,2,18,2,9,5,4,C03,7,9,1,10,2,12,,59,59,1,12,4,120.651391,24.166843,2
5764,66000,387130000C,(04)23274275,(04)23288582,2025,09,15,11,6,臺中市,西屯區,0,0,0,7,,,50,,,,,,,,,,,,,,13,,,,,B03,,,1,,1,,,59,59,1,12,4,120.639945,24.184505,3
5765,66000,387130000C,(04)23274275,(04)23288582,2025,09,15,11,7,臺中市,大里區,0,0,0,7,,,50,,,,,,,,,,,,,,13,,,,,B03,,,1,,2,,,7,7,1,12,4,120.69682,24.084073,3
5766,66000,387130000C,(04)23274275,(04)23288582,2025,09,15,11,8,臺中市,大里區,0,0,0,7,,,40,,,,,,,,,,,,,,,,,,,A41,,,1,,2,,,49,49,1,13,4,120.715578,24.097612,3
5767,66000,387130000C,(04)23274275,(04)23288582,2025,09,15,11,8,臺中市,大里區,0,0,0,7,,,50,,,,,,,,,,,,,,,,,,,B03,,,1,,1,,,84,84,1,13,4,120.691538,24.091812,3
5768,66000,387130000C,(04)23274275,(04)23288582,2025,09,15,11,9,臺中市,豐原區,0,0,0,7,,,50,,,,,,,,,,,,,,12,,,,,B03,,,1,,2,,,8,8,1,12,4,120.733397,24.257632,3
5769,66000,387130000C,(04)23274275,(04)23288582,2025,09,15,11,14,臺中市,大里區,0,1,0,7,3,6,50,11,9,1,5,4,6,6,4,4,3,4,5,1,12,3,10,3,1,B03,7,5,1,8,2,6,,84,84,1,12,4,120.687382,24.095092,2
5770,66000,387130000C,(04)23274275,(04)23288582,2025,09,15,11,18,臺中市,烏日區,0,1,0,7,2,6,50,13,9,1,5,4,6,6,4,4,5,4,5,1,17,3,10,5,4,B12,7,3,1,8,2,8,,84,84,1,6,4,120.643169,24.077645,2
5771,66000,387130000C,(04)23274275,(04)23288582,2025,09,15,11,20,臺中市,西屯區,0,0,0,7,,,50,,,,,,,,,,,,,,12,,,,,B03,,,1,,1,,,7,7,1,12,4,120.656648,24.163542,3
5772,66000,387130000C,(04)23274275,(04)23288582,2025,09,15,11,23,臺中市,南區,0,1,0,7,2,6,50,3,19,1,5,4,6,6,4,4,5,2,5,2,3,3,10,2,1,C03,7,9,1,10,2,11,,10,10,1,13,4,120.651377,24.115119,2
5773,66000,387130000C,(04)23274275,(04)23288582,2025,09,15,11,23,臺中市,東勢區,0,0,0,7,,,30,,,,,,,,,,,,,,,,,,,C03,,,1,,1,,,14,14,1,12,4,120.828641,24.25847,3
5774,66000,387130000C,(04)23274275,(04)23288582,2025,09,15,11,24,臺中市,西區,0,0,0,7,,,50,,,,,,,,,,,,,,,,,,,B03,,,1,,2,,,47,47,1,12,4,120.661687,24.146708,3
5775,66000,387130000C,(04)23274275,(04)23288582,2025,09,15,11,26,臺中市,西屯區,0,0,0,7,,,50,,,,,,,,,,,,,,16,,,,,B12,,,1,7,1,,,47,47,1,12,4,120.624813,24.181983,3
5776,66000,387130000C,(04)23274275,(04)23288582,2025,09,15,11,27,臺中市,太平區,0,1,0,7,2,6,50,13,9,1,5,4,6,6,4,4,9,5,5,2,18,2,7,2,1,C03,7,1,1,10,2,12,,84,84,1,12,4,120.72653,24.152753,2
5777,66000,387130000C,(04)23274275,(04)23288582,2025,09,15,11,28,臺中市,西屯區,0,0,0,7,,,50,,,,,,,,,,,,,,14,,,,,B12,,,1,,1,,,49,49,1,12,4,120.591794,24.170498,3
5778,66000,387130000C,(04)23274275,(04)23288582,2025,09,15,11,28,臺中市,西屯區,0,1,0,7,2,6,50,4,1,1,5,4,6,6,1,1,10,5,5,2,16,3,10,2,1,C03,7,5,1,10,2,15,,47,47,1,12,4,120.650546,24.191075,2
5779,66000,387130000C,(04)23274275,(04)23288582,2025,09,15,11,29,臺中市,西屯區,0,1,0,7,2,6,50,13,9,1,5,4,6,6,4,4,5,5,5,2,16,2,9,2,1,C03,7,1,1,10,2,14,,51,51,1,12,4,120.640679,24.178923,2
5780,66000,387130000C,(04)23274275,(04)23288582,2025,09,15,11,29,臺中市,大里區,0,0,0,7,,,50,,,,,,,,,,,,,,17,,,,,B03,,,1,,2,,,8,8,1,13,4,120.684924,24.109727,3
5781,66000,387130000C,(04)23274275,(04)23288582,2025,09,15,11,30,臺中市,烏日區,0,0,0,7,,,30,,,,,,,,,,,,,,11,,,,,C03,,,1,,1,,,8,8,1,6,4,120.634578,24.110771,3
5782,66000,387130000C,(04)23274275,(04)23288582,2025,09,15,11,30,臺中市,清水區,0,1,0,7,3,6,50,4,2,1,5,4,6,6,3,1,1,4,5,1,13,3,10,3,1,B12,7,6,3,19,9,6,,87,87,2,12,4,120.546932,24.284033,2
5783,66000,387130000C,(04)23274275,(04)23288582,2025,09,15,11,40,臺中市,南區,0,0,0,7,,,50,,,,,,,,,,,,,,12,,,,,B12,,,1,,1,,,84,84,1,13,4,120.660534,24.116903,4
5784,66000,387130000C,(04)23274275,(04)23288582,2025,09,15,11,42,臺中市,南區,0,0,0,7,,,40,,,,,,,,,,,,,,14,,,,,B03,,,1,,1,,,49,49,1,12,4,120.669611,24.125994,3
5785,66000,387130000C,(04)23274275,(04)23288582,2025,09,15,11,47,臺中市,龍井區,0,0,0,7,,,50,,,,,,,,,,,,,,,,,,,B02,,,1,,2,,,20,20,1,13,4,120.548316,24.19187,3
5786,66000,387130000C,(04)23274275,(04)23288582,2025,09,15,11,49,臺中市,豐原區,0,1,0,7,2,6,50,3,1,1,5,4,6,6,1,1,10,5,5,2,17,3,10,1,1,C03,7,6,1,10,2,12,,23,23,1,13,4,120.744548,24.257723,2
5787,66000,387130000C,(04)23274275,(04)23288582,2025,09,15,11,50,臺中市,潭子區,0,0,0,7,,,60,,,,,,,,,,,,,,,,,,,B03,,,1,,2,,,87,87,1,12,4,120.706378,24.220298,3
5788,66000,387130000C,(04)23274275,(04)23288582,2025,09,15,11,54,臺中市,西區,0,2,0,7,2,6,50,4,1,1,5,4,6,6,1,1,5,5,5,2,16,2,9,2,1,C03,7,9,1,10,2,11,,84,84,1,12,4,120.674994,24.138036,2
5789,66000,387130000C,(04)23274275,(04)23288582,2025,09,15,12,3,臺中市,西屯區,0,1,0,7,2,6,70,18,24,4,5,4,6,6,4,4,10,5,5,2,9,3,10,3,1,A04,7,1,1,1,1,6,,76,76,1,12,4,120.649086,24.163061,2
5790,66000,387130000C,(04)23274275,(04)23288582,2025,09,15,12,9,臺中市,烏日區,0,0,0,7,,,50,,,,,,,,,,,,,,,,,,,B01,,,1,,2,,,84,84,1,6,4,120.630009,24.109254,3
5791,66000,387130000C,(04)23274275,(04)23288582,2025,09,15,12,18,臺中市,烏日區,0,2,0,7,2,6,40,4,1,1,5,4,6,6,4,4,10,5,5,2,15,3,10,3,1,B03,7,9,1,8,2,5,,15,15,1,6,4,120.647212,24.058719,2
5792,66000,387130000C,(04)23274275,(04)23288582,2025,09,15,12,19,臺中市,北屯區,0,0,0,7,,,50,,,,,,,,,,,,,,14,,,,,B03,,,1,,1,,,49,49,1,6,4,120.721313,24.159797,3
5793,66000,387130000C,(04)23274275,(04)23288582,2025,09,15,12,19,臺中市,太平區,0,2,0,7,3,6,50,4,1,1,5,4,6,6,1,1,5,5,4,1,17,2,9,2,1,C03,7,1,1,10,2,12,,84,84,1,12,4,120.717918,24.1288,2
5794,66000,387130000C,(04)23274275,(04)23288582,2025,09,15,12,20,臺中市,北區,0,1,0,7,2,6,50,4,1,1,5,4,6,6,2,1,10,5,5,2,15,3,10,3,1,B03,7,9,1,8,2,1,,21,21,1,12,4,120.664943,24.165071,2
5795,66000,387130000C,(04)23274275,(04)23288582,2025,09,15,12,23,臺中市,西區,0,0,0,7,3,6,50,13,9,1,5,4,6,6,4,4,4,1,5,2,11,,,,,B03,,,1,,1,,,39,39,1,13,4,120.65988,24.149161,3
5796,66000,387130000C,(04)23274275,(04)23288582,2025,09,15,12,24,臺中市,太平區,0,1,0,7,3,6,50,13,9,1,5,4,6,6,4,4,9,5,5,1,16,3,10,3,1,B12,7,11,1,8,2,8,,45,45,1,12,4,120.748358,24.125868,2
5797,66000,387130000C,(04)23274275,(04)23288582,2025,09,15,12,25,臺中市,沙鹿區,0,2,0,7,2,6,30,11,9,1,5,4,6,6,4,4,10,5,5,2,11,2,7,1,1,C03,7,9,1,10,2,11,,41,41,1,5,4,120.580316,24.216001,2
5798,66000,387130000C,(04)23274275,(04)23288582,2025,09,15,12,26,臺中市,西屯區,0,2,0,7,2,6,50,13,8,1,5,4,6,6,4,4,1,4,1,2,13,2,9,2,1,C03,7,9,1,10,1,11,,43,43,1,12,2,120.651959,24.161593,2
5799,66000,387130000C,(04)23274275,(04)23288582,2025,09,15,12,27,臺中市,西區,0,1,0,7,2,6,40,13,8,1,5,4,6,6,4,4,1,4,4,2,12,3,10,3,1,B11,7,13,1,8,2,7,,77,77,1,12,4,120.657746,24.143434,2
5800,66000,387130000C,(04)23274275,(04)23288582,2025,09,15,12,27,臺中市,西屯區,0,2,0,7,2,6,30,4,1,1,5,4,6,6,4,4,10,5,5,2,15,2,9,2,1,C03,7,9,1,10,2,11,,12,12,1,5,4,120.644139,24.180406,2
5801,66000,387130000C,(04)23274275,(04)23288582,2025,09,15,12,30,臺中市,沙鹿區,0,0,0,6,,,40,,,,,,,,,,,,,,,,,,,C03,,,1,,2,,,51,51,1,12,4,120.562695,24.233421,4
5802,66000,387130000C,(04)23274275,(04)23288582,2025,09,15,12,35,臺中市,大雅區,0,1,0,7,3,6,30,4,2,1,5,4,6,6,1,1,5,2,5,2,17,2,9,1,1,C03,7,9,1,10,2,11,,84,84,1,12,4,120.646707,24.222643,2
5803,66000,387130000C,(04)23274275,(04)23288582,2025,09,15,12,36,臺中市,西區,0,1,0,7,2,6,50,5,1,1,5,4,6,6,1,1,10,5,5,2,17,3,10,3,1,B02,7,5,1,8,2,2,,47,47,1,12,4,120.66774,24.13095,2
5804,66000,387130000C,(04)23274275,(04)23288582,2025,09,15,12,38,臺中市,南區,0,1,0,7,3,6,50,4,1,1,5,4,6,6,1,1,10,5,5,2,16,2,9,5,4,C03,7,6,1,10,2,14,,36,36,1,12,4,120.67153,24.126491,2
5805,66000,387130000C,(04)23274275,(04)23288582,2025,09,15,12,41,臺中市,北屯區,0,0,0,7,,,30,,,,,,,,,,,,,,17,,,,,B03,,,1,,2,,,8,8,1,6,4,120.663037,24.192202,3
5806,66000,387130000C,(04)23274275,(04)23288582,2025,09,15,12,44,臺中市,北區,0,0,0,7,,,50,,,,,,,,,,,,,,13,,,,,B03,,,1,,1,,,59,59,1,12,4,120.668278,24.169294,3
5807,66000,387130000C,(04)23274275,(04)23288582,2025,09,15,12,44,臺中市,北屯區,0,0,0,7,,,50,,,,,,,,,,,,,,12,,,,,B12,,,1,4,1,,,84,84,1,6,4,120.662739,24.188895,3
5808,66000,387130000C,(04)23274275,(04)23288582,2025,09,15,12,45,臺中市,北屯區,0,1,0,7,2,6,50,4,1,1,5,4,6,6,2,1,10,5,5,2,16,3,10,3,1,B02,7,6,1,8,2,5,,11,11,1,12,4,120.704748,24.169531,2
5809,66000,387130000C,(04)23274275,(04)23288582,2025,09,15,12,47,臺中市,北區,0,0,0,7,,,50,,,,,,,,,,,,,,,,,,,B03,,,1,,1,,,7,7,1,12,4,120.664253,24.162228,3
5810,66000,387130000C,(04)23274275,(04)23288582,2025,09,15,12,51,臺中市,西屯區,0,1,0,7,2,6,50,3,1,1,5,4,6,6,1,1,10,5,5,2,18,2,9,1,1,C03,7,6,1,10,2,14,,84,84,1,5,4,120.650139,24.181996,2
5811,66000,387130000C,(04)23274275,(04)23288582,2025,09,15,12,51,臺中市,大肚區,0,2,0,7,3,6,50,4,1,1,5,4,6,6,4,4,10,5,5,2,15,2,9,2,1,C03,7,9,1,10,2,12,,15,15,1,6,4,120.539649,24.15529,2
5812,66000,387130000C,(04)23274275,(04)23288582,2025,09,15,12,55,臺中市,潭子區,0,1,0,7,3,6,50,4,1,1,5,4,6,6,1,1,3,4,5,2,17,3,10,2,1,C03,7,6,1,10,2,14,,48,48,1,13,4,120.710675,24.203028,2
5813,66000,387130000C,(04)23274275,(04)23288582,2025,09,15,12,57,臺中市,霧峰區,0,1,0,7,2,6,30,13,9,1,5,4,6,6,4,4,10,5,5,2,18,2,9,2,1,C03,7,9,1,10,2,12,,84,84,1,6,4,120.774647,24.057487,2
5814,66000,387130000C,(04)23274275,(04)23288582,2025,09,15,12,58,臺中市,西屯區,0,0,0,7,,,50,,,,,,,,,,,,,,16,,,,,B03,,,1,,1,,,47,47,1,12,4,120.636321,24.160222,3
5815,66000,387130000C,(04)23274275,(04)23288582,2025,09,15,13,0,臺中市,南屯區,0,0,0,7,,,50,,,,,,,,,,,,,,,,,,,A31,,,1,,1,,,59,59,1,6,4,120.623497,24.149515,3
5816,66000,387130000C,(04)23274275,(04)23288582,2025,09,15,13,1,臺中市,北區,0,1,0,7,3,6,50,13,9,1,5,4,6,6,4,4,3,5,5,2,13,3,10,3,1,B03,7,9,1,8,2,1,,59,59,1,12,4,120.686772,24.154679,2
5817,66000,387130000C,(04)23274275,(04)23288582,2025,09,15,13,3,臺中市,梧棲區,0,1,0,7,3,6,90,13,9,1,5,4,6,6,4,4,1,4,5,1,16,2,9,3,1,B12,7,9,1,8,2,1,,59,59,1,6,4,120.527907,24.230402,2
5818,66000,387130000C,(04)23274275,(04)23288582,2025,09,15,13,10,臺中市,南區,0,1,0,7,1,6,50,13,9,1,5,4,6,6,4,4,5,5,5,2,17,2,9,1,1,C03,7,9,1,10,2,11,,7,7,1,12,4,120.661006,24.109238,2
5819,66000,387130000C,(04)23274275,(04)23288582,2025,09,15,13,11,臺中市,南區,0,1,0,7,2,6,50,4,1,1,5,4,6,6,2,1,5,5,4,2,16,3,10,2,1,C04,7,6,1,10,2,13,,11,11,1,13,4,120.678537,24.128182,2
5820,66000,387130000C,(04)23274275,(04)23288582,2025,09,15,13,16,臺中市,南屯區,0,0,0,7,,,50,,,,,,,,,,,,,,,,,,,B03,,,1,,2,,,7,7,1,12,4,120.633385,24.151082,3
5821,66000,387130000C,(04)23274275,(04)23288582,2025,09,15,13,16,臺中市,北屯區,0,1,0,7,3,6,50,3,1,1,5,4,1,6,4,4,10,5,5,2,16,2,9,2,1,C03,7,6,1,10,2,12,,14,14,1,6,4,120.728997,24.161796,2
5822,66000,387130000C,(04)23274275,(04)23288582,2025,09,15,13,22,臺中市,西屯區,0,0,0,7,,,30,,,,,,,,,,,,,,14,,,,,B12,,,1,,1,,,49,49,1,12,4,120.64412,24.174505,3