﻿序號,縣市別代碼,機關代碼,市話,傳真,年,月,日,時,分,縣市,區,死亡數量,受傷數量,2-30,天候,道路照明設備,道路類別,道路速限,道路型態,事故位置,路面鋪裝,路面狀態,路面缺陷,障礙物,視距,號誌種類,號誌動作,分向設施,快車道或一般車道間,快慢車道間,路面邊線,事故類型及型態,受傷程度,主要傷處,保護裝備,行動電話或功能裝置,當事者區分_類別,車輛用途,當事者行動狀態,駕照狀態,駕照種類,飲酒情形,車輛撞擊部位最初,車輛撞擊部位其他,肇事因素個別,肇事因素主要,肇事逃逸,職業,共享經濟或外送平台,GPS座標X,GPS座標Y,事故類別
5823,66000,387130000C,(04)23274275,(04)23288582,2025,09,15,13,30,臺中市,龍井區,0,0,0,7,,,40,,,,,,,,,,,,,,12,,,,,B03,,,1,,2,,,8,8,1,6,4,120.545629,24.192674,3
5824,66000,387130000C,(04)23274275,(04)23288582,2025,09,15,13,31,臺中市,西屯區,0,1,0,7,2,6,30,3,9,1,5,4,6,6,4,4,10,5,5,2,17,3,10,5,4,B12,7,13,1,8,2,8,,76,76,1,12,4,120.646397,24.182278,2
5825,66000,387130000C,(04)23274275,(04)23288582,2025,09,15,13,33,臺中市,龍井區,0,0,0,7,,,50,,,,,,,,,,,,,,,,,,,B03,,,1,,1,,,49,49,1,12,4,120.53039,24.18274,3
5826,66000,387130000C,(04)23274275,(04)23288582,2025,09,15,13,39,臺中市,烏日區,0,0,0,7,,,60,,,,,,,,,,,,,,,,,,,A11,,,1,,2,,,8,8,1,6,4,120.615708,24.105817,3
5827,66000,387130000C,(04)23274275,(04)23288582,2025,09,15,13,41,臺中市,北區,0,1,0,7,3,6,50,4,1,1,5,4,6,6,4,4,5,5,5,2,17,3,10,3,1,B03,7,6,1,8,2,5,,14,14,1,12,4,120.680474,24.154655,2
5828,66000,387130000C,(04)23274275,(04)23288582,2025,09,15,13,50,臺中市,北屯區,0,0,0,7,,,50,,,,,,,,,,,,,,,,,,,B12,,,1,,1,,,51,51,1,12,4,120.697294,24.16472,3
5829,66000,387130000C,(04)23274275,(04)23288582,2025,09,15,13,50,臺中市,東勢區,0,0,0,7,,,30,,,,,,,,,,,,,,19,,,,,B02,,,1,,1,,,84,84,1,13,4,120.819223,24.277878,3
5830,66000,387130000C,(04)23274275,(04)23288582,2025,09,15,13,51,臺中市,南屯區,0,1,0,7,2,6,50,4,1,1,5,4,6,6,1,1,9,5,5,2,17,2,9,2,1,C03,7,4,1,10,2,12,,85,85,1,13,4,120.643792,24.127905,2
5831,66000,387130000C,(04)23274275,(04)23288582,2025,09,15,13,51,臺中市,霧峰區,0,0,0,7,3,6,,13,7,1,5,4,6,6,4,4,1,4,4,2,30,,,,,,,,,,,,,112,112,1,,,120.655863,24.087808,3
5832,66000,387130000C,(04)23274275,(04)23288582,2025,09,15,13,54,臺中市,潭子區,0,0,0,7,,,60,,,,,,,,,,,,,,,,,,,B03,,,1,,10,,,59,59,1,12,4,120.707124,24.224066,3
5833,66000,387130000C,(04)23274275,(04)23288582,2025,09,15,13,55,臺中市,西區,0,0,0,7,,,40,,,,,,,,,,,,,,17,,,,,B03,,,1,,2,,,84,84,1,12,4,120.653124,24.147662,3
5834,66000,387130000C,(04)23274275,(04)23288582,2025,09,15,13,56,臺中市,北屯區,0,0,0,7,,,50,,,,,,,,,,,,,,,,,,,B03,,,1,,1,,,84,84,1,12,4,120.679884,24.169194,4
5835,66000,387130000C,(04)23274275,(04)23288582,2025,09,15,14,0,臺中市,豐原區,0,1,0,7,2,6,50,4,1,1,5,4,6,6,4,4,10,5,5,2,17,2,9,2,1,C03,7,6,1,10,2,11,,14,14,1,13,4,120.725089,24.24651,2
5836,66000,387130000C,(04)23274275,(04)23288582,2025,09,15,14,1,臺中市,北屯區,0,0,0,7,,,50,,,,,,,,,,,,,,17,,,,,B03,,,1,,1,,,58,58,1,12,4,120.728724,24.1768,4
5837,66000,387130000C,(04)23274275,(04)23288582,2025,09,15,14,3,臺中市,西屯區,0,0,0,7,,,50,,,,,,,,,,,,,,13,,,,,B03,,,1,,1,,,59,59,1,12,4,120.655938,24.195973,3
5838,66000,387130000C,(04)23274275,(04)23288582,2025,09,15,14,5,臺中市,大里區,0,1,0,7,3,6,50,3,1,1,5,4,6,6,3,1,5,5,5,2,17,2,9,1,1,C03,7,14,1,10,2,11,,85,85,1,13,4,120.691457,24.121698,2
5839,66000,387130000C,(04)23274275,(04)23288582,2025,09,15,14,21,臺中市,龍井區,0,0,0,7,,,30,,,,,,,,,,,,,,14,,,,,B03,,,1,,2,,,49,49,1,6,4,120.547905,24.199266,3
5840,66000,387130000C,(04)23274275,(04)23288582,2025,09,15,14,22,臺中市,西屯區,0,1,0,7,2,6,50,4,1,1,5,4,6,6,2,1,10,5,5,2,3,3,10,3,1,B03,7,6,1,4,9,4,,10,10,2,13,4,120.662194,24.165243,2
5841,66000,387130000C,(04)23274275,(04)23288582,2025,09,15,14,32,臺中市,大里區,0,2,0,7,3,6,50,13,9,1,5,4,6,6,4,4,9,5,5,2,11,2,9,1,1,C03,7,11,1,10,2,11,,84,84,1,12,4,120.684193,24.106756,2
5842,66000,387130000C,(04)23274275,(04)23288582,2025,09,15,14,34,臺中市,沙鹿區,0,1,0,7,2,6,40,5,2,1,5,4,6,6,2,1,10,5,5,2,13,3,10,1,1,C03,7,9,1,10,2,14,,7,7,1,6,4,120.568972,24.236846,2
5843,66000,387130000C,(04)23274275,(04)23288582,2025,09,15,14,39,臺中市,霧峰區,0,1,0,7,3,6,50,13,8,1,5,4,6,6,4,4,1,4,4,1,16,3,10,3,1,B12,7,5,1,8,2,5,,20,20,1,13,4,120.695066,24.060701,2
5844,66000,387130000C,(04)23274275,(04)23288582,2025,09,15,14,44,臺中市,后里區,0,0,0,7,,,50,,,,,,,,,,,,,,12,,,,,B03,,,1,,2,,,26,26,1,12,4,120.723176,24.311783,3
5845,66000,387130000C,(04)23274275,(04)23288582,2025,09,15,14,45,臺中市,南屯區,0,0,0,7,3,6,40,13,8,1,5,4,6,6,4,4,9,5,4,2,14,,,,,B03,,,1,,1,,,49,49,1,12,4,120.63525,24.152154,3
5846,66000,387130000C,(04)23274275,(04)23288582,2025,09,15,14,46,臺中市,北屯區,0,1,0,7,3,6,50,4,1,1,5,4,6,6,2,1,10,5,5,2,12,3,10,3,1,B03,7,6,1,8,2,2,,84,84,1,6,4,120.702272,24.184487,2
5847,66000,387130000C,(04)23274275,(04)23288582,2025,09,15,14,49,臺中市,大里區,0,0,0,7,,,40,,,,,,,,,,,,,,17,,,,,B03,,,1,,2,,,8,8,1,13,4,120.692495,24.118728,3
5848,66000,387130000C,(04)23274275,(04)23288582,2025,09,15,14,55,臺中市,西屯區,0,0,0,7,,,30,,,,,,,,,,,,,,17,,,,,,,,,,,,,119,119,1,,,120.647429,24.156402,3
5849,66000,387130000C,(04)23274275,(04)23288582,2025,09,15,14,57,臺中市,南屯區,0,0,0,7,,,50,,,,,,,,,,,,,,12,,,,,B03,,,1,,1,,,8,8,1,6,4,120.6443,24.14024,3
5850,66000,387130000C,(04)23274275,(04)23288582,2025,09,15,14,57,臺中市,烏日區,0,0,0,7,,3,80,,,,,,,,,,,,,,,,,,,A41,,,1,,1,,,91,91,1,6,4,120.620082,24.111092,3
5851,66000,387130000C,(04)23274275,(04)23288582,2025,09,15,14,58,臺中市,北屯區,0,0,0,7,,,50,,,,,,,,,,,,,,17,,,,,B03,,,1,,1,,,84,84,1,12,4,120.68772,24.191314,3
5852,66000,387130000C,(04)23274275,(04)23288582,2025,09,15,15,1,臺中市,北屯區,0,1,0,7,3,6,40,13,7,1,5,4,6,6,4,4,9,5,4,2,16,3,10,3,1,B03,7,11,1,8,2,4,,45,45,1,12,4,120.684888,24.17588,2
5853,66000,387130000C,(04)23274275,(04)23288582,2025,09,15,15,2,臺中市,大里區,0,0,0,7,,,40,,,,,,,,,,,,,,30,,,,,A11,,,1,,2,,,8,8,1,13,4,120.689279,24.113272,3
5854,66000,387130000C,(04)23274275,(04)23288582,2025,09,15,15,5,臺中市,南屯區,0,1,0,7,2,6,50,13,9,1,5,4,6,6,4,4,5,4,4,2,17,2,9,2,1,C03,7,9,1,10,2,11,,59,59,1,12,4,120.636979,24.15415,2
5855,66000,387130000C,(04)23274275,(04)23288582,2025,09,15,15,10,臺中市,南屯區,0,0,0,7,,,30,,,,,,,,,,,,,,,,,,,B03,,,1,,1,,,50,50,1,6,4,120.639306,24.14121,3
5856,66000,387130000C,(04)23274275,(04)23288582,2025,09,15,15,11,臺中市,南區,0,1,0,7,3,6,50,3,1,1,5,4,6,6,4,4,10,5,5,2,16,3,10,3,1,B03,7,5,1,8,2,2,,14,14,1,6,4,120.659008,24.125248,2
5857,66000,387130000C,(04)23274275,(04)23288582,2025,09,15,15,14,臺中市,北區,0,0,0,7,,,50,,,,,,,,,,,,,,13,,,,,B03,,,1,,2,,,59,59,1,12,4,120.676772,24.159405,3
5858,66000,387130000C,(04)23274275,(04)23288582,2025,09,15,15,20,臺中市,大雅區,0,0,0,7,,,70,,,,,,,,,,,,,,,,,,,B12,,,1,,2,,,59,59,1,12,4,120.633696,24.238125,3
5859,66000,387130000C,(04)23274275,(04)23288582,2025,09,15,15,21,臺中市,北區,0,0,0,7,,,50,,,,,,,,,,,,,,13,,,,,C03,,,1,,1,,,7,7,1,13,4,120.677538,24.169671,3
5860,66000,387130000C,(04)23274275,(04)23288582,2025,09,15,15,38,臺中市,東區,0,1,0,7,3,6,50,4,9,1,5,4,6,6,1,1,5,5,5,2,16,2,8,5,4,C03,7,5,1,10,2,12,,20,20,1,6,4,120.700722,24.127289,2
5861,66000,387130000C,(04)23274275,(04)23288582,2025,09,15,15,39,臺中市,中區,0,0,0,7,,,30,,,,,,,,,,,,,,,,,,,B03,,,1,,1,,,12,12,1,12,4,120.684106,24.142168,3
5862,66000,387130000C,(04)23274275,(04)23288582,2025,09,15,15,40,臺中市,沙鹿區,0,0,0,7,,,60,,,,,,,,,,,,,,12,,,,,B03,,,1,,1,,,8,8,1,12,4,120.560836,24.241137,4
5863,66000,387130000C,(04)23274275,(04)23288582,2025,09,15,15,46,臺中市,北區,0,0,0,7,,,,,,,,,,,,,,,,,17,,,,,,,,,,,,,119,119,1,,,120.692426,24.155058,3
5864,66000,387130000C,(04)23274275,(04)23288582,2025,09,15,15,47,臺中市,后里區,0,0,0,7,,,50,,,,,,,,,,,,,,14,,,,,B03,,,3,,2,,,49,49,1,12,4,120.66378,24.311307,3
5865,66000,387130000C,(04)23274275,(04)23288582,2025,09,15,15,56,臺中市,烏日區,0,2,0,7,2,6,60,13,7,1,5,4,6,6,4,4,1,4,5,1,13,3,10,5,4,B03,7,13,1,8,2,3,,79,79,1,6,4,120.646889,24.072243,2
5866,66000,387130000C,(04)23274275,(04)23288582,2025,09,15,15,57,臺中市,西屯區,0,2,0,7,2,6,40,13,8,1,5,4,6,6,4,4,3,4,4,2,9,2,9,5,1,C03,7,9,1,10,2,11,,59,59,1,12,4,120.627953,24.180893,2
5867,66000,387130000C,(04)23274275,(04)23288582,2025,09,15,16,2,臺中市,北屯區,0,1,0,7,3,6,50,13,9,1,5,4,6,6,4,4,5,5,5,2,17,2,9,1,1,C03,7,9,1,10,2,12,,84,84,1,12,4,120.727054,24.173803,2
5868,66000,387130000C,(04)23274275,(04)23288582,2025,09,15,16,12,臺中市,北區,0,0,0,7,,,40,,,,,,,,,,,,,,17,,,,,B03,,,1,,2,,,59,59,1,12,4,120.681615,24.151291,3
5869,66000,387130000C,(04)23274275,(04)23288582,2025,09,15,16,15,臺中市,北屯區,0,2,0,7,2,6,50,3,1,1,5,4,6,6,4,4,10,5,5,2,16,2,9,1,1,C03,7,6,1,10,2,12,,14,14,1,6,4,120.667773,24.17422,2
5870,66000,387130000C,(04)23274275,(04)23288582,2025,09,15,16,16,臺中市,沙鹿區,0,1,0,7,2,6,40,13,8,1,5,4,6,6,4,4,1,5,4,1,18,2,9,1,1,C03,7,9,1,10,2,12,,59,59,1,12,4,120.582592,24.25017,2
5871,66000,387130000C,(04)23274275,(04)23288582,2025,09,15,16,22,臺中市,太平區,0,1,0,7,2,6,50,13,9,1,5,4,6,6,4,4,4,4,5,2,13,3,10,2,1,C03,7,9,1,10,1,11,,7,7,1,12,4,120.712423,24.12575,2
5872,66000,387130000C,(04)23274275,(04)23288582,2025,09,15,16,25,臺中市,西屯區,0,0,0,7,,,50,,,,,,,,,,,,,,13,,,,,B03,,,1,,1,,,7,7,1,13,4,120.626986,24.17739,3
5873,66000,387130000C,(04)23274275,(04)23288582,2025,09,15,16,26,臺中市,豐原區,0,2,0,6,2,9,15,18,24,2,5,4,6,6,4,4,10,5,5,2,17,2,9,4,1,F01,7,9,7,21,2,11,,7,7,1,12,4,120.725914,24.236903,2
5874,66000,387130000C,(04)23274275,(04)23288582,2025,09,15,16,30,臺中市,南屯區,0,0,0,7,,,50,,,,,,,,,,,,,,,,,,,A11,,,1,,2,,,51,51,1,13,4,120.61851,24.148376,3
5875,66000,387130000C,(04)23274275,(04)23288582,2025,09,15,16,30,臺中市,后里區,0,1,0,7,2,6,50,13,8,1,5,4,6,6,4,4,1,4,4,1,13,2,9,1,1,C03,7,9,1,10,2,11,,7,7,1,12,4,120.724796,24.318374,2
5876,66000,387130000C,(04)23274275,(04)23288582,2025,09,15,16,36,臺中市,西屯區,0,0,0,7,,,50,,,,,,,,,,,,,,,,,,,B03,,,1,,1,,,7,7,1,13,4,120.634851,24.181274,3
5877,66000,387130000C,(04)23274275,(04)23288582,2025,09,15,16,39,臺中市,南屯區,0,2,0,7,3,6,50,4,1,1,5,4,6,6,2,1,10,5,5,2,17,3,10,1,1,C03,7,5,1,10,2,13,,26,26,1,6,4,120.615355,24.147851,2
5878,66000,387130000C,(04)23274275,(04)23288582,2025,09,15,16,40,臺中市,沙鹿區,0,0,0,7,,,50,,,,,,,,,,,,,,17,,,,,B03,,,1,,1,,,50,50,1,12,4,120.573619,24.227395,3
5879,66000,387130000C,(04)23274275,(04)23288582,2025,09,15,16,51,臺中市,大雅區,0,2,0,7,3,6,70,4,2,1,5,4,6,6,1,1,5,2,5,1,17,2,9,1,1,C03,7,9,1,10,2,11,,7,7,1,12,4,120.636103,24.235128,2
5880,66000,387130000C,(04)23274275,(04)23288582,2025,09,15,16,56,臺中市,霧峰區,0,0,0,6,,,50,,,,,,,,,,,,,,17,,,,,C03,,,1,,2,,,7,7,1,13,4,120.702761,24.07034,3
5881,66000,387130000C,(04)23274275,(04)23288582,2025,09,15,16,56,臺中市,大里區,0,0,0,7,,,50,,,,,,,,,,,,,,17,,,,,B03,,,1,,2,,,51,51,1,12,4,120.663989,24.086657,3
5882,66000,387130000C,(04)23274275,(04)23288582,2025,09,15,16,58,臺中市,西屯區,0,1,0,7,2,6,50,3,2,1,5,4,6,6,4,4,10,5,5,2,18,2,9,1,4,C03,7,9,1,10,2,14,,84,84,1,13,4,120.596541,24.176839,2
5883,66000,387130000C,(04)23274275,(04)23288582,2025,09,15,17,2,臺中市,西區,0,0,0,7,,,50,,,,,,,,,,,,,,14,,,,,B03,,,3,,1,,,49,49,1,12,4,120.659164,24.142951,3
5884,66000,387130000C,(04)23274275,(04)23288582,2025,09,15,17,3,臺中市,西屯區,0,1,0,7,1,6,50,3,9,1,5,4,6,6,4,4,9,4,5,2,12,2,9,5,4,C03,7,8,1,10,2,14,,40,40,1,13,4,120.631911,24.18279,2
5885,66000,387130000C,(04)23274275,(04)23288582,2025,09,15,17,6,臺中市,北屯區,0,0,0,7,,,50,,,,,,,,,,,,,,12,,,,,B03,,,1,,2,,,47,47,1,6,4,120.720679,24.175316,4
5886,66000,387130000C,(04)23274275,(04)23288582,2025,09,15,17,6,臺中市,北屯區,0,0,0,7,,,30,,,,,,,,,,,,,,,,,,,B03,,,1,,1,,,8,8,1,12,4,120.75281,24.166259,3
5887,66000,387130000C,(04)23274275,(04)23288582,2025,09,15,17,6,臺中市,西屯區,0,2,0,7,2,6,50,4,1,1,5,4,6,6,4,4,10,5,5,2,15,2,9,1,1,C03,7,9,1,10,2,11,,15,15,1,12,4,120.612532,24.196146,2
5888,66000,387130000C,(04)23274275,(04)23288582,2025,09,15,17,7,臺中市,潭子區,0,0,0,6,,3,80,,,,,,,,,,,,,,,,,,,C01,,,1,,9,,,40,40,2,13,4,120.709739,24.200514,3
5889,66000,387130000C,(04)23274275,(04)23288582,2025,09,15,17,10,臺中市,北區,0,1,0,7,2,6,50,13,9,1,5,4,6,6,4,4,5,4,5,2,17,3,10,5,1,B03,7,9,1,8,2,2,,8,8,1,13,4,120.673584,24.166711,2
5890,66000,387130000C,(04)23274275,(04)23288582,2025,09,15,17,10,臺中市,南屯區,0,0,0,7,,,50,,,,,,,,,,,,,,,,,,,C03,,,1,,2,,,11,11,1,6,4,120.611568,24.138461,3
5891,66000,387130000C,(04)23274275,(04)23288582,2025,09,15,17,10,臺中市,神岡區,0,0,0,7,,,30,,,,,,,,,,,,,,14,,,,,B03,,,1,,1,,,49,49,1,12,4,120.674803,24.245144,3
5892,66000,387130000C,(04)23274275,(04)23288582,2025,09,15,17,11,臺中市,大雅區,0,2,0,7,2,6,50,4,9,1,5,4,6,6,2,1,10,4,5,1,9,2,9,1,1,C03,7,9,1,10,2,11,,20,20,1,12,4,120.649964,24.221653,2
5893,66000,387130000C,(04)23274275,(04)23288582,2025,09,15,17,12,臺中市,北屯區,0,1,0,7,2,6,50,4,1,1,5,4,6,6,4,4,10,5,5,2,16,2,9,1,1,C03,7,9,1,10,2,14,,85,85,1,12,4,120.686306,24.186899,2
5894,66000,387130000C,(04)23274275,(04)23288582,2025,09,15,17,12,臺中市,西屯區,0,2,0,7,2,6,50,13,9,1,5,4,6,6,2,1,5,5,5,2,12,2,7,1,1,C03,7,9,1,10,2,12,,8,8,1,12,4,120.642638,24.17739,2
5895,66000,387130000C,(04)23274275,(04)23288582,2025,09,15,17,13,臺中市,豐原區,0,2,0,7,3,6,40,4,1,1,5,4,6,6,2,1,5,5,4,2,17,2,5,4,1,F01,7,6,7,21,2,14,,48,48,1,12,4,120.716234,24.239207,2
5896,66000,387130000C,(04)23274275,(04)23288582,2025,09,15,17,14,臺中市,潭子區,0,0,0,7,,,50,,,,,,,,,,,,,,,,,,,C03,,,1,,2,,,8,8,1,13,4,120.712424,24.226257,3
5897,66000,387130000C,(04)23274275,(04)23288582,2025,09,15,17,17,臺中市,北屯區,0,0,0,7,,,30,,,,,,,,,,,,,,15,,,,,B03,,,1,,1,,,15,15,1,12,4,120.670501,24.185675,3
5898,66000,387130000C,(04)23274275,(04)23288582,2025,09,15,17,17,臺中市,神岡區,0,0,0,7,,,50,,,,,,,,,,,,,,13,,,,,B03,,,1,,2,,,59,59,1,13,4,120.657946,24.266214,3
5899,66000,387130000C,(04)23274275,(04)23288582,2025,09,15,17,18,臺中市,東區,0,0,0,7,,,40,,,,,,,,,,,,,,17,,,,,,,,,,,,,85,85,1,,,120.705504,24.148263,4
5900,66000,387130000C,(04)23274275,(04)23288582,2025,09,15,17,19,臺中市,西屯區,0,1,0,7,2,6,50,4,1,1,5,4,6,6,2,1,10,5,5,2,16,3,10,5,4,B03,7,6,1,8,2,2,,11,11,1,13,4,120.656061,24.193914,2
5901,66000,387130000C,(04)23274275,(04)23288582,2025,09,15,17,20,臺中市,沙鹿區,0,1,0,7,2,6,50,4,1,1,5,4,6,6,4,4,10,5,5,2,15,3,10,3,1,B03,7,9,1,1,2,2,,15,15,1,6,4,120.568746,24.25281,2
5902,66000,387130000C,(04)23274275,(04)23288582,2025,09,15,17,21,臺中市,烏日區,0,0,0,7,,,60,,,,,,,,,,,,,,12,,,,,B03,,,1,,2,,,85,85,1,12,4,120.617884,24.105543,3
5903,66000,387130000C,(04)23274275,(04)23288582,2025,09,15,17,22,臺中市,太平區,0,0,0,7,,,50,,,,,,,,,,,,,,16,,,,,B03,,,1,,1,,,51,51,1,13,4,120.719723,24.115327,3
5904,66000,387130000C,(04)23274275,(04)23288582,2025,09,15,17,24,臺中市,大里區,0,0,0,7,,,40,,,,,,,,,,,,,,13,,,,,C03,,,1,,1,,,58,58,1,13,4,120.697802,24.082298,3
5905,66000,387130000C,(04)23274275,(04)23288582,2025,09,15,17,26,臺中市,西屯區,0,0,0,7,,,50,,,,,,,,,,,,,,,,,,,C03,,,1,,2,,,7,7,1,13,4,120.642444,24.179154,4
5906,66000,387130000C,(04)23274275,(04)23288582,2025,09,15,17,27,臺中市,霧峰區,0,1,0,7,2,6,50,4,1,1,5,4,6,6,4,4,1,4,4,1,16,3,10,3,1,B03,7,5,1,8,2,4,,14,14,1,13,4,120.696271,24.067181,2
5907,66000,387130000C,(04)23274275,(04)23288582,2025,09,15,17,28,臺中市,南屯區,0,3,0,7,3,6,40,13,8,1,5,4,6,6,4,4,1,5,1,2,13,2,9,1,1,C03,7,9,1,10,2,11,14,84,84,1,6,4,120.584948,24.167077,2
5908,66000,387130000C,(04)23274275,(04)23288582,2025,09,15,17,28,臺中市,大肚區,0,1,0,7,3,6,50,12,9,1,5,4,6,6,4,4,4,5,5,2,18,2,9,6,1,F01,7,9,7,21,2,12,,82,82,1,4,4,120.551777,24.151861,2
5909,66000,387130000C,(04)23274275,(04)23288582,2025,09,15,17,28,臺中市,大肚區,0,1,0,7,3,6,50,13,9,1,5,4,6,6,4,4,4,5,5,2,18,2,9,2,1,F01,7,9,7,21,2,14,,59,59,1,4,4,120.551777,24.151861,2
5910,66000,387130000C,(04)23274275,(04)23288582,2025,09,15,17,29,臺中市,大肚區,0,1,0,7,3,6,50,12,9,1,5,4,6,6,4,4,4,5,5,2,18,2,9,2,1,C03,7,9,1,10,2,14,,5,5,1,6,4,120.552292,24.151881,2
5911,66000,387130000C,(04)23274275,(04)23288582,2025,09,15,17,30,臺中市,南屯區,0,2,0,7,2,6,50,3,1,1,5,4,6,6,4,4,9,5,5,2,17,2,8,2,1,C03,7,11,1,10,2,11,,45,45,1,13,4,120.609809,24.138359,2
5912,66000,387130000C,(04)23274275,(04)23288582,2025,09,15,17,30,臺中市,南屯區,0,0,0,7,,,50,,,,,,,,,,,,,,,,,,,C03,,,1,,2,,,11,11,1,12,4,120.615594,24.149842,3
5913,66000,387130000C,(04)23274275,(04)23288582,2025,09,15,17,30,臺中市,南屯區,0,1,0,7,1,6,50,13,9,1,5,4,6,6,4,4,5,4,5,2,9,,,,,,,15,,,,,,86,86,2,,,120.648638,24.136935,2
5914,66000,387130000C,(04)23274275,(04)23288582,2025,09,15,17,30,臺中市,西屯區,0,0,0,7,,,40,,,,,,,,,,,,,,13,,,,,C03,,,1,,1,,,7,7,1,13,4,120.616682,24.182272,3
5915,66000,387130000C,(04)23274275,(04)23288582,2025,09,15,17,30,臺中市,西屯區,0,1,0,7,1,6,50,13,9,1,5,4,6,6,4,4,5,4,5,2,18,2,9,5,4,C03,7,9,1,10,2,16,,84,84,1,13,4,120.644847,24.181308,2
5916,66000,387130000C,(04)23274275,(04)23288582,2025,09,15,17,30,臺中市,太平區,0,1,0,7,1,6,50,3,2,1,5,4,6,6,1,1,9,4,5,1,13,3,10,3,1,B03,7,9,1,8,2,5,,59,59,1,12,4,120.717322,24.123791,2
5917,66000,387130000C,(04)23274275,(04)23288582,2025,09,15,17,32,臺中市,潭子區,0,1,0,7,3,6,50,3,1,1,5,4,6,6,4,4,5,4,4,1,17,3,10,3,1,B12,7,6,1,8,2,8,,59,59,1,12,4,120.682221,24.224104,2
5918,66000,387130000C,(04)23274275,(04)23288582,2025,09,15,17,33,臺中市,南屯區,0,0,0,7,,,50,,,,,,,,,,,,,,14,,,,,B03,,,1,,1,,,49,49,1,12,4,120.641878,24.148145,3
5919,66000,387130000C,(04)23274275,(04)23288582,2025,09,15,17,37,臺中市,太平區,0,3,0,7,2,6,30,4,1,1,5,4,6,6,4,4,10,5,5,2,16,2,9,1,1,C03,7,6,1,10,2,14,,14,14,1,12,4,120.708584,24.156791,2
5920,66000,387130000C,(04)23274275,(04)23288582,2025,09,15,17,37,臺中市,龍井區,0,1,0,7,3,6,40,4,1,1,5,4,6,6,1,1,10,5,5,2,16,3,10,3,1,A31,7,5,1,1,2,1,,84,84,1,6,4,120.521797,24.216549,2
5921,66000,387130000C,(04)23274275,(04)23288582,2025,09,15,17,38,臺中市,東區,0,0,0,7,,,50,,,,,,,,,,,,,,13,,,,,C03,,,1,,1,,,84,84,1,13,4,120.708356,24.144555,3
5922,66000,387130000C,(04)23274275,(04)23288582,2025,09,15,17,38,臺中市,清水區,0,0,0,7,2,6,50,,,1,5,4,6,6,4,4,9,4,5,1,11,,,,,E05,,,1,,1,,,41,41,1,12,4,120.570529,24.309996,3
5923,66000,387130000C,(04)23274275,(04)23288582,2025,09,15,17,39,臺中市,太平區,0,0,0,7,,,50,,,,,,,,,,,,,,13,,,,,B03,,,1,,2,,,7,7,1,13,4,120.727047,24.149733,3
5924,66000,387130000C,(04)23274275,(04)23288582,2025,09,15,17,41,臺中市,西屯區,0,1,0,7,2,6,50,4,2,1,5,4,6,6,2,1,1,5,5,2,12,2,9,1,1,C03,7,9,1,10,2,12,,42,42,1,12,4,120.650644,24.190842,2
5925,66000,387130000C,(04)23274275,(04)23288582,2025,09,15,17,41,臺中市,烏日區,0,0,0,7,,,50,,,,,,,,,,,,,,,,,,,C03,,,1,,2,,,40,40,1,13,4,120.644317,24.087617,3
5926,66000,387130000C,(04)23274275,(04)23288582,2025,09,15,17,42,臺中市,南屯區,0,1,0,6,1,6,50,5,9,1,5,4,6,6,4,4,5,4,4,2,17,2,9,2,1,C03,7,8,1,10,1,11,,40,40,1,12,4,120.63604,24.121043,2
5927,66000,387130000C,(04)23274275,(04)23288582,2025,09,15,17,42,臺中市,西屯區,0,2,0,7,2,6,40,13,7,1,5,4,6,6,4,4,9,5,4,2,13,2,8,5,1,C03,7,9,1,10,2,11,,7,7,1,12,4,120.65685,24.162255,2
5928,66000,387130000C,(04)23274275,(04)23288582,2025,09,15,17,43,臺中市,北屯區,0,0,0,6,,,50,,,,,,,,,,,,,,17,,,,,C03,,,1,,1,,,8,8,1,6,4,120.729103,24.178163,3
5929,66000,387130000C,(04)23274275,(04)23288582,2025,09,15,17,43,臺中市,太平區,0,1,0,7,1,6,50,4,2,1,5,4,6,6,1,1,9,4,5,2,18,2,9,2,1,C03,7,5,1,10,2,12,,59,59,1,12,4,120.720887,24.130401,2
5930,66000,387130000C,(04)23274275,(04)23288582,2025,09,15,17,44,臺中市,潭子區,0,0,0,7,,,50,,,,,,,,,,,,,,,,,,,C04,,,1,,2,,,7,7,1,12,4,120.709422,24.200329,3
5931,66000,387130000C,(04)23274275,(04)23288582,2025,09,15,17,44,臺中市,北屯區,0,0,0,7,,,50,,,,,,,,,,,,,,16,,,,,B03,,,1,,1,,,40,40,1,6,4,120.690746,24.163,3
5932,66000,387130000C,(04)23274275,(04)23288582,2025,09,15,17,45,臺中市,沙鹿區,0,0,0,7,,,50,,,,,,,,,,,,,,13,,,,,B03,,,1,,1,,,7,7,1,6,4,120.57126,24.19917,3
5933,66000,387130000C,(04)23274275,(04)23288582,2025,09,15,17,46,臺中市,西屯區,0,1,0,7,1,6,50,3,1,1,5,4,6,6,1,1,10,5,5,2,12,2,9,1,1,C04,7,6,1,8,2,12,,8,8,1,12,4,120.662908,24.16428,2