﻿序號,縣市別代碼,機關代碼,市話,傳真,年,月,日,時,分,縣市,區,死亡數量,受傷數量,2-30,天候,道路照明設備,道路類別,道路速限,道路型態,事故位置,路面鋪裝,路面狀態,路面缺陷,障礙物,視距,號誌種類,號誌動作,分向設施,快車道或一般車道間,快慢車道間,路面邊線,事故類型及型態,受傷程度,主要傷處,保護裝備,行動電話或功能裝置,當事者區分_類別,車輛用途,當事者行動狀態,駕照狀態,駕照種類,飲酒情形,車輛撞擊部位最初,車輛撞擊部位其他,肇事因素個別,肇事因素主要,肇事逃逸,職業,共享經濟或外送平台,GPS座標X,GPS座標Y,事故類別
5934,66000,387130000C,(04)23274275,(04)23288582,2025,09,15,17,46,臺中市,太平區,0,2,0,7,2,6,50,13,9,1,5,4,6,6,4,4,9,5,5,2,16,2,9,1,1,F01,7,1,7,21,2,14,,51,51,1,2,4,120.719371,24.156592,2
5935,66000,387130000C,(04)23274275,(04)23288582,2025,09,15,17,48,臺中市,西屯區,0,0,0,7,,,30,,,,,,,,,,,,,,17,,,,,C03,,,1,,1,,,84,84,1,13,4,120.646393,24.178198,3
5936,66000,387130000C,(04)23274275,(04)23288582,2025,09,15,17,48,臺中市,大里區,0,0,0,6,,,40,,,,,,,,,,,,,,17,,,,,B03,,,1,,11,,,84,84,2,13,4,120.728601,24.090676,3
5937,66000,387130000C,(04)23274275,(04)23288582,2025,09,15,17,50,臺中市,東區,0,1,0,7,1,6,50,3,1,1,5,4,6,6,4,4,10,5,5,2,13,3,10,1,1,C03,7,9,1,10,2,11,,84,84,1,12,4,120.699654,24.125213,2
5938,66000,387130000C,(04)23274275,(04)23288582,2025,09,15,17,53,臺中市,西屯區,0,2,0,7,2,6,50,5,2,1,5,4,6,6,2,1,10,5,5,2,12,2,8,1,1,C03,7,9,1,10,2,14,,6,6,1,13,4,120.65182,24.20652,2
5939,66000,387130000C,(04)23274275,(04)23288582,2025,09,15,17,53,臺中市,梧棲區,0,1,0,7,3,6,50,13,14,1,5,4,6,6,4,4,5,4,5,1,18,2,9,1,1,C03,7,9,1,10,2,16,,59,59,1,6,4,120.536746,24.260458,2
5940,66000,387130000C,(04)23274275,(04)23288582,2025,09,15,17,55,臺中市,西屯區,0,0,0,7,,,30,,,,,,,,,,,,,,17,,,,,C03,,,1,,2,,,84,84,1,12,4,120.663446,24.175602,4
5941,66000,387130000C,(04)23274275,(04)23288582,2025,09,15,17,56,臺中市,西屯區,0,0,0,7,,,50,,,,,,,,,,,,,,17,,,,,C03,,,1,,1,,,84,84,1,13,4,120.646323,24.171692,3
5942,66000,387130000C,(04)23274275,(04)23288582,2025,09,15,17,57,臺中市,西屯區,0,0,0,7,,,50,,,,,,,,,,,,,,17,,,,,C03,,,1,,9,,,50,50,1,13,4,120.645849,24.171967,3
5943,66000,387130000C,(04)23274275,(04)23288582,2025,09,15,17,59,臺中市,西屯區,0,0,0,7,,,50,,,,,,,,,,,,,,13,,,,,B03,,,5,,2,,,7,7,1,12,4,120.640404,24.166279,3
5944,66000,387130000C,(04)23274275,(04)23288582,2025,09,15,18,0,臺中市,大雅區,0,0,0,7,,,60,,,,,,,,,,,,,,,,,,,B03,,,1,,1,,,7,7,1,13,4,120.645921,24.223843,3
5945,66000,387130000C,(04)23274275,(04)23288582,2025,09,15,18,0,臺中市,南屯區,0,2,0,7,1,6,50,4,1,1,5,4,6,6,1,1,9,5,5,2,17,3,10,3,1,B03,7,9,1,8,2,1,,59,59,1,13,4,120.612254,24.150463,2
5946,66000,387130000C,(04)23274275,(04)23288582,2025,09,15,18,0,臺中市,北屯區,0,1,0,7,1,6,50,4,1,1,5,4,6,6,2,1,10,5,5,2,17,3,10,2,1,C03,7,6,3,19,2,13,,48,48,1,6,4,120.719424,24.178201,2
5947,66000,387130000C,(04)23274275,(04)23288582,2025,09,15,18,2,臺中市,北屯區,0,0,0,7,,,30,,,,,,,,,,,,,,13,,,,,B03,,,1,,1,,,7,7,1,12,4,120.724674,24.176979,3
5948,66000,387130000C,(04)23274275,(04)23288582,2025,09,15,18,2,臺中市,西屯區,0,1,0,7,1,6,50,13,8,1,5,4,6,6,4,4,1,4,1,2,13,2,9,5,2,C03,7,9,1,10,2,11,,61,61,1,13,4,120.634673,24.180942,2
5949,66000,387130000C,(04)23274275,(04)23288582,2025,09,15,18,3,臺中市,西屯區,0,0,0,7,,,30,,,,,,,,,,,,,,16,,,,,B03,,,1,,2,,,12,12,1,12,4,120.637442,24.170601,3
5950,66000,387130000C,(04)23274275,(04)23288582,2025,09,15,18,7,臺中市,東區,0,0,0,7,,,50,,,,,,,,,,,,,,13,,,,,B03,,,1,,1,,,7,7,1,6,4,120.692395,24.139415,3
5951,66000,387130000C,(04)23274275,(04)23288582,2025,09,15,18,8,臺中市,北屯區,0,0,0,7,,,50,,,,,,,,,,,,,,17,,,,,B03,,,1,,1,,,51,51,1,6,4,120.682037,24.175074,3
5952,66000,387130000C,(04)23274275,(04)23288582,2025,09,15,18,15,臺中市,西屯區,0,0,0,6,,3,80,,,,,,,,,,,,,,,,,,,B03,,,1,,1,,,7,7,1,13,4,120.634948,24.179291,3
5953,66000,387130000C,(04)23274275,(04)23288582,2025,09,15,18,17,臺中市,龍井區,0,0,0,7,1,6,50,4,7,1,5,4,6,6,2,1,1,4,1,2,12,,,,,B03,,,1,,1,,,40,40,1,6,4,120.575722,24.177515,3
5954,66000,387130000C,(04)23274275,(04)23288582,2025,09,15,18,18,臺中市,南屯區,0,0,0,7,,,50,,,,,,,,,,,,,,,,,,,B03,,,1,,2,,,84,84,1,13,4,120.628398,24.151194,4
5955,66000,387130000C,(04)23274275,(04)23288582,2025,09,15,18,18,臺中市,大里區,0,0,0,7,,,40,,,,,,,,,,,,,,11,,,,,C03,,,1,,2,,,8,8,1,13,4,120.684404,24.100575,3
5956,66000,387130000C,(04)23274275,(04)23288582,2025,09,15,18,20,臺中市,北區,0,0,0,7,,,50,,,,,,,,,,,,,,17,,,,,B01,,,1,,1,,,84,84,1,13,4,120.683218,24.148278,3
5957,66000,387130000C,(04)23274275,(04)23288582,2025,09,15,18,20,臺中市,南屯區,0,1,0,6,1,6,50,13,9,1,5,4,6,6,4,4,5,4,4,2,17,2,8,2,1,C03,7,9,1,10,2,14,,85,85,1,12,4,120.64982,24.15081,2
5958,66000,387130000C,(04)23274275,(04)23288582,2025,09,15,18,20,臺中市,西屯區,0,0,0,7,,,50,,,,,,,,,,,,,,12,,,,,B03,,,1,,2,,,39,39,1,13,4,120.637125,24.16838,3
5959,66000,387130000C,(04)23274275,(04)23288582,2025,09,15,18,23,臺中市,梧棲區,0,0,0,7,,,40,,,,,,,,,,,,,,13,,,,,B03,,,1,,2,,,7,7,1,12,4,120.55094,24.244418,3
5960,66000,387130000C,(04)23274275,(04)23288582,2025,09,15,18,26,臺中市,后里區,0,0,0,6,,,50,,,,,,,,,,,,,,11,,,,,B03,,,1,,2,,,11,11,1,13,4,120.718552,24.320357,3
5961,66000,387130000C,(04)23274275,(04)23288582,2025,09,15,18,29,臺中市,潭子區,0,0,0,7,,,50,,,,,,,,,,,,,,,,,,,C04,,,1,,9,,,49,49,1,12,4,120.679547,24.205661,3
5962,66000,387130000C,(04)23274275,(04)23288582,2025,09,15,18,30,臺中市,北區,0,0,0,7,,,30,,,,,,,,,,,,,,17,,,,,B12,,,1,,9,,,84,84,1,13,4,120.681829,24.158938,3
5963,66000,387130000C,(04)23274275,(04)23288582,2025,09,15,18,30,臺中市,沙鹿區,0,0,0,7,,,30,,,,,,,,,,,,,,17,,,,,B03,,,1,,1,,,50,50,1,10,4,120.567922,24.199033,3
5964,66000,387130000C,(04)23274275,(04)23288582,2025,09,15,18,33,臺中市,東區,0,0,0,7,,,50,,,,,,,,,,,,,,,,,,,B03,,,1,,1,,,84,84,1,6,4,120.697296,24.147958,3
5965,66000,387130000C,(04)23274275,(04)23288582,2025,09,15,18,36,臺中市,北區,0,1,0,7,1,6,50,3,1,1,5,4,6,6,2,1,10,5,5,2,18,2,9,1,1,C03,7,9,1,10,2,11,,84,84,1,13,4,120.685301,24.157526,2
5966,66000,387130000C,(04)23274275,(04)23288582,2025,09,15,18,36,臺中市,北屯區,0,0,0,7,,,50,,,,,,,,,,,,,,13,,,,,B03,,,1,,1,,,7,7,1,12,4,120.691508,24.169785,3
5967,66000,387130000C,(04)23274275,(04)23288582,2025,09,15,18,39,臺中市,大里區,0,1,0,7,1,6,50,4,1,1,5,4,6,6,1,1,10,5,5,2,1,3,10,3,1,B03,7,6,1,8,2,8,,84,84,1,12,4,120.687242,24.095523,2
5968,66000,387130000C,(04)23274275,(04)23288582,2025,09,15,18,47,臺中市,西屯區,0,1,0,7,1,6,50,5,1,1,5,4,6,6,1,1,10,5,5,2,13,2,9,5,1,C03,7,9,1,8,2,11,,7,7,1,12,4,120.659684,24.192971,2
5969,66000,387130000C,(04)23274275,(04)23288582,2025,09,15,18,47,臺中市,大里區,0,1,0,7,1,6,50,13,6,1,5,4,6,6,3,1,1,4,5,1,13,2,2,3,1,B03,7,9,1,8,2,3,,24,24,1,6,4,120.700252,24.117288,2
5970,66000,387130000C,(04)23274275,(04)23288582,2025,09,15,18,49,臺中市,西屯區,0,0,0,7,,,50,,,,,,,,,,,,,,14,,,,,B03,,,1,,9,,,49,49,1,12,4,120.643032,24.199328,3
5971,66000,387130000C,(04)23274275,(04)23288582,2025,09,15,18,50,臺中市,沙鹿區,0,1,0,7,1,6,60,3,1,1,5,4,6,6,2,1,10,5,5,2,17,2,9,2,1,C03,7,12,3,19,2,15,,85,85,1,6,4,120.615128,24.244076,2
5972,66000,387130000C,(04)23274275,(04)23288582,2025,09,15,18,52,臺中市,西屯區,0,1,0,7,1,6,50,3,1,1,5,4,6,6,2,1,10,5,5,2,16,3,10,5,4,B03,7,5,1,8,1,6,,11,11,1,13,4,120.615074,24.187732,2
5973,66000,387130000C,(04)23274275,(04)23288582,2025,09,15,18,53,臺中市,北屯區,0,0,0,7,,,50,,,,,,,,,,,,,,13,,,,,B03,,,1,,1,,,56,56,1,6,4,120.719626,24.174209,3
5974,66000,387130000C,(04)23274275,(04)23288582,2025,09,15,18,58,臺中市,大甲區,0,1,0,7,1,6,30,4,1,1,5,4,6,6,4,4,10,5,5,2,15,3,10,1,1,C03,7,9,1,10,2,11,,12,12,1,6,2,120.621561,24.351453,2
5975,66000,387130000C,(04)23274275,(04)23288582,2025,09,15,19,0,臺中市,南屯區,0,2,0,7,3,6,50,4,1,1,5,4,6,6,4,4,10,5,5,2,17,2,8,1,1,C03,7,6,1,10,2,13,,48,48,1,6,4,120.648872,24.136897,2
5976,66000,387130000C,(04)23274275,(04)23288582,2025,09,15,19,2,臺中市,西屯區,0,0,0,6,,,40,,,,,,,,,,,,,,,,,,,B03,,,1,,1,,,7,7,1,13,4,120.641053,24.167045,3
5977,66000,387130000C,(04)23274275,(04)23288582,2025,09,15,19,7,臺中市,南屯區,0,1,0,7,1,6,50,4,1,1,5,4,6,6,2,1,10,5,5,2,16,3,10,3,1,B03,7,6,1,8,2,8,,11,11,1,12,4,120.640525,24.142654,2
5978,66000,387130000C,(04)23274275,(04)23288582,2025,09,15,19,10,臺中市,西屯區,0,0,0,7,,,50,,,,,,,,,,,,,,13,,,,,B03,,,1,,1,,,7,7,1,13,4,120.614123,24.183851,3
5979,66000,387130000C,(04)23274275,(04)23288582,2025,09,15,19,18,臺中市,太平區,0,0,0,7,,,50,,,,,,,,,,,,,,17,,,,,B02,,,1,,1,,,84,84,1,13,4,120.7291,24.155649,3
5980,66000,387130000C,(04)23274275,(04)23288582,2025,09,15,19,30,臺中市,西區,0,0,0,7,,,50,,,,,,,,,,,,,,17,,,,,B03,,,1,,1,,,49,49,1,12,4,120.663046,24.130986,3
5981,66000,387130000C,(04)23274275,(04)23288582,2025,09,15,19,31,臺中市,北屯區,0,0,0,7,,,50,,,,,,,,,,,,,,17,,,,,B03,,,1,,1,,,51,51,1,6,4,120.68903,24.171474,3
5982,66000,387130000C,(04)23274275,(04)23288582,2025,09,15,19,32,臺中市,南屯區,0,1,0,7,1,6,50,11,7,1,5,4,6,6,4,4,10,5,5,2,17,3,10,3,1,B03,7,1,1,8,2,1,,51,51,1,13,4,120.613303,24.140506,2
5983,66000,387130000C,(04)23274275,(04)23288582,2025,09,15,19,38,臺中市,東勢區,0,0,0,7,,,30,,,,,,,,,,,,,,,,,,,B03,,,1,,2,,,84,84,1,12,4,120.806222,24.292347,3
5984,66000,387130000C,(04)23274275,(04)23288582,2025,09,15,19,41,臺中市,西區,0,1,0,7,1,6,50,13,9,1,5,4,6,6,1,1,3,4,5,1,17,2,9,5,4,C03,7,9,1,10,2,11,,84,84,1,12,4,120.671247,24.145505,2
5985,66000,387130000C,(04)23274275,(04)23288582,2025,09,15,19,51,臺中市,沙鹿區,0,0,0,7,,,40,,,,,,,,,,,,,,,,,,,C03,,,1,,2,,,82,82,1,6,4,120.577781,24.221813,3
5986,66000,387130000C,(04)23274275,(04)23288582,2025,09,15,19,55,臺中市,南屯區,0,0,0,7,,,50,,,,,,,,,,,,,,,,,,,A04,,,1,,1,,,84,84,1,6,4,120.646707,24.150896,3
5987,66000,387130000C,(04)23274275,(04)23288582,2025,09,15,20,0,臺中市,南區,0,0,0,7,,,50,,,,,,,,,,,,,,17,,,,,B03,,,1,,1,,,85,85,1,12,4,120.668853,24.129114,4
5988,66000,387130000C,(04)23274275,(04)23288582,2025,09,15,20,5,臺中市,西區,0,0,0,6,,,50,,,,,,,,,,,,,,,,,,,B03,,,1,,1,,,8,8,1,13,4,120.66214,24.159286,3
5989,66000,387130000C,(04)23274275,(04)23288582,2025,09,15,20,8,臺中市,西區,0,0,0,7,,,50,,,,,,,,,,,,,,14,,,,,B03,,,1,,9,,,49,49,1,12,4,120.660244,24.150032,3
5990,66000,387130000C,(04)23274275,(04)23288582,2025,09,15,20,17,臺中市,北屯區,0,1,0,7,1,6,50,5,1,1,5,4,6,6,1,1,10,5,5,2,17,3,10,3,1,B03,7,11,1,8,2,8,,45,45,1,6,4,120.709518,24.171259,2
5991,66000,387130000C,(04)23274275,(04)23288582,2025,09,15,20,28,臺中市,西區,0,0,0,7,,,,,,,,,,,,,,,,,,,,,,,,,,,,,,119,119,1,,,120.661879,24.150672,3
5992,66000,387130000C,(04)23274275,(04)23288582,2025,09,15,20,42,臺中市,南區,0,0,0,7,,,50,,,,,,,,,,,,,,13,,,,,B03,,,1,,1,,,82,82,1,13,4,120.648724,24.119758,3
5993,66000,387130000C,(04)23274275,(04)23288582,2025,09,15,20,47,臺中市,大里區,0,1,0,7,2,6,50,4,1,1,5,4,6,6,4,4,10,5,5,2,30,2,9,2,1,C03,7,6,1,10,2,11,,20,20,1,13,4,120.702606,24.084491,2
5994,66000,387130000C,(04)23274275,(04)23288582,2025,09,15,20,50,臺中市,西屯區,0,2,0,7,1,6,50,4,1,1,5,4,6,6,1,1,10,5,5,2,13,2,9,5,1,C03,7,9,1,10,2,13,,42,42,1,12,4,120.617498,24.185346,2
5995,66000,387130000C,(04)23274275,(04)23288582,2025,09,15,20,51,臺中市,大里區,0,1,0,7,1,6,30,4,2,1,5,4,6,6,1,1,10,5,5,2,17,3,10,1,1,C03,7,9,1,10,2,16,,84,84,1,12,4,120.689795,24.115145,2
5996,66000,387130000C,(04)23274275,(04)23288582,2025,09,15,21,10,臺中市,北屯區,0,0,0,7,,,50,,,,,,,,,,,,,,17,,,,,B03,,,1,,1,,,84,84,1,12,4,120.680098,24.168182,3
5997,66000,387130000C,(04)23274275,(04)23288582,2025,09,15,21,22,臺中市,沙鹿區,0,0,0,7,,,60,,,,,,,,,,,,,,17,,,,,B02,,,1,,1,,,84,84,1,6,4,120.573102,24.230911,3
5998,66000,387130000C,(04)23274275,(04)23288582,2025,09,15,21,26,臺中市,沙鹿區,0,1,0,7,1,6,50,3,1,1,5,4,6,6,4,4,10,5,5,2,16,3,10,3,1,B03,7,6,1,8,2,6,,14,14,1,9,4,120.574633,24.218823,2
5999,66000,387130000C,(04)23274275,(04)23288582,2025,09,15,21,31,臺中市,北區,0,0,0,7,,,50,,,,,,,,,,,,,,17,,,,,B03,,,1,,1,,,84,84,1,13,4,120.671076,24.172875,3
6000,66000,387130000C,(04)23274275,(04)23288582,2025,09,15,21,33,臺中市,大里區,0,0,0,7,,,50,,,,,,,,,,,,,,16,,,,,C03,,,1,,2,,,14,14,1,13,4,120.689904,24.111291,3
6001,66000,387130000C,(04)23274275,(04)23288582,2025,09,15,21,33,臺中市,沙鹿區,0,0,0,7,,,50,,,,,,,,,,,,,,,,,,,B03,,,1,,2,,,59,59,1,6,4,120.566613,24.243607,3
6002,66000,387130000C,(04)23274275,(04)23288582,2025,09,15,21,36,臺中市,西屯區,0,0,0,7,,,40,,,,,,,,,,,,,,13,,,,,C03,,,1,,1,,,59,59,1,12,4,120.622518,24.18151,3
6003,66000,387130000C,(04)23274275,(04)23288582,2025,09,15,21,38,臺中市,霧峰區,0,2,0,6,1,6,50,4,1,1,5,4,6,6,1,1,10,5,5,1,17,2,9,1,1,C03,7,6,1,10,2,12,,11,11,1,13,4,120.684475,24.050905,2
6004,66000,387130000C,(04)23274275,(04)23288582,2025,09,15,21,39,臺中市,后里區,0,1,0,7,1,6,30,3,9,1,5,4,6,6,4,4,10,5,5,2,19,2,1,3,1,B12,7,5,1,8,2,1,,59,59,1,6,4,120.727302,24.348633,2
6005,66000,387130000C,(04)23274275,(04)23288582,2025,09,15,21,53,臺中市,北區,0,0,0,7,,,50,,,,,,,,,,,,,,17,,,,,B03,,,1,,1,,,59,59,1,13,4,120.687432,24.148838,3
6006,66000,387130000C,(04)23274275,(04)23288582,2025,09,15,22,26,臺中市,西屯區,0,2,0,6,1,6,50,3,1,1,5,4,6,6,2,1,10,5,5,2,13,3,10,3,1,A04,7,9,1,2,2,1,,7,7,1,13,4,120.647384,24.159428,2
6007,66000,387130000C,(04)23274275,(04)23288582,2025,09,15,22,28,臺中市,西屯區,0,0,0,7,,,50,,,,,,,,,,,,,,13,,,,,B03,,,1,,1,,,7,7,1,12,4,120.644155,24.17508,3
6008,66000,387130000C,(04)23274275,(04)23288582,2025,09,15,22,30,臺中市,太平區,0,3,0,7,1,6,50,4,1,1,5,4,6,6,1,1,10,5,5,2,17,2,9,1,1,C03,7,6,1,10,2,11,,11,11,1,12,4,120.725836,24.133585,2
6009,66000,387130000C,(04)23274275,(04)23288582,2025,09,15,22,40,臺中市,北屯區,0,0,0,7,,,50,,,,,,,,,,,,,,12,,,,,B03,,,1,,2,,,59,59,1,12,4,120.683592,24.175745,3
6010,66000,387130000C,(04)23274275,(04)23288582,2025,09,15,22,42,臺中市,西屯區,0,1,0,7,1,6,50,4,1,1,5,4,6,6,2,1,10,5,5,2,16,3,10,5,4,B01,7,5,1,4,2,2,,11,11,1,13,4,120.636062,24.169252,2
6011,66000,387130000C,(04)23274275,(04)23288582,2025,09,15,22,51,臺中市,太平區,0,0,0,7,,,40,,,,,,,,,,,,,,14,,,,,B12,,,1,,1,,,84,84,1,6,4,120.714696,24.110388,3
6012,66000,387130000C,(04)23274275,(04)23288582,2025,09,15,22,52,臺中市,北屯區,0,0,0,7,,,,,,,,,,,,,,,,,17,,,,,,,,,,,,,119,119,1,,,120.689221,24.165574,3
6013,66000,387130000C,(04)23274275,(04)23288582,2025,09,15,22,52,臺中市,神岡區,0,1,0,7,2,6,50,13,9,1,5,4,6,6,4,4,10,4,5,1,17,3,10,5,4,B12,7,15,1,8,2,6,,35,35,2,13,4,120.695367,24.248544,2
6014,66000,387130000C,(04)23274275,(04)23288582,2025,09,15,23,11,臺中市,北區,0,0,0,7,3,6,50,13,24,1,5,4,6,6,4,4,10,5,5,2,17,,,,,B03,,,1,,1,,,8,8,1,13,4,120.687396,24.151871,3
6015,66000,387130000C,(04)23274275,(04)23288582,2025,09,15,23,15,臺中市,大雅區,0,0,0,7,,,30,,,,,,,,,,,,,,,,,,,B03,,,1,,2,,,59,59,1,13,4,120.668363,24.240917,3
6016,66000,387130000C,(04)23274275,(04)23288582,2025,09,15,23,18,臺中市,龍井區,0,2,0,7,3,6,50,13,9,1,5,4,6,6,4,4,9,5,5,2,16,2,9,1,1,C03,7,11,1,10,2,12,,39,39,1,6,4,120.595112,24.186304,2
6017,66000,387130000C,(04)23274275,(04)23288582,2025,09,15,23,35,臺中市,北區,0,1,0,7,2,6,50,4,1,1,5,4,6,6,1,1,3,4,4,2,17,3,10,5,1,B03,7,5,3,19,2,2,,11,11,1,13,4,120.67557,24.15924,2
6018,66000,387130000C,(04)23274275,(04)23288582,2025,09,15,23,50,臺中市,東區,0,2,0,7,1,6,50,5,1,1,5,4,6,6,2,1,10,5,5,2,12,2,9,1,1,C03,7,5,3,19,2,12,,8,8,1,12,4,120.694827,24.142442,2
6019,66000,387130000C,(04)23274275,(04)23288582,2025,09,16,0,47,臺中市,北區,0,1,0,7,1,6,50,3,1,1,5,4,6,6,4,4,1,4,5,1,16,3,10,5,4,B03,7,5,1,8,2,2,,47,47,1,13,4,120.679777,24.162944,2
6020,66000,387130000C,(04)23274275,(04)23288582,2025,09,16,0,55,臺中市,南屯區,0,1,0,7,1,6,50,4,1,1,5,4,6,6,1,1,10,5,5,2,18,2,9,2,1,C03,7,6,1,10,2,12,,59,59,1,12,4,120.638281,24.139854,2
6021,66000,387130000C,(04)23274275,(04)23288582,2025,09,16,1,0,臺中市,大里區,0,0,0,7,,,50,,,,,,,,,,,,,,,,,,,B12,,,1,,1,,,49,49,1,13,4,120.701681,24.096048,3
6022,66000,387130000C,(04)23274275,(04)23288582,2025,09,16,1,40,臺中市,北區,0,0,0,7,1,6,50,18,24,1,5,4,6,6,4,4,3,5,5,2,20,,,,,B03,,,5,,2,,,59,59,1,13,4,120.674144,24.16451,3
6023,66000,387130000C,(04)23274275,(04)23288582,2025,09,16,2,0,臺中市,大里區,0,0,0,7,,,50,,,,,,,,,,,,,,19,,,,,B03,,,1,,2,,,84,84,1,6,4,120.680263,24.095558,3
6024,66000,387130000C,(04)23274275,(04)23288582,2025,09,16,5,28,臺中市,太平區,0,0,0,7,,,50,,,,,,,,,,,,,,19,,,,,B03,,,1,,2,,,84,84,1,5,4,120.734293,24.149908,3
6025,66000,387130000C,(04)23274275,(04)23288582,2025,09,16,5,33,臺中市,神岡區,0,1,0,7,3,6,0,13,9,1,5,4,6,6,4,4,9,5,5,2,28,2,9,5,4,C03,7,9,3,19,2,11,,59,59,1,12,4,120.683742,24.276174,2
6026,66000,387130000C,(04)23274275,(04)23288582,2025,09,16,5,38,臺中市,神岡區,0,1,0,7,1,6,30,3,1,1,5,4,6,6,4,4,10,5,5,2,17,3,10,3,1,B03,7,6,1,8,2,8,,41,41,1,6,4,120.653553,24.27887,2
6027,66000,387130000C,(04)23274275,(04)23288582,2025,09,16,5,43,臺中市,北區,0,0,0,7,,,50,,,,,,,,,,,,,,17,,,,,B12,,,1,,2,,,84,84,1,13,4,120.667375,24.154093,3
6028,66000,387130000C,(04)23274275,(04)23288582,2025,09,16,5,56,臺中市,大肚區,0,1,0,7,2,6,50,3,1,1,5,4,6,6,4,4,10,5,5,2,17,2,9,1,1,C03,7,9,1,10,2,12,,84,84,1,12,4,120.544923,24.155863,2
6029,66000,387130000C,(04)23274275,(04)23288582,2025,09,16,6,25,臺中市,大里區,0,1,0,7,2,6,50,11,9,1,5,4,6,6,4,4,5,5,5,1,18,2,1,6,1,F01,7,9,7,21,2,14,,84,84,1,13,4,120.712572,24.085845,2
6030,66000,387130000C,(04)23274275,(04)23288582,2025,09,16,6,28,臺中市,豐原區,0,3,0,7,2,6,50,13,9,1,5,4,6,6,4,4,5,5,5,2,12,2,9,1,1,C03,7,1,1,10,2,11,,51,51,1,12,4,120.713448,24.254652,2
6031,66000,387130000C,(04)23274275,(04)23288582,2025,09,16,6,40,臺中市,和平區,0,2,0,7,3,6,40,13,9,1,5,4,6,6,3,1,9,5,5,1,14,3,10,5,4,B03,7,9,1,8,2,1,,84,84,1,13,4,120.883301,24.174602,2
6032,66000,387130000C,(04)23274275,(04)23288582,2025,09,16,6,50,臺中市,龍井區,0,2,0,7,2,6,50,13,9,1,5,4,6,6,4,4,5,5,5,1,25,2,9,3,1,B03,7,9,1,8,2,1,,84,84,1,12,4,120.537122,24.200031,2
6033,66000,387130000C,(04)23274275,(04)23288582,2025,09,16,6,51,臺中市,龍井區,0,1,0,7,2,6,50,13,9,1,5,4,6,6,4,4,9,5,5,1,18,2,9,1,1,C03,7,15,1,10,2,15,,85,85,1,6,4,120.577122,24.194351,2
6034,66000,387130000C,(04)23274275,(04)23288582,2025,09,16,7,0,臺中市,西區,0,0,0,7,,,50,,,,,,,,,,,,,,,,,,,B03,,,1,,1,,,7,7,1,12,4,120.659381,24.156281,3
6035,66000,387130000C,(04)23274275,(04)23288582,2025,09,16,7,2,臺中市,北屯區,0,1,0,7,1,6,50,4,2,1,5,4,6,6,4,4,5,4,5,2,12,2,9,5,1,F01,7,9,7,21,2,12,,1,1,1,13,4,120.70108,24.185066,2
6036,66000,387130000C,(04)23274275,(04)23288582,2025,09,16,7,5,臺中市,烏日區,0,0,0,7,,,50,,,,,,,,,,,,,,13,,,,,B03,,,1,,1,,,84,84,1,6,4,120.624963,24.106524,3
6037,66000,387130000C,(04)23274275,(04)23288582,2025,09,16,7,7,臺中市,大雅區,0,0,0,7,,,0,,,,,,,,,,,,,,,,,,,B03,,,1,,1,,,49,49,1,12,4,120.630507,24.240872,3
6038,66000,387130000C,(04)23274275,(04)23288582,2025,09,16,7,9,臺中市,大里區,0,2,0,7,2,6,50,13,9,1,5,4,6,6,4,4,5,5,5,2,17,3,10,2,1,C03,7,9,1,10,2,14,,84,84,1,6,4,120.696021,24.08959,2
6039,66000,387130000C,(04)23274275,(04)23288582,2025,09,16,7,18,臺中市,東區,0,0,0,7,,,50,,,,,,,,,,,,,,13,,,,,B03,,,1,,1,,,84,84,1,12,4,120.692379,24.139591,3
6040,66000,387130000C,(04)23274275,(04)23288582,2025,09,16,7,22,臺中市,神岡區,0,1,0,7,3,6,50,3,1,1,5,4,6,6,1,1,5,5,5,1,12,3,10,3,1,B03,7,9,1,8,2,2,,84,84,1,13,4,120.676608,24.264116,2
6041,66000,387130000C,(04)23274275,(04)23288582,2025,09,16,7,22,臺中市,豐原區,0,2,0,7,2,6,50,3,1,1,5,4,6,6,4,4,10,5,5,2,11,2,8,5,4,C03,7,6,1,10,2,11,,48,48,1,13,4,120.726727,24.259101,2
6042,66000,387130000C,(04)23274275,(04)23288582,2025,09,16,7,25,臺中市,北屯區,0,0,0,7,,,50,,,,,,,,,,,,,,17,,,,,B03,,,1,,2,,,45,45,1,12,4,120.741985,24.177798,4
6043,66000,387130000C,(04)23274275,(04)23288582,2025,09,16,7,28,臺中市,大雅區,0,2,0,7,2,6,50,3,1,1,5,4,6,6,1,1,5,5,4,1,16,2,8,1,1,C03,7,6,1,10,2,11,,11,11,1,13,4,120.64976,24.222557,2
6044,66000,387130000C,(04)23274275,(04)23288582,2025,09,16,7,28,臺中市,北屯區,0,1,0,7,3,6,50,13,9,1,5,4,6,6,2,1,5,4,5,2,13,2,9,1,1,C03,7,9,1,10,2,11,,7,7,1,6,4,120.67742,24.186344,2
6045,66000,387130000C,(04)23274275,(04)23288582,2025,09,16,7,28,臺中市,大肚區,0,0,0,7,,,30,,,,,,,,,,,,,,14,,,,,B03,,,1,,2,,,49,49,1,6,4,120.573048,24.163643,3
6046,66000,387130000C,(04)23274275,(04)23288582,2025,09,16,7,29,臺中市,潭子區,0,0,0,7,,,50,,,,,,,,,,,,,,,,,,,B03,,,1,,2,,,8,8,1,13,4,120.709825,24.229966,3