﻿序號,縣市別代碼,機關代碼,市話,傳真,年,月,日,時,分,縣市,區,死亡數量,受傷數量,2-30,天候,道路照明設備,道路類別,道路速限,道路型態,事故位置,路面鋪裝,路面狀態,路面缺陷,障礙物,視距,號誌種類,號誌動作,分向設施,快車道或一般車道間,快慢車道間,路面邊線,事故類型及型態,受傷程度,主要傷處,保護裝備,行動電話或功能裝置,當事者區分_類別,車輛用途,當事者行動狀態,駕照狀態,駕照種類,飲酒情形,車輛撞擊部位最初,車輛撞擊部位其他,肇事因素個別,肇事因素主要,肇事逃逸,職業,共享經濟或外送平台,GPS座標X,GPS座標Y,事故類別
6493,66000,387130000C,(04)23274275,(04)23288582,2025,09,17,8,58,臺中市,大肚區,0,2,0,7,1,6,50,13,9,1,5,4,6,6,4,4,9,5,5,1,17,2,9,1,1,C03,7,9,1,10,2,12,,39,39,1,6,4,120.580484,24.173039,2
6494,66000,387130000C,(04)23274275,(04)23288582,2025,09,17,9,2,臺中市,潭子區,0,1,0,7,3,6,50,3,1,1,5,4,6,6,4,4,4,5,5,1,17,2,9,2,1,C03,7,9,1,10,2,11,,84,84,1,13,4,120.673782,24.207437,2
6495,66000,387130000C,(04)23274275,(04)23288582,2025,09,17,9,2,臺中市,霧峰區,0,0,0,7,,,50,,,,,,,,,,,,,,15,,,,,B03,,,1,,2,,,12,12,1,12,4,120.697722,24.064571,3
6496,66000,387130000C,(04)23274275,(04)23288582,2025,09,17,9,5,臺中市,大里區,0,0,0,7,,,40,,,,,,,,,,,,,,17,,,,,C03,,,1,,9,,,84,84,1,13,4,120.6852,24.105362,3
6497,66000,387130000C,(04)23274275,(04)23288582,2025,09,17,9,6,臺中市,潭子區,0,0,0,7,,,40,,,,,,,,,,,,,,,,,,,B03,,,1,,2,,,51,51,1,13,4,120.697549,24.223399,3
6498,66000,387130000C,(04)23274275,(04)23288582,2025,09,17,9,8,臺中市,西區,0,0,0,7,,,50,,,,,,,,,,,,,,30,,,,,B03,,,1,,1,,,84,84,1,12,4,120.670208,24.151009,3
6499,66000,387130000C,(04)23274275,(04)23288582,2025,09,17,9,8,臺中市,北區,0,0,0,7,,,50,,,,,,,,,,,,,,17,,,,,B03,,,1,,1,,,58,58,1,13,4,120.683121,24.147016,3
6500,66000,387130000C,(04)23274275,(04)23288582,2025,09,17,9,10,臺中市,南區,0,1,0,7,2,6,50,13,7,1,5,4,6,6,4,4,1,2,4,2,12,2,9,2,1,C03,7,15,1,10,2,14,,42,42,1,12,4,120.664396,24.12462,2
6501,66000,387130000C,(04)23274275,(04)23288582,2025,09,17,9,12,臺中市,大里區,0,2,0,7,2,6,50,3,1,1,5,4,6,6,4,4,5,5,4,2,16,2,9,1,1,C03,7,1,3,19,2,14,,51,51,1,13,4,120.682588,24.096084,2
6502,66000,387130000C,(04)23274275,(04)23288582,2025,09,17,9,13,臺中市,西屯區,0,1,0,7,2,6,50,4,1,1,5,4,6,6,1,1,10,5,5,2,16,3,10,3,1,B03,7,6,1,8,2,1,,11,11,1,12,4,120.660712,24.172391,2
6503,66000,387130000C,(04)23274275,(04)23288582,2025,09,17,9,14,臺中市,西屯區,0,2,0,7,2,6,40,4,1,1,5,4,6,6,2,1,10,5,5,2,13,2,9,1,1,C03,7,9,1,10,2,11,,58,58,1,13,4,120.63904,24.159578,2
6504,66000,387130000C,(04)23274275,(04)23288582,2025,09,17,9,15,臺中市,北區,0,0,0,7,,,50,,,,,,,,,,,,,,,,,,,A12,,,1,,1,,,49,49,1,12,4,120.665464,24.162915,3
6505,66000,387130000C,(04)23274275,(04)23288582,2025,09,17,9,17,臺中市,北區,0,0,0,7,,,30,,,,,,,,,,,,,,17,,,,,B03,,,1,,1,,,84,84,1,13,4,120.696687,24.154243,3
6506,66000,387130000C,(04)23274275,(04)23288582,2025,09,17,9,19,臺中市,龍井區,0,1,0,7,3,6,30,4,1,1,5,4,6,6,4,4,10,5,5,2,17,2,9,2,1,C03,7,9,1,10,2,14,,20,20,1,12,4,120.532382,24.184602,2
6507,66000,387130000C,(04)23274275,(04)23288582,2025,09,17,9,22,臺中市,霧峰區,0,0,0,7,2,6,40,13,9,1,5,4,6,6,4,4,5,5,5,1,12,,,,,B03,,,1,,2,,,51,51,1,6,4,120.667716,24.060651,3
6508,66000,387130000C,(04)23274275,(04)23288582,2025,09,17,9,23,臺中市,北區,0,1,0,7,2,6,50,13,8,1,5,4,6,6,4,4,1,4,4,2,13,2,8,1,1,C03,7,9,1,10,2,11,,58,58,1,12,4,120.674119,24.163792,2
6509,66000,387130000C,(04)23274275,(04)23288582,2025,09,17,9,24,臺中市,沙鹿區,0,1,0,7,2,6,50,4,1,1,5,4,6,6,2,1,10,5,5,2,16,3,10,3,1,A11,7,5,1,3,2,2,,47,47,1,6,4,120.560839,24.240665,2
6510,66000,387130000C,(04)23274275,(04)23288582,2025,09,17,9,25,臺中市,西區,0,0,0,7,,,50,,,,,,,,,,,,,,,,,,,B03,,,1,,1,,,84,84,1,12,4,120.659687,24.157317,3
6511,66000,387130000C,(04)23274275,(04)23288582,2025,09,17,9,27,臺中市,西屯區,0,1,0,7,2,6,50,3,1,1,5,4,6,6,1,1,10,5,5,2,16,3,10,5,4,B03,7,5,1,8,2,6,,11,11,1,12,4,120.613216,24.171574,2
6512,66000,387130000C,(04)23274275,(04)23288582,2025,09,17,9,29,臺中市,西屯區,0,1,0,7,2,6,50,11,9,1,5,4,6,6,4,4,10,5,5,2,11,3,10,5,4,B03,7,9,1,8,2,8,,8,8,1,13,4,120.657742,24.16967,2
6513,66000,387130000C,(04)23274275,(04)23288582,2025,09,17,9,29,臺中市,沙鹿區,0,0,0,7,,,50,,,,,,,,,,,,,,,,,,,A12,,,1,,2,,,40,40,1,13,4,120.600346,24.255637,3
6514,66000,387130000C,(04)23274275,(04)23288582,2025,09,17,9,30,臺中市,西屯區,0,0,0,7,,,50,,,,,,,,,,,,,,12,,,,,C03,,,1,,1,,,34,34,1,12,4,120.641716,24.178175,3
6515,66000,387130000C,(04)23274275,(04)23288582,2025,09,17,9,33,臺中市,大里區,0,0,0,7,,3,80,,,,,,,,,,,,,,12,,,,,B02,,,1,,9,,,84,84,2,6,4,120.686244,24.074288,3
6516,66000,387130000C,(04)23274275,(04)23288582,2025,09,17,9,34,臺中市,南區,0,2,0,7,2,6,50,13,9,1,5,4,6,6,4,4,5,4,4,2,13,2,9,1,1,C03,7,9,1,10,2,11,,84,84,1,12,4,120.668876,24.129514,2
6517,66000,387130000C,(04)23274275,(04)23288582,2025,09,17,9,35,臺中市,大雅區,0,2,0,7,2,6,0,13,9,1,5,4,6,6,4,4,9,5,5,1,16,2,8,1,1,F03,7,1,7,21,2,11,,51,51,1,13,4,120.626372,24.23778,2
6518,66000,387130000C,(04)23274275,(04)23288582,2025,09,17,9,35,臺中市,北屯區,0,0,0,7,,,50,,,,,,,,,,,,,,13,,,,,B12,,,1,,1,,,7,7,1,13,4,120.70304,24.182155,3
6519,66000,387130000C,(04)23274275,(04)23288582,2025,09,17,9,37,臺中市,北屯區,0,0,0,7,,,40,,,,,,,,,,,,,,16,,,,,C03,,,1,,2,,,51,51,1,6,4,120.690295,24.175529,3
6520,66000,387130000C,(04)23274275,(04)23288582,2025,09,17,9,38,臺中市,南區,0,1,0,7,3,6,50,3,2,1,5,4,6,6,4,4,10,5,5,2,18,2,9,5,4,C03,7,9,1,10,2,14,,84,84,1,12,4,120.670111,24.119995,2
6521,66000,387130000C,(04)23274275,(04)23288582,2025,09,17,9,39,臺中市,豐原區,0,0,0,7,,,30,,,,,,,,,,,,,,16,,,,,B03,,,1,,2,,,14,14,1,13,4,120.741296,24.263445,3
6522,66000,387130000C,(04)23274275,(04)23288582,2025,09,17,9,45,臺中市,烏日區,0,1,0,7,2,6,50,4,1,1,5,4,6,6,1,1,10,5,5,2,17,2,9,5,4,C03,7,9,1,10,2,14,,84,84,1,12,4,120.631029,24.105093,2
6523,66000,387130000C,(04)23274275,(04)23288582,2025,09,17,9,50,臺中市,南屯區,0,0,0,7,,,50,,,,,,,,,,,,,,,,,,,C03,,,1,,9,,,78,78,1,12,4,120.610197,24.135792,3
6524,66000,387130000C,(04)23274275,(04)23288582,2025,09,17,9,50,臺中市,大甲區,0,1,0,7,3,6,50,4,1,1,5,4,6,6,1,1,5,5,5,1,15,2,9,2,1,C03,7,9,1,10,2,14,,21,21,1,6,4,120.655555,24.3817,2
6525,66000,387130000C,(04)23274275,(04)23288582,2025,09,17,9,53,臺中市,北屯區,0,0,0,7,,,50,,,,,,,,,,,,,,,,,,,B03,,,1,,2,,,84,84,1,13,4,120.72686,24.171866,3
6526,66000,387130000C,(04)23274275,(04)23288582,2025,09,17,10,6,臺中市,北區,0,2,0,7,2,6,50,5,1,1,5,4,6,6,2,1,10,5,5,2,16,2,8,1,1,C03,7,9,1,10,2,11,,26,26,1,12,4,120.686252,24.15482,2
6527,66000,387130000C,(04)23274275,(04)23288582,2025,09,17,10,10,臺中市,南屯區,0,0,0,7,,,50,,,,,,,,,,,,,,13,,,,,C03,,,1,,1,,,7,7,1,12,4,120.616286,24.146186,3
6528,66000,387130000C,(04)23274275,(04)23288582,2025,09,17,10,10,臺中市,北屯區,0,2,0,7,3,6,30,4,1,1,5,4,6,6,4,4,10,5,5,2,17,3,10,3,1,A11,7,5,1,3,2,16,,12,12,1,6,4,120.675434,24.202133,2
6529,66000,387130000C,(04)23274275,(04)23288582,2025,09,17,10,10,臺中市,神岡區,0,0,0,7,1,6,60,13,14,1,5,4,6,6,4,4,1,5,4,1,13,,,,,B03,,,1,,2,,,84,84,1,12,4,120.691537,24.232197,3
6530,66000,387130000C,(04)23274275,(04)23288582,2025,09,17,10,11,臺中市,西屯區,0,0,0,7,,,30,,,,,,,,,,,,,,12,,,,,B03,,,3,,1,,,8,8,1,12,4,120.655344,24.162823,3
6531,66000,387130000C,(04)23274275,(04)23288582,2025,09,17,10,12,臺中市,東區,0,1,0,7,2,6,40,5,1,1,5,4,6,6,1,1,5,5,4,2,12,2,9,2,1,C03,7,6,1,10,2,13,,48,48,1,13,4,120.694346,24.140931,2
6532,66000,387130000C,(04)23274275,(04)23288582,2025,09,17,10,13,臺中市,西區,0,1,0,7,2,6,50,3,1,1,5,4,6,6,4,4,10,5,5,2,16,2,9,2,1,C03,7,9,1,10,2,14,,85,85,1,12,4,120.663171,24.153881,2
6533,66000,387130000C,(04)23274275,(04)23288582,2025,09,17,10,14,臺中市,梧棲區,0,0,0,7,,,40,,,,,,,,,,,,,,13,,,,,B03,,,1,,1,,,7,7,1,6,4,120.525779,24.224664,3
6534,66000,387130000C,(04)23274275,(04)23288582,2025,09,17,10,19,臺中市,潭子區,0,0,0,7,,,40,,,,,,,,,,,,,,,,,,,B12,,,1,,2,,,78,78,1,13,4,120.703324,24.209717,3
6535,66000,387130000C,(04)23274275,(04)23288582,2025,09,17,10,21,臺中市,北區,0,2,0,7,2,6,40,3,2,1,5,4,6,6,4,4,1,4,4,2,16,2,9,1,1,C03,7,5,1,10,2,12,14,58,58,1,13,4,120.674407,24.162315,2
6536,66000,387130000C,(04)23274275,(04)23288582,2025,09,17,10,21,臺中市,西屯區,0,0,0,7,,,40,,,,,,,,,,,,,,13,,,,,C03,,,1,,1,,,7,7,1,13,4,120.599156,24.182986,3
6537,66000,387130000C,(04)23274275,(04)23288582,2025,09,17,10,22,臺中市,北屯區,0,0,0,7,,,50,,,,,,,,,,,,,,17,,,,,C03,,,1,,2,,,50,50,1,6,4,120.6619,24.195717,3
6538,66000,387130000C,(04)23274275,(04)23288582,2025,09,17,10,23,臺中市,北屯區,0,0,0,7,,3,80,,,,,,,,,,,,,,13,,,,,B03,,,1,8,1,,,7,7,1,6,4,120.720658,24.169933,3
6539,66000,387130000C,(04)23274275,(04)23288582,2025,09,17,10,28,臺中市,西區,0,0,0,7,,,30,,,,,,,,,,,,,,,,,,,A12,,,1,,1,,,49,49,1,6,4,120.65572,24.140705,3
6540,66000,387130000C,(04)23274275,(04)23288582,2025,09,17,10,30,臺中市,龍井區,0,1,0,7,1,6,50,11,9,1,5,4,6,6,4,4,9,5,5,2,11,2,9,1,1,C03,7,5,1,10,2,14,,6,6,1,6,4,120.574324,24.19591,2
6541,66000,387130000C,(04)23274275,(04)23288582,2025,09,17,10,44,臺中市,西屯區,0,2,0,7,2,6,40,4,1,1,5,4,6,6,1,1,10,5,5,2,13,2,9,2,1,C03,7,9,1,10,2,12,,7,7,1,12,4,120.635172,24.179435,2
6542,66000,387130000C,(04)23274275,(04)23288582,2025,09,17,10,44,臺中市,大肚區,0,1,0,7,2,6,50,11,9,1,5,4,6,6,4,4,4,4,5,2,18,2,9,1,1,F01,7,5,7,21,2,11,,84,84,1,6,4,120.562448,24.154103,2
6543,66000,387130000C,(04)23274275,(04)23288582,2025,09,17,10,45,臺中市,北區,0,1,0,7,3,6,50,4,1,1,5,4,6,6,2,1,1,4,5,2,17,3,10,1,1,C03,7,15,3,19,3,14,,84,84,1,12,4,120.684957,24.163093,2
6544,66000,387130000C,(04)23274275,(04)23288582,2025,09,17,10,52,臺中市,大里區,0,1,0,7,2,6,50,13,9,1,5,4,6,6,4,4,9,4,5,2,12,2,9,2,1,C03,7,9,1,10,2,12,,7,7,1,12,4,120.689664,24.115499,2
6545,66000,387130000C,(04)23274275,(04)23288582,2025,09,17,10,54,臺中市,北區,0,0,0,7,,,50,,,,,,,,,,,,,,14,,,,,B12,,,1,,9,,,49,49,1,13,4,120.669873,24.167077,3
6546,66000,387130000C,(04)23274275,(04)23288582,2025,09,17,10,55,臺中市,中區,0,0,0,7,,,50,,,,,,,,,,,,,,,,,,,B03,,,1,,1,,,8,8,1,12,4,120.679497,24.142426,3
6547,66000,387130000C,(04)23274275,(04)23288582,2025,09,17,11,0,臺中市,霧峰區,0,0,0,7,,,50,,,,,,,,,,,,,,16,,,,,B03,,,1,,2,,,24,24,1,12,4,120.654041,24.08444,3
6548,66000,387130000C,(04)23274275,(04)23288582,2025,09,17,11,0,臺中市,沙鹿區,0,2,0,7,2,6,50,13,8,1,5,4,6,6,4,4,1,4,4,2,17,3,10,3,1,B03,7,1,1,8,2,16,,51,51,1,12,4,120.568781,24.224523,2
6549,66000,387130000C,(04)23274275,(04)23288582,2025,09,17,11,1,臺中市,南區,0,1,0,7,1,6,50,4,1,1,5,4,6,6,1,1,9,4,5,2,12,2,9,1,1,F03,7,9,7,21,2,11,12,7,7,1,12,4,120.677682,24.124086,2
6550,66000,387130000C,(04)23274275,(04)23288582,2025,09,17,11,10,臺中市,北屯區,0,1,0,7,1,6,50,4,2,1,5,4,6,6,1,1,5,4,5,2,18,2,8,1,1,C03,7,9,1,10,2,11,,84,84,1,13,4,120.696246,24.183294,2
6551,66000,387130000C,(04)23274275,(04)23288582,2025,09,17,11,13,臺中市,沙鹿區,0,1,0,7,2,6,40,13,8,1,5,4,6,6,4,4,1,5,5,2,18,2,9,2,1,C03,7,9,1,10,2,12,,59,59,1,6,4,120.570976,24.234553,2
6552,66000,387130000C,(04)23274275,(04)23288582,2025,09,17,11,13,臺中市,沙鹿區,0,0,0,7,,,60,,,,,,,,,,,,,,12,,,,,A12,,,1,,2,,,40,40,1,6,4,120.571615,24.232932,4
6553,66000,387130000C,(04)23274275,(04)23288582,2025,09,17,11,17,臺中市,烏日區,0,2,0,7,2,6,50,3,1,1,5,4,6,6,1,1,10,5,5,2,17,3,10,3,1,B03,7,6,1,8,2,5,,25,25,1,6,4,120.641611,24.115441,2
6554,66000,387130000C,(04)23274275,(04)23288582,2025,09,17,11,18,臺中市,南屯區,0,0,0,7,,,60,,,,,,,,,,,,,,17,,,,,B03,,,1,,1,,,8,8,1,12,4,120.635711,24.143383,4
6555,66000,387130000C,(04)23274275,(04)23288582,2025,09,17,11,20,臺中市,西屯區,0,1,0,7,2,6,40,13,8,1,5,4,6,6,1,1,5,5,4,2,30,2,9,5,4,C03,7,9,1,10,9,12,,59,59,1,12,4,120.662829,24.163726,2
6556,66000,387130000C,(04)23274275,(04)23288582,2025,09,17,11,20,臺中市,太平區,0,0,0,7,,,50,,,,,,,,,,,,,,16,,,,,B03,,,1,,2,,,51,51,1,12,4,120.718096,24.153431,3
6557,66000,387130000C,(04)23274275,(04)23288582,2025,09,17,11,24,臺中市,西屯區,0,0,0,7,,,50,,,,,,,,,,,,,,17,,,,,B12,,,1,,2,,,49,49,1,12,4,120.604418,24.156198,3
6558,66000,387130000C,(04)23274275,(04)23288582,2025,09,17,11,25,臺中市,霧峰區,0,0,0,7,2,6,50,4,1,1,5,4,6,6,1,1,10,5,5,2,16,,,,,B03,,,1,,1,,,11,11,1,6,4,120.702951,24.070535,3
6559,66000,387130000C,(04)23274275,(04)23288582,2025,09,17,11,28,臺中市,北屯區,0,1,0,7,2,6,40,4,4,1,5,4,6,6,1,1,3,2,4,2,13,3,10,1,1,C03,7,9,3,19,2,11,,7,7,1,6,4,120.721398,24.18187,2
6560,66000,387130000C,(04)23274275,(04)23288582,2025,09,17,11,29,臺中市,西屯區,0,0,0,7,,,40,,,,,,,,,,,,,,13,,,,,B03,,,1,,1,,,59,59,1,12,4,120.644257,24.164782,3
6561,66000,387130000C,(04)23274275,(04)23288582,2025,09,17,11,32,臺中市,大肚區,0,1,0,7,1,6,50,13,9,1,5,4,6,6,4,4,9,5,5,1,17,3,10,4,1,B03,7,15,1,8,8,4,,76,76,1,6,4,120.579132,24.169509,2
6562,66000,387130000C,(04)23274275,(04)23288582,2025,09,17,11,38,臺中市,潭子區,0,1,0,7,2,6,50,4,1,1,5,4,6,6,1,1,10,5,5,2,16,3,10,3,1,B03,7,6,1,7,3,4,,20,20,1,12,4,120.710531,24.209951,2
6563,66000,387130000C,(04)23274275,(04)23288582,2025,09,17,11,42,臺中市,西屯區,0,0,0,7,,,40,,,,,,,,,,,,,,17,,,,,B13,,,1,,2,,,59,59,1,12,4,120.6515,24.163948,3
6564,66000,387130000C,(04)23274275,(04)23288582,2025,09,17,11,44,臺中市,大肚區,0,0,0,7,,,50,,,,,,,,,,,,,,,,,,,B12,,,1,,2,,,82,82,1,6,4,120.544697,24.151162,3
6565,66000,387130000C,(04)23274275,(04)23288582,2025,09,17,11,46,臺中市,西屯區,0,0,0,7,,,50,,,,,,,,,,,,,,12,,,,,B12,,,1,,1,,,8,8,1,13,4,120.627069,24.16103,3
6566,66000,387130000C,(04)23274275,(04)23288582,2025,09,17,11,46,臺中市,豐原區,0,1,0,7,2,6,50,13,9,1,5,4,6,6,4,4,1,5,5,2,13,3,10,5,4,B12,7,9,1,1,2,1,,84,84,1,12,4,120.707468,24.250306,2
6567,66000,387130000C,(04)23274275,(04)23288582,2025,09,17,11,50,臺中市,北區,0,0,0,7,,,30,,,,,,,,,,,,,,,,,,,B03,,,1,,2,,,84,84,1,12,4,120.684616,24.164488,3
6568,66000,387130000C,(04)23274275,(04)23288582,2025,09,17,11,50,臺中市,北屯區,0,1,0,7,3,6,50,3,1,1,5,4,6,6,4,4,10,5,5,2,16,3,10,3,1,B03,7,6,1,8,2,8,,14,14,1,13,4,120.696827,24.187402,2
6569,66000,387130000C,(04)23274275,(04)23288582,2025,09,17,11,50,臺中市,大甲區,0,0,0,7,1,7,50,13,9,1,5,4,6,6,3,1,5,5,5,1,17,,,,,B03,,,1,,2,,,51,51,1,12,4,120.626035,24.355749,3
6570,66000,387130000C,(04)23274275,(04)23288582,2025,09,17,11,53,臺中市,西區,0,1,0,7,2,6,50,13,9,1,5,4,6,6,1,1,5,4,5,2,17,3,10,3,1,B03,7,9,1,8,2,2,,85,85,1,12,4,120.665287,24.150867,2
6571,66000,387130000C,(04)23274275,(04)23288582,2025,09,17,11,53,臺中市,太平區,0,1,0,7,3,6,50,3,2,1,5,4,6,6,1,1,5,5,4,2,13,2,9,1,1,C03,7,9,1,10,2,14,,7,7,1,12,4,120.708725,24.124215,2
6572,66000,387130000C,(04)23274275,(04)23288582,2025,09,17,11,55,臺中市,大肚區,0,1,0,7,2,6,30,4,1,1,5,4,6,6,4,4,10,5,5,2,15,2,9,1,1,C03,7,9,1,10,2,11,,15,15,1,6,4,120.535977,24.149937,2
6573,66000,387130000C,(04)23274275,(04)23288582,2025,09,17,11,56,臺中市,北區,0,1,0,7,2,6,50,3,2,1,5,4,6,6,4,4,10,5,5,2,13,2,9,6,1,F01,7,9,7,21,2,11,,7,7,1,13,4,120.679926,24.149649,2
6574,66000,387130000C,(04)23274275,(04)23288582,2025,09,17,12,0,臺中市,大里區,0,0,0,7,2,6,30,4,1,1,5,4,6,6,4,4,10,5,5,2,16,,,,,B03,,,1,,2,,,14,14,1,13,4,120.688344,24.116389,3
6575,66000,387130000C,(04)23274275,(04)23288582,2025,09,17,12,1,臺中市,南屯區,0,2,0,7,3,6,50,13,9,1,5,4,6,6,4,4,9,5,5,2,11,2,9,1,1,C03,7,9,1,10,1,11,,59,59,1,12,4,120.610891,24.135635,2
6576,66000,387130000C,(04)23274275,(04)23288582,2025,09,17,12,3,臺中市,北屯區,0,0,0,7,,,50,,,,,,,,,,,,,,15,,,,,B03,,,3,,1,,,25,25,1,12,4,120.692794,24.162343,4
6577,66000,387130000C,(04)23274275,(04)23288582,2025,09,17,12,3,臺中市,大里區,0,1,0,7,2,6,50,4,19,1,5,4,6,6,1,1,10,5,5,2,3,3,10,3,1,B12,7,6,1,8,2,1,,10,10,1,12,4,120.679137,24.114871,2
6578,66000,387130000C,(04)23274275,(04)23288582,2025,09,17,12,5,臺中市,沙鹿區,0,1,0,7,2,6,50,13,7,1,5,4,6,6,4,4,1,4,4,2,17,3,10,1,1,C04,7,8,1,10,2,16,,40,40,1,12,4,120.559978,24.238162,2
6579,66000,387130000C,(04)23274275,(04)23288582,2025,09,17,12,6,臺中市,大里區,0,1,0,7,2,6,30,4,1,1,5,4,6,6,4,4,10,5,5,2,15,2,9,2,1,C03,7,9,3,19,2,11,,12,12,1,6,4,120.706257,24.083411,2
6580,66000,387130000C,(04)23274275,(04)23288582,2025,09,17,12,12,臺中市,西區,0,1,0,7,2,6,50,4,1,1,5,4,6,6,2,1,10,5,5,2,17,3,10,2,1,C03,7,11,1,10,2,13,,45,45,1,12,4,120.657157,24.157114,2
6581,66000,387130000C,(04)23274275,(04)23288582,2025,09,17,12,14,臺中市,北屯區,0,1,0,7,2,6,50,3,1,1,5,4,6,6,4,4,10,5,5,2,17,3,10,1,1,C03,7,1,1,10,2,16,,51,51,1,6,4,120.731687,24.17348,2
6582,66000,387130000C,(04)23274275,(04)23288582,2025,09,17,12,15,臺中市,北屯區,0,1,0,7,1,6,50,3,2,1,5,4,6,6,4,4,5,4,5,2,13,2,9,1,1,C03,7,9,1,10,2,11,,7,7,1,13,4,120.694581,24.1703,2
6583,66000,387130000C,(04)23274275,(04)23288582,2025,09,17,12,17,臺中市,霧峰區,0,1,0,7,3,6,50,3,1,1,5,4,6,6,4,4,9,5,5,1,12,2,8,1,1,C03,7,9,1,10,2,12,,58,58,1,12,4,120.740599,24.035997,2
6584,66000,387130000C,(04)23274275,(04)23288582,2025,09,17,12,19,臺中市,太平區,0,0,0,7,,,50,,,,,,,,,,,,,,13,,,,,B03,,,1,,2,,,84,84,1,12,4,120.720228,24.133529,3
6585,66000,387130000C,(04)23274275,(04)23288582,2025,09,17,12,20,臺中市,南屯區,0,0,0,7,,,50,,,,,,,,,,,,,,13,,,,,B03,,,1,,1,,,84,84,1,6,4,120.624403,24.149426,3
6586,66000,387130000C,(04)23274275,(04)23288582,2025,09,17,12,20,臺中市,北屯區,0,1,0,7,3,6,50,13,9,1,5,4,6,6,4,4,5,4,5,2,12,3,10,3,1,A05,7,9,1,2,2,2,,85,85,1,6,4,120.719412,24.176317,2
6587,66000,387130000C,(04)23274275,(04)23288582,2025,09,17,12,22,臺中市,北屯區,0,0,0,7,,,50,,,,,,,,,,,,,,16,,,,,B03,,,1,,1,,,11,11,1,6,4,120.668493,24.197945,3
6588,66000,387130000C,(04)23274275,(04)23288582,2025,09,17,12,30,臺中市,清水區,0,0,0,7,,,50,,,,,,,,,,,,,,17,,,,,B03,,,1,,2,,,7,7,1,12,4,120.566254,24.268506,3
6589,66000,387130000C,(04)23274275,(04)23288582,2025,09,17,12,35,臺中市,南屯區,0,1,0,7,2,6,50,11,9,1,5,4,6,6,4,4,4,4,5,2,12,2,9,2,1,C03,7,5,1,10,2,12,,59,59,1,12,4,120.652937,24.154442,2
6590,66000,387130000C,(04)23274275,(04)23288582,2025,09,17,12,38,臺中市,西屯區,0,1,0,7,2,6,50,4,1,1,5,4,6,6,1,1,10,5,5,2,16,3,10,3,1,B03,7,5,1,7,2,5,,47,47,1,12,4,120.634162,24.163569,2
6591,66000,387130000C,(04)23274275,(04)23288582,2025,09,17,12,45,臺中市,西屯區,0,1,0,7,2,6,50,13,8,1,5,4,6,6,4,4,9,5,4,2,18,2,7,5,4,C02,7,1,1,9,2,16,,84,84,1,12,4,120.613274,24.191125,2
6592,66000,387130000C,(04)23274275,(04)23288582,2025,09,17,12,46,臺中市,大里區,0,1,0,7,3,6,50,3,2,1,5,4,6,6,1,1,5,4,5,1,13,2,9,1,1,C03,7,9,1,10,2,11,,7,7,1,13,4,120.686455,24.121286,2
6593,66000,387130000C,(04)23274275,(04)23288582,2025,09,17,12,46,臺中市,大里區,0,1,0,7,2,6,50,4,1,1,5,4,6,6,1,1,5,5,4,1,16,3,10,3,1,B03,7,6,1,8,2,8,,11,11,1,13,4,120.675083,24.103025,2
6594,66000,387130000C,(04)23274275,(04)23288582,2025,09,17,12,46,臺中市,豐原區,0,0,0,7,,,50,,,,,,,,,,,,,,17,,,,,A31,,,1,,11,,,49,49,1,12,4,120.722277,24.276808,3
6595,66000,387130000C,(04)23274275,(04)23288582,2025,09,17,12,51,臺中市,烏日區,0,3,0,7,3,6,30,4,1,1,5,4,6,6,4,4,10,5,5,2,15,2,9,1,1,C03,7,9,1,10,2,11,,15,15,1,6,4,120.641564,24.102814,2
6596,66000,387130000C,(04)23274275,(04)23288582,2025,09,17,12,55,臺中市,南屯區,0,0,0,7,,,40,,,,,,,,,,,,,,17,,,,,C03,,,1,,1,,,7,7,1,12,4,120.645174,24.140608,3
6597,66000,387130000C,(04)23274275,(04)23288582,2025,09,17,12,57,臺中市,西屯區,0,0,0,7,,,50,,,,,,,,,,,,,,12,,,,,B03,,,1,,1,,,59,59,1,12,4,120.648466,24.171922,3
6598,66000,387130000C,(04)23274275,(04)23288582,2025,09,17,12,57,臺中市,沙鹿區,0,1,0,7,2,6,50,4,1,1,5,4,6,6,4,4,10,5,5,2,15,3,10,2,1,C03,7,9,1,10,2,12,,15,15,1,6,4,120.565435,24.236398,2
6599,66000,387130000C,(04)23274275,(04)23288582,2025,09,17,12,58,臺中市,豐原區,0,1,0,7,2,6,50,4,19,1,5,4,6,6,2,1,1,4,4,1,3,3,10,3,1,B03,7,6,1,8,2,1,,10,10,1,12,4,120.715225,24.256159,2
6600,66000,387130000C,(04)23274275,(04)23288582,2025,09,17,12,59,臺中市,西屯區,0,1,0,7,2,6,50,3,1,1,5,4,6,6,2,1,10,5,5,2,12,2,9,2,1,C04,7,9,1,8,2,14,,59,59,1,12,4,120.640999,24.165122,2
6601,66000,387130000C,(04)23274275,(04)23288582,2025,09,17,13,4,臺中市,霧峰區,0,2,0,7,2,6,30,4,1,1,5,4,6,6,4,4,10,5,5,2,15,2,9,1,1,C03,7,9,1,10,2,11,,20,20,1,6,4,120.697514,24.06266,2
6602,66000,387130000C,(04)23274275,(04)23288582,2025,09,17,13,4,臺中市,太平區,0,0,0,6,2,6,50,3,9,1,5,4,6,6,2,1,5,2,5,2,13,3,10,3,1,B03,7,15,1,8,2,1,,59,59,1,6,4,120.714804,24.148966,3