﻿序號,縣市別代碼,機關代碼,市話,傳真,年,月,日,時,分,縣市,區,死亡數量,受傷數量,2-30,天候,道路照明設備,道路類別,道路速限,道路型態,事故位置,路面鋪裝,路面狀態,路面缺陷,障礙物,視距,號誌種類,號誌動作,分向設施,快車道或一般車道間,快慢車道間,路面邊線,事故類型及型態,受傷程度,主要傷處,保護裝備,行動電話或功能裝置,當事者區分_類別,車輛用途,當事者行動狀態,駕照狀態,駕照種類,飲酒情形,車輛撞擊部位最初,車輛撞擊部位其他,肇事因素個別,肇事因素主要,肇事逃逸,職業,共享經濟或外送平台,GPS座標X,GPS座標Y,事故類別
6715,66000,387130000C,(04)23274275,(04)23288582,2025,09,17,17,26,臺中市,西區,0,0,0,7,,,50,,,,,,,,,,,,,,,,,,,C03,,,1,10,1,,,50,50,2,13,4,120.676589,24.139881,3
6716,66000,387130000C,(04)23274275,(04)23288582,2025,09,17,17,26,臺中市,西屯區,0,0,0,7,,,50,,,,,,,,,,,,,,13,,,,,B03,,,1,,1,,,56,56,1,12,4,120.621505,24.183354,3
6717,66000,387130000C,(04)23274275,(04)23288582,2025,09,17,17,26,臺中市,新社區,0,0,0,7,,,50,,,,,,,,,,,,,,,,,,,B12,,,1,,1,,,78,78,1,12,4,120.808218,24.243961,4
6718,66000,387130000C,(04)23274275,(04)23288582,2025,09,17,17,28,臺中市,西屯區,0,0,0,7,,,50,,,,,,,,,,,,,,11,,,,,B01,,,1,,2,,,25,25,1,12,4,120.604456,24.160602,3
6719,66000,387130000C,(04)23274275,(04)23288582,2025,09,17,17,29,臺中市,西區,0,2,0,7,2,6,50,3,1,1,5,4,6,5,4,4,10,5,5,2,3,2,8,6,5,H01,8,16,7,21,10,17,,95,95,1,12,5,120.664014,24.155183,2
6720,66000,387130000C,(04)23274275,(04)23288582,2025,09,17,17,31,臺中市,西屯區,0,0,0,7,,,50,,,,,,,,,,,,,,17,,,,,B03,,,1,,9,,,8,8,1,12,4,120.662748,24.16848,3
6721,66000,387130000C,(04)23274275,(04)23288582,2025,09,17,17,32,臺中市,南屯區,0,0,0,7,,,10,,,,,,,,,,,,,,17,,,,,C03,,,1,,10,,,87,87,1,12,4,120.627888,24.128842,3
6722,66000,387130000C,(04)23274275,(04)23288582,2025,09,17,17,35,臺中市,北區,0,0,0,7,,,50,,,,,,,,,,,,,,12,,,,,B03,,,1,,1,,,13,13,1,12,4,120.685272,24.163626,3
6723,66000,387130000C,(04)23274275,(04)23288582,2025,09,17,17,37,臺中市,潭子區,0,0,0,7,,,50,,,,,,,,,,,,,,,,,,,B03,,,1,,1,,,8,8,1,12,4,120.709608,24.200316,3
6724,66000,387130000C,(04)23274275,(04)23288582,2025,09,17,17,38,臺中市,沙鹿區,0,1,0,7,2,6,0,3,1,1,5,4,6,6,4,4,10,5,5,2,17,2,7,1,1,C03,7,1,1,10,2,12,,51,51,1,6,4,120.554259,24.211911,2
6725,66000,387130000C,(04)23274275,(04)23288582,2025,09,17,17,39,臺中市,太平區,0,1,0,7,2,6,50,3,2,1,5,4,6,6,1,1,5,2,5,2,13,2,8,2,1,C03,7,9,1,10,2,11,,84,84,1,6,4,120.712168,24.12602,2
6726,66000,387130000C,(04)23274275,(04)23288582,2025,09,17,17,40,臺中市,北屯區,0,0,0,7,,,50,,,,,,,,,,,,,,12,,,,,B03,,,1,,1,,,40,40,1,6,4,120.676751,24.201414,3
6727,66000,387130000C,(04)23274275,(04)23288582,2025,09,17,17,41,臺中市,清水區,0,1,0,7,2,6,30,4,1,1,5,4,6,6,4,4,9,4,5,1,17,3,10,3,1,B12,7,6,1,8,2,1,,12,12,1,12,4,120.564944,24.291209,2
6728,66000,387130000C,(04)23274275,(04)23288582,2025,09,17,17,41,臺中市,沙鹿區,0,0,0,7,,,50,,,,,,,,,,,,,,,,,,,B03,,,1,,2,,,49,49,1,13,4,120.571277,24.243407,3
6729,66000,387130000C,(04)23274275,(04)23288582,2025,09,17,17,42,臺中市,南屯區,0,0,0,7,,,50,,,,,,,,,,,,,,14,,,,,B03,,,1,,1,,,49,49,1,13,4,120.649145,24.13476,3
6730,66000,387130000C,(04)23274275,(04)23288582,2025,09,17,17,43,臺中市,豐原區,0,0,0,7,,,50,,,,,,,,,,,,,,13,,,,,B03,,,1,,2,,,59,59,1,13,4,120.708261,24.250439,3
6731,66000,387130000C,(04)23274275,(04)23288582,2025,09,17,17,45,臺中市,大里區,0,0,0,7,,,30,,,,,,,,,,,,,,14,,,,,C03,,,1,,2,,,84,84,1,12,2,120.695775,24.087668,3
6732,66000,387130000C,(04)23274275,(04)23288582,2025,09,17,17,46,臺中市,清水區,0,0,0,7,,,30,,,,,,,,,,,,,,,,,,,B03,,,1,,2,,,7,7,1,12,4,120.578365,24.277852,3
6733,66000,387130000C,(04)23274275,(04)23288582,2025,09,17,17,46,臺中市,神岡區,0,0,0,7,,,50,,,,,,,,,,,,,,2,,,,,C03,,,1,,1,,,84,84,1,12,4,120.695134,24.24823,3
6734,66000,387130000C,(04)23274275,(04)23288582,2025,09,17,17,52,臺中市,東區,0,0,0,7,,,50,,,,,,,,,,,,,,16,,,,,C03,,,1,,1,,,20,20,1,6,4,120.697743,24.138746,3
6735,66000,387130000C,(04)23274275,(04)23288582,2025,09,17,17,54,臺中市,西區,0,1,0,7,1,6,50,4,1,1,5,4,6,6,1,1,10,5,5,2,17,2,9,2,1,C03,7,9,1,10,2,11,,7,7,1,12,4,120.671247,24.145505,2
6736,66000,387130000C,(04)23274275,(04)23288582,2025,09,17,17,55,臺中市,沙鹿區,0,0,0,7,,,50,,,,,,,,,,,,,,,,,,,B03,,,1,,1,,,82,82,1,12,4,120.560612,24.235874,3
6737,66000,387130000C,(04)23274275,(04)23288582,2025,09,17,17,58,臺中市,潭子區,0,0,0,7,,3,80,,,,,,,,,,,,,,,,,,,B03,,,1,,2,,,40,40,1,13,4,120.719448,24.196409,3
6738,66000,387130000C,(04)23274275,(04)23288582,2025,09,17,17,58,臺中市,東區,0,0,0,7,,,50,,,,,,,,,,,,,,,,,,,C03,,,1,,1,,,84,84,1,6,4,120.709604,24.149178,3
6739,66000,387130000C,(04)23274275,(04)23288582,2025,09,17,17,59,臺中市,梧棲區,0,1,0,7,1,6,30,4,1,1,5,4,6,6,1,1,10,5,5,2,15,3,10,3,1,B03,7,9,1,8,2,2,,84,84,1,6,4,120.526975,24.229634,2
6740,66000,387130000C,(04)23274275,(04)23288582,2025,09,17,18,0,臺中市,南屯區,0,1,0,7,1,6,50,13,9,1,5,4,6,6,4,4,1,4,5,2,13,2,8,1,1,C03,7,7,2,19,2,11,,58,58,1,6,4,120.647307,24.123787,2
6741,66000,387130000C,(04)23274275,(04)23288582,2025,09,17,18,2,臺中市,西屯區,0,0,0,7,,,50,,,,,,,,,,,,,,14,,,,,C03,,,1,,1,,,84,84,1,13,4,120.622185,24.174168,3
6742,66000,387130000C,(04)23274275,(04)23288582,2025,09,17,18,6,臺中市,大里區,0,1,0,7,2,6,50,3,1,1,5,4,6,6,1,1,10,5,5,2,16,3,10,2,1,C03,7,9,1,10,2,11,,21,21,1,12,4,120.697182,24.1006,2
6743,66000,387130000C,(04)23274275,(04)23288582,2025,09,17,18,10,臺中市,潭子區,0,1,0,7,1,6,50,4,1,1,5,4,6,6,2,1,10,5,5,2,16,2,8,2,1,C03,7,5,1,10,2,12,,84,84,1,12,4,120.705472,24.211539,2
6744,66000,387130000C,(04)23274275,(04)23288582,2025,09,17,18,10,臺中市,大雅區,0,2,0,7,1,6,0,4,1,1,5,4,6,6,1,1,4,3,4,1,17,2,9,1,4,C03,7,15,1,10,2,14,,65,65,1,13,4,120.644329,24.209355,2
6745,66000,387130000C,(04)23274275,(04)23288582,2025,09,17,18,10,臺中市,南屯區,0,0,0,7,,,50,,,,,,,,,,,,,,12,,,,,B03,,,1,,1,,,84,84,1,12,4,120.646629,24.140096,3
6746,66000,387130000C,(04)23274275,(04)23288582,2025,09,17,18,16,臺中市,西屯區,0,0,0,7,,,50,,,,,,,,,,,,,,13,,,,,C03,,,1,,1,,,7,7,1,12,4,120.593857,24.185087,3
6747,66000,387130000C,(04)23274275,(04)23288582,2025,09,17,18,18,臺中市,北屯區,0,1,0,7,1,6,50,13,9,1,5,4,6,6,4,4,9,5,5,2,12,3,10,3,1,B01,7,9,1,4,2,5,,85,85,1,12,4,120.68648,24.174455,2
6748,66000,387130000C,(04)23274275,(04)23288582,2025,09,17,18,20,臺中市,東區,0,1,0,7,1,6,50,13,9,1,5,4,6,6,4,4,5,5,5,2,13,2,9,5,4,C03,7,9,1,10,2,11,,84,84,1,13,4,120.6867,24.141566,2
6749,66000,387130000C,(04)23274275,(04)23288582,2025,09,17,18,20,臺中市,北屯區,0,0,0,7,,,50,,,,,,,,,,,,,,13,,,,,B03,,,1,,1,,,84,84,1,12,4,120.707764,24.185143,3
6750,66000,387130000C,(04)23274275,(04)23288582,2025,09,17,18,24,臺中市,大里區,0,0,0,7,,,50,,,,,,,,,,,,,,13,,,,,C03,,,1,,1,,,7,7,1,12,4,120.708137,24.086871,3
6751,66000,387130000C,(04)23274275,(04)23288582,2025,09,17,18,24,臺中市,大里區,0,3,0,7,3,6,50,4,1,1,5,4,6,6,4,4,10,5,5,2,16,2,9,1,1,C03,7,11,1,10,2,11,,45,45,1,13,4,120.696499,24.090692,2
6752,66000,387130000C,(04)23274275,(04)23288582,2025,09,17,18,25,臺中市,大里區,0,2,0,6,1,6,50,4,1,1,5,4,6,6,4,4,10,5,5,2,17,2,9,1,1,C03,7,9,1,10,2,12,,15,15,1,12,4,120.685205,24.108192,2
6753,66000,387130000C,(04)23274275,(04)23288582,2025,09,17,18,29,臺中市,北區,0,0,0,7,,,50,,,,,,,,,,,,,,13,,,,,B03,,,1,,2,,,59,59,1,13,4,120.674607,24.171433,3
6754,66000,387130000C,(04)23274275,(04)23288582,2025,09,17,18,30,臺中市,北屯區,0,0,0,7,,,50,,,,,,,,,,,,,,17,,,,,C03,,,1,,1,,,87,87,1,12,4,120.674341,24.174895,3
6755,66000,387130000C,(04)23274275,(04)23288582,2025,09,17,18,35,臺中市,西屯區,0,0,0,7,,,40,,,,,,,,,,,,,,13,,,,,,,,,,,,,59,59,1,,,120.593767,24.182859,3
6756,66000,387130000C,(04)23274275,(04)23288582,2025,09,17,18,36,臺中市,西屯區,0,1,0,7,1,6,50,3,1,1,5,4,6,6,4,4,9,4,5,2,16,3,10,3,1,B03,7,5,1,8,2,5,,20,20,1,12,4,120.610706,24.192283,2
6757,66000,387130000C,(04)23274275,(04)23288582,2025,09,17,18,37,臺中市,西區,0,1,0,6,2,6,50,4,1,1,5,4,6,6,1,1,10,5,5,2,17,3,10,3,1,B03,7,6,1,8,1,2,,11,11,1,12,4,120.658894,24.150852,2
6758,66000,387130000C,(04)23274275,(04)23288582,2025,09,17,18,38,臺中市,北區,0,2,0,7,1,6,50,13,9,1,5,4,6,6,4,4,1,4,5,2,3,2,7,6,5,H01,8,16,7,21,10,17,,95,95,1,12,5,120.671247,24.164793,2
6759,66000,387130000C,(04)23274275,(04)23288582,2025,09,17,18,40,臺中市,北屯區,0,0,0,7,,,50,,,,,,,,,,,,,,,,,,,B03,,,3,,1,,,84,84,1,12,4,120.672648,24.174234,4
6760,66000,387130000C,(04)23274275,(04)23288582,2025,09,17,18,40,臺中市,豐原區,0,0,0,7,,,50,,,,,,,,,,,,,,17,,,,,B03,,,1,,2,,,84,84,1,12,4,120.712892,24.248525,3
6761,66000,387130000C,(04)23274275,(04)23288582,2025,09,17,18,45,臺中市,豐原區,0,1,0,7,1,6,50,13,9,1,5,4,6,6,2,1,5,4,5,1,17,3,10,5,4,B03,7,8,1,8,2,4,,40,40,1,12,4,120.720131,24.263636,2
6762,66000,387130000C,(04)23274275,(04)23288582,2025,09,17,18,50,臺中市,西屯區,0,0,0,7,,,50,,,,,,,,,,,,,,13,,,,,C03,,,1,,2,,,7,7,1,12,4,120.635989,24.169183,3
6763,66000,387130000C,(04)23274275,(04)23288582,2025,09,17,18,54,臺中市,西區,0,3,0,7,1,6,50,3,1,1,5,4,6,6,1,1,10,5,4,2,16,2,9,5,4,C03,7,6,1,10,2,12,,11,11,1,12,4,120.674373,24.137219,2
6764,66000,387130000C,(04)23274275,(04)23288582,2025,09,17,18,55,臺中市,西屯區,0,1,0,7,1,6,40,3,8,1,5,4,6,6,4,4,1,4,3,2,13,2,7,2,4,C03,7,9,1,10,2,11,12,7,7,1,12,4,120.638204,24.170286,2
6765,66000,387130000C,(04)23274275,(04)23288582,2025,09,17,19,2,臺中市,西區,0,0,0,7,,,50,,,,,,,,,,,,,,17,,,,,C03,,,1,,2,,,84,84,1,13,2,120.669801,24.150724,3
6766,66000,387130000C,(04)23274275,(04)23288582,2025,09,17,19,10,臺中市,北屯區,0,1,0,7,2,6,50,4,1,1,5,4,6,6,4,4,10,5,5,2,15,3,10,5,4,B03,7,9,1,8,2,1,,15,15,1,12,4,120.702067,24.169257,2
6767,66000,387130000C,(04)23274275,(04)23288582,2025,09,17,19,10,臺中市,北屯區,0,1,0,7,1,6,50,4,1,1,5,2,6,6,1,1,10,5,5,2,18,2,9,1,1,C03,7,5,1,10,2,12,,84,84,1,12,4,120.668531,24.195345,2
6768,66000,387130000C,(04)23274275,(04)23288582,2025,09,17,19,13,臺中市,北屯區,0,2,0,7,1,6,50,3,1,1,5,4,6,6,1,1,10,5,5,2,15,2,9,1,1,F01,7,9,7,21,2,12,,85,85,1,12,4,120.695474,24.166847,2
6769,66000,387130000C,(04)23274275,(04)23288582,2025,09,17,19,14,臺中市,大里區,0,1,0,7,1,6,50,4,1,1,5,4,6,6,1,1,10,5,5,2,16,2,9,1,1,C03,7,6,1,10,2,14,,36,36,1,12,4,120.683872,24.103762,2
6770,66000,387130000C,(04)23274275,(04)23288582,2025,09,17,19,16,臺中市,沙鹿區,0,0,0,7,,,50,,,,,,,,,,,,,,2,,,,,C03,,,1,,1,,,8,8,1,6,4,120.55899,24.235346,3
6771,66000,387130000C,(04)23274275,(04)23288582,2025,09,17,19,23,臺中市,南區,0,0,0,7,,,50,,,,,,,,,,,,,,13,,,,,C03,,,1,,1,,,7,7,1,6,4,120.670095,24.119043,3
6772,66000,387130000C,(04)23274275,(04)23288582,2025,09,17,19,23,臺中市,西屯區,0,2,0,7,1,6,50,4,1,1,5,4,6,6,1,1,10,5,5,2,16,2,9,5,1,C03,7,6,1,10,2,14,,48,48,1,12,4,120.644715,24.169263,2
6773,66000,387130000C,(04)23274275,(04)23288582,2025,09,17,19,25,臺中市,北屯區,0,0,0,7,,,50,,,,,,,,,,,,,,12,,,,,B03,,,1,,1,,,59,59,1,12,4,120.685442,24.172714,3
6774,66000,387130000C,(04)23274275,(04)23288582,2025,09,17,19,28,臺中市,北屯區,0,0,0,7,,,50,,,,,,,,,,,,,,13,,,,,B03,,,1,,1,,,59,59,1,12,4,120.707627,24.182153,3
6775,66000,387130000C,(04)23274275,(04)23288582,2025,09,17,19,39,臺中市,南屯區,0,0,0,7,,,50,,,,,,,,,,,,,,14,,,,,B03,,,1,,1,,,49,49,1,12,4,120.627582,24.118375,3
6776,66000,387130000C,(04)23274275,(04)23288582,2025,09,17,19,40,臺中市,北屯區,0,0,0,7,,,50,,,,,,,,,,,,,,,,,,,B03,,,1,,1,,,35,35,1,12,4,120.730597,24.177199,3
6777,66000,387130000C,(04)23274275,(04)23288582,2025,09,17,19,42,臺中市,西區,0,1,0,7,1,6,40,4,1,1,5,4,6,6,2,1,10,5,5,2,18,2,9,6,1,F01,7,1,7,21,2,14,,51,51,1,12,4,120.65495,24.153368,2
6778,66000,387130000C,(04)23274275,(04)23288582,2025,09,17,19,43,臺中市,豐原區,0,0,0,7,,,50,,,,,,,,,,,,,,14,,,,,B03,,,1,,2,,,49,49,1,13,4,120.719506,24.253459,3
6779,66000,387130000C,(04)23274275,(04)23288582,2025,09,17,19,43,臺中市,神岡區,0,0,0,7,,,50,,,,,,,,,,,,,,17,,,,,B03,,,1,,2,,,58,58,1,6,4,120.692176,24.232456,3
6780,66000,387130000C,(04)23274275,(04)23288582,2025,09,17,19,45,臺中市,梧棲區,0,0,0,7,,,50,,,,,,,,,,,,,,13,,,,,B03,,,1,,2,,,7,7,1,6,4,120.533423,24.23194,3
6781,66000,387130000C,(04)23274275,(04)23288582,2025,09,17,19,46,臺中市,石岡區,0,0,0,7,,,70,,,,,,,,,,,,,,13,,,,,B03,,,1,,1,,,7,7,1,13,4,120.790416,24.273143,3
6782,66000,387130000C,(04)23274275,(04)23288582,2025,09,17,19,53,臺中市,西屯區,0,2,0,7,1,6,50,4,1,1,5,4,6,6,2,1,10,5,5,2,16,2,9,5,4,B03,7,6,1,8,2,5,,23,23,1,13,4,120.649567,24.162863,2
6783,66000,387130000C,(04)23274275,(04)23288582,2025,09,17,19,59,臺中市,西屯區,0,0,0,7,,,40,,,,,,,,,,,,,,16,,,,,C03,,,1,,9,,,20,20,1,12,4,120.657325,24.163096,3
6784,66000,387130000C,(04)23274275,(04)23288582,2025,09,17,20,0,臺中市,北區,0,0,0,7,,,50,,,,,,,,,,,,,,17,,,,,B03,,,1,,2,,,8,8,1,13,4,120.682905,24.163858,3
6785,66000,387130000C,(04)23274275,(04)23288582,2025,09,17,20,0,臺中市,大肚區,0,0,0,7,,,50,,,,,,,,,,,,,,14,,,,,B03,,,1,,2,,,49,49,1,6,4,120.562752,24.124418,3
6786,66000,387130000C,(04)23274275,(04)23288582,2025,09,17,20,0,臺中市,豐原區,0,0,0,7,,,50,,,,,,,,,,,,,,17,,,,,B03,,,1,,2,,,50,50,1,12,4,120.727346,24.245406,3
6787,66000,387130000C,(04)23274275,(04)23288582,2025,09,17,20,3,臺中市,北區,0,0,0,7,,,50,,,,,,,,,,,,,,17,,,,,F03,,,7,,1,,,42,42,1,13,5,120.68578,24.154664,3
6788,66000,387130000C,(04)23274275,(04)23288582,2025,09,17,20,8,臺中市,大雅區,0,0,0,7,,,30,,,,,,,,,,,,,,,,,,,,,,,,,,,119,119,1,,,120.65546,24.211901,3
6789,66000,387130000C,(04)23274275,(04)23288582,2025,09,17,20,11,臺中市,大雅區,0,0,0,7,,,50,,,,,,,,,,,,,,,,,,,C03,,,1,,9,,,84,84,1,12,4,120.648118,24.22655,3
6790,66000,387130000C,(04)23274275,(04)23288582,2025,09,17,20,12,臺中市,豐原區,0,1,0,7,1,6,50,3,1,1,5,4,6,6,1,1,5,4,4,2,17,3,10,5,4,B03,7,6,1,9,2,8,,11,11,1,12,4,120.717987,24.254405,2
6791,66000,387130000C,(04)23274275,(04)23288582,2025,09,17,20,16,臺中市,太平區,0,2,0,7,1,6,50,5,1,1,5,4,6,6,1,1,10,5,5,2,15,2,7,4,1,F01,7,9,7,21,2,13,,21,21,1,12,4,120.721091,24.122225,2
6792,66000,387130000C,(04)23274275,(04)23288582,2025,09,17,20,18,臺中市,神岡區,0,0,0,7,,,50,,,,,,,,,,,,,,14,,,,,B03,,,1,,2,,,49,49,1,12,4,120.69672,24.253827,3
6793,66000,387130000C,(04)23274275,(04)23288582,2025,09,17,20,30,臺中市,大雅區,0,1,0,7,1,6,50,13,7,1,5,4,6,6,4,4,9,4,5,1,12,3,10,3,1,B12,7,1,1,8,2,3,,51,51,1,13,4,120.665555,24.217214,2
6794,66000,387130000C,(04)23274275,(04)23288582,2025,09,17,20,30,臺中市,北區,0,0,0,7,,,50,,,,,,,,,,,,,,14,,,,,C03,,,1,,2,,,49,49,1,13,4,120.67618,24.15829,3
6795,66000,387130000C,(04)23274275,(04)23288582,2025,09,17,20,33,臺中市,太平區,0,1,0,7,1,6,50,13,9,1,5,4,6,6,3,1,5,5,5,2,6,2,9,6,5,H01,8,18,7,21,10,17,,95,95,1,1,5,120.729086,24.157393,2
6796,66000,387130000C,(04)23274275,(04)23288582,2025,09,17,20,36,臺中市,西屯區,0,0,0,7,,,50,,,,,,,,,,,,,,12,,,,,B03,,,1,,1,,,40,40,1,12,4,120.636656,24.170542,3
6797,66000,387130000C,(04)23274275,(04)23288582,2025,09,17,20,36,臺中市,梧棲區,0,0,0,7,,,50,,,,,,,,,,,,,,14,,,,,B03,,,1,,1,,,49,49,1,6,4,120.5353,24.263488,3
6798,66000,387130000C,(04)23274275,(04)23288582,2025,09,17,20,38,臺中市,西區,0,0,0,7,,,50,,,,,,,,,,,,,,9,,,,,C03,,,1,,11,,,84,84,1,12,4,120.664293,24.147557,3
6799,66000,387130000C,(04)23274275,(04)23288582,2025,09,17,20,38,臺中市,南屯區,0,2,0,7,1,6,50,3,1,1,5,4,6,6,3,1,10,5,5,2,11,3,10,5,4,B03,7,6,1,8,2,5,,48,48,1,13,4,120.616036,24.151858,2
6800,66000,387130000C,(04)23274275,(04)23288582,2025,09,17,20,38,臺中市,神岡區,0,0,0,7,,,50,,,,,,,,,,,,,,12,,,,,C03,,,1,,2,,,84,84,1,6,4,120.663669,24.258353,3
6801,66000,387130000C,(04)23274275,(04)23288582,2025,09,17,20,40,臺中市,南屯區,0,1,0,7,1,6,30,4,1,1,5,4,6,6,4,4,10,5,5,2,15,2,8,1,1,C03,7,9,1,10,1,11,,15,15,1,6,4,120.611882,24.145134,2
6802,66000,387130000C,(04)23274275,(04)23288582,2025,09,17,20,41,臺中市,西區,0,0,0,6,,,50,,,,,,,,,,,,,,,,,,,B03,,,1,,2,,,49,49,1,12,4,120.664027,24.145311,3
6803,66000,387130000C,(04)23274275,(04)23288582,2025,09,17,20,42,臺中市,豐原區,0,0,0,7,,,50,,,,,,,,,,,,,,17,,,,,B03,,,1,,2,,,50,50,1,13,4,120.722715,24.246445,3
6804,66000,387130000C,(04)23274275,(04)23288582,2025,09,17,20,45,臺中市,東區,0,0,0,7,,,50,,,,,,,,,,,,,,,,,,,B03,,,3,,9,,,77,77,1,6,4,120.69197,24.147651,3
6805,66000,387130000C,(04)23274275,(04)23288582,2025,09,17,20,50,臺中市,烏日區,0,1,0,7,1,6,50,4,1,1,5,4,6,6,1,1,10,5,5,2,16,3,10,3,1,B03,7,6,1,8,2,5,,20,20,1,6,4,120.622025,24.106446,2
6806,66000,387130000C,(04)23274275,(04)23288582,2025,09,17,20,52,臺中市,沙鹿區,0,0,0,7,,,50,,,,,,,,,,,,,,,,,,,B03,,,1,,1,,,78,78,1,12,4,120.560074,24.240233,3
6807,66000,387130000C,(04)23274275,(04)23288582,2025,09,17,20,55,臺中市,北屯區,0,0,0,7,,,50,,,,,,,,,,,,,,12,,,,,B03,,,1,8,2,,,84,84,1,12,4,120.681829,24.179271,3
6808,66000,387130000C,(04)23274275,(04)23288582,2025,09,17,21,5,臺中市,東區,0,0,0,7,,,50,,,,,,,,,,,,,,14,,,,,B03,,,5,,2,,,49,49,1,12,4,120.69902,24.129816,3
6809,66000,387130000C,(04)23274275,(04)23288582,2025,09,17,21,9,臺中市,太平區,0,0,0,7,,,50,,,,,,,,,,,,,,,,,,,B03,,,1,,2,,,8,8,1,12,4,120.726942,24.115292,3
6810,66000,387130000C,(04)23274275,(04)23288582,2025,09,17,21,30,臺中市,大肚區,0,1,0,7,1,6,50,11,9,1,5,4,6,6,4,4,4,4,5,2,12,3,10,3,1,B03,7,9,1,8,2,5,,87,87,1,12,4,120.561438,24.161074,2
6811,66000,387130000C,(04)23274275,(04)23288582,2025,09,17,21,33,臺中市,北屯區,0,0,0,7,,,50,,,,,,,,,,,,,,12,,,,,B03,,,1,,1,,,51,51,1,12,4,120.693237,24.18292,3
6812,66000,387130000C,(04)23274275,(04)23288582,2025,09,17,21,34,臺中市,南區,0,1,0,7,1,6,50,13,7,1,5,4,6,6,4,4,5,4,4,2,13,2,9,5,4,C03,7,9,1,10,1,11,,7,7,1,13,4,120.65406,24.121978,2
6813,66000,387130000C,(04)23274275,(04)23288582,2025,09,17,21,35,臺中市,南屯區,0,1,0,7,1,6,40,13,8,1,5,4,6,6,4,4,1,3,1,2,18,2,9,2,1,C02,7,8,1,9,2,11,,59,59,1,6,4,120.60161,24.153284,2
6814,66000,387130000C,(04)23274275,(04)23288582,2025,09,17,21,42,臺中市,西屯區,0,1,0,7,1,6,50,13,9,1,5,4,6,6,4,4,3,4,5,2,28,2,9,1,1,C03,7,9,1,10,2,11,,59,59,1,12,4,120.607373,24.187491,2
6815,66000,387130000C,(04)23274275,(04)23288582,2025,09,17,22,5,臺中市,北屯區,0,0,0,7,,,50,,,,,,,,,,,,,,,,,,,B03,,,1,,1,,,84,84,1,12,4,120.685953,24.175418,3
6816,66000,387130000C,(04)23274275,(04)23288582,2025,09,17,22,9,臺中市,西屯區,0,2,0,7,1,6,50,4,1,1,5,4,6,6,2,1,10,5,5,2,13,2,8,1,1,C03,7,9,1,10,2,11,,7,7,1,12,4,120.644585,24.185005,2
6817,66000,387130000C,(04)23274275,(04)23288582,2025,09,17,22,10,臺中市,太平區,0,2,0,7,1,6,50,3,1,1,5,4,6,6,4,4,10,5,5,2,12,2,9,1,1,C03,7,9,1,10,2,11,12,7,7,1,12,4,120.733724,24.154975,2
6818,66000,387130000C,(04)23274275,(04)23288582,2025,09,17,22,20,臺中市,大甲區,0,0,0,7,,,40,,,,,,,,,,,,,,,,,,,B01,,,1,,1,,,14,14,1,12,4,120.627748,24.346823,3
6819,66000,387130000C,(04)23274275,(04)23288582,2025,09,17,22,34,臺中市,中區,0,1,0,7,1,6,50,4,1,1,5,4,1,6,1,1,10,5,5,2,29,2,9,2,1,C03,7,9,1,10,2,11,,84,84,1,6,4,120.680994,24.14383,2
6820,66000,387130000C,(04)23274275,(04)23288582,2025,09,17,22,41,臺中市,南區,0,1,0,7,1,6,50,4,1,1,5,4,6,6,1,1,1,5,5,2,12,3,10,3,1,B03,7,5,1,8,2,2,,85,85,1,6,4,120.652775,24.118012,2
6821,66000,387130000C,(04)23274275,(04)23288582,2025,09,17,22,48,臺中市,烏日區,0,0,0,7,,,30,,,,,,,,,,,,,,17,,,,,B03,,,1,,9,,,59,59,1,6,4,120.655194,24.096694,3
6822,66000,387130000C,(04)23274275,(04)23288582,2025,09,17,22,56,臺中市,北屯區,0,1,0,7,1,6,50,4,2,1,5,4,6,6,2,1,10,5,5,2,13,3,10,2,1,C03,7,9,1,10,2,11,,59,59,1,6,4,120.681955,24.177924,2
6823,66000,387130000C,(04)23274275,(04)23288582,2025,09,17,22,59,臺中市,霧峰區,0,6,0,7,1,6,25,11,14,1,5,4,6,6,4,4,5,5,4,2,17,2,9,1,1,C03,7,9,1,10,2,11,,6,6,1,12,4,120.723432,24.063539,2
6824,66000,387130000C,(04)23274275,(04)23288582,2025,09,17,23,30,臺中市,西區,0,2,0,7,1,6,50,4,1,1,5,4,3,3,4,4,10,5,5,2,16,2,9,1,1,C03,7,6,1,10,2,11,,12,12,1,13,4,120.655141,24.143227,2
6825,66000,387130000C,(04)23274275,(04)23288582,2025,09,17,23,30,臺中市,大甲區,0,0,0,7,,,40,,,,,,,,,,,,,,,,,,,B03,,,1,,1,,,87,87,1,12,4,120.645392,24.40547,3
6826,66000,387130000C,(04)23274275,(04)23288582,2025,09,17,23,48,臺中市,西屯區,0,0,0,7,,,40,,,,,,,,,,,,,,12,,,,,A11,,,1,,2,,,59,59,1,6,4,120.656278,24.195848,3
6827,66000,387130000C,(04)23274275,(04)23288582,2025,09,18,0,11,臺中市,沙鹿區,0,2,0,6,1,6,50,4,2,1,5,4,6,6,4,4,8,3,4,1,17,2,9,5,4,C03,7,9,1,10,2,14,,12,12,1,13,4,120.574012,24.222267,2