﻿序號,縣市別代碼,機關代碼,市話,傳真,年,月,日,時,分,縣市,區,死亡數量,受傷數量,2-30,天候,道路照明設備,道路類別,道路速限,道路型態,事故位置,路面鋪裝,路面狀態,路面缺陷,障礙物,視距,號誌種類,號誌動作,分向設施,快車道或一般車道間,快慢車道間,路面邊線,事故類型及型態,受傷程度,主要傷處,保護裝備,行動電話或功能裝置,當事者區分_類別,車輛用途,當事者行動狀態,駕照狀態,駕照種類,飲酒情形,車輛撞擊部位最初,車輛撞擊部位其他,肇事因素個別,肇事因素主要,肇事逃逸,職業,共享經濟或外送平台,GPS座標X,GPS座標Y,事故類別
6828,66000,387130000C,(04)23274275,(04)23288582,2025,09,18,0,39,臺中市,西區,0,2,0,7,1,6,50,4,1,1,5,4,6,3,4,4,10,5,5,2,15,2,9,3,1,B12,7,9,1,8,2,1,4,84,84,1,6,4,120.67311,24.148861,2
6829,66000,387130000C,(04)23274275,(04)23288582,2025,09,18,1,53,臺中市,西區,0,1,0,6,2,6,50,4,1,1,5,4,6,6,1,1,10,5,5,2,13,2,8,1,1,C03,7,9,1,10,1,11,,84,84,1,13,4,120.664164,24.140066,2
6830,66000,387130000C,(04)23274275,(04)23288582,2025,09,18,2,11,臺中市,西區,0,0,0,7,1,6,50,13,9,1,5,4,6,6,4,4,5,4,5,2,21,3,10,3,1,B03,7,9,3,19,2,1,,84,84,1,6,4,120.673048,24.13602,3
6831,66000,387130000C,(04)23274275,(04)23288582,2025,09,18,2,33,臺中市,南屯區,0,1,0,7,2,6,40,13,8,1,5,4,6,6,4,4,1,4,1,2,18,2,9,2,1,C03,7,9,1,10,2,11,,84,84,1,13,4,120.609202,24.151271,2
6832,66000,387130000C,(04)23274275,(04)23288582,2025,09,18,4,40,臺中市,南區,0,1,0,7,1,6,50,4,1,1,5,4,6,6,4,4,10,5,5,2,30,2,8,6,1,F01,7,9,7,21,1,11,,54,54,1,13,4,120.682536,24.127447,2
6833,66000,387130000C,(04)23274275,(04)23288582,2025,09,18,5,19,臺中市,太平區,0,0,0,7,,,50,,,,,,,,,,,,,,,,,,,B03,,,1,,2,,,59,59,1,12,4,120.715281,24.124733,3
6834,66000,387130000C,(04)23274275,(04)23288582,2025,09,18,5,47,臺中市,北屯區,0,1,0,7,2,6,50,3,1,1,5,4,6,6,3,1,1,4,4,2,16,3,10,3,1,B03,7,6,1,8,2,4,,24,24,1,12,4,120.723,24.181584,2
6835,66000,387130000C,(04)23274275,(04)23288582,2025,09,18,6,9,臺中市,大肚區,0,0,0,7,,,50,,,,,,,,,,,,,,13,,,,,B03,,,1,,2,,,7,7,1,6,4,120.577503,24.118454,3
6836,66000,387130000C,(04)23274275,(04)23288582,2025,09,18,6,14,臺中市,龍井區,0,0,0,7,,,60,,,,,,,,,,,,,,,,,,,B03,,,1,,2,,,7,7,1,12,4,120.580157,24.189864,3
6837,66000,387130000C,(04)23274275,(04)23288582,2025,09,18,6,21,臺中市,太平區,0,3,0,7,3,6,30,3,9,1,5,4,6,6,4,4,10,5,5,1,13,2,9,2,1,C03,7,9,1,10,2,11,,85,85,1,12,4,120.728498,24.141212,2
6838,66000,387130000C,(04)23274275,(04)23288582,2025,09,18,6,22,臺中市,梧棲區,0,0,0,7,,,30,,,,,,,,,,,,,,16,,,,,B12,,,1,,2,,,14,14,1,6,4,120.544675,24.232954,3
6839,66000,387130000C,(04)23274275,(04)23288582,2025,09,18,6,47,臺中市,沙鹿區,0,0,0,7,,,60,,,,,,,,,,,,,,13,,,,,B03,,,1,,2,,,59,59,1,6,4,120.579832,24.219907,3
6840,66000,387130000C,(04)23274275,(04)23288582,2025,09,18,6,55,臺中市,沙鹿區,0,0,0,7,,,60,,,,,,,,,,,,,,12,,,,,B03,,,1,,1,,,40,40,1,6,4,120.597073,24.249998,3
6841,66000,387130000C,(04)23274275,(04)23288582,2025,09,18,6,55,臺中市,清水區,0,0,0,7,,,70,,,,,,,,,,,,,,14,,,,,C03,,,1,,2,,,49,49,1,6,4,120.567237,24.269418,3
6842,66000,387130000C,(04)23274275,(04)23288582,2025,09,18,7,0,臺中市,清水區,0,0,0,7,,,30,,,,,,,,,,,,,,17,,,,,C03,,,1,,2,,,7,7,1,12,4,120.57176,24.279267,3
6843,66000,387130000C,(04)23274275,(04)23288582,2025,09,18,7,2,臺中市,南屯區,0,0,0,7,,,50,,,,,,,,,,,,,,,,,,,B03,,,1,,1,,,49,49,1,13,4,120.61181,24.14869,3
6844,66000,387130000C,(04)23274275,(04)23288582,2025,09,18,7,4,臺中市,烏日區,0,0,0,7,,,50,,,,,,,,,,,,,,12,,,,,B03,,,1,,2,,,82,82,1,6,4,120.589395,24.113434,3
6845,66000,387130000C,(04)23274275,(04)23288582,2025,09,18,7,7,臺中市,太平區,0,2,0,7,2,6,50,3,1,1,5,4,6,6,1,1,10,5,5,2,17,2,9,1,1,C03,7,6,1,10,2,11,,84,84,1,12,4,120.733414,24.150511,2
6846,66000,387130000C,(04)23274275,(04)23288582,2025,09,18,7,9,臺中市,太平區,0,1,0,7,3,6,50,3,2,1,5,4,6,6,1,1,5,4,5,2,13,2,9,1,1,C03,7,9,1,10,2,11,,7,7,1,12,4,120.7071,24.129128,2
6847,66000,387130000C,(04)23274275,(04)23288582,2025,09,18,7,9,臺中市,梧棲區,0,2,0,7,3,6,30,4,1,1,5,4,6,6,4,4,10,5,5,2,15,2,9,1,1,C03,7,9,1,10,2,14,,13,13,1,6,4,120.547839,24.258666,2
6848,66000,387130000C,(04)23274275,(04)23288582,2025,09,18,7,10,臺中市,豐原區,0,1,0,7,2,6,30,3,1,1,5,4,6,6,4,4,10,5,5,2,16,3,10,3,1,B03,7,5,1,8,2,1,,14,14,1,13,4,120.7188,24.264647,2
6849,66000,387130000C,(04)23274275,(04)23288582,2025,09,18,7,15,臺中市,沙鹿區,0,2,0,7,2,6,50,13,9,1,5,4,6,6,4,4,10,5,5,2,17,3,10,3,1,B03,7,1,1,8,2,1,,51,51,1,6,4,120.566629,24.241132,2
6850,66000,387130000C,(04)23274275,(04)23288582,2025,09,18,7,17,臺中市,后里區,0,0,0,7,2,6,50,3,2,1,5,4,6,6,1,1,4,4,4,1,12,3,10,3,1,A04,7,6,1,2,2,5,,8,8,1,12,4,120.716858,24.309611,3
6851,66000,387130000C,(04)23274275,(04)23288582,2025,09,18,7,20,臺中市,西屯區,0,3,0,7,2,6,50,5,1,1,5,4,6,6,1,1,10,5,5,2,15,2,9,2,4,C03,7,9,1,10,2,11,,21,21,1,13,4,120.663262,24.163382,2
6852,66000,387130000C,(04)23274275,(04)23288582,2025,09,18,7,23,臺中市,霧峰區,0,1,0,7,2,6,40,3,1,1,5,4,6,6,4,4,10,5,5,2,17,3,10,2,1,C03,7,6,1,10,2,12,,20,20,1,6,4,120.664749,24.064406,2
6853,66000,387130000C,(04)23274275,(04)23288582,2025,09,18,7,24,臺中市,后里區,0,2,0,7,2,6,30,11,9,1,5,4,6,6,4,4,10,5,5,1,3,2,9,1,1,C03,7,9,1,10,2,11,,84,84,1,12,4,120.680562,24.304562,2
6854,66000,387130000C,(04)23274275,(04)23288582,2025,09,18,7,26,臺中市,南屯區,0,0,0,7,,,50,,,,,,,,,,,,,,,,,,,B03,,,1,,1,,,7,7,1,13,4,120.646802,24.146809,3
6855,66000,387130000C,(04)23274275,(04)23288582,2025,09,18,7,26,臺中市,太平區,0,4,0,7,3,6,50,4,1,1,5,4,6,6,1,1,5,5,5,1,16,3,10,2,1,C03,7,9,1,10,2,12,,39,39,1,12,4,120.719532,24.127184,2
6856,66000,387130000C,(04)23274275,(04)23288582,2025,09,18,7,26,臺中市,大甲區,0,0,0,7,,,50,,,,,,,,,,,,,,13,,,,,B03,,,1,,1,,,7,7,1,6,4,120.648916,24.404175,3
6857,66000,387130000C,(04)23274275,(04)23288582,2025,09,18,7,27,臺中市,東區,0,2,0,7,1,6,50,4,1,1,5,4,6,6,1,1,9,4,2,1,11,2,9,1,1,C03,7,9,1,10,2,12,14,20,20,1,12,4,120.703636,24.140394,2
6858,66000,387130000C,(04)23274275,(04)23288582,2025,09,18,7,28,臺中市,沙鹿區,0,0,0,7,,,40,,,,,,,,,,,,,,14,,,,,B12,,,1,,2,,,49,49,1,7,4,120.552306,24.216459,3
6859,66000,387130000C,(04)23274275,(04)23288582,2025,09,18,7,30,臺中市,神岡區,0,0,0,7,,,30,,,,,,,,,,,,,,11,,,,,A11,,,1,,2,,,8,8,1,12,4,120.648577,24.281613,3
6860,66000,387130000C,(04)23274275,(04)23288582,2025,09,18,7,31,臺中市,大里區,0,2,0,7,2,6,50,3,1,1,5,4,6,6,4,4,5,5,5,1,16,2,8,4,1,F01,7,6,7,21,2,14,,48,48,1,13,4,120.686155,24.113887,2
6861,66000,387130000C,(04)23274275,(04)23288582,2025,09,18,7,32,臺中市,西屯區,0,1,0,7,2,6,50,4,1,1,5,4,6,6,4,4,10,5,5,2,18,2,9,5,4,C03,7,6,1,10,1,14,,84,84,1,12,4,120.6519,24.167604,2
6862,66000,387130000C,(04)23274275,(04)23288582,2025,09,18,7,35,臺中市,北屯區,0,0,0,7,,,50,,,,,,,,,,,,,,,,,,,B03,,,1,,1,,,84,84,1,13,4,120.68603,24.20123,4
6863,66000,387130000C,(04)23274275,(04)23288582,2025,09,18,7,35,臺中市,太平區,0,0,0,7,,,50,,,,,,,,,,,,,,,,,,,A41,,,1,,2,,,7,7,1,12,4,120.708391,24.128395,3
6864,66000,387130000C,(04)23274275,(04)23288582,2025,09,18,7,35,臺中市,豐原區,0,1,0,7,2,6,40,13,7,1,5,4,6,6,4,4,5,5,4,2,12,3,10,5,4,C03,7,11,1,10,2,14,,4,4,1,13,4,120.708533,24.248126,2
6865,66000,387130000C,(04)23274275,(04)23288582,2025,09,18,7,38,臺中市,大里區,0,1,0,7,3,6,30,3,1,1,5,4,6,6,4,4,5,5,5,2,16,3,10,1,1,C03,7,1,1,10,2,11,,51,51,1,13,4,120.687901,24.118199,2
6866,66000,387130000C,(04)23274275,(04)23288582,2025,09,18,7,40,臺中市,太平區,0,1,0,7,2,6,50,5,1,1,5,4,6,6,1,1,10,5,5,2,13,2,9,2,1,C03,7,9,1,10,2,14,,7,7,1,12,4,120.724289,24.149566,2
6867,66000,387130000C,(04)23274275,(04)23288582,2025,09,18,7,40,臺中市,豐原區,0,1,0,7,2,6,30,4,1,1,5,4,6,6,4,4,10,5,5,2,16,3,10,3,1,B03,7,6,1,8,2,2,,13,13,1,13,4,120.702983,24.250435,2
6868,66000,387130000C,(04)23274275,(04)23288582,2025,09,18,7,41,臺中市,南屯區,0,0,0,7,,,50,,,,,,,,,,,,,,17,,,,,B03,,,1,,1,,,8,8,1,12,4,120.604127,24.138991,3
6869,66000,387130000C,(04)23274275,(04)23288582,2025,09,18,7,41,臺中市,豐原區,0,1,0,7,2,6,50,4,1,1,5,4,6,6,4,4,10,5,5,2,16,3,10,5,4,B03,7,6,1,8,2,4,,14,14,1,9,4,120.700915,24.248307,2
6870,66000,387130000C,(04)23274275,(04)23288582,2025,09,18,7,42,臺中市,西屯區,0,2,0,7,2,6,50,13,9,1,5,4,6,6,4,4,5,5,5,2,12,2,7,5,4,C03,7,9,1,10,2,12,,7,7,1,13,4,120.659099,24.164516,2
6871,66000,387130000C,(04)23274275,(04)23288582,2025,09,18,7,42,臺中市,西屯區,0,0,0,7,2,6,40,13,9,1,5,4,6,6,2,1,1,4,1,2,13,,,,,B03,,,1,,1,,,7,7,1,13,4,120.634689,24.182211,3
6872,66000,387130000C,(04)23274275,(04)23288582,2025,09,18,7,44,臺中市,豐原區,0,1,0,7,2,6,50,13,9,1,5,4,6,6,4,4,1,4,5,1,12,3,10,5,4,C03,7,4,1,10,2,15,,84,84,1,13,4,120.750777,24.270081,2
6873,66000,387130000C,(04)23274275,(04)23288582,2025,09,18,7,46,臺中市,西區,0,0,0,7,,,50,,,,,,,,,,,,,,16,,,,,B03,,,1,,1,,,11,11,1,12,4,120.665179,24.147912,3
6874,66000,387130000C,(04)23274275,(04)23288582,2025,09,18,7,46,臺中市,南屯區,0,0,0,7,2,6,60,13,9,1,5,4,6,6,4,4,5,4,5,2,17,,,,,B03,,,1,,11,,,84,84,2,12,4,120.635702,24.149843,3
6875,66000,387130000C,(04)23274275,(04)23288582,2025,09,18,7,46,臺中市,烏日區,0,2,0,7,2,6,30,4,1,1,5,4,6,6,4,4,10,5,5,2,17,2,5,1,1,C03,7,9,1,10,2,12,,15,15,1,6,4,120.636473,24.074271,2
6876,66000,387130000C,(04)23274275,(04)23288582,2025,09,18,7,47,臺中市,清水區,0,0,0,7,,,70,,,,,,,,,,,,,,13,,,,,B03,,,1,,2,,,7,7,1,13,4,120.603591,24.311605,3
6877,66000,387130000C,(04)23274275,(04)23288582,2025,09,18,7,48,臺中市,豐原區,0,1,0,7,2,6,50,13,9,1,5,4,6,6,4,4,1,5,5,1,12,2,9,1,1,C03,7,8,1,10,2,14,,40,40,1,6,4,120.722193,24.274243,2
6878,66000,387130000C,(04)23274275,(04)23288582,2025,09,18,7,51,臺中市,北區,0,0,0,7,,,40,,,,,,,,,,,,,,,,,,,C03,,,1,,1,,,7,7,1,12,4,120.694145,24.158167,3
6879,66000,387130000C,(04)23274275,(04)23288582,2025,09,18,7,53,臺中市,太平區,0,0,0,7,,,50,,,,,,,,,,,,,,12,,,,,C03,,,1,,1,,,8,8,1,12,4,120.733642,24.155981,3
6880,66000,387130000C,(04)23274275,(04)23288582,2025,09,18,7,56,臺中市,太平區,0,1,0,7,2,6,50,4,1,1,5,4,6,6,1,1,10,5,5,2,17,3,10,2,1,C03,7,6,1,10,2,12,,85,85,1,12,4,120.715215,24.108091,2
6881,66000,387130000C,(04)23274275,(04)23288582,2025,09,18,7,57,臺中市,北屯區,0,0,0,7,,,50,,,,,,,,,,,,,,13,,,,,C03,,,1,,1,,,7,7,1,6,4,120.730229,24.177339,4
6882,66000,387130000C,(04)23274275,(04)23288582,2025,09,18,7,58,臺中市,西屯區,0,0,0,7,,,50,,,,,,,,,,,,,,13,,,,,C03,,,1,,1,,,59,59,1,12,4,120.64139,24.168476,3
6883,66000,387130000C,(04)23274275,(04)23288582,2025,09,18,8,0,臺中市,西屯區,0,0,0,7,,,30,,,,,,,,,,,,,,16,,,,,B03,,,1,,2,,,14,14,1,12,4,120.649822,24.182893,3
6884,66000,387130000C,(04)23274275,(04)23288582,2025,09,18,8,0,臺中市,西屯區,0,1,0,7,2,6,40,3,8,1,5,4,6,6,4,4,1,4,5,2,12,3,10,5,4,C03,7,7,1,10,2,12,,40,40,1,12,4,120.624495,24.155202,2
6885,66000,387130000C,(04)23274275,(04)23288582,2025,09,18,8,0,臺中市,大里區,0,1,0,7,3,6,50,4,2,1,5,4,6,6,1,1,5,5,5,2,13,3,10,3,1,B03,7,9,1,8,2,1,,59,59,1,12,4,120.695926,24.096388,2
6886,66000,387130000C,(04)23274275,(04)23288582,2025,09,18,8,0,臺中市,豐原區,0,2,0,7,2,6,50,3,1,1,5,4,6,6,4,4,10,5,5,2,16,2,9,2,1,C03,7,6,1,10,2,13,,48,48,1,13,4,120.730267,24.257457,2
6887,66000,387130000C,(04)23274275,(04)23288582,2025,09,18,8,1,臺中市,大安區,0,1,0,7,3,6,50,13,9,1,5,4,6,6,4,4,5,4,5,1,12,3,10,3,1,B03,7,4,1,8,2,2,,84,84,1,6,4,120.591384,24.339246,2
6888,66000,387130000C,(04)23274275,(04)23288582,2025,09,18,8,2,臺中市,西區,0,0,0,7,,,60,,,,,,,,,,,,,,,,,,,B02,,,1,,1,,,84,84,1,6,4,120.669678,24.150839,3
6889,66000,387130000C,(04)23274275,(04)23288582,2025,09,18,8,4,臺中市,霧峰區,0,1,0,7,2,6,70,13,9,1,5,4,6,6,4,4,2,4,5,1,13,3,10,3,1,B12,7,9,1,8,2,1,,7,7,1,6,4,120.663857,24.079533,2
6890,66000,387130000C,(04)23274275,(04)23288582,2025,09,18,8,7,臺中市,北屯區,0,1,0,7,2,6,50,3,2,1,5,4,6,6,4,4,1,3,4,2,16,3,10,3,1,B03,7,5,1,8,2,6,,14,14,1,12,4,120.693619,24.161743,2
6891,66000,387130000C,(04)23274275,(04)23288582,2025,09,18,8,7,臺中市,沙鹿區,0,0,0,6,,,50,,,,,,,,,,,,,,,,,,,B03,,,1,,1,,,7,7,1,13,4,120.565169,24.239612,3
6892,66000,387130000C,(04)23274275,(04)23288582,2025,09,18,8,9,臺中市,潭子區,0,0,0,7,,,60,,,,,,,,,,,,,,12,,,,,B03,,,1,,2,,,40,40,1,13,4,120.705052,24.206643,3
6893,66000,387130000C,(04)23274275,(04)23288582,2025,09,18,8,10,臺中市,北屯區,0,0,0,7,,,50,,,,,,,,,,,,,,12,,,,,B03,,,1,,2,,,8,8,1,12,4,120.714584,24.160504,3
6894,66000,387130000C,(04)23274275,(04)23288582,2025,09,18,8,10,臺中市,西屯區,0,0,0,7,,,40,,,,,,,,,,,,,,16,,,,,B03,,,1,,1,,,65,65,1,13,4,120.606662,24.183879,3
6895,66000,387130000C,(04)23274275,(04)23288582,2025,09,18,8,10,臺中市,西屯區,0,0,0,7,2,6,50,4,2,1,5,4,6,6,2,1,1,4,1,2,14,,,,,B03,,,1,,1,,,49,49,1,13,4,120.636528,24.170784,3
6896,66000,387130000C,(04)23274275,(04)23288582,2025,09,18,8,10,臺中市,沙鹿區,0,1,0,7,2,6,40,13,8,1,5,4,6,6,4,4,1,4,4,2,18,2,9,2,1,C03,7,9,1,10,2,12,,87,87,1,6,4,120.563492,24.206423,2
6897,66000,387130000C,(04)23274275,(04)23288582,2025,09,18,8,12,臺中市,西屯區,0,1,0,7,2,6,40,13,9,1,5,4,6,6,4,4,1,4,1,2,12,3,10,5,4,B03,7,9,1,8,2,5,,8,8,1,13,4,120.639424,24.168613,2
6898,66000,387130000C,(04)23274275,(04)23288582,2025,09,18,8,14,臺中市,北屯區,0,0,0,7,,,50,,,,,,,,,,,,,,,,,,,B03,,,1,,1,,,84,84,1,13,4,120.699383,24.175675,3
6899,66000,387130000C,(04)23274275,(04)23288582,2025,09,18,8,16,臺中市,西屯區,0,1,0,7,2,6,70,3,9,1,5,4,6,6,4,4,2,4,5,2,16,3,10,5,4,B03,7,5,1,8,2,5,,26,26,1,12,4,120.626986,24.17739,2
6900,66000,387130000C,(04)23274275,(04)23288582,2025,09,18,8,17,臺中市,豐原區,0,0,0,7,,,50,,,,,,,,,,,,,,13,,,,,C03,,,1,,2,,,7,7,1,13,4,120.715484,24.244511,3
6901,66000,387130000C,(04)23274275,(04)23288582,2025,09,18,8,19,臺中市,大雅區,0,0,0,7,,,30,,,,,,,,,,,,,,16,,,,,C03,,,1,,2,,,11,11,1,13,4,120.647991,24.223034,3
6902,66000,387130000C,(04)23274275,(04)23288582,2025,09,18,8,21,臺中市,西屯區,0,1,0,7,2,6,50,3,8,1,5,4,6,6,4,4,1,5,1,2,12,3,10,5,4,B03,7,5,1,8,2,5,,59,59,1,12,4,120.616958,24.182101,2
6903,66000,387130000C,(04)23274275,(04)23288582,2025,09,18,8,21,臺中市,西屯區,0,1,0,7,2,6,40,13,8,1,5,4,6,6,4,4,10,4,5,2,17,3,10,5,4,B03,7,7,1,8,2,5,,35,35,1,12,4,120.66224,24.201308,2
6904,66000,387130000C,(04)23274275,(04)23288582,2025,09,18,8,22,臺中市,南屯區,0,1,0,7,2,6,60,13,9,1,5,4,6,6,4,4,1,4,5,2,18,2,9,1,1,C03,7,9,1,10,2,16,,87,87,1,12,4,120.63604,24.121043,2
6905,66000,387130000C,(04)23274275,(04)23288582,2025,09,18,8,23,臺中市,南屯區,0,1,0,7,1,9,50,13,9,1,5,4,6,6,4,4,5,4,4,2,11,3,10,5,4,B03,7,1,1,8,2,1,,51,51,1,13,4,120.639146,24.13377,2
6906,66000,387130000C,(04)23274275,(04)23288582,2025,09,18,8,24,臺中市,西屯區,0,1,0,7,2,6,35,11,8,1,2,4,6,6,4,4,1,5,1,2,18,2,9,5,4,C03,7,5,1,10,2,12,,84,84,1,13,4,120.632661,24.172919,2
6907,66000,387130000C,(04)23274275,(04)23288582,2025,09,18,8,25,臺中市,梧棲區,0,0,0,7,,,50,,,,,,,,,,,,,,14,,,,,B03,,,1,,1,,,49,49,1,6,4,120.536564,24.260535,3
6908,66000,387130000C,(04)23274275,(04)23288582,2025,09,18,8,26,臺中市,南屯區,0,1,0,7,2,6,50,3,2,1,5,4,6,6,2,1,8,3,5,1,2,3,10,1,1,C03,7,9,3,19,1,12,,8,8,1,12,4,120.613625,24.138804,2
6909,66000,387130000C,(04)23274275,(04)23288582,2025,09,18,8,28,臺中市,沙鹿區,0,0,0,7,,,30,,,,,,,,,,,,,,,,,,,B03,,,1,,2,,,8,8,1,13,4,120.563841,24.245711,3
6910,66000,387130000C,(04)23274275,(04)23288582,2025,09,18,8,28,臺中市,豐原區,0,1,0,7,2,6,50,13,8,1,5,4,6,6,4,4,5,5,4,2,13,2,1,1,1,C03,7,9,1,10,2,11,,84,84,1,12,4,120.705859,24.242665,2
6911,66000,387130000C,(04)23274275,(04)23288582,2025,09,18,8,30,臺中市,梧棲區,0,1,0,7,3,6,30,4,1,1,5,4,6,6,4,4,10,5,5,2,15,2,9,1,1,C03,7,9,1,10,2,12,,15,15,1,6,4,120.526935,24.226717,2
6912,66000,387130000C,(04)23274275,(04)23288582,2025,09,18,8,31,臺中市,東區,0,1,0,7,2,6,40,4,1,1,5,4,6,6,2,1,10,5,5,2,13,3,10,2,1,C03,7,9,2,19,2,11,,7,7,1,12,4,120.69445,24.149634,2
6913,66000,387130000C,(04)23274275,(04)23288582,2025,09,18,8,32,臺中市,霧峰區,0,1,0,7,2,6,40,4,1,1,5,4,6,6,1,1,10,5,5,2,17,3,10,3,1,B03,7,6,1,8,2,5,,20,20,1,6,4,120.679798,24.065038,2
6914,66000,387130000C,(04)23274275,(04)23288582,2025,09,18,8,34,臺中市,霧峰區,0,0,0,7,,,40,,,,,,,,,,,,,,13,,,,,C03,,,1,,2,,,7,7,1,12,4,120.697175,24.064892,3
6915,66000,387130000C,(04)23274275,(04)23288582,2025,09,18,8,35,臺中市,西屯區,0,0,0,7,,,50,,,,,,,,,,,,,,13,,,,,B03,,,1,,1,,,7,7,1,13,4,120.632938,24.182706,3
6916,66000,387130000C,(04)23274275,(04)23288582,2025,09,18,8,40,臺中市,大雅區,0,0,0,7,,,0,,,,,,,,,,,,,,,,,,,B03,,,1,,2,,,49,49,1,13,4,120.64783,24.229788,3
6917,66000,387130000C,(04)23274275,(04)23288582,2025,09,18,8,42,臺中市,北區,0,0,0,7,,,50,,,,,,,,,,,,,,,,,,,C03,,,1,,2,,,50,50,1,12,4,120.673803,24.166948,3
6918,66000,387130000C,(04)23274275,(04)23288582,2025,09,18,8,43,臺中市,北區,0,0,0,7,,,50,,,,,,,,,,,,,,12,,,,,B03,,,1,,2,,,40,40,1,13,4,120.686665,24.155377,3
6919,66000,387130000C,(04)23274275,(04)23288582,2025,09,18,8,44,臺中市,南區,0,0,0,7,,,50,,,,,,,,,,,,,,,,,,,C03,,,1,,1,,,7,7,1,5,4,120.652766,24.117995,3
6920,66000,387130000C,(04)23274275,(04)23288582,2025,09,18,8,45,臺中市,南區,0,1,0,7,2,6,50,4,1,1,5,4,6,6,1,1,10,5,5,2,16,3,10,3,1,B02,7,5,1,8,2,2,,11,11,1,12,4,120.671811,24.119156,2
6921,66000,387130000C,(04)23274275,(04)23288582,2025,09,18,8,46,臺中市,北屯區,0,0,0,7,,,50,,,,,,,,,,,,,,,,,,,B03,,,1,,1,,,84,84,1,13,4,120.693391,24.19284,3
6922,66000,387130000C,(04)23274275,(04)23288582,2025,09,18,8,49,臺中市,北屯區,0,0,0,7,,,30,,,,,,,,,,,,,,14,,,,,B03,,,1,8,1,,,49,49,1,6,4,120.677049,24.189708,3
6923,66000,387130000C,(04)23274275,(04)23288582,2025,09,18,8,49,臺中市,北屯區,0,0,0,7,,,50,,,,,,,,,,,,,,13,,,,,B03,,,1,,1,,,58,58,1,6,4,120.682838,24.176187,3
6924,66000,387130000C,(04)23274275,(04)23288582,2025,09,18,8,50,臺中市,南屯區,0,0,0,7,,,50,,,,,,,,,,,,,,13,,,,,B01,,,1,,1,,,7,7,1,6,4,120.635475,24.146466,4
6925,66000,387130000C,(04)23274275,(04)23288582,2025,09,18,8,50,臺中市,豐原區,0,1,0,7,1,6,60,13,9,1,5,4,6,6,4,4,1,4,5,1,17,3,10,3,1,B03,7,5,1,8,2,5,,84,84,1,6,4,120.702923,24.238703,2
6926,66000,387130000C,(04)23274275,(04)23288582,2025,09,18,8,54,臺中市,南屯區,0,0,0,7,,,40,,,,,,,,,,,,,,13,,,,,C03,,,1,,1,,,7,7,1,6,4,120.623601,24.135638,3
6927,66000,387130000C,(04)23274275,(04)23288582,2025,09,18,8,55,臺中市,太平區,0,0,0,7,,,50,,,,,,,,,,,,,,,,,,,B03,,,1,,2,,,8,8,1,12,4,120.723166,24.149437,3
6928,66000,387130000C,(04)23274275,(04)23288582,2025,09,18,8,57,臺中市,北區,0,0,0,7,,,50,,,,,,,,,,,,,,,,,,,C03,,,1,,11,,,50,50,1,13,4,120.685079,24.151991,3
6929,66000,387130000C,(04)23274275,(04)23288582,2025,09,18,8,57,臺中市,北屯區,0,1,0,7,2,6,50,12,9,1,5,4,6,6,4,4,1,5,5,2,18,2,9,2,1,C02,7,9,1,9,4,14,,53,53,1,12,4,120.783771,24.20508,2
6930,66000,387130000C,(04)23274275,(04)23288582,2025,09,18,8,59,臺中市,北屯區,0,1,0,7,2,6,50,3,1,1,5,4,6,6,4,4,10,5,5,2,18,2,9,1,1,C03,7,12,1,10,1,12,,84,84,1,6,4,120.709328,24.178157,2
6931,66000,387130000C,(04)23274275,(04)23288582,2025,09,18,8,59,臺中市,沙鹿區,0,1,0,7,2,6,40,13,8,1,5,4,6,6,2,1,1,4,2,2,9,3,10,3,1,B01,7,14,1,4,2,2,,76,76,1,6,4,120.57228,24.232512,2
6932,66000,387130000C,(04)23274275,(04)23288582,2025,09,18,9,0,臺中市,大雅區,0,1,0,7,3,6,70,13,7,1,5,4,6,6,4,4,10,3,4,1,17,3,10,5,4,A42,7,9,1,5,2,16,,75,75,1,13,4,120.632726,24.23892,2
6933,66000,387130000C,(04)23274275,(04)23288582,2025,09,18,9,0,臺中市,大雅區,0,1,0,7,3,6,70,13,7,1,5,4,6,6,4,4,1,3,4,1,17,3,10,5,4,A42,7,9,1,5,2,16,,68,68,1,13,4,120.632726,24.23892,2
6934,66000,387130000C,(04)23274275,(04)23288582,2025,09,18,9,1,臺中市,南屯區,0,0,0,7,,,50,,,,,,,,,,,,,,,,,,,B03,,,1,,1,,,7,7,1,13,4,120.652988,24.150881,3
6935,66000,387130000C,(04)23274275,(04)23288582,2025,09,18,9,9,臺中市,西屯區,0,0,0,7,,,40,,,,,,,,,,,,,,17,,,,,B03,,,1,,1,,,50,50,1,13,4,120.636717,24.154873,3
6936,66000,387130000C,(04)23274275,(04)23288582,2025,09,18,9,10,臺中市,大里區,0,0,0,7,,,50,,,,,,,,,,,,,,13,,,,,B13,,,1,,1,,,59,59,1,12,4,120.691113,24.091457,3
6937,66000,387130000C,(04)23274275,(04)23288582,2025,09,18,9,12,臺中市,西屯區,0,0,0,7,2,6,0,13,8,1,5,4,6,6,4,4,10,5,4,2,17,,,,,C03,,,1,,2,,,50,50,1,13,4,120.597431,24.181668,3
6938,66000,387130000C,(04)23274275,(04)23288582,2025,09,18,9,12,臺中市,太平區,0,0,0,7,,,50,,,,,,,,,,,,,,13,,,,,B12,,,1,,1,,,7,7,1,12,4,120.725886,24.149778,3
6939,66000,387130000C,(04)23274275,(04)23288582,2025,09,18,9,15,臺中市,西屯區,0,1,0,7,2,6,35,11,8,1,3,4,6,6,4,4,1,5,1,2,18,2,9,5,4,C03,7,5,1,10,2,12,,84,84,1,13,4,120.632661,24.172919,2