﻿序號,縣市別代碼,機關代碼,市話,傳真,年,月,日,時,分,縣市,區,死亡數量,受傷數量,2-30,天候,道路照明設備,道路類別,道路速限,道路型態,事故位置,路面鋪裝,路面狀態,路面缺陷,障礙物,視距,號誌種類,號誌動作,分向設施,快車道或一般車道間,快慢車道間,路面邊線,事故類型及型態,受傷程度,主要傷處,保護裝備,行動電話或功能裝置,當事者區分_類別,車輛用途,當事者行動狀態,駕照狀態,駕照種類,飲酒情形,車輛撞擊部位最初,車輛撞擊部位其他,肇事因素個別,肇事因素主要,肇事逃逸,職業,共享經濟或外送平台,GPS座標X,GPS座標Y,事故類別
6940,66000,387130000C,(04)23274275,(04)23288582,2025,09,18,9,15,臺中市,西屯區,0,0,0,7,,,60,,,,,,,,,,,,,,13,,,,,B03,,,1,,1,,,7,7,1,12,4,120.643643,24.165818,3
6941,66000,387130000C,(04)23274275,(04)23288582,2025,09,18,9,18,臺中市,南區,0,1,0,7,3,6,50,4,1,1,5,4,6,6,2,1,5,5,5,2,13,3,10,3,1,B03,7,9,1,8,2,5,,7,7,1,6,4,120.652766,24.117995,2
6942,66000,387130000C,(04)23274275,(04)23288582,2025,09,18,9,20,臺中市,南區,0,1,0,7,2,6,50,3,1,1,5,4,6,6,1,1,10,5,5,2,17,2,9,2,1,C03,7,1,1,10,2,11,12,84,84,1,12,4,120.665713,24.113921,2
6943,66000,387130000C,(04)23274275,(04)23288582,2025,09,18,9,20,臺中市,西屯區,0,0,0,7,,,50,,,,,,,,,,,,,,17,,,,,B03,,,1,,2,,,59,59,1,12,4,120.643407,24.173853,3
6944,66000,387130000C,(04)23274275,(04)23288582,2025,09,18,9,23,臺中市,西屯區,0,0,0,7,2,6,50,13,9,1,5,4,6,6,4,4,1,4,5,2,12,,,,,B01,,,1,,2,,,51,51,1,12,4,120.612355,24.186828,3
6945,66000,387130000C,(04)23274275,(04)23288582,2025,09,18,9,30,臺中市,大里區,0,1,0,7,2,6,50,3,1,1,5,4,6,6,1,1,5,5,4,2,17,3,10,3,1,B03,7,9,3,19,2,16,,21,21,1,13,4,120.695064,24.102391,2
6946,66000,387130000C,(04)23274275,(04)23288582,2025,09,18,9,32,臺中市,西屯區,0,0,0,7,,,50,,,,,,,,,,,,,,14,,,,,B13,,,1,,1,,,49,49,1,13,4,120.61633,24.181163,3
6947,66000,387130000C,(04)23274275,(04)23288582,2025,09,18,9,38,臺中市,潭子區,0,0,0,7,,,30,,,,,,,,,,,,,,14,,,,,B03,,,1,,2,,,49,49,1,13,4,120.706809,24.230976,3
6948,66000,387130000C,(04)23274275,(04)23288582,2025,09,18,9,38,臺中市,北屯區,0,0,0,7,,,50,,,,,,,,,,,,,,,,,,,C02,,,1,,1,,,84,84,1,13,4,120.690799,24.182315,3
6949,66000,387130000C,(04)23274275,(04)23288582,2025,09,18,9,40,臺中市,霧峰區,0,0,0,7,,,50,,,,,,,,,,,,,,17,,,,,C03,,,1,,1,,,84,84,1,12,4,120.699246,24.064387,3
6950,66000,387130000C,(04)23274275,(04)23288582,2025,09,18,9,41,臺中市,南屯區,0,0,0,7,,,50,,,,,,,,,,,,,,,,,,,B03,,,1,,1,,,7,7,1,13,4,120.623399,24.135649,3
6951,66000,387130000C,(04)23274275,(04)23288582,2025,09,18,9,48,臺中市,豐原區,0,2,0,7,2,6,50,13,9,1,5,4,6,6,4,4,10,5,5,2,10,2,9,1,1,C03,7,9,1,10,2,11,,34,34,1,12,4,120.717939,24.247056,2
6952,66000,387130000C,(04)23274275,(04)23288582,2025,09,18,9,50,臺中市,北屯區,0,2,0,7,3,6,50,4,1,1,5,4,6,6,2,1,10,5,5,2,13,2,9,1,1,C03,7,9,1,10,2,11,,7,7,1,6,4,120.676394,24.173739,2
6953,66000,387130000C,(04)23274275,(04)23288582,2025,09,18,9,53,臺中市,北屯區,0,1,0,7,2,6,50,4,1,1,5,4,6,6,1,1,10,5,5,2,13,2,9,1,1,C03,7,9,1,10,2,11,,7,7,1,6,4,120.72472,24.176146,2
6954,66000,387130000C,(04)23274275,(04)23288582,2025,09,18,9,54,臺中市,西屯區,0,1,0,7,2,6,30,3,9,1,5,4,6,6,4,4,10,5,5,2,17,2,9,5,4,B03,7,3,1,8,2,4,3,50,50,1,12,4,120.605456,24.186057,2
6955,66000,387130000C,(04)23274275,(04)23288582,2025,09,18,9,56,臺中市,北屯區,0,0,0,7,,,50,,,,,,,,,,,,,,,,,,,C03,,,1,,1,,,84,84,1,13,4,120.667256,24.178311,3
6956,66000,387130000C,(04)23274275,(04)23288582,2025,09,18,9,59,臺中市,南屯區,0,1,0,7,2,6,50,4,1,1,5,4,6,6,2,1,8,3,1,1,12,3,10,3,1,B02,7,5,1,8,1,2,,84,84,1,12,4,120.646416,24.126122,2
6957,66000,387130000C,(04)23274275,(04)23288582,2025,09,18,10,0,臺中市,南屯區,0,1,0,7,2,6,60,13,9,1,5,4,6,6,4,4,5,4,5,2,11,3,10,3,1,B03,7,9,1,8,2,2,,84,84,1,9,4,120.639759,24.147162,2
6958,66000,387130000C,(04)23274275,(04)23288582,2025,09,18,10,0,臺中市,太平區,0,1,0,7,2,6,50,13,7,1,5,4,6,6,4,4,9,4,4,1,17,3,10,3,1,B12,7,11,1,8,2,8,,45,45,1,12,4,120.728899,24.10197,2
6959,66000,387130000C,(04)23274275,(04)23288582,2025,09,18,10,0,臺中市,沙鹿區,0,0,0,7,,,50,,,,,,,,,,,,,,14,,,,,A12,,,1,,2,,,49,49,1,6,4,120.558906,24.231248,3
6960,66000,387130000C,(04)23274275,(04)23288582,2025,09,18,10,2,臺中市,北區,0,1,0,7,2,6,50,13,7,1,5,4,6,6,4,4,8,3,4,2,12,3,10,3,1,B12,7,7,1,8,2,3,,40,40,1,13,4,120.694147,24.158762,2
6961,66000,387130000C,(04)23274275,(04)23288582,2025,09,18,10,3,臺中市,北屯區,0,1,0,7,2,6,50,4,2,1,5,4,6,6,2,1,1,4,5,2,12,3,10,3,1,B03,7,7,1,8,1,5,,40,40,1,12,4,120.699928,24.16492,2
6962,66000,387130000C,(04)23274275,(04)23288582,2025,09,18,10,7,臺中市,沙鹿區,0,2,0,6,2,6,50,4,1,1,5,4,6,6,1,1,3,4,4,2,17,2,9,1,1,C03,7,9,1,10,2,11,,7,7,1,13,4,120.562152,24.245118,2
6963,66000,387130000C,(04)23274275,(04)23288582,2025,09,18,10,10,臺中市,西屯區,0,0,0,7,,,60,,,,,,,,,,,,,,13,,,,,B03,,,1,,1,,,59,59,1,12,4,120.644257,24.164782,3
6964,66000,387130000C,(04)23274275,(04)23288582,2025,09,18,10,15,臺中市,潭子區,0,0,0,7,,,50,,,,,,,,,,,,,,,,,,,C03,,,1,,11,,,50,50,1,13,4,120.70113,24.216064,3
6965,66000,387130000C,(04)23274275,(04)23288582,2025,09,18,10,24,臺中市,龍井區,0,0,0,7,2,6,50,13,9,1,5,4,6,6,4,4,10,5,5,2,12,,,,,B12,,,1,,2,,,8,8,1,6,4,120.5934,24.180906,3
6966,66000,387130000C,(04)23274275,(04)23288582,2025,09,18,10,26,臺中市,北屯區,0,0,0,7,,,50,,,,,,,,,,,,,,,,,,,B03,,,1,,2,,,84,84,1,13,4,120.686318,24.185853,3
6967,66000,387130000C,(04)23274275,(04)23288582,2025,09,18,10,28,臺中市,大甲區,0,1,0,7,2,6,50,13,9,1,5,4,6,6,4,4,9,5,5,1,27,2,9,3,1,B03,7,9,1,8,2,5,,59,59,1,6,4,120.658236,24.378676,2
6968,66000,387130000C,(04)23274275,(04)23288582,2025,09,18,10,30,臺中市,太平區,0,0,0,7,,,0,,,,,,,,,,,,,,,,,,,B03,,,1,,1,,,49,49,1,12,4,120.705385,24.125837,3
6969,66000,387130000C,(04)23274275,(04)23288582,2025,09,18,10,30,臺中市,豐原區,0,1,0,7,2,6,50,5,1,1,5,4,6,6,4,4,10,5,5,2,18,2,9,2,1,C03,7,9,1,10,2,12,,84,84,1,13,4,120.719394,24.247927,2
6970,66000,387130000C,(04)23274275,(04)23288582,2025,09,18,10,48,臺中市,北屯區,0,1,0,7,2,6,50,4,1,1,5,4,6,6,1,1,10,5,5,2,18,2,9,4,1,F01,7,6,7,21,2,14,,82,82,1,12,1,120.672555,24.178002,2
6971,66000,387130000C,(04)23274275,(04)23288582,2025,09,18,10,51,臺中市,北屯區,0,0,0,7,,,50,,,,,,,,,,,,,,12,,,,,B12,,,1,8,1,,,84,84,1,6,4,120.673786,24.174055,4
6972,66000,387130000C,(04)23274275,(04)23288582,2025,09,18,10,55,臺中市,潭子區,0,0,0,7,,,40,,,,,,,,,,,,,,9,,,,,A12,,,1,,2,,,84,84,1,12,4,120.682221,24.224104,3
6973,66000,387130000C,(04)23274275,(04)23288582,2025,09,18,11,0,臺中市,北屯區,0,0,0,7,,,50,,,,,,,,,,,,,,,,,,,C03,,,1,,2,,,84,84,1,13,4,120.706684,24.167254,4
6974,66000,387130000C,(04)23274275,(04)23288582,2025,09,18,11,5,臺中市,大里區,0,1,0,7,3,6,50,4,1,1,5,4,6,6,1,1,5,4,5,1,16,3,10,3,1,B02,7,6,1,8,2,6,,23,23,1,13,4,120.689118,24.104651,2
6975,66000,387130000C,(04)23274275,(04)23288582,2025,09,18,11,6,臺中市,西屯區,0,1,0,7,2,6,40,3,8,1,5,4,6,6,4,4,10,4,5,2,30,2,9,5,4,C03,7,9,1,9,2,14,,59,59,1,12,4,120.639983,24.16867,2
6976,66000,387130000C,(04)23274275,(04)23288582,2025,09,18,11,7,臺中市,南屯區,0,0,0,7,,,50,,,,,,,,,,,,,,,,,,,B03,,,1,,2,,,59,59,1,13,4,120.652579,24.150121,3
6977,66000,387130000C,(04)23274275,(04)23288582,2025,09,18,11,13,臺中市,神岡區,0,1,0,7,1,6,50,3,1,1,5,4,6,6,4,4,10,5,4,1,17,2,9,1,1,C03,7,9,1,10,2,11,,84,84,1,12,4,120.664837,24.25806,2
6978,66000,387130000C,(04)23274275,(04)23288582,2025,09,18,11,14,臺中市,西屯區,0,1,0,7,2,6,60,4,1,1,5,4,6,6,2,1,1,5,5,2,13,3,10,5,4,B12,7,9,1,8,1,1,,7,7,1,13,4,120.655911,24.158976,2
6979,66000,387130000C,(04)23274275,(04)23288582,2025,09,18,11,22,臺中市,潭子區,0,1,0,7,2,6,30,4,1,1,5,4,6,6,4,4,10,5,5,2,15,3,10,3,1,B03,7,9,1,8,2,5,,15,15,1,13,4,120.700325,24.190862,2
6980,66000,387130000C,(04)23274275,(04)23288582,2025,09,18,11,25,臺中市,東區,0,1,0,7,2,6,50,3,1,1,5,4,6,6,4,4,10,5,5,2,12,3,10,3,1,B02,7,1,1,8,2,8,,51,51,1,12,4,120.699409,24.142764,2
6981,66000,387130000C,(04)23274275,(04)23288582,2025,09,18,11,27,臺中市,南區,0,1,0,7,2,6,50,4,1,1,5,4,6,6,1,1,10,5,5,2,9,3,10,1,1,C03,7,6,1,10,2,11,,85,85,1,12,4,120.663909,24.11688,2
6982,66000,387130000C,(04)23274275,(04)23288582,2025,09,18,11,31,臺中市,大雅區,0,1,0,7,3,6,50,4,1,1,5,4,6,6,1,1,10,5,5,2,17,3,10,3,1,B03,7,11,1,8,2,3,,45,45,1,12,4,120.657755,24.220485,2
6983,66000,387130000C,(04)23274275,(04)23288582,2025,09,18,11,34,臺中市,西屯區,0,0,0,7,,,60,,,,,,,,,,,,,,12,,,,,A12,,,1,,9,,,8,8,1,13,4,120.656356,24.15903,3
6984,66000,387130000C,(04)23274275,(04)23288582,2025,09,18,11,35,臺中市,龍井區,0,0,0,7,,,60,,,,,,,,,,,,,,,,,,,A31,,,1,,2,,,8,8,1,6,4,120.505784,24.210131,3
6985,66000,387130000C,(04)23274275,(04)23288582,2025,09,18,11,39,臺中市,西區,0,2,0,7,2,6,50,4,2,1,5,4,6,6,2,1,5,4,4,1,17,3,10,2,1,C03,7,5,1,10,2,13,,11,11,1,13,4,120.670857,24.137521,2
6986,66000,387130000C,(04)23274275,(04)23288582,2025,09,18,11,49,臺中市,西區,0,0,0,7,,,50,,,,,,,,,,,,,,13,,,,,B03,,,1,,1,,,84,84,1,12,4,120.657385,24.146421,3
6987,66000,387130000C,(04)23274275,(04)23288582,2025,09,18,11,52,臺中市,西屯區,0,0,0,7,,,50,,,,,,,,,,,,,,17,,,,,C03,,,1,,1,,,4,4,1,12,4,120.65244,24.205895,3
6988,66000,387130000C,(04)23274275,(04)23288582,2025,09,18,11,55,臺中市,西屯區,0,0,0,7,,,0,,,,,,,,,,,,,,17,,,,,C03,,,1,,1,,,49,49,1,12,4,120.650852,24.178064,3
6989,66000,387130000C,(04)23274275,(04)23288582,2025,09,18,11,59,臺中市,沙鹿區,0,1,0,7,2,6,60,3,1,1,5,4,6,6,2,1,10,5,5,2,16,3,10,3,1,B03,7,5,1,8,2,6,,38,38,1,6,4,120.577109,24.225594,2
6990,66000,387130000C,(04)23274275,(04)23288582,2025,09,18,11,59,臺中市,沙鹿區,0,0,0,7,,,60,,,,,,,,,,,,,,13,,,,,B02,,,1,,1,,,84,84,1,12,4,120.56134,24.208376,3
6991,66000,387130000C,(04)23274275,(04)23288582,2025,09,18,12,0,臺中市,南區,0,1,0,7,1,6,50,4,1,1,5,4,6,6,1,1,10,5,5,2,17,3,10,3,1,B03,7,15,1,8,2,8,,84,84,1,12,4,120.653553,24.113914,2
6992,66000,387130000C,(04)23274275,(04)23288582,2025,09,18,12,1,臺中市,南屯區,0,2,0,7,1,6,50,4,1,1,5,4,6,6,4,4,5,5,5,2,11,2,9,5,4,C03,7,6,1,10,2,12,,14,14,1,13,4,120.643948,24.135411,2
6993,66000,387130000C,(04)23274275,(04)23288582,2025,09,18,12,4,臺中市,南屯區,0,0,0,7,,,30,,,,,,,,,,,,,,17,,,,,B12,,,1,,1,,,49,49,1,12,4,120.636129,24.156598,3
6994,66000,387130000C,(04)23274275,(04)23288582,2025,09,18,12,10,臺中市,西區,0,0,0,7,,,30,,,,,,,,,,,,,,,,,,,C03,,,7,,10,,,77,77,1,6,5,120.664716,24.149722,3
6995,66000,387130000C,(04)23274275,(04)23288582,2025,09,18,12,13,臺中市,北區,0,0,0,7,,,50,,,,,,,,,,,,,,,,,,,C04,,,1,,1,,,7,7,1,12,4,120.671456,24.17374,4
6996,66000,387130000C,(04)23274275,(04)23288582,2025,09,18,12,13,臺中市,烏日區,0,0,0,7,,,50,,,,,,,,,,,,,,14,,,,,B03,,,1,,1,,,49,49,1,6,4,120.609293,24.105661,3
6997,66000,387130000C,(04)23274275,(04)23288582,2025,09,18,12,20,臺中市,北屯區,0,0,0,7,,,50,,,,,,,,,,,,,,14,,,,,B03,,,1,,1,,,49,49,1,12,4,120.721978,24.179895,3
6998,66000,387130000C,(04)23274275,(04)23288582,2025,09,18,12,22,臺中市,沙鹿區,0,1,0,7,2,6,40,13,8,1,5,4,6,6,4,4,3,4,3,2,17,2,9,1,1,C03,7,9,1,10,1,12,,42,42,1,13,4,120.563045,24.239873,2
6999,66000,387130000C,(04)23274275,(04)23288582,2025,09,18,12,22,臺中市,后里區,0,1,0,7,2,6,50,4,1,1,5,4,6,6,1,1,5,5,5,1,16,3,10,3,1,B03,7,5,1,8,2,5,,84,84,1,12,4,120.711155,24.3192,2
7000,66000,387130000C,(04)23274275,(04)23288582,2025,09,18,12,30,臺中市,北區,0,2,0,7,2,6,50,3,1,1,5,4,6,6,4,4,5,4,5,2,13,2,9,3,1,B03,7,6,1,8,2,1,,59,59,1,13,4,120.690076,24.155888,2
7001,66000,387130000C,(04)23274275,(04)23288582,2025,09,18,12,32,臺中市,西區,0,0,0,7,,,50,,,,,,,,,,,,,,,,,,,B03,,,1,,2,,,84,84,1,12,4,120.666802,24.14232,3
7002,66000,387130000C,(04)23274275,(04)23288582,2025,09,18,12,34,臺中市,太平區,0,0,0,7,,,30,,,,,,,,,,,,,,17,,,,,C03,,,1,,2,,,84,84,1,12,4,120.730623,24.153684,3
7003,66000,387130000C,(04)23274275,(04)23288582,2025,09,18,12,35,臺中市,北屯區,0,0,0,7,,,50,,,,,,,,,,,,,,9,,,,,B03,,,1,8,9,,,39,39,1,12,4,120.682627,24.173685,3
7004,66000,387130000C,(04)23274275,(04)23288582,2025,09,18,12,42,臺中市,新社區,0,0,0,7,,,30,,,,,,,,,,,,,,,,,,,A41,,,1,,1,,,84,84,1,12,4,120.797854,24.225884,3
7005,66000,387130000C,(04)23274275,(04)23288582,2025,09,18,12,46,臺中市,西屯區,0,0,0,7,,,30,,,,,,,,,,,,,,12,,,,,B03,,,6,,10,,,8,8,1,12,4,120.645328,24.181861,3
7006,66000,387130000C,(04)23274275,(04)23288582,2025,09,18,12,51,臺中市,北屯區,0,0,0,7,,,40,,,,,,,,,,,,,,14,,,,,C03,,,1,,2,,,84,84,1,6,4,120.690387,24.176277,3
7007,66000,387130000C,(04)23274275,(04)23288582,2025,09,18,12,53,臺中市,清水區,0,0,0,7,,,50,,,,,,,,,,,,,,,,,,,B03,,,1,,2,,,12,12,1,12,4,120.577797,24.271082,3
7008,66000,387130000C,(04)23274275,(04)23288582,2025,09,18,13,2,臺中市,北屯區,0,0,0,7,,,50,,,,,,,,,,,,,,12,,,,,B03,,,1,3,1,,,84,84,1,6,4,120.677782,24.176799,3
7009,66000,387130000C,(04)23274275,(04)23288582,2025,09,18,13,8,臺中市,西區,0,0,0,7,,,40,,,,,,,,,,,,,,14,,,,,B12,,,1,,11,,,49,49,1,13,4,120.658981,24.147205,3
7010,66000,387130000C,(04)23274275,(04)23288582,2025,09,18,13,8,臺中市,南屯區,0,0,0,7,,,50,,,,,,,,,,,,,,,,,,,B03,,,1,,2,,,59,59,1,6,4,120.640645,24.142387,3
7011,66000,387130000C,(04)23274275,(04)23288582,2025,09,18,13,9,臺中市,北屯區,0,0,0,7,,,30,,,,,,,,,,,,,,17,,,,,B03,,,4,,9,,,84,84,2,12,4,120.691763,24.184829,3
7012,66000,387130000C,(04)23274275,(04)23288582,2025,09,18,13,14,臺中市,中區,0,2,0,6,2,6,50,4,1,1,5,4,6,6,2,1,10,5,5,2,16,2,9,2,1,C03,7,6,1,10,2,14,,48,48,1,12,4,120.685788,24.140138,2
7013,66000,387130000C,(04)23274275,(04)23288582,2025,09,18,13,23,臺中市,西屯區,0,1,0,7,2,6,50,3,9,1,5,4,6,6,4,4,5,5,5,2,16,3,10,5,4,B03,7,1,3,19,2,4,,51,51,1,12,4,120.644498,24.173935,2
7014,66000,387130000C,(04)23274275,(04)23288582,2025,09,18,13,30,臺中市,太平區,0,0,0,7,,,50,,,,,,,,,,,,,,,,,,,C03,,,1,,2,,,50,50,1,12,4,120.734104,24.148026,3
7015,66000,387130000C,(04)23274275,(04)23288582,2025,09,18,13,35,臺中市,北屯區,0,1,0,6,2,6,40,13,8,1,5,4,6,6,4,4,5,5,4,2,17,2,8,1,1,C03,7,9,1,10,2,11,,84,84,1,6,2,120.71137,24.171639,2
7016,66000,387130000C,(04)23274275,(04)23288582,2025,09,18,13,35,臺中市,西屯區,0,1,0,5,2,6,50,4,1,1,4,4,6,6,2,1,10,5,5,2,18,2,9,5,4,C03,7,5,1,10,2,12,,84,84,1,13,4,120.645096,24.178816,2
7017,66000,387130000C,(04)23274275,(04)23288582,2025,09,18,13,40,臺中市,大里區,0,0,0,7,,,50,,,,,,,,,,,,,,,,,,,B03,,,1,,1,,,84,84,1,6,4,120.682651,24.079203,3
7018,66000,387130000C,(04)23274275,(04)23288582,2025,09,18,13,41,臺中市,東區,0,1,0,6,3,6,50,4,1,1,5,4,6,6,2,1,5,4,4,2,12,3,10,3,1,A05,7,5,1,2,2,2,,11,11,1,6,4,120.70384,24.138573,2
7019,66000,387130000C,(04)23274275,(04)23288582,2025,09,18,13,41,臺中市,西屯區,0,0,0,7,,,50,,,,,,,,,,,,,,13,,,,,B03,,,1,,1,,,7,7,1,13,4,120.62189,24.174191,3
7020,66000,387130000C,(04)23274275,(04)23288582,2025,09,18,13,43,臺中市,烏日區,0,0,0,7,,,50,,,,,,,,,,,,,,13,,,,,C03,,,1,,2,,,7,7,1,6,4,120.626812,24.104117,3
7021,66000,387130000C,(04)23274275,(04)23288582,2025,09,18,13,45,臺中市,南屯區,0,0,0,7,,,50,,,,,,,,,,,,,,14,,,,,B02,,,1,,1,,,49,49,1,13,4,120.62997,24.128826,3
7022,66000,387130000C,(04)23274275,(04)23288582,2025,09,18,13,45,臺中市,霧峰區,0,1,0,6,3,6,30,3,1,1,5,4,6,6,4,4,10,5,5,1,16,3,10,3,1,B03,7,5,1,8,2,8,,12,12,1,12,4,120.679626,24.063909,2
7023,66000,387130000C,(04)23274275,(04)23288582,2025,09,18,13,48,臺中市,烏日區,0,0,0,7,,,50,,,,,,,,,,,,,,13,,,,,B03,,,1,,1,,,59,59,1,12,4,120.653314,24.089932,3
7024,66000,387130000C,(04)23274275,(04)23288582,2025,09,18,13,58,臺中市,南屯區,0,0,0,5,,,50,,,,,,,,,,,,,,,,,,,B03,,,1,,2,,,40,40,1,13,4,120.61524,24.147704,3
7025,66000,387130000C,(04)23274275,(04)23288582,2025,09,18,13,59,臺中市,大雅區,0,1,0,5,3,6,50,13,8,1,4,4,6,6,4,4,1,4,4,2,17,2,9,3,1,B03,7,15,1,8,2,1,,58,58,1,12,4,120.631732,24.230068,2
7026,66000,387130000C,(04)23274275,(04)23288582,2025,09,18,14,0,臺中市,南屯區,0,0,0,5,,,50,,,,,,,,,,,,,,11,,,,,B03,,,1,,1,,,40,40,1,13,4,120.615958,24.151874,3
7027,66000,387130000C,(04)23274275,(04)23288582,2025,09,18,14,2,臺中市,南屯區,0,0,0,7,,,50,,,,,,,,,,,,,,16,,,,,B03,,,1,,1,,,84,84,1,13,4,120.637842,24.149315,3
7028,66000,387130000C,(04)23274275,(04)23288582,2025,09,18,14,6,臺中市,東區,0,0,0,7,,,50,,,,,,,,,,,,,,,,,,,C03,,,1,,1,,,84,84,1,12,4,120.69173,24.147501,3
7029,66000,387130000C,(04)23274275,(04)23288582,2025,09,18,14,8,臺中市,沙鹿區,0,0,0,5,,,60,,,,,,,,,,,,,,,,,,,C03,,,1,,1,,,7,7,1,13,4,120.621147,24.242345,3
7030,66000,387130000C,(04)23274275,(04)23288582,2025,09,18,14,9,臺中市,霧峰區,0,2,0,7,2,6,50,13,9,1,5,4,6,6,4,4,5,5,5,2,17,2,8,2,1,C03,7,1,1,10,2,14,,51,51,1,6,4,120.68618,24.053181,2
7031,66000,387130000C,(04)23274275,(04)23288582,2025,09,18,14,15,臺中市,北屯區,0,0,0,7,,,50,,,,,,,,,,,,,,13,,,,,B13,,,1,,1,,,59,59,1,12,4,120.719475,24.163003,3
7032,66000,387130000C,(04)23274275,(04)23288582,2025,09,18,14,16,臺中市,西區,0,1,0,5,2,6,50,4,1,1,4,4,6,6,4,4,10,5,5,2,11,3,10,3,1,B03,7,6,1,8,3,6,,48,48,1,12,4,120.656593,24.156273,2
7033,66000,387130000C,(04)23274275,(04)23288582,2025,09,18,14,22,臺中市,清水區,0,0,1,5,2,6,50,13,9,1,4,4,6,6,4,4,1,4,5,1,18,5,1,2,1,C03,7,8,1,10,9,14,,93,93,1,13,4,120.538895,24.269947,2
7034,66000,387130000C,(04)23274275,(04)23288582,2025,09,18,14,23,臺中市,大雅區,0,1,0,5,3,6,70,3,8,1,4,4,6,6,4,4,9,4,4,1,11,3,10,3,1,B12,7,5,1,8,9,6,,14,14,1,13,4,120.639339,24.231975,2
7035,66000,387130000C,(04)23274275,(04)23288582,2025,09,18,14,24,臺中市,沙鹿區,0,1,0,5,2,6,40,13,8,1,4,4,6,6,4,4,3,4,3,2,17,3,10,3,1,B03,7,5,1,8,2,16,,65,65,1,13,4,120.58151,24.211385,2
7036,66000,387130000C,(04)23274275,(04)23288582,2025,09,18,14,26,臺中市,烏日區,0,1,0,6,3,9,50,4,1,1,5,4,6,6,1,1,1,4,5,1,13,2,7,1,1,C03,7,6,1,10,2,11,,7,7,1,6,4,120.619588,24.110447,2
7037,66000,387130000C,(04)23274275,(04)23288582,2025,09,18,14,34,臺中市,南區,0,1,0,5,2,6,40,3,1,1,4,4,6,6,1,1,10,5,5,2,16,2,9,2,1,C03,7,9,1,10,2,11,14,21,21,1,12,4,120.650676,24.10873,2
7038,66000,387130000C,(04)23274275,(04)23288582,2025,09,18,14,35,臺中市,烏日區,0,0,0,5,,,60,,,,,,,,,,,,,,,,,,,B12,,,1,,2,,,40,40,1,6,4,120.637555,24.107481,3
7039,66000,387130000C,(04)23274275,(04)23288582,2025,09,18,14,36,臺中市,中區,0,2,0,5,2,6,50,13,9,1,4,4,6,6,4,4,5,4,5,2,10,2,9,1,1,C03,7,9,1,10,2,11,,4,4,1,6,4,120.681921,24.139953,2
7040,66000,387130000C,(04)23274275,(04)23288582,2025,09,18,14,38,臺中市,豐原區,0,0,0,5,,,50,,,,,,,,,,,,,,13,,,,,B03,,,1,,2,,,7,7,1,12,4,120.719273,24.22989,3
7041,66000,387130000C,(04)23274275,(04)23288582,2025,09,18,14,38,臺中市,豐原區,0,0,0,5,,,50,,,,,,,,,,,,,,12,,,,,B03,,,1,,9,,,8,8,1,13,4,120.728085,24.250712,3
7042,66000,387130000C,(04)23274275,(04)23288582,2025,09,18,14,40,臺中市,南屯區,0,0,0,5,,,50,,,,,,,,,,,,,,,,,,,B03,,,1,,2,,,40,40,1,13,4,120.647309,24.123992,3
7043,66000,387130000C,(04)23274275,(04)23288582,2025,09,18,14,52,臺中市,北屯區,0,1,0,7,1,6,50,4,2,1,5,4,6,6,4,4,5,4,5,2,18,2,9,1,1,C03,7,9,1,10,2,11,,84,84,1,13,4,120.714623,24.180123,2
7044,66000,387130000C,(04)23274275,(04)23288582,2025,09,18,15,2,臺中市,北區,0,0,0,7,,,50,,,,,,,,,,,,,,17,,,,,B03,,,1,,1,,,84,84,1,13,4,120.692901,24.160075,3
7045,66000,387130000C,(04)23274275,(04)23288582,2025,09,18,15,5,臺中市,南區,0,1,0,7,3,6,50,5,1,1,4,4,6,6,2,1,10,5,5,2,17,3,10,3,1,B01,7,9,1,4,2,1,,85,85,1,13,4,120.661476,24.121735,2
7046,66000,387130000C,(04)23274275,(04)23288582,2025,09,18,15,8,臺中市,西區,0,1,0,5,1,6,50,4,1,1,4,4,6,6,1,1,10,5,5,1,17,2,9,5,4,C03,7,9,1,10,2,11,,7,7,1,12,4,120.660194,24.146693,2
7047,66000,387130000C,(04)23274275,(04)23288582,2025,09,18,15,8,臺中市,烏日區,0,0,0,5,,,60,,,,,,,,,,,,,,12,,,,,B03,,,1,,1,,,8,8,1,6,4,120.616168,24.105637,3
7048,66000,387130000C,(04)23274275,(04)23288582,2025,09,18,15,10,臺中市,南區,0,2,0,5,1,6,50,13,9,1,4,4,6,6,4,4,1,4,5,2,13,2,9,5,4,C03,7,15,1,10,2,13,,42,42,1,13,4,120.679234,24.126849,2
7049,66000,387130000C,(04)23274275,(04)23288582,2025,09,18,15,11,臺中市,沙鹿區,0,1,0,6,2,6,60,13,9,1,5,4,6,6,4,4,1,4,5,2,17,3,10,3,1,B03,7,7,5,19,2,2,,40,40,1,6,4,120.582073,24.249599,2
7050,66000,387130000C,(04)23274275,(04)23288582,2025,09,18,15,12,臺中市,西屯區,0,1,0,7,2,6,50,4,1,1,5,4,6,6,4,4,5,5,5,2,16,3,10,3,1,B03,7,6,1,8,2,8,,14,14,1,12,4,120.667051,24.177311,2