﻿序號,縣市別代碼,機關代碼,市話,傳真,年,月,日,時,分,縣市,區,死亡數量,受傷數量,2-30,天候,道路照明設備,道路類別,道路速限,道路型態,事故位置,路面鋪裝,路面狀態,路面缺陷,障礙物,視距,號誌種類,號誌動作,分向設施,快車道或一般車道間,快慢車道間,路面邊線,事故類型及型態,受傷程度,主要傷處,保護裝備,行動電話或功能裝置,當事者區分_類別,車輛用途,當事者行動狀態,駕照狀態,駕照種類,飲酒情形,車輛撞擊部位最初,車輛撞擊部位其他,肇事因素個別,肇事因素主要,肇事逃逸,職業,共享經濟或外送平台,GPS座標X,GPS座標Y,事故類別
7161,66000,387130000C,(04)23274275,(04)23288582,2025,09,18,18,28,臺中市,西屯區,0,0,0,7,,,50,,,,,,,,,,,,,,13,,,,,B03,,,1,,1,,,59,59,1,12,4,120.658192,24.163248,3
7162,66000,387130000C,(04)23274275,(04)23288582,2025,09,18,18,30,臺中市,北屯區,0,1,0,7,1,6,50,4,4,1,5,4,6,6,2,1,1,3,5,2,13,3,10,2,1,C03,7,9,1,10,2,12,,7,7,1,13,4,120.663814,24.185871,2
7163,66000,387130000C,(04)23274275,(04)23288582,2025,09,18,18,30,臺中市,太平區,0,0,0,6,1,6,50,13,9,1,5,4,6,6,2,1,5,4,5,2,13,3,10,3,1,B03,7,9,5,8,1,1,,59,59,1,6,4,120.705263,24.148338,3
7164,66000,387130000C,(04)23274275,(04)23288582,2025,09,18,18,30,臺中市,梧棲區,0,0,0,7,,,30,,,,,,,,,,,,,,14,,,,,B12,,,1,,1,,,49,49,1,6,4,120.548747,24.236423,3
7165,66000,387130000C,(04)23274275,(04)23288582,2025,09,18,18,31,臺中市,西屯區,0,1,0,7,1,6,50,4,1,1,5,4,6,6,1,1,8,4,5,1,16,3,10,5,4,B03,7,5,1,8,2,2,,11,11,1,13,4,120.63697,24.181404,2
7166,66000,387130000C,(04)23274275,(04)23288582,2025,09,18,18,35,臺中市,北屯區,0,0,0,7,,3,50,,,,,,,,,,,,,,13,,,,,B03,,,1,8,1,,,7,7,1,12,4,120.694144,24.201018,3
7167,66000,387130000C,(04)23274275,(04)23288582,2025,09,18,18,37,臺中市,神岡區,0,1,0,7,1,6,50,3,1,1,4,4,6,6,1,1,10,5,5,2,17,3,10,3,1,B03,7,9,1,8,2,16,,21,21,1,6,4,120.685161,24.244117,2
7168,66000,387130000C,(04)23274275,(04)23288582,2025,09,18,18,39,臺中市,西屯區,0,1,0,7,1,6,40,3,1,1,5,4,6,6,1,1,10,5,5,2,16,2,9,2,1,C03,7,15,1,10,2,12,,8,8,1,12,4,120.61201,24.184849,2
7169,66000,387130000C,(04)23274275,(04)23288582,2025,09,18,18,40,臺中市,南區,0,0,0,7,,,30,,,,,,,,,,,,,,30,,,,,B03,,,1,,9,,,87,87,1,6,4,120.670109,24.12975,3
7170,66000,387130000C,(04)23274275,(04)23288582,2025,09,18,18,40,臺中市,西屯區,0,0,0,7,,,,,,,,,,,,,,,,,14,,,,,,,,,,,,,119,119,1,,,120.615478,24.188562,3
7171,66000,387130000C,(04)23274275,(04)23288582,2025,09,18,18,40,臺中市,大里區,0,0,0,7,,,50,,,,,,,,,,,,,,,,,,,B03,,,1,,2,,,8,8,1,12,4,120.694739,24.111398,3
7172,66000,387130000C,(04)23274275,(04)23288582,2025,09,18,18,41,臺中市,西屯區,0,0,0,7,,,30,,,,,,,,,,,,,,17,,,,,,,,,,,,,84,84,1,,,120.647263,24.182057,3
7173,66000,387130000C,(04)23274275,(04)23288582,2025,09,18,18,41,臺中市,太平區,0,1,0,7,1,6,50,3,19,1,5,4,6,6,4,4,10,5,5,2,3,3,10,2,1,C03,7,9,1,10,2,11,,84,84,1,12,4,120.732218,24.140893,2
7174,66000,387130000C,(04)23274275,(04)23288582,2025,09,18,18,43,臺中市,西屯區,0,1,0,7,1,6,40,13,8,1,5,4,6,6,2,1,1,4,5,1,13,2,9,1,1,C03,7,9,1,10,2,11,,7,7,1,12,4,120.641076,24.167898,2
7175,66000,387130000C,(04)23274275,(04)23288582,2025,09,18,18,44,臺中市,南區,0,2,0,6,3,6,50,3,1,1,5,4,6,6,4,4,10,5,5,2,12,2,8,2,1,C03,7,15,1,10,2,12,,85,85,1,13,4,120.670067,24.118229,2
7176,66000,387130000C,(04)23274275,(04)23288582,2025,09,18,18,45,臺中市,沙鹿區,0,0,0,7,2,6,40,13,14,1,5,4,6,6,4,4,1,3,4,1,14,,,,,B03,,,1,,1,,,49,49,1,12,4,120.564929,24.205769,3
7177,66000,387130000C,(04)23274275,(04)23288582,2025,09,18,18,47,臺中市,西屯區,0,1,0,7,2,6,50,3,13,1,5,4,6,6,4,4,1,4,5,2,16,3,10,3,1,B03,7,5,1,8,2,5,,11,11,1,12,4,120.646667,24.158881,2
7178,66000,387130000C,(04)23274275,(04)23288582,2025,09,18,18,50,臺中市,南屯區,0,0,0,7,,,50,,,,,,,,,,,,,,12,,,,,B03,,,1,,1,,,51,51,1,13,4,120.635241,24.143579,3
7179,66000,387130000C,(04)23274275,(04)23288582,2025,09,18,18,50,臺中市,北屯區,0,0,0,7,,,50,,,,,,,,,,,,,,12,,,,,C03,,,1,,1,,,1,1,1,12,4,120.681711,24.173188,3
7180,66000,387130000C,(04)23274275,(04)23288582,2025,09,18,18,50,臺中市,后里區,0,0,0,7,,,50,,,,,,,,,,,,,,14,,,,,B03,,,1,,2,,,49,49,1,12,4,120.709469,24.300179,3
7181,66000,387130000C,(04)23274275,(04)23288582,2025,09,18,18,51,臺中市,大里區,0,1,0,6,1,6,50,13,9,1,5,4,6,6,1,1,1,5,4,1,17,2,9,1,1,C03,7,9,1,10,2,11,,7,7,1,12,4,120.688218,24.094407,2
7182,66000,387130000C,(04)23274275,(04)23288582,2025,09,18,18,52,臺中市,南區,0,0,0,7,,,50,,,,,,,,,,,,,,,,,,,B03,,,1,,2,,,84,84,1,13,4,120.681363,24.120948,3
7183,66000,387130000C,(04)23274275,(04)23288582,2025,09,18,18,52,臺中市,南屯區,0,0,0,7,,,50,,,,,,,,,,,,,,17,,,,,B03,,,1,,2,,,50,50,1,13,4,120.65176,24.13596,3
7184,66000,387130000C,(04)23274275,(04)23288582,2025,09,18,18,56,臺中市,清水區,0,0,0,6,,,70,,,,,,,,,,,,,,,,,,,B03,,,1,,2,,,84,84,1,12,4,120.532552,24.272669,3
7185,66000,387130000C,(04)23274275,(04)23288582,2025,09,18,18,57,臺中市,西屯區,0,3,0,7,1,6,50,4,1,1,5,4,6,6,1,1,8,4,5,1,17,2,9,5,4,C03,7,9,1,10,2,12,,84,84,1,13,4,120.619299,24.16845,2
7186,66000,387130000C,(04)23274275,(04)23288582,2025,09,18,19,0,臺中市,霧峰區,0,1,0,7,2,6,30,13,9,1,5,4,6,6,4,4,10,5,5,1,27,2,9,1,1,C03,7,9,3,19,2,11,,84,84,1,6,4,120.664443,24.046549,2
7187,66000,387130000C,(04)23274275,(04)23288582,2025,09,18,19,1,臺中市,西區,0,0,0,7,,,50,,,,,,,,,,,,,,,,,,,B03,,,1,,9,,,84,84,1,12,4,120.668727,24.142288,3
7188,66000,387130000C,(04)23274275,(04)23288582,2025,09,18,19,5,臺中市,烏日區,0,0,0,7,,,50,,,,,,,,,,,,,,13,,,,,B03,,,1,,1,,,7,7,1,6,4,120.625741,24.110485,3
7189,66000,387130000C,(04)23274275,(04)23288582,2025,09,18,19,23,臺中市,南屯區,0,0,0,7,,,50,,,,,,,,,,,,,,12,,,,,B02,,,1,,1,,,8,8,1,12,4,120.623141,24.145201,3
7190,66000,387130000C,(04)23274275,(04)23288582,2025,09,18,19,26,臺中市,東區,0,1,0,7,1,6,50,13,9,1,5,4,6,6,4,4,9,5,5,2,6,2,9,6,5,H01,8,18,7,21,10,17,,95,95,1,13,5,120.699176,24.128485,2
7191,66000,387130000C,(04)23274275,(04)23288582,2025,09,18,19,27,臺中市,西區,0,1,0,7,1,6,50,3,2,1,5,4,6,6,2,1,5,5,4,1,17,3,10,3,1,B03,7,5,1,8,2,16,,13,13,1,13,4,120.655378,24.154411,2
7192,66000,387130000C,(04)23274275,(04)23288582,2025,09,18,19,32,臺中市,霧峰區,0,0,0,7,,,50,,,,,,,,,,,,,,17,,,,,B03,,,5,,2,,,51,51,1,12,4,120.698782,24.066339,4
7193,66000,387130000C,(04)23274275,(04)23288582,2025,09,18,19,41,臺中市,西屯區,0,1,0,7,1,6,50,4,1,1,5,4,6,6,2,1,10,5,5,2,16,3,10,5,4,B01,7,11,1,8,2,5,,45,45,1,13,4,120.611283,24.192014,2
7194,66000,387130000C,(04)23274275,(04)23288582,2025,09,18,19,50,臺中市,北屯區,0,1,0,7,1,6,50,4,2,1,5,4,6,6,4,4,5,5,4,2,12,3,10,3,1,B03,7,4,1,8,2,6,,8,8,1,12,4,120.693334,24.168507,2
7195,66000,387130000C,(04)23274275,(04)23288582,2025,09,18,19,56,臺中市,北區,0,0,0,7,,,50,,,,,,,,,,,,,,13,,,,,B01,,,1,,1,,,84,84,1,12,4,120.68234,24.165528,3
7196,66000,387130000C,(04)23274275,(04)23288582,2025,09,18,20,1,臺中市,北區,0,2,0,7,1,6,50,3,1,1,5,4,6,6,2,1,10,5,5,2,17,2,9,5,4,C03,7,9,1,10,2,11,,59,59,1,13,4,120.688113,24.151003,2
7197,66000,387130000C,(04)23274275,(04)23288582,2025,09,18,20,6,臺中市,西屯區,0,0,0,7,,,50,,,,,,,,,,,,,,15,,,,,B03,,,1,,1,,,26,26,1,12,4,120.646492,24.171378,3
7198,66000,387130000C,(04)23274275,(04)23288582,2025,09,18,20,13,臺中市,北區,0,0,0,7,,,50,,,,,,,,,,,,,,17,,,,,B03,,,1,,1,,,84,84,1,13,4,120.678419,24.151892,3
7199,66000,387130000C,(04)23274275,(04)23288582,2025,09,18,20,13,臺中市,太平區,0,0,0,7,,,50,,,,,,,,,,,,,,12,,,,,B03,,,1,,2,,,35,35,1,12,4,120.724544,24.149617,3
7200,66000,387130000C,(04)23274275,(04)23288582,2025,09,18,20,15,臺中市,太平區,0,0,0,7,1,6,50,13,9,1,5,4,6,6,4,4,5,5,5,1,17,3,10,3,1,B12,7,6,1,8,2,8,,34,34,1,6,4,120.718622,24.126096,3
7201,66000,387130000C,(04)23274275,(04)23288582,2025,09,18,20,18,臺中市,南區,0,0,0,7,,,50,,,,,,,,,,,,,,13,,,,,B03,,,1,,1,,,7,7,1,6,4,120.663897,24.124894,3
7202,66000,387130000C,(04)23274275,(04)23288582,2025,09,18,20,20,臺中市,西區,0,0,0,7,,,50,,,,,,,,,,,,,,,,,,,B03,,,1,,1,,,84,84,1,12,4,120.656689,24.146688,3
7203,66000,387130000C,(04)23274275,(04)23288582,2025,09,18,20,20,臺中市,北區,0,0,0,7,,,50,,,,,,,,,,,,,,13,,,,,C03,,,1,,1,,,84,84,1,12,4,120.688114,24.150915,3
7204,66000,387130000C,(04)23274275,(04)23288582,2025,09,18,20,22,臺中市,大雅區,0,2,0,6,1,6,30,3,1,1,5,4,6,6,4,4,10,5,5,1,16,2,9,2,1,C03,7,6,1,10,2,14,,12,12,1,12,4,120.661952,24.229711,2
7205,66000,387130000C,(04)23274275,(04)23288582,2025,09,18,20,24,臺中市,西區,0,0,0,7,,,50,,,,,,,,,,,,,,17,,,,,B03,,,1,,1,,,49,49,1,12,4,120.670257,24.144301,3
7206,66000,387130000C,(04)23274275,(04)23288582,2025,09,18,20,28,臺中市,梧棲區,0,3,0,7,1,6,70,4,1,1,5,4,6,6,1,1,10,5,5,2,15,2,8,3,1,B03,7,10,1,8,2,1,,21,21,1,6,4,120.554087,24.248277,2
7207,66000,387130000C,(04)23274275,(04)23288582,2025,09,18,20,38,臺中市,西屯區,0,1,0,7,1,6,50,3,1,1,5,4,6,6,1,1,10,5,5,2,12,3,10,5,1,B01,7,8,1,4,1,2,,40,40,1,12,4,120.646483,24.175161,2
7208,66000,387130000C,(04)23274275,(04)23288582,2025,09,18,20,41,臺中市,太平區,0,1,0,7,1,6,30,3,1,1,5,4,6,6,4,4,10,5,5,2,17,2,9,1,1,F03,7,9,7,21,2,11,,41,41,1,6,4,120.722111,24.107497,2
7209,66000,387130000C,(04)23274275,(04)23288582,2025,09,18,20,50,臺中市,西屯區,0,0,0,7,,,50,,,,,,,,,,,,,,13,,,,,B03,,,1,,2,,,7,7,1,13,4,120.613472,24.172353,3
7210,66000,387130000C,(04)23274275,(04)23288582,2025,09,18,21,2,臺中市,西屯區,0,0,0,7,,,,,,,,,,,,,,,,,9,,,,,,,,,,,,,119,119,1,,,120.645112,24.181451,3
7211,66000,387130000C,(04)23274275,(04)23288582,2025,09,18,21,12,臺中市,西屯區,0,0,0,7,,,50,,,,,,,,,,,,,,13,,,,,C03,,,1,,1,,,59,59,1,12,4,120.65182,24.20652,3
7212,66000,387130000C,(04)23274275,(04)23288582,2025,09,18,21,13,臺中市,北屯區,0,1,0,7,2,6,50,13,7,1,5,4,6,6,4,4,5,4,5,2,13,3,10,1,1,C03,7,9,1,10,2,11,,84,84,1,12,4,120.694229,24.165721,2
7213,66000,387130000C,(04)23274275,(04)23288582,2025,09,18,21,15,臺中市,潭子區,0,0,0,6,,,50,,,,,,,,,,,,,,,,,,,B03,,,1,,2,,,59,59,1,13,4,120.704159,24.200256,3
7214,66000,387130000C,(04)23274275,(04)23288582,2025,09,18,21,17,臺中市,中區,0,1,0,7,1,6,50,4,4,1,5,4,6,6,2,1,5,4,5,2,13,3,10,2,1,C03,7,9,1,10,2,11,,7,7,1,12,4,120.682192,24.1401,2
7215,66000,387130000C,(04)23274275,(04)23288582,2025,09,18,21,18,臺中市,南屯區,0,0,0,7,,,50,,,,,,,,,,,,,,11,,,,,B03,,,1,,1,,,39,39,1,12,4,120.616394,24.153226,3
7216,66000,387130000C,(04)23274275,(04)23288582,2025,09,18,21,20,臺中市,西區,0,0,0,7,,,50,,,,,,,,,,,,,,,,,,,B03,,,1,8,2,,,84,84,1,13,4,120.661699,24.150845,3
7217,66000,387130000C,(04)23274275,(04)23288582,2025,09,18,21,20,臺中市,北屯區,0,1,0,7,1,6,50,4,1,1,5,4,6,6,2,1,10,5,5,2,18,2,8,2,1,C03,7,5,1,10,2,12,,59,59,1,12,4,120.731156,24.170689,2
7218,66000,387130000C,(04)23274275,(04)23288582,2025,09,18,21,23,臺中市,北屯區,0,1,0,6,1,6,50,13,9,1,5,4,6,6,4,4,9,4,4,2,17,2,9,1,1,F01,7,9,7,21,2,12,,59,59,1,12,4,120.717896,24.178357,2
7219,66000,387130000C,(04)23274275,(04)23288582,2025,09,18,21,26,臺中市,東區,0,1,0,7,1,6,50,3,1,1,5,4,6,6,2,1,10,5,5,2,13,2,9,2,1,C03,7,9,1,10,2,11,,84,84,1,12,4,120.686226,24.144528,2
7220,66000,387130000C,(04)23274275,(04)23288582,2025,09,18,21,26,臺中市,神岡區,0,1,0,7,3,6,50,4,1,1,5,4,6,6,1,1,3,4,4,1,16,2,9,1,1,C03,7,6,1,10,2,11,,25,25,1,13,4,120.683008,24.246593,2
7221,66000,387130000C,(04)23274275,(04)23288582,2025,09,18,21,29,臺中市,西屯區,0,1,0,7,1,6,40,13,8,1,5,4,6,6,4,4,3,5,3,2,18,2,9,5,1,C03,7,9,1,10,2,12,,59,59,1,12,4,120.613195,24.183944,2
7222,66000,387130000C,(04)23274275,(04)23288582,2025,09,18,21,31,臺中市,西屯區,0,0,0,7,,,50,,,,,,,,,,,,,,14,,,,,C03,,,1,,1,,,49,49,1,13,4,120.616428,24.182885,3
7223,66000,387130000C,(04)23274275,(04)23288582,2025,09,18,21,42,臺中市,西屯區,0,1,0,7,1,6,50,4,1,1,5,4,6,6,2,1,10,5,5,2,13,2,9,1,1,C03,7,9,1,10,2,11,,7,7,1,12,4,120.610803,24.191005,2
7224,66000,387130000C,(04)23274275,(04)23288582,2025,09,18,21,44,臺中市,潭子區,0,0,0,6,,,60,,,,,,,,,,,,,,,,,,,C03,,,1,,2,,,84,84,1,13,4,120.708623,24.231316,3
7225,66000,387130000C,(04)23274275,(04)23288582,2025,09,18,21,54,臺中市,北區,0,0,0,7,3,6,50,13,24,1,5,4,6,6,4,4,9,5,5,2,17,,,,,B03,,,1,,1,,,8,8,1,13,4,120.686464,24.147906,4
7226,66000,387130000C,(04)23274275,(04)23288582,2025,09,18,22,4,臺中市,太平區,0,1,0,7,1,6,50,4,2,1,5,4,6,6,1,1,5,4,4,1,13,3,10,1,1,C03,7,9,1,10,1,11,,7,7,1,6,4,120.716756,24.158701,2
7227,66000,387130000C,(04)23274275,(04)23288582,2025,09,18,22,5,臺中市,沙鹿區,0,0,0,7,,,50,,,,,,,,,,,,,,,,,,,C03,,,1,,2,,,7,7,1,5,4,120.579348,24.223846,3
7228,66000,387130000C,(04)23274275,(04)23288582,2025,09,18,22,10,臺中市,西屯區,0,1,0,7,2,6,50,3,1,1,5,4,6,6,4,4,1,4,5,2,16,3,10,3,1,B03,7,5,1,8,1,2,,20,20,1,12,4,120.646647,24.154683,2
7229,66000,387130000C,(04)23274275,(04)23288582,2025,09,18,22,10,臺中市,大里區,0,2,0,7,2,6,30,4,9,1,5,4,6,6,4,4,10,5,5,2,15,2,9,1,1,C03,7,9,1,10,2,11,,15,15,1,5,4,120.709023,24.085163,2
7230,66000,387130000C,(04)23274275,(04)23288582,2025,09,18,22,12,臺中市,北區,0,0,0,7,,,40,,,,,,,,,,,,,,12,,,,,B03,,,1,,2,,,50,50,1,12,4,120.672779,24.169156,3
7231,66000,387130000C,(04)23274275,(04)23288582,2025,09,18,22,18,臺中市,北區,0,2,0,7,1,6,50,4,1,1,5,4,6,6,4,4,10,5,5,2,15,2,9,5,4,C03,7,9,1,10,2,12,,12,12,1,12,4,120.680181,24.149407,2
7232,66000,387130000C,(04)23274275,(04)23288582,2025,09,18,22,30,臺中市,北屯區,0,0,0,7,,,50,,,,,,,,,,,,,,14,,,,,B03,,,1,,1,,,49,49,1,12,4,120.733081,24.1643,3
7233,66000,387130000C,(04)23274275,(04)23288582,2025,09,18,22,34,臺中市,西屯區,0,1,0,7,1,6,50,4,1,1,5,4,6,6,4,4,10,5,5,2,15,3,10,5,1,C03,7,9,1,10,2,12,,15,15,1,12,4,120.667152,24.177108,2
7234,66000,387130000C,(04)23274275,(04)23288582,2025,09,18,23,0,臺中市,沙鹿區,0,1,0,7,1,6,50,3,9,1,4,4,6,6,4,4,4,3,4,2,12,3,10,2,1,C03,7,6,1,10,1,16,,48,48,1,12,4,120.572634,24.229663,2
7235,66000,387130000C,(04)23274275,(04)23288582,2025,09,18,23,23,臺中市,南屯區,0,0,0,7,,,50,,,,,,,,,,,,,,,,,,,B03,,,3,,2,,,49,49,1,13,4,120.634919,24.146855,3
7236,66000,387130000C,(04)23274275,(04)23288582,2025,09,18,23,28,臺中市,龍井區,0,0,0,7,,,30,,,,,,,,,,,,,,,,,,,B03,,,1,,1,,,8,8,1,12,4,120.591274,24.182676,3
7237,66000,387130000C,(04)23274275,(04)23288582,2025,09,18,23,35,臺中市,霧峰區,0,0,0,7,,,30,,,,,,,,,,,,,,17,,,,,B02,,,1,,1,,,84,84,1,6,4,120.697535,24.022037,3
7238,66000,387130000C,(04)23274275,(04)23288582,2025,09,18,23,40,臺中市,北屯區,0,1,0,7,1,6,50,3,1,1,5,4,6,6,4,4,10,5,5,2,17,2,9,1,1,C03,7,9,1,10,2,14,,85,85,1,12,4,120.697828,24.163327,2
7239,66000,387130000C,(04)23274275,(04)23288582,2025,09,18,23,46,臺中市,大里區,0,0,0,7,,,50,,,,,,,,,,,,,,17,,,,,B03,,,1,,1,,,15,15,1,6,4,120.688116,24.086029,3
7240,66000,387130000C,(04)23274275,(04)23288582,2025,09,18,23,53,臺中市,南區,0,0,0,7,,,50,,,,,,,,,,,,,,16,,,,,B03,,,1,,2,,,11,11,1,12,4,120.678577,24.128117,3
7241,66000,387130000C,(04)23274275,(04)23288582,2025,09,18,23,54,臺中市,西屯區,0,2,0,7,1,6,50,3,1,1,5,4,6,6,4,4,10,5,5,2,16,2,9,5,4,C03,7,6,1,10,2,14,,12,12,1,12,4,120.644503,24.174027,2
7242,66000,387130000C,(04)23274275,(04)23288582,2025,09,19,0,3,臺中市,北屯區,0,0,0,7,,,50,,,,,,,,,,,,,,,,,,,B03,,,1,,9,,,85,85,1,12,4,120.683567,24.171627,3
7243,66000,387130000C,(04)23274275,(04)23288582,2025,09,19,0,23,臺中市,大甲區,0,1,0,7,1,6,50,4,1,1,5,4,6,6,1,1,5,5,5,1,15,2,9,2,1,C03,7,9,1,10,5,11,,21,21,1,8,4,120.62575,24.348491,2
7244,66000,387130000C,(04)23274275,(04)23288582,2025,09,19,0,43,臺中市,北區,0,0,0,7,,,,,,,,,,,,,,,,,17,,,,,,,,,,,,,85,85,1,,,120.675217,24.168566,3
7245,66000,387130000C,(04)23274275,(04)23288582,2025,09,19,0,45,臺中市,西區,0,0,0,7,,,60,,,,,,,,,,,,,,12,,,,,B03,,,1,,1,,,8,8,1,12,4,120.670543,24.150272,3
7246,66000,387130000C,(04)23274275,(04)23288582,2025,09,19,1,50,臺中市,西屯區,1,0,0,7,1,6,50,12,9,1,5,4,6,6,4,4,3,4,5,2,23,1,9,2,4,C03,7,9,1,10,9,14,11,8,8,1,12,4,120.598694,24.191997,1
7247,66000,387130000C,(04)23274275,(04)23288582,2025,09,19,2,20,臺中市,東區,0,1,0,7,1,6,50,11,9,1,5,4,6,6,4,4,9,4,5,2,17,3,10,3,1,A11,7,6,1,3,2,4,,4,4,1,12,4,120.703355,24.125483,2
7248,66000,387130000C,(04)23274275,(04)23288582,2025,09,19,2,28,臺中市,龍井區,0,0,0,7,,,30,,,,,,,,,,,,,,,,,,,B03,,,1,,11,,,8,8,1,6,4,120.591091,24.182147,3
7249,66000,387130000C,(04)23274275,(04)23288582,2025,09,19,2,44,臺中市,南區,0,0,0,7,,,40,,,,,,,,,,,,,,,,,,,B03,,,1,,9,,,8,8,1,6,4,120.658342,24.12508,3
7250,66000,387130000C,(04)23274275,(04)23288582,2025,09,19,3,2,臺中市,大甲區,0,0,0,7,,,50,,,,,,,,,,,,,,,,,,,B03,,,1,,1,,,7,7,1,12,4,120.622295,24.343855,3
7251,66000,387130000C,(04)23274275,(04)23288582,2025,09,19,3,23,臺中市,北屯區,0,1,0,6,1,6,50,13,9,1,5,4,6,6,4,4,10,5,5,2,17,2,9,1,1,C03,7,9,1,10,1,11,,59,59,1,12,4,120.672005,24.178794,2
7252,66000,387130000C,(04)23274275,(04)23288582,2025,09,19,4,5,臺中市,西屯區,0,1,0,7,1,6,30,13,9,1,5,4,6,6,4,4,10,5,5,2,17,2,9,5,4,C03,7,9,1,10,1,14,,42,42,1,12,4,120.640483,24.171644,2
7253,66000,387130000C,(04)23274275,(04)23288582,2025,09,19,5,3,臺中市,大里區,0,1,0,7,1,6,50,3,19,1,5,4,6,6,1,1,10,5,5,1,9,3,10,3,1,B12,7,6,1,8,2,16,,10,10,1,12,4,120.679495,24.099648,2
7254,66000,387130000C,(04)23274275,(04)23288582,2025,09,19,5,39,臺中市,中區,0,0,0,7,,,50,,,,,,,,,,,,,,,,,,,B03,,,1,,2,,,12,12,1,13,4,120.67676,24.146182,3
7255,66000,387130000C,(04)23274275,(04)23288582,2025,09,19,6,48,臺中市,沙鹿區,0,0,0,7,,,40,,,,,,,,,,,,,,13,,,,,B03,,,1,,1,,,58,58,1,6,4,120.552126,24.215748,3
7256,66000,387130000C,(04)23274275,(04)23288582,2025,09,19,6,48,臺中市,沙鹿區,0,1,0,7,3,6,30,13,9,1,5,4,6,6,4,4,10,5,5,2,18,2,9,2,1,C03,7,9,1,10,2,14,,82,82,1,12,4,120.592796,24.212519,2
7257,66000,387130000C,(04)23274275,(04)23288582,2025,09,19,7,5,臺中市,南屯區,0,1,0,7,2,6,50,13,9,1,5,4,6,6,4,4,9,5,5,2,17,3,10,3,1,B03,7,7,1,8,2,16,,40,40,1,13,4,120.652431,24.140418,2
7258,66000,387130000C,(04)23274275,(04)23288582,2025,09,19,7,5,臺中市,太平區,0,1,0,7,3,6,50,4,1,1,5,4,6,6,4,4,10,5,5,2,15,3,10,1,1,C03,7,9,1,10,2,13,,15,15,1,6,4,120.717882,24.124975,2
7259,66000,387130000C,(04)23274275,(04)23288582,2025,09,19,7,10,臺中市,大里區,0,0,0,7,2,6,40,13,8,1,5,4,6,6,4,4,9,5,4,2,17,,,,,B03,,,1,,2,,,84,84,1,13,4,120.691519,24.114831,3
7260,66000,387130000C,(04)23274275,(04)23288582,2025,09,19,7,14,臺中市,大里區,0,0,0,7,,,50,,,,,,,,,,,,,,13,,,,,B03,,,1,,1,,,7,7,1,13,4,120.688564,24.102384,4
7261,66000,387130000C,(04)23274275,(04)23288582,2025,09,19,7,15,臺中市,潭子區,0,1,0,7,3,6,50,3,1,1,5,4,6,6,4,4,5,4,4,1,9,,,,,,,21,,,,,,86,86,2,,,120.709148,24.210618,2
7262,66000,387130000C,(04)23274275,(04)23288582,2025,09,19,7,16,臺中市,神岡區,0,0,0,7,,,50,,,,,,,,,,,,,,13,,,,,B02,,,1,,2,,,7,7,1,12,4,120.695862,24.248609,3
7263,66000,387130000C,(04)23274275,(04)23288582,2025,09,19,7,18,臺中市,南屯區,0,0,0,7,,,50,,,,,,,,,,,,,,,,,,,B03,,,1,,1,,,7,7,1,13,4,120.647309,24.123992,3
7264,66000,387130000C,(04)23274275,(04)23288582,2025,09,19,7,18,臺中市,北屯區,0,0,0,7,,,50,,,,,,,,,,,,,,12,,,,,C03,,,6,,11,,,26,26,1,12,4,120.676068,24.200819,3
7265,66000,387130000C,(04)23274275,(04)23288582,2025,09,19,7,20,臺中市,西區,0,2,0,7,2,6,30,3,1,1,5,4,6,6,4,4,10,5,5,2,17,2,9,1,1,C03,7,6,1,10,2,11,,14,14,1,13,4,120.661724,24.162347,2
7266,66000,387130000C,(04)23274275,(04)23288582,2025,09,19,7,20,臺中市,南區,0,0,0,7,,,50,,,,,,,,,,,,,,,,,,,B03,,,1,,1,,,45,45,1,12,4,120.669226,24.112708,3
7267,66000,387130000C,(04)23274275,(04)23288582,2025,09,19,7,23,臺中市,南屯區,0,1,0,7,2,6,50,4,2,1,5,4,6,6,2,1,1,3,5,1,13,2,9,1,1,C03,7,9,1,10,1,11,,7,7,1,12,4,120.641415,24.14145,2
7268,66000,387130000C,(04)23274275,(04)23288582,2025,09,19,7,25,臺中市,大安區,0,0,0,7,,,40,,,,,,,,,,,,,,,,,,,B03,,,1,,2,,,51,51,1,12,4,120.585335,24.350477,4
7269,66000,387130000C,(04)23274275,(04)23288582,2025,09,19,7,31,臺中市,潭子區,0,1,0,7,2,6,50,13,8,1,5,4,6,6,4,4,5,5,4,2,17,3,10,3,1,B03,7,14,1,8,2,2,,76,76,1,13,4,120.703945,24.21288,2
7270,66000,387130000C,(04)23274275,(04)23288582,2025,09,19,7,31,臺中市,北區,0,1,0,7,2,6,50,4,2,1,5,4,6,6,1,1,1,4,4,2,16,3,10,3,1,B03,7,5,1,8,2,5,,11,11,1,12,4,120.686666,24.163093,2
7271,66000,387130000C,(04)23274275,(04)23288582,2025,09,19,7,31,臺中市,西屯區,0,1,0,6,2,6,50,5,1,1,5,4,6,6,2,1,10,5,5,2,13,2,9,2,1,C03,7,9,1,10,2,11,,59,59,1,12,4,120.635879,24.181852,2
7272,66000,387130000C,(04)23274275,(04)23288582,2025,09,19,7,32,臺中市,北屯區,0,0,0,7,,,40,,,,,,,,,,,,,,17,,,,,B03,,,1,8,1,,,58,58,1,12,4,120.682478,24.17258,3