﻿序號,縣市別代碼,機關代碼,市話,傳真,年,月,日,時,分,縣市,區,死亡數量,受傷數量,2-30,天候,道路照明設備,道路類別,道路速限,道路型態,事故位置,路面鋪裝,路面狀態,路面缺陷,障礙物,視距,號誌種類,號誌動作,分向設施,快車道或一般車道間,快慢車道間,路面邊線,事故類型及型態,受傷程度,主要傷處,保護裝備,行動電話或功能裝置,當事者區分_類別,車輛用途,當事者行動狀態,駕照狀態,駕照種類,飲酒情形,車輛撞擊部位最初,車輛撞擊部位其他,肇事因素個別,肇事因素主要,肇事逃逸,職業,共享經濟或外送平台,GPS座標X,GPS座標Y,事故類別
7384,66000,387130000C,(04)23274275,(04)23288582,2025,09,19,11,1,臺中市,大里區,0,0,0,7,,,30,,,,,,,,,,,,,,,,,,,B03,,,1,,2,,,14,14,1,13,4,120.701864,24.09182,3
7385,66000,387130000C,(04)23274275,(04)23288582,2025,09,19,11,3,臺中市,烏日區,0,0,0,7,,,50,,,,,,,,,,,,,,13,,,,,B12,,,1,,1,,,59,59,1,13,4,120.633979,24.106082,3
7386,66000,387130000C,(04)23274275,(04)23288582,2025,09,19,11,7,臺中市,南屯區,0,1,0,7,1,6,50,4,1,1,5,4,6,6,1,1,5,4,4,2,12,2,8,5,4,C03,7,6,1,10,2,13,,48,48,1,13,4,120.645408,24.141026,2
7387,66000,387130000C,(04)23274275,(04)23288582,2025,09,19,11,7,臺中市,大里區,0,0,0,7,2,6,40,13,8,1,5,4,6,6,4,4,9,,4,2,14,,,,,B12,,,1,,2,,,49,49,1,13,4,120.681213,24.100201,3
7388,66000,387130000C,(04)23274275,(04)23288582,2025,09,19,11,10,臺中市,大里區,0,1,0,7,2,6,50,13,9,1,5,4,6,6,4,4,5,5,5,1,30,,,,,,,,,,,,,119,119,1,,,120.686137,24.112806,2
7389,66000,387130000C,(04)23274275,(04)23288582,2025,09,19,11,11,臺中市,中區,0,0,0,7,,,50,,,,,,,,,,,,,,13,,,,,B03,,,1,,2,,,59,59,1,12,4,120.676442,24.145213,3
7390,66000,387130000C,(04)23274275,(04)23288582,2025,09,19,11,11,臺中市,南屯區,0,0,0,7,,,30,,,,,,,,,,,,,,17,,,,,C03,,,1,,1,,,59,59,1,12,4,120.647022,24.139573,3
7391,66000,387130000C,(04)23274275,(04)23288582,2025,09,19,11,15,臺中市,北區,0,0,0,7,,,50,,,,,,,,,,,,,,,,,,,C04,,,1,,11,,,87,87,1,13,4,120.684933,24.142754,3
7392,66000,387130000C,(04)23274275,(04)23288582,2025,09,19,11,15,臺中市,沙鹿區,0,1,0,7,2,6,50,4,1,1,5,4,6,6,1,1,3,4,4,2,17,2,9,1,1,C03,7,9,1,10,2,12,,7,7,1,13,4,120.562433,24.233402,2
7393,66000,387130000C,(04)23274275,(04)23288582,2025,09,19,11,15,臺中市,外埔區,0,0,0,7,2,6,30,4,1,1,5,4,6,6,1,1,1,1,5,1,15,3,10,3,1,B12,7,9,1,8,2,8,,85,85,1,12,4,120.664275,24.319867,3
7394,66000,387130000C,(04)23274275,(04)23288582,2025,09,19,11,15,臺中市,大甲區,0,0,0,7,,,50,,,,,,,,,,,,,,35,,,,,B03,,,1,,1,,,84,84,1,12,4,120.618843,24.354246,3
7395,66000,387130000C,(04)23274275,(04)23288582,2025,09,19,11,17,臺中市,外埔區,0,1,0,7,2,6,30,11,7,1,5,4,6,6,4,4,10,4,4,2,1,3,10,3,1,B03,7,9,1,8,2,8,,41,41,1,12,4,120.710537,24.33587,2
7396,66000,387130000C,(04)23274275,(04)23288582,2025,09,19,11,18,臺中市,大里區,0,1,0,7,3,6,50,13,7,1,5,4,6,6,4,4,5,4,4,2,18,2,9,5,4,C03,7,9,1,10,2,14,,84,84,1,13,4,120.686154,24.113668,2
7397,66000,387130000C,(04)23274275,(04)23288582,2025,09,19,11,28,臺中市,豐原區,0,0,0,7,,,60,,,,,,,,,,,,,,17,,,,,B02,,,1,,2,,,84,84,1,12,4,120.721125,24.264025,3
7398,66000,387130000C,(04)23274275,(04)23288582,2025,09,19,11,30,臺中市,大肚區,0,0,0,7,,,50,,,,,,,,,,,,,,14,,,,,B03,,,1,,2,,,49,49,1,6,4,120.545112,24.154806,3
7399,66000,387130000C,(04)23274275,(04)23288582,2025,09,19,11,32,臺中市,北屯區,0,1,0,7,1,6,50,3,2,1,5,4,6,6,1,1,5,4,5,2,12,3,10,1,1,C03,7,9,1,10,2,11,,7,7,1,13,4,120.699611,24.170056,2
7400,66000,387130000C,(04)23274275,(04)23288582,2025,09,19,11,39,臺中市,清水區,0,1,0,7,2,6,50,4,1,1,5,4,6,6,2,1,1,2,4,2,16,3,10,3,1,B03,7,5,1,8,2,5,,47,47,1,13,4,120.575433,24.269147,2
7401,66000,387130000C,(04)23274275,(04)23288582,2025,09,19,11,40,臺中市,潭子區,0,1,0,7,2,6,0,13,21,1,5,4,6,6,4,4,10,5,5,2,17,2,9,2,1,C03,7,9,1,10,2,11,,84,84,1,13,4,120.706496,24.200317,2
7402,66000,387130000C,(04)23274275,(04)23288582,2025,09,19,11,40,臺中市,西屯區,0,2,0,7,2,6,30,4,1,1,5,4,6,6,4,4,10,5,5,2,15,2,7,1,1,F03,7,9,7,21,2,14,,12,12,1,13,4,120.656527,24.16649,2
7403,66000,387130000C,(04)23274275,(04)23288582,2025,09,19,11,40,臺中市,西屯區,0,1,0,7,2,6,30,13,9,1,5,4,6,6,4,4,10,5,5,2,17,2,9,5,4,C03,7,9,1,10,2,14,,59,59,1,12,4,120.644916,24.196708,2
7404,66000,387130000C,(04)23274275,(04)23288582,2025,09,19,11,41,臺中市,南屯區,0,0,0,7,,,60,,,,,,,,,,,,,,17,,,,,B12,,,1,,1,,,50,50,1,12,4,120.649166,24.14017,3
7405,66000,387130000C,(04)23274275,(04)23288582,2025,09,19,11,43,臺中市,南屯區,0,0,0,7,,,50,,,,,,,,,,,,,,,,,,,B03,,,1,,2,,,59,59,1,13,4,120.621307,24.151266,3
7406,66000,387130000C,(04)23274275,(04)23288582,2025,09,19,11,50,臺中市,豐原區,0,2,0,7,2,6,50,3,1,1,5,4,6,6,4,4,10,5,5,2,17,2,9,2,1,C03,7,6,1,10,2,15,,84,84,1,13,4,120.725035,24.241023,2
7407,66000,387130000C,(04)23274275,(04)23288582,2025,09,19,11,57,臺中市,北屯區,0,0,0,7,,,50,,,,,,,,,,,,,,15,,,,,B03,,,1,,1,,,21,21,1,12,4,120.66065,24.191436,4
7408,66000,387130000C,(04)23274275,(04)23288582,2025,09,19,11,58,臺中市,清水區,0,0,0,7,2,6,70,13,8,1,5,4,6,6,4,4,8,3,3,1,12,,,,,A22,,,1,,1,,,8,8,1,12,4,120.538813,24.286006,3
7409,66000,387130000C,(04)23274275,(04)23288582,2025,09,19,12,0,臺中市,北區,0,0,0,7,2,6,40,4,2,1,5,4,6,6,1,1,5,4,4,2,13,3,10,3,1,B03,7,5,1,8,2,5,,84,84,1,12,4,120.667001,24.155255,3
7410,66000,387130000C,(04)23274275,(04)23288582,2025,09,19,12,0,臺中市,龍井區,0,1,0,7,2,6,40,13,8,1,5,4,6,6,4,4,1,3,1,1,17,2,9,2,1,C03,7,9,1,10,2,12,,4,4,1,6,4,120.512401,24.226046,2
7411,66000,387130000C,(04)23274275,(04)23288582,2025,09,19,12,2,臺中市,南屯區,0,1,0,7,1,6,50,4,1,1,5,4,6,6,4,4,5,5,5,2,16,3,10,5,4,C03,7,6,5,18,9,11,,4,4,1,13,4,120.630377,24.153139,2
7412,66000,387130000C,(04)23274275,(04)23288582,2025,09,19,12,6,臺中市,大肚區,0,0,0,7,2,6,50,4,2,1,5,4,6,6,2,1,5,5,5,2,14,,,,,B03,,,1,,2,,,49,49,1,6,4,120.572346,24.155758,3
7413,66000,387130000C,(04)23274275,(04)23288582,2025,09,19,12,7,臺中市,北屯區,0,0,0,7,,,50,,,,,,,,,,,,,,14,,,,,B12,,,1,,1,,,50,50,1,12,4,120.682895,24.169436,3
7414,66000,387130000C,(04)23274275,(04)23288582,2025,09,19,12,9,臺中市,西屯區,0,2,0,7,2,6,50,4,1,1,5,4,6,6,2,1,10,5,5,2,13,2,8,2,1,C03,7,9,3,19,2,11,,59,59,1,12,4,120.608091,24.18732,2
7415,66000,387130000C,(04)23274275,(04)23288582,2025,09,19,12,10,臺中市,大雅區,0,2,0,7,3,6,50,13,9,1,5,4,6,6,4,4,9,5,5,1,12,2,9,2,1,C03,7,9,1,10,2,11,,7,7,1,13,4,120.650176,24.220616,2
7416,66000,387130000C,(04)23274275,(04)23288582,2025,09,19,12,10,臺中市,大里區,0,0,0,7,,,50,,,,,,,,,,,,,,,,,,,B03,,,1,,1,,,84,84,1,13,4,120.692362,24.091298,3
7417,66000,387130000C,(04)23274275,(04)23288582,2025,09,19,12,11,臺中市,南區,0,1,0,7,2,6,50,4,2,1,5,4,6,6,2,1,1,4,5,2,13,3,10,1,1,C03,7,9,1,9,1,11,,7,7,1,12,4,120.661846,24.121586,2
7418,66000,387130000C,(04)23274275,(04)23288582,2025,09,19,12,11,臺中市,西屯區,0,0,0,7,,,30,,,,,,,,,,,,,,17,,,,,B03,,,1,,9,,,8,8,1,13,4,120.656112,24.159865,3
7419,66000,387130000C,(04)23274275,(04)23288582,2025,09,19,12,11,臺中市,大里區,0,1,0,7,3,6,50,13,9,1,5,4,6,6,4,4,5,4,5,1,16,3,10,5,4,B03,7,5,1,8,2,3,,20,20,1,13,4,120.68989,24.109345,2
7420,66000,387130000C,(04)23274275,(04)23288582,2025,09,19,12,14,臺中市,西屯區,0,1,0,7,2,6,50,4,9,1,5,4,6,6,2,1,1,4,5,2,17,2,9,5,4,C03,7,6,1,10,2,12,,48,48,1,12,4,120.656049,24.169548,2
7421,66000,387130000C,(04)23274275,(04)23288582,2025,09,19,12,15,臺中市,大肚區,0,1,0,7,2,6,50,3,1,1,5,4,6,6,4,4,10,5,5,2,16,2,9,2,1,C03,7,6,1,10,4,11,,14,14,1,6,4,120.57715,24.115617,2
7422,66000,387130000C,(04)23274275,(04)23288582,2025,09,19,12,19,臺中市,中區,0,1,0,6,1,6,30,13,9,1,5,4,6,6,1,1,9,4,5,1,17,3,10,5,4,B03,7,9,1,8,2,1,,84,84,1,12,4,120.682905,24.140778,2
7423,66000,387130000C,(04)23274275,(04)23288582,2025,09,19,12,20,臺中市,沙鹿區,0,0,0,7,,,60,,,,,,,,,,,,,,12,,,,,A11,,,1,,2,,,40,40,1,6,4,120.563492,24.206423,3
7424,66000,387130000C,(04)23274275,(04)23288582,2025,09,19,12,23,臺中市,北屯區,0,0,0,7,,,50,,,,,,,,,,,,,,13,,,,,B03,,,1,,1,,,84,84,1,6,4,120.690219,24.184061,3
7425,66000,387130000C,(04)23274275,(04)23288582,2025,09,19,12,24,臺中市,北區,0,1,0,7,2,6,40,13,7,1,5,4,6,6,4,4,1,4,4,2,12,2,7,1,1,C03,7,9,1,10,2,14,,84,84,1,12,4,120.675498,24.160296,2
7426,66000,387130000C,(04)23274275,(04)23288582,2025,09,19,12,30,臺中市,南屯區,0,1,0,7,2,6,50,4,2,1,5,4,6,6,2,1,8,3,4,1,17,2,9,1,1,C03,7,6,1,10,2,14,,11,11,1,12,4,120.635741,24.133088,2
7427,66000,387130000C,(04)23274275,(04)23288582,2025,09,19,12,31,臺中市,西屯區,0,0,0,7,,,50,,,,,,,,,,,,,,13,,,,,B03,,,1,,1,,,7,7,1,13,4,120.66429,24.172636,3
7428,66000,387130000C,(04)23274275,(04)23288582,2025,09,19,12,31,臺中市,西屯區,0,1,0,7,2,6,50,3,2,1,5,4,6,6,2,1,5,4,4,2,17,3,10,5,4,B03,7,9,1,8,2,4,,76,76,1,13,4,120.643344,24.170436,2
7429,66000,387130000C,(04)23274275,(04)23288582,2025,09,19,12,32,臺中市,北區,0,1,0,7,2,6,50,4,2,1,5,4,6,6,2,1,10,5,5,2,12,2,9,2,1,C03,7,1,1,10,2,11,,51,51,1,13,4,120.664611,24.161711,2
7430,66000,387130000C,(04)23274275,(04)23288582,2025,09,19,12,32,臺中市,大肚區,0,2,0,7,3,6,50,4,1,1,5,4,6,6,4,4,10,5,5,2,13,2,9,2,1,C03,7,9,1,10,2,11,,84,84,1,6,4,120.545603,24.149488,2
7431,66000,387130000C,(04)23274275,(04)23288582,2025,09,19,12,33,臺中市,南屯區,0,0,0,7,,,60,,,,,,,,,,,,,,13,,,,,B03,,,1,,1,,,59,59,1,12,4,120.645486,24.131901,3
7432,66000,387130000C,(04)23274275,(04)23288582,2025,09,19,12,33,臺中市,西屯區,0,0,0,7,,,50,,,,,,,,,,,,,,17,,,,,B03,,,3,,1,,,7,7,1,12,4,120.616993,24.188525,3
7433,66000,387130000C,(04)23274275,(04)23288582,2025,09,19,12,38,臺中市,南屯區,0,1,0,7,2,6,50,13,9,1,5,4,6,6,4,4,9,5,5,2,17,3,10,3,1,B03,7,9,1,8,2,1,,7,7,1,13,4,120.60873,24.138642,2
7434,66000,387130000C,(04)23274275,(04)23288582,2025,09,19,12,39,臺中市,北區,0,0,0,7,2,6,50,13,9,1,5,4,6,6,4,4,9,5,5,2,16,3,10,3,1,C03,7,9,3,8,1,12,,1,1,1,12,4,120.685637,24.150716,3
7435,66000,387130000C,(04)23274275,(04)23288582,2025,09,19,12,40,臺中市,南屯區,0,2,0,7,1,6,50,13,9,1,5,4,6,6,4,4,5,4,5,2,13,2,7,5,4,C03,7,9,1,10,2,11,,7,7,1,13,4,120.608622,24.138659,2
7436,66000,387130000C,(04)23274275,(04)23288582,2025,09,19,12,40,臺中市,烏日區,0,2,0,7,2,6,30,11,9,1,5,4,6,6,4,4,10,5,5,1,11,2,9,5,4,C03,7,6,3,19,2,11,,41,41,1,13,4,120.637497,24.10075,2
7437,66000,387130000C,(04)23274275,(04)23288582,2025,09,19,12,42,臺中市,豐原區,0,2,0,7,3,6,40,4,1,1,5,4,6,6,4,4,5,5,4,1,15,2,9,1,1,C03,7,9,5,19,2,14,,13,13,1,12,4,120.730516,24.250092,2
7438,66000,387130000C,(04)23274275,(04)23288582,2025,09,19,12,47,臺中市,西區,0,1,0,7,2,6,50,4,2,1,5,4,6,6,2,1,5,5,5,1,13,2,9,2,1,C03,7,9,1,10,2,11,,7,7,1,13,4,120.674195,24.149753,2
7439,66000,387130000C,(04)23274275,(04)23288582,2025,09,19,12,53,臺中市,清水區,0,1,0,7,2,6,50,4,1,1,5,4,6,6,4,4,1,4,4,1,16,2,8,1,1,C03,7,6,1,10,2,11,,14,14,1,13,4,120.537843,24.280929,2
7440,66000,387130000C,(04)23274275,(04)23288582,2025,09,19,12,54,臺中市,霧峰區,0,1,0,7,2,6,40,13,7,1,5,4,6,6,4,4,3,4,4,1,17,2,9,2,1,C03,7,8,1,10,2,14,,40,40,1,6,4,120.695967,24.056348,2
7441,66000,387130000C,(04)23274275,(04)23288582,2025,09,19,12,54,臺中市,神岡區,0,1,0,7,1,6,50,5,1,1,5,4,6,6,1,1,5,4,4,2,16,3,10,5,4,B03,7,6,1,8,2,2,,48,48,1,12,4,120.656943,24.264335,2
7442,66000,387130000C,(04)23274275,(04)23288582,2025,09,19,12,55,臺中市,潭子區,0,1,0,7,2,6,50,13,9,1,5,4,6,6,2,1,5,5,5,2,16,3,10,3,1,B11,7,1,1,8,2,7,,51,51,1,13,4,120.707188,24.200068,2
7443,66000,387130000C,(04)23274275,(04)23288582,2025,09,19,12,55,臺中市,西屯區,0,1,0,7,2,6,50,4,1,1,5,4,6,6,2,1,10,5,5,2,12,2,9,2,1,C03,7,6,1,10,2,14,,8,8,1,12,4,120.636025,24.176017,2
7444,66000,387130000C,(04)23274275,(04)23288582,2025,09,19,12,56,臺中市,大里區,0,1,0,7,2,6,50,5,1,1,5,4,6,6,1,1,5,5,5,1,12,2,8,2,1,C03,7,9,1,10,2,14,,84,84,1,13,4,120.702321,24.087093,2
7445,66000,387130000C,(04)23274275,(04)23288582,2025,09,19,12,58,臺中市,北屯區,0,2,0,7,2,6,30,3,1,1,5,4,6,6,4,4,10,5,5,2,16,2,9,1,1,C03,7,6,1,10,2,12,,14,14,1,6,4,120.683941,24.196755,2
7446,66000,387130000C,(04)23274275,(04)23288582,2025,09,19,12,59,臺中市,大雅區,0,0,0,7,,,30,,,,,,,,,,,,,,,,,,,A11,,,1,,2,,,30,30,1,12,4,120.619932,24.223185,3
7447,66000,387130000C,(04)23274275,(04)23288582,2025,09,19,13,0,臺中市,梧棲區,0,0,0,7,,,50,,,,,,,,,,,,,,17,,,,,B13,,,1,,11,,,49,49,1,6,4,120.532768,24.262769,3
7448,66000,387130000C,(04)23274275,(04)23288582,2025,09,19,13,0,臺中市,東勢區,0,0,0,7,,,60,,,,,,,,,,,,,,,,,,,A41,,,1,,9,,,93,93,1,12,4,120.822685,24.261753,3
7449,66000,387130000C,(04)23274275,(04)23288582,2025,09,19,13,5,臺中市,潭子區,0,0,0,7,,,30,,,,,,,,,,,,,,,,,,,B03,,,1,,2,,,50,50,1,13,4,120.700408,24.194321,3
7450,66000,387130000C,(04)23274275,(04)23288582,2025,09,19,13,5,臺中市,北區,0,0,0,7,,,50,,,,,,,,,,,,,,,,,,,B03,,,1,,2,,,51,51,1,13,4,120.689278,24.153931,3
7451,66000,387130000C,(04)23274275,(04)23288582,2025,09,19,13,6,臺中市,南區,0,1,0,7,3,6,50,4,1,1,5,4,6,6,4,4,5,5,5,2,12,3,10,2,1,C03,7,6,1,10,2,12,,14,14,1,6,2,120.671399,24.124507,2
7452,66000,387130000C,(04)23274275,(04)23288582,2025,09,19,13,9,臺中市,南區,0,1,0,7,1,6,50,3,1,1,5,4,6,6,4,4,9,4,5,2,12,3,10,3,1,B03,7,5,1,8,2,2,,47,47,1,12,4,120.65907,24.125426,2
7453,66000,387130000C,(04)23274275,(04)23288582,2025,09,19,13,20,臺中市,南區,0,0,0,7,1,6,50,3,1,1,5,4,6,6,3,1,10,5,5,2,17,3,10,3,1,B12,7,9,1,8,1,8,,84,84,1,12,4,120.659248,24.133511,3
7454,66000,387130000C,(04)23274275,(04)23288582,2025,09,19,13,21,臺中市,南屯區,0,2,0,7,3,6,50,3,2,1,5,4,6,6,4,4,5,2,5,2,13,2,9,2,1,C03,7,9,1,10,2,11,,59,59,1,12,4,120.649738,24.154953,2
7455,66000,387130000C,(04)23274275,(04)23288582,2025,09,19,13,22,臺中市,太平區,0,0,0,6,,,50,,,,,,,,,,,,,,,,,,,B12,,,1,,1,,,49,49,1,12,4,120.719719,24.154939,3
7456,66000,387130000C,(04)23274275,(04)23288582,2025,09,19,13,24,臺中市,南區,0,0,0,6,,,50,,,,,,,,,,,,,,,,,,,B03,,,1,,1,,,82,82,1,12,4,120.671811,24.119156,3
7457,66000,387130000C,(04)23274275,(04)23288582,2025,09,19,13,30,臺中市,南區,0,0,0,7,,,50,,,,,,,,,,,,,,,,,,,C03,,,1,,2,,,59,59,1,12,4,120.678255,24.123936,3
7458,66000,387130000C,(04)23274275,(04)23288582,2025,09,19,13,31,臺中市,神岡區,0,1,0,7,3,6,50,4,1,1,5,4,6,6,1,1,5,5,5,1,16,3,10,3,1,B03,7,5,1,8,2,2,,11,11,1,13,4,120.682534,24.243346,2
7459,66000,387130000C,(04)23274275,(04)23288582,2025,09,19,13,36,臺中市,北屯區,0,1,0,7,2,6,50,5,1,1,5,4,6,6,2,1,10,5,5,2,13,3,10,3,1,B03,7,9,1,8,9,5,,84,84,1,12,4,120.691009,24.171596,2
7460,66000,387130000C,(04)23274275,(04)23288582,2025,09,19,13,37,臺中市,南區,0,1,0,7,3,6,50,4,1,1,5,4,6,6,2,1,5,5,5,2,12,2,8,2,1,C03,7,6,1,10,2,14,,48,48,1,6,1,120.675528,24.131328,2
7461,66000,387130000C,(04)23274275,(04)23288582,2025,09,19,13,37,臺中市,西屯區,0,1,0,7,2,6,50,5,1,1,5,4,6,6,4,4,10,5,5,2,13,3,10,5,4,B03,7,9,1,8,2,5,,59,59,1,13,4,120.646538,24.167555,2
7462,66000,387130000C,(04)23274275,(04)23288582,2025,09,19,13,38,臺中市,北區,0,2,0,7,2,6,0,3,2,1,5,4,6,3,4,4,5,5,5,2,3,2,9,6,5,H01,8,16,7,21,10,17,,95,95,1,12,5,120.699067,24.154127,2
7463,66000,387130000C,(04)23274275,(04)23288582,2025,09,19,13,38,臺中市,太平區,0,0,0,7,,,50,,,,,,,,,,,,,,13,,,,,B03,,,1,,2,,,58,58,1,6,4,120.700795,24.148035,3
7464,66000,387130000C,(04)23274275,(04)23288582,2025,09,19,13,44,臺中市,西屯區,0,1,0,7,2,6,40,4,1,1,5,4,6,6,1,1,10,5,5,2,17,2,9,5,4,C03,7,9,1,10,2,14,,59,59,1,12,4,120.587692,24.192927,2
7465,66000,387130000C,(04)23274275,(04)23288582,2025,09,19,13,46,臺中市,太平區,0,0,0,6,,,50,,,,,,,,,,,,,,,,,,,B03,,,1,,2,,,7,7,1,12,4,120.71156,24.133995,3
7466,66000,387130000C,(04)23274275,(04)23288582,2025,09,19,13,47,臺中市,西區,0,0,0,7,,,50,,,,,,,,,,,,,,,,,,,B03,,,1,,1,,,11,11,1,13,4,120.662988,24.150849,3
7467,66000,387130000C,(04)23274275,(04)23288582,2025,09,19,13,47,臺中市,南屯區,0,0,0,7,,,50,,,,,,,,,,,,,,,,,,,B13,,,1,,2,,,59,59,1,13,4,120.60173,24.139313,3
7468,66000,387130000C,(04)23274275,(04)23288582,2025,09,19,13,48,臺中市,北屯區,0,0,0,7,,,50,,,,,,,,,,,,,,14,,,,,B03,,,1,,1,,,49,49,1,6,4,120.721227,24.181891,3
7469,66000,387130000C,(04)23274275,(04)23288582,2025,09,19,13,49,臺中市,大里區,0,1,0,7,2,6,50,4,2,1,5,4,6,6,1,1,5,2,4,2,17,2,9,1,1,C03,7,9,3,19,2,14,,84,84,1,13,4,120.689404,24.118501,2
7470,66000,387130000C,(04)23274275,(04)23288582,2025,09,19,13,50,臺中市,北區,0,0,0,7,,,50,,,,,,,,,,,,,,17,,,,,B03,,,1,,1,,,84,84,1,13,4,120.686997,24.161631,4
7471,66000,387130000C,(04)23274275,(04)23288582,2025,09,19,13,51,臺中市,北屯區,0,1,0,6,2,6,50,13,9,1,5,4,6,6,4,4,1,4,5,2,12,2,9,1,1,C03,7,9,1,10,1,12,,8,8,1,6,4,120.688841,24.171616,2
7472,66000,387130000C,(04)23274275,(04)23288582,2025,09,19,13,54,臺中市,東區,0,1,0,6,2,6,50,4,2,1,5,4,6,6,2,1,10,5,5,2,17,3,10,1,1,C03,7,9,1,9,2,14,,39,39,1,12,4,120.696491,24.136959,2
7473,66000,387130000C,(04)23274275,(04)23288582,2025,09,19,13,55,臺中市,太平區,0,1,0,7,3,6,30,4,1,1,5,4,6,6,4,4,10,5,5,2,16,3,10,3,1,B03,7,6,1,8,2,5,,14,14,1,6,4,120.701909,24.11201,2
7474,66000,387130000C,(04)23274275,(04)23288582,2025,09,19,13,56,臺中市,南屯區,0,0,0,7,,,50,,,,,,,,,,,,,,13,,,,,B03,,,1,,1,,,7,7,1,12,4,120.64655,24.133376,3
7475,66000,387130000C,(04)23274275,(04)23288582,2025,09,19,13,57,臺中市,西屯區,0,3,0,7,2,6,30,4,1,1,5,4,6,6,4,4,10,5,5,2,15,2,8,5,4,C03,7,9,1,10,2,11,,12,12,1,12,4,120.644437,24.179676,2
7476,66000,387130000C,(04)23274275,(04)23288582,2025,09,19,13,57,臺中市,沙鹿區,0,0,0,7,,,50,,,,,,,,,,,,,,,,,,,C03,,,1,,1,,,45,45,1,13,4,120.576357,24.224872,3
7477,66000,387130000C,(04)23274275,(04)23288582,2025,09,19,13,59,臺中市,東區,0,0,0,7,,,50,,,,,,,,,,,,,,,,,,,A11,,,1,,1,,,40,40,1,12,4,120.698785,24.133,3
7478,66000,387130000C,(04)23274275,(04)23288582,2025,09,19,14,0,臺中市,太平區,0,1,0,7,3,6,50,3,1,1,5,4,6,6,1,1,10,5,5,2,13,2,9,1,1,C03,7,9,1,10,2,11,,7,7,1,12,4,120.71285,24.149817,2
7479,66000,387130000C,(04)23274275,(04)23288582,2025,09,19,14,1,臺中市,后里區,0,0,0,7,2,6,30,13,9,1,5,4,6,6,4,4,10,5,5,2,17,3,10,3,1,A42,7,9,1,8,1,5,,8,8,1,12,4,120.726192,24.308748,3
7480,66000,387130000C,(04)23274275,(04)23288582,2025,09,19,14,15,臺中市,西區,0,0,0,7,,,50,,,,,,,,,,,,,,16,,,,,C03,,,1,,9,,,23,23,1,12,4,120.658842,24.145535,3
7481,66000,387130000C,(04)23274275,(04)23288582,2025,09,19,14,15,臺中市,新社區,0,0,0,7,,,50,,,,,,,,,,,,,,,,,,,B03,,,1,,1,,,84,84,1,12,4,120.797708,24.202636,3
7482,66000,387130000C,(04)23274275,(04)23288582,2025,09,19,14,17,臺中市,沙鹿區,0,0,0,7,,,40,,,,,,,,,,,,,,,,,,,B03,,,1,,1,,,49,49,1,6,4,120.583309,24.217542,3
7483,66000,387130000C,(04)23274275,(04)23288582,2025,09,19,14,18,臺中市,霧峰區,0,0,0,7,,,40,,,,,,,,,,,,,,,,,,,B12,,,1,,1,,,84,84,1,6,4,120.662394,24.059769,3
7484,66000,387130000C,(04)23274275,(04)23288582,2025,09,19,14,20,臺中市,西區,0,0,0,7,,,50,,,,,,,,,,,,,,,,,,,B12,,,1,,1,,,49,49,1,12,4,120.661405,24.155589,3
7485,66000,387130000C,(04)23274275,(04)23288582,2025,09,19,14,22,臺中市,北區,0,0,0,7,,,,,,,,,,,,,,,,,17,,,,,,,,,,,,,119,119,1,,,120.695309,24.154265,3
7486,66000,387130000C,(04)23274275,(04)23288582,2025,09,19,14,22,臺中市,南屯區,0,0,0,7,,,50,,,,,,,,,,,,,,12,,,,,B03,,,1,,2,,,8,8,1,13,4,120.626061,24.148516,3
7487,66000,387130000C,(04)23274275,(04)23288582,2025,09,19,14,23,臺中市,西區,0,1,0,7,2,6,50,5,1,1,5,4,6,6,1,1,1,4,5,1,12,3,10,3,1,B03,7,6,1,8,2,2,,84,84,1,13,4,120.669846,24.150549,2
7488,66000,387130000C,(04)23274275,(04)23288582,2025,09,19,14,29,臺中市,北屯區,0,1,0,6,2,6,50,13,9,1,5,4,6,6,4,4,9,5,5,2,16,3,10,3,1,B02,7,5,1,8,2,2,,20,20,1,6,4,120.67551,24.17449,2
7489,66000,387130000C,(04)23274275,(04)23288582,2025,09,19,14,29,臺中市,西屯區,0,0,0,7,,,50,,,,,,,,,,,,,,13,,,,,B12,,,1,,1,,,7,7,1,12,4,120.647847,24.196114,3
7490,66000,387130000C,(04)23274275,(04)23288582,2025,09,19,14,30,臺中市,大肚區,0,0,0,7,,,50,,,,,,,,,,,,,,12,,,,,B03,,,1,,2,,,8,8,1,6,4,120.576988,24.175258,3
7491,66000,387130000C,(04)23274275,(04)23288582,2025,09,19,14,35,臺中市,北屯區,0,1,0,5,1,6,50,13,9,1,4,4,6,6,4,4,5,4,5,2,12,2,9,1,1,C03,7,9,1,10,2,11,,84,84,1,13,4,120.713633,24.173463,2
7492,66000,387130000C,(04)23274275,(04)23288582,2025,09,19,14,36,臺中市,西區,0,1,0,7,2,6,50,13,9,1,5,4,6,6,4,4,5,5,5,2,17,2,9,1,1,C03,7,1,1,10,2,14,,51,51,1,13,4,120.671357,24.138116,2
7493,66000,387130000C,(04)23274275,(04)23288582,2025,09,19,14,40,臺中市,烏日區,0,0,0,7,,,30,,,,,,,,,,,,,,14,,,,,B03,,,1,,2,,,49,49,1,6,4,120.640262,24.09787,3
7494,66000,387130000C,(04)23274275,(04)23288582,2025,09,19,14,41,臺中市,西屯區,0,0,0,7,,,40,,,,,,,,,,,,,,12,,,,,B03,,,1,,2,,,50,50,1,12,4,120.587732,24.170288,3