﻿序號,縣市別代碼,機關代碼,市話,傳真,年,月,日,時,分,縣市,區,死亡數量,受傷數量,2-30,天候,道路照明設備,道路類別,道路速限,道路型態,事故位置,路面鋪裝,路面狀態,路面缺陷,障礙物,視距,號誌種類,號誌動作,分向設施,快車道或一般車道間,快慢車道間,路面邊線,事故類型及型態,受傷程度,主要傷處,保護裝備,行動電話或功能裝置,當事者區分_類別,車輛用途,當事者行動狀態,駕照狀態,駕照種類,飲酒情形,車輛撞擊部位最初,車輛撞擊部位其他,肇事因素個別,肇事因素主要,肇事逃逸,職業,共享經濟或外送平台,GPS座標X,GPS座標Y,事故類別
7940,66000,387130000C,(04)23274275,(04)23288582,2025,09,20,10,45,臺中市,北屯區,0,0,0,7,,,50,,,,,,,,,,,,,,13,,,,,B03,,,1,,2,,,7,7,1,6,4,120.682542,24.195424,3
7941,66000,387130000C,(04)23274275,(04)23288582,2025,09,20,10,48,臺中市,北屯區,0,1,0,7,1,6,50,5,2,1,5,4,6,6,1,1,3,4,5,2,12,3,10,3,1,B02,7,5,1,8,2,2,,85,85,1,13,4,120.699447,24.182714,2
7942,66000,387130000C,(04)23274275,(04)23288582,2025,09,20,10,52,臺中市,新社區,0,1,0,7,2,6,50,11,9,1,5,4,6,6,4,4,5,5,5,1,20,2,7,5,4,C01,7,9,1,9,2,12,,84,84,1,13,4,120.889318,24.113388,2
7943,66000,387130000C,(04)23274275,(04)23288582,2025,09,20,10,56,臺中市,大甲區,0,0,0,7,,,50,,,,,,,,,,,,,,,,,,,B03,,,1,,1,,,7,7,1,6,4,120.627577,24.350605,3
7944,66000,387130000C,(04)23274275,(04)23288582,2025,09,20,10,57,臺中市,北屯區,0,1,0,7,3,6,50,3,1,1,5,4,6,6,4,4,10,5,5,2,12,3,10,3,1,B03,7,5,1,8,2,2,,84,84,1,6,4,120.688653,24.200858,2
7945,66000,387130000C,(04)23274275,(04)23288582,2025,09,20,11,0,臺中市,北區,0,1,0,7,2,6,50,13,9,1,5,4,6,6,4,4,8,3,5,2,9,3,10,3,1,B03,7,9,1,8,2,8,,28,28,1,13,4,120.675422,24.157522,2
7946,66000,387130000C,(04)23274275,(04)23288582,2025,09,20,11,0,臺中市,西屯區,0,1,0,7,2,6,50,13,9,1,5,4,6,6,4,4,3,4,5,2,16,3,10,3,1,B03,7,5,1,8,2,5,,20,20,1,13,4,120.64393,24.171323,2
7947,66000,387130000C,(04)23274275,(04)23288582,2025,09,20,11,2,臺中市,潭子區,0,1,0,7,2,6,50,5,1,1,5,4,6,6,1,1,1,4,4,1,16,3,10,3,1,B12,7,5,1,8,2,5,,11,11,1,13,4,120.686109,24.215947,2
7948,66000,387130000C,(04)23274275,(04)23288582,2025,09,20,11,2,臺中市,北區,0,0,0,7,,,50,,,,,,,,,,,,,,13,,,,,C03,,,1,,2,,,7,7,1,12,4,120.685989,24.154549,4
7949,66000,387130000C,(04)23274275,(04)23288582,2025,09,20,11,3,臺中市,豐原區,0,0,0,7,,,50,,,,,,,,,,,,,,17,,,,,B03,,,1,,2,,,78,78,1,12,4,120.733448,24.257409,3
7950,66000,387130000C,(04)23274275,(04)23288582,2025,09,20,11,9,臺中市,西區,0,0,0,7,,,50,,,,,,,,,,,,,,17,,,,,C03,,,1,,1,,,43,43,1,12,4,120.665269,24.159111,3
7951,66000,387130000C,(04)23274275,(04)23288582,2025,09,20,11,9,臺中市,梧棲區,0,2,0,7,2,6,50,4,1,1,5,4,6,6,1,1,10,5,5,2,16,2,9,1,1,C03,7,6,1,10,2,11,,11,11,1,12,4,120.551628,24.254827,2
7952,66000,387130000C,(04)23274275,(04)23288582,2025,09,20,11,10,臺中市,北屯區,0,0,0,7,,,50,,,,,,,,,,,,,,17,,,,,A11,,,1,,2,,,49,49,1,13,4,120.725064,24.179176,3
7953,66000,387130000C,(04)23274275,(04)23288582,2025,09,20,11,11,臺中市,西屯區,0,3,0,7,2,6,30,3,1,1,5,4,6,6,4,4,10,5,5,2,16,2,8,3,1,B03,7,5,1,10,2,8,,14,14,1,12,4,120.639267,24.193961,2
7954,66000,387130000C,(04)23274275,(04)23288582,2025,09,20,11,14,臺中市,北屯區,0,1,0,7,2,6,50,4,9,1,5,4,6,6,2,1,5,4,5,2,17,2,9,1,1,C03,7,9,3,19,2,11,,59,59,1,12,4,120.681602,24.176514,2
7955,66000,387130000C,(04)23274275,(04)23288582,2025,09,20,11,15,臺中市,清水區,0,0,0,7,2,6,40,4,8,1,5,4,6,6,1,1,8,3,4,1,13,,,,,A22,,,1,,9,,,7,7,1,12,4,120.552592,24.294087,3
7956,66000,387130000C,(04)23274275,(04)23288582,2025,09,20,11,16,臺中市,東區,0,2,0,7,2,6,50,4,1,1,5,4,6,6,1,1,5,4,5,2,13,2,9,2,1,C03,7,9,1,10,2,11,,84,84,1,13,4,120.692533,24.138761,2
7957,66000,387130000C,(04)23274275,(04)23288582,2025,09,20,11,16,臺中市,大肚區,0,2,0,7,2,6,50,3,9,1,5,4,6,6,4,4,5,5,5,1,14,3,10,3,1,B03,7,2,1,8,2,3,2,49,49,1,6,4,120.580043,24.171126,2
7958,66000,387130000C,(04)23274275,(04)23288582,2025,09,20,11,20,臺中市,東勢區,0,2,0,7,2,6,50,4,1,1,5,4,6,6,4,4,10,5,5,2,17,2,9,1,1,C03,7,9,1,10,2,12,,85,85,1,12,4,120.836175,24.250165,2
7959,66000,387130000C,(04)23274275,(04)23288582,2025,09,20,11,21,臺中市,北屯區,0,1,0,7,2,6,40,4,1,1,5,4,6,6,2,1,10,5,5,2,16,3,10,3,1,B03,7,5,1,8,2,3,,87,87,1,12,4,120.704704,24.165013,2
7960,66000,387130000C,(04)23274275,(04)23288582,2025,09,20,11,21,臺中市,大肚區,0,0,0,7,,,50,,,,,,,,,,,,,,13,,,,,B03,,,1,,2,,,50,50,1,13,4,120.5467,24.148632,3
7961,66000,387130000C,(04)23274275,(04)23288582,2025,09,20,11,21,臺中市,豐原區,0,0,0,7,,,50,,,,,,,,,,,,,,13,,,,,B03,,,1,,1,,,7,7,1,12,4,120.720069,24.236227,3
7962,66000,387130000C,(04)23274275,(04)23288582,2025,09,20,11,23,臺中市,中區,0,0,0,7,,,50,,,,,,,,,,,,,,,,,,,,,,,,,,,119,119,1,,,120.679126,24.140266,3
7963,66000,387130000C,(04)23274275,(04)23288582,2025,09,20,11,27,臺中市,霧峰區,0,0,0,7,,,30,,,,,,,,,,,,,,,,,,,A12,,,1,,1,,,8,8,1,13,4,120.687862,24.044566,3
7964,66000,387130000C,(04)23274275,(04)23288582,2025,09,20,11,27,臺中市,烏日區,0,2,0,7,2,6,50,4,7,1,5,4,6,6,4,4,5,5,4,1,13,2,8,5,4,C03,7,9,1,10,2,11,,7,7,1,6,4,120.620754,24.106521,2
7965,66000,387130000C,(04)23274275,(04)23288582,2025,09,20,11,27,臺中市,清水區,0,0,0,7,,,60,,,,,,,,,,,,,,13,,,,,B03,,,1,,1,,,7,7,1,13,4,120.564683,24.27102,3
7966,66000,387130000C,(04)23274275,(04)23288582,2025,09,20,11,28,臺中市,北區,0,1,0,7,3,6,50,4,2,1,5,4,6,6,1,1,3,4,5,2,16,3,10,5,4,B03,7,5,1,8,2,2,,11,11,1,13,4,120.685093,24.162653,2
7967,66000,387130000C,(04)23274275,(04)23288582,2025,09,20,11,28,臺中市,沙鹿區,0,0,0,7,,,50,,,,,,,,,,,,,,,,,,,C03,,,1,,2,,,23,23,1,6,4,120.578436,24.221419,3
7968,66000,387130000C,(04)23274275,(04)23288582,2025,09,20,11,30,臺中市,北屯區,0,0,0,7,,,50,,,,,,,,,,,,,,,,,,,B03,,,1,,2,,,45,45,1,13,4,120.683663,24.197809,3
7969,66000,387130000C,(04)23274275,(04)23288582,2025,09,20,11,31,臺中市,大里區,0,2,0,7,2,6,50,4,1,1,5,4,6,6,4,4,10,5,5,2,16,2,9,2,1,C03,7,5,1,10,2,12,,47,47,1,12,4,120.681157,24.114276,2
7970,66000,387130000C,(04)23274275,(04)23288582,2025,09,20,11,33,臺中市,南區,0,4,0,7,3,6,30,4,1,1,5,4,6,6,4,4,10,5,5,2,15,2,9,2,1,C03,7,9,1,10,2,12,,15,15,1,6,4,120.68237,24.13462,2
7971,66000,387130000C,(04)23274275,(04)23288582,2025,09,20,11,33,臺中市,沙鹿區,0,0,0,7,,,50,,,,,,,,,,,,,,14,,,,,B03,,,1,,1,,,49,49,1,6,4,120.567816,24.206225,3
7972,66000,387130000C,(04)23274275,(04)23288582,2025,09,20,11,36,臺中市,大肚區,0,0,0,7,,,30,,,,,,,,,,,,,,11,,,,,B03,,,1,,2,,,84,84,1,6,4,120.572553,24.124293,3
7973,66000,387130000C,(04)23274275,(04)23288582,2025,09,20,11,37,臺中市,大里區,0,0,0,7,,,50,,,,,,,,,,,,,,14,,,,,B03,,,1,,2,,,49,49,1,12,4,120.701033,24.084462,3
7974,66000,387130000C,(04)23274275,(04)23288582,2025,09,20,11,39,臺中市,北屯區,0,0,0,7,,,50,,,,,,,,,,,,,,17,,,,,B12,,,1,,9,,,73,73,1,6,4,120.690487,24.162987,3
7975,66000,387130000C,(04)23274275,(04)23288582,2025,09,20,11,50,臺中市,北屯區,0,0,0,7,,,50,,,,,,,,,,,,,,13,,,,,B03,,,1,,1,,,7,7,1,12,4,120.668158,24.174602,3
7976,66000,387130000C,(04)23274275,(04)23288582,2025,09,20,11,51,臺中市,沙鹿區,0,0,0,7,,,60,,,,,,,,,,,,,,,,,,,B03,,,1,,1,,,59,59,1,6,4,120.615128,24.244076,3
7977,66000,387130000C,(04)23274275,(04)23288582,2025,09,20,11,55,臺中市,北屯區,0,0,0,7,,,50,,,,,,,,,,,,,,,,,,,B03,,,1,,1,,,84,84,1,13,4,120.686281,24.190491,3
7978,66000,387130000C,(04)23274275,(04)23288582,2025,09,20,11,59,臺中市,沙鹿區,0,2,0,7,2,6,30,4,2,1,5,4,6,6,4,4,8,3,5,1,17,3,10,5,4,B03,7,9,1,8,2,16,,15,15,1,13,4,120.57111,24.224811,2
7979,66000,387130000C,(04)23274275,(04)23288582,2025,09,20,12,0,臺中市,南區,0,0,0,7,,,50,,,,,,,,,,,,,,17,,,,,C03,,,1,,1,,,85,85,1,12,4,120.682929,24.134431,4
7980,66000,387130000C,(04)23274275,(04)23288582,2025,09,20,12,3,臺中市,南屯區,0,0,0,7,,,30,,,,,,,,,,,,,,11,,,,,B03,,,1,,2,,,8,8,1,12,4,120.635584,24.117606,3
7981,66000,387130000C,(04)23274275,(04)23288582,2025,09,20,12,4,臺中市,北屯區,0,0,0,7,,,50,,,,,,,,,,,,,,13,,,,,B12,,,1,,1,,,84,84,1,12,4,120.728337,24.171884,3
7982,66000,387130000C,(04)23274275,(04)23288582,2025,09,20,12,5,臺中市,烏日區,0,0,0,7,,,30,,,,,,,,,,,,,,16,,,,,B03,,,1,,1,,,14,14,1,13,4,120.644516,24.097326,3
7983,66000,387130000C,(04)23274275,(04)23288582,2025,09,20,12,7,臺中市,南區,0,0,0,7,,,50,,,,,,,,,,,,,,,,,,,B03,,,1,,1,,,7,7,1,12,4,120.673564,24.11913,3
7984,66000,387130000C,(04)23274275,(04)23288582,2025,09,20,12,9,臺中市,大里區,0,0,0,7,,,40,,,,,,,,,,,,,,13,,,,,C03,,,1,,2,,,7,7,1,13,4,120.682994,24.104033,3
7985,66000,387130000C,(04)23274275,(04)23288582,2025,09,20,12,9,臺中市,烏日區,0,1,0,7,3,6,30,4,1,1,5,4,6,6,4,4,10,5,5,2,15,3,10,3,1,B03,7,9,1,8,2,5,,15,15,1,6,4,120.639601,24.112005,2
7986,66000,387130000C,(04)23274275,(04)23288582,2025,09,20,12,9,臺中市,沙鹿區,0,0,0,7,,,50,,,,,,,,,,,,,,17,,,,,C03,,,1,,2,,,84,84,1,6,4,120.563189,24.247164,3
7987,66000,387130000C,(04)23274275,(04)23288582,2025,09,20,12,12,臺中市,南區,0,0,0,7,,,50,,,,,,,,,,,,,,,,,,,B03,,,1,,1,,,84,84,1,12,4,120.67024,24.118766,3
7988,66000,387130000C,(04)23274275,(04)23288582,2025,09,20,12,12,臺中市,沙鹿區,0,0,0,7,,,50,,,,,,,,,,,,,,,,,,,C03,,,1,,2,,,34,34,1,6,4,120.560172,24.242866,3
7989,66000,387130000C,(04)23274275,(04)23288582,2025,09,20,12,13,臺中市,東區,0,0,0,7,,,30,,,,,,,,,,,,,,14,,,,,B12,,,1,,2,,,49,49,1,13,4,120.693994,24.130305,3
7990,66000,387130000C,(04)23274275,(04)23288582,2025,09,20,12,14,臺中市,東區,0,0,0,7,,,,,,,,,,,,,,,,,,,,,,,,,,,,,,86,86,1,,,120.697281,24.133506,3
7991,66000,387130000C,(04)23274275,(04)23288582,2025,09,20,12,20,臺中市,西區,0,1,0,7,2,6,50,4,1,1,5,4,6,6,1,1,10,5,5,2,17,3,10,3,1,B03,7,5,1,8,2,2,,47,47,1,13,4,120.669373,24.138795,2
7992,66000,387130000C,(04)23274275,(04)23288582,2025,09,20,12,20,臺中市,大里區,0,0,0,7,,,50,,,,,,,,,,,,,,17,,,,,B13,,,1,,2,,,75,75,1,12,4,120.705175,24.107933,3
7993,66000,387130000C,(04)23274275,(04)23288582,2025,09,20,12,20,臺中市,豐原區,0,1,0,7,2,6,50,4,1,1,5,4,6,6,3,1,1,4,4,1,3,3,10,3,1,B03,7,11,1,8,2,1,,84,84,1,12,4,120.719777,24.258241,2
7994,66000,387130000C,(04)23274275,(04)23288582,2025,09,20,12,23,臺中市,北區,0,0,0,7,,,50,,,,,,,,,,,,,,17,,,,,B03,,,1,,2,,,51,51,1,13,4,120.687247,24.157039,3
7995,66000,387130000C,(04)23274275,(04)23288582,2025,09,20,12,23,臺中市,大里區,0,2,0,7,2,6,50,4,1,1,5,4,6,6,1,1,5,5,5,1,17,3,10,3,1,B03,7,11,1,8,2,3,,45,45,1,13,4,120.706071,24.087525,2
7996,66000,387130000C,(04)23274275,(04)23288582,2025,09,20,12,24,臺中市,霧峰區,0,1,0,7,2,6,40,13,9,1,5,4,6,6,4,4,9,5,5,1,20,2,9,2,1,F03,7,9,7,21,8,11,,84,84,1,13,4,120.708235,24.080622,2
7997,66000,387130000C,(04)23274275,(04)23288582,2025,09,20,12,25,臺中市,北區,0,0,0,7,,,50,,,,,,,,,,,,,,,,,,,B03,,,1,,1,,,40,40,1,13,4,120.686354,24.152437,3
7998,66000,387130000C,(04)23274275,(04)23288582,2025,09,20,12,27,臺中市,北屯區,0,2,0,7,1,6,50,4,2,1,5,4,6,6,1,1,5,4,5,2,3,2,9,1,1,C03,7,9,1,10,2,11,,84,84,1,13,4,120.676942,24.185698,2
7999,66000,387130000C,(04)23274275,(04)23288582,2025,09,20,12,29,臺中市,南屯區,0,0,0,7,,,50,,,,,,,,,,,,,,17,,,,,B02,,,1,,2,,,59,59,1,6,4,120.634801,24.154035,3
8000,66000,387130000C,(04)23274275,(04)23288582,2025,09,20,12,38,臺中市,西屯區,0,0,0,7,,3,80,,,,,,,,,,,,,,13,,,,,B03,,,1,,1,,,7,7,1,12,4,120.633013,24.171885,3
8001,66000,387130000C,(04)23274275,(04)23288582,2025,09,20,12,40,臺中市,南屯區,0,0,0,7,,,50,,,,,,,,,,,,,,,,,,,B03,,,1,,1,,,59,59,1,13,4,120.649767,24.151139,3
8002,66000,387130000C,(04)23274275,(04)23288582,2025,09,20,12,40,臺中市,北屯區,0,3,0,7,2,6,30,3,1,1,5,4,6,6,4,4,10,5,5,2,17,2,9,5,4,C03,7,9,1,10,2,11,,84,84,1,12,4,120.670025,24.17896,2
8003,66000,387130000C,(04)23274275,(04)23288582,2025,09,20,12,44,臺中市,西區,0,0,0,7,,,50,,,,,,,,,,,,,,,,,,,C03,,,1,,1,,,84,84,1,12,4,120.654364,24.146842,3
8004,66000,387130000C,(04)23274275,(04)23288582,2025,09,20,12,49,臺中市,南屯區,0,1,0,7,1,6,50,3,1,1,5,4,6,6,4,4,1,4,5,2,12,3,10,5,4,B03,7,5,1,8,2,2,,84,84,1,13,4,120.624147,24.149373,2
8005,66000,387130000C,(04)23274275,(04)23288582,2025,09,20,12,49,臺中市,大里區,0,0,0,7,,,50,,,,,,,,,,,,,,13,,,,,B03,,,1,,2,,,84,84,1,12,4,120.678616,24.098072,3
8006,66000,387130000C,(04)23274275,(04)23288582,2025,09,20,12,54,臺中市,西屯區,0,0,0,7,,,50,,,,,,,,,,,,,,16,,,,,B03,,,1,,2,,,51,51,1,13,4,120.6652,24.178235,3
8007,66000,387130000C,(04)23274275,(04)23288582,2025,09,20,12,59,臺中市,東區,0,0,0,7,,,40,,,,,,,,,,,,,,17,,,,,C03,,,1,,1,,,51,51,1,12,4,120.690168,24.129674,3
8008,66000,387130000C,(04)23274275,(04)23288582,2025,09,20,13,0,臺中市,豐原區,0,0,0,7,,,50,,,,,,,,,,,,,,14,,,,,B03,,,1,,2,,,49,49,1,13,4,120.721172,24.258367,3
8009,66000,387130000C,(04)23274275,(04)23288582,2025,09,20,13,9,臺中市,北區,0,2,0,7,2,6,30,4,2,1,5,4,6,6,4,4,10,5,5,2,15,3,10,2,1,C03,7,9,1,10,2,11,,15,15,1,13,4,120.678272,24.162514,2
8010,66000,387130000C,(04)23274275,(04)23288582,2025,09,20,13,12,臺中市,西屯區,0,0,0,7,,,40,,,,,,,,,,,,,,13,,,,,B03,,,1,,1,,,7,7,1,13,4,120.630636,24.16231,3
8011,66000,387130000C,(04)23274275,(04)23288582,2025,09,20,13,15,臺中市,豐原區,0,1,0,7,2,6,50,3,1,1,5,4,6,6,1,1,1,4,5,1,17,2,9,2,1,C03,7,1,1,10,2,11,,59,59,1,12,4,120.729937,24.253294,2
8012,66000,387130000C,(04)23274275,(04)23288582,2025,09,20,13,17,臺中市,西區,0,0,0,7,,,50,,,,,,,,,,,,,,,,,,,B03,,,1,,1,,,7,7,1,12,4,120.657193,24.134382,3
8013,66000,387130000C,(04)23274275,(04)23288582,2025,09,20,13,17,臺中市,神岡區,0,1,0,7,1,6,30,3,1,1,5,4,6,6,4,4,10,5,5,2,18,2,9,4,1,F01,7,5,7,21,2,13,,85,85,1,12,4,120.709541,24.258033,2
8014,66000,387130000C,(04)23274275,(04)23288582,2025,09,20,13,20,臺中市,南屯區,0,0,0,7,,,30,,,,,,,,,,,,,,12,,,,,B03,,,1,,1,,,8,8,1,12,4,120.639779,24.13949,3
8015,66000,387130000C,(04)23274275,(04)23288582,2025,09,20,13,27,臺中市,北屯區,0,1,0,7,1,6,50,13,9,1,5,4,6,6,4,4,3,4,5,2,12,3,10,3,1,B03,7,5,1,8,2,2,,20,20,1,13,4,120.693583,24.163562,2
8016,66000,387130000C,(04)23274275,(04)23288582,2025,09,20,13,27,臺中市,神岡區,0,0,0,7,,,50,,,,,,,,,,,,,,13,,,,,B03,,,1,,1,,,7,7,1,13,4,120.696123,24.251908,3
8017,66000,387130000C,(04)23274275,(04)23288582,2025,09,20,13,28,臺中市,大雅區,0,0,0,7,,,50,,,,,,,,,,,,,,13,,,,,B12,,,1,,1,,,7,7,1,12,4,120.667857,24.215465,3
8018,66000,387130000C,(04)23274275,(04)23288582,2025,09,20,13,30,臺中市,西區,0,0,0,7,,,30,,,,,,,,,,,,,,,,,,,B03,,,1,,2,,,7,7,1,13,4,120.661002,24.146234,3
8019,66000,387130000C,(04)23274275,(04)23288582,2025,09,20,13,30,臺中市,北屯區,0,1,0,7,3,6,50,13,9,1,5,4,6,6,1,1,1,4,5,2,12,3,10,3,1,B03,7,7,3,19,1,6,,40,40,1,13,4,120.720736,24.174976,2
8020,66000,387130000C,(04)23274275,(04)23288582,2025,09,20,13,35,臺中市,豐原區,0,2,0,7,3,6,50,13,8,1,5,4,6,6,4,4,5,5,4,2,17,3,10,5,4,B03,7,11,3,19,2,5,,32,32,1,12,4,120.714701,24.245263,2
8021,66000,387130000C,(04)23274275,(04)23288582,2025,09,20,13,36,臺中市,西屯區,0,0,0,7,,,40,,,,,,,,,,,,,,12,,,,,B03,,,1,,1,,,8,8,1,12,4,120.655359,24.159108,4
8022,66000,387130000C,(04)23274275,(04)23288582,2025,09,20,13,40,臺中市,南屯區,0,0,0,7,,,50,,,,,,,,,,,,,,12,,,,,B03,,,1,,1,,,84,84,1,12,4,120.642885,24.146804,3
8023,66000,387130000C,(04)23274275,(04)23288582,2025,09,20,13,42,臺中市,大里區,0,2,0,7,3,6,50,4,1,1,5,4,6,6,1,1,5,5,5,1,15,3,10,5,4,A11,7,9,1,3,2,5,,21,21,1,13,4,120.679731,24.105502,2
8024,66000,387130000C,(04)23274275,(04)23288582,2025,09,20,13,47,臺中市,西屯區,0,0,0,7,,,50,,,,,,,,,,,,,,30,,,,,C03,,,1,,1,,,87,87,1,13,4,120.633664,24.179732,3
8025,66000,387130000C,(04)23274275,(04)23288582,2025,09,20,13,55,臺中市,西屯區,0,0,0,7,,,40,,,,,,,,,,,,,,12,,,,,B02,,,1,,1,,,8,8,1,12,4,120.642423,24.177956,3
8026,66000,387130000C,(04)23274275,(04)23288582,2025,09,20,13,56,臺中市,南屯區,0,0,0,7,,,50,,,,,,,,,,,,,,,,,,,B03,,,1,,1,,,49,49,1,13,4,120.625746,24.144278,3
8027,66000,387130000C,(04)23274275,(04)23288582,2025,09,20,14,1,臺中市,南屯區,0,0,0,7,,,50,,,,,,,,,,,,,,12,,,,,B03,,,1,,1,,,2,2,1,12,4,120.622672,24.14981,3
8028,66000,387130000C,(04)23274275,(04)23288582,2025,09,20,14,2,臺中市,西屯區,0,0,0,7,,,40,,,,,,,,,,,,,,16,,,,,B03,,,1,,2,,,20,20,1,13,4,120.634595,24.176292,3
8029,66000,387130000C,(04)23274275,(04)23288582,2025,09,20,14,3,臺中市,太平區,0,0,0,7,,,50,,,,,,,,,,,,,,17,,,,,B03,,,1,,1,,,51,51,1,12,4,120.710678,24.140807,3
8030,66000,387130000C,(04)23274275,(04)23288582,2025,09,20,14,3,臺中市,烏日區,0,0,0,7,,,50,,,,,,,,,,,,,,,,,,,B03,,,1,,2,,,21,21,1,13,4,120.618014,24.106334,3
8031,66000,387130000C,(04)23274275,(04)23288582,2025,09,20,14,4,臺中市,清水區,0,1,0,7,2,6,50,4,1,1,5,4,6,6,4,4,5,2,4,1,15,2,9,1,1,C03,7,9,1,10,2,12,,12,12,1,13,4,120.577825,24.271095,2
8032,66000,387130000C,(04)23274275,(04)23288582,2025,09,20,14,6,臺中市,東區,0,3,0,6,2,6,50,13,9,1,5,4,6,6,4,4,5,4,5,2,17,2,9,1,1,C03,7,1,1,10,2,12,,39,39,1,12,4,120.688721,24.143095,2
8033,66000,387130000C,(04)23274275,(04)23288582,2025,09,20,14,8,臺中市,西屯區,0,0,0,7,,,40,,,,,,,,,,,,,,12,,,,,B03,,,1,,1,,,40,40,1,12,4,120.64371,24.166093,3
8034,66000,387130000C,(04)23274275,(04)23288582,2025,09,20,14,8,臺中市,西屯區,0,0,0,7,,,60,,,,,,,,,,,,,,13,,,,,B03,,,1,,1,,,7,7,1,12,4,120.641076,24.167898,3
8035,66000,387130000C,(04)23274275,(04)23288582,2025,09,20,14,11,臺中市,北屯區,0,0,0,7,,,50,,,,,,,,,,,,,,13,,,,,C03,,,1,,1,,,58,58,1,12,4,120.68337,24.19776,3
8036,66000,387130000C,(04)23274275,(04)23288582,2025,09,20,14,14,臺中市,西屯區,0,1,0,7,2,6,40,3,1,1,5,4,6,6,2,1,10,5,5,2,13,3,10,2,4,C03,7,5,1,10,2,11,,7,7,1,13,4,120.643715,24.165658,2
8037,66000,387130000C,(04)23274275,(04)23288582,2025,09,20,14,15,臺中市,西屯區,0,2,0,7,2,6,30,3,2,1,5,4,6,6,4,4,10,5,5,2,3,2,9,2,4,C03,7,9,1,10,2,11,,10,10,1,12,2,120.645941,24.176083,2
8038,66000,387130000C,(04)23274275,(04)23288582,2025,09,20,14,17,臺中市,北區,0,1,0,7,2,6,50,13,9,1,5,4,6,6,4,4,5,4,5,2,18,2,7,1,1,C03,7,9,1,10,2,16,12,84,84,1,12,4,120.670494,24.156798,2
8039,66000,387130000C,(04)23274275,(04)23288582,2025,09,20,14,19,臺中市,神岡區,0,0,0,7,3,6,50,13,9,1,5,4,6,6,4,4,9,5,5,1,19,,,,,B12,,,,,,,,2,2,1,,4,120.690256,24.238273,3
8040,66000,387130000C,(04)23274275,(04)23288582,2025,09,20,14,20,臺中市,清水區,0,1,0,7,2,6,50,4,1,1,5,4,6,6,3,1,8,3,4,2,15,2,9,1,1,F03,7,9,7,21,2,12,,24,24,1,12,4,120.571089,24.277921,2
8041,66000,387130000C,(04)23274275,(04)23288582,2025,09,20,14,23,臺中市,南屯區,0,0,0,7,,,40,,,,,,,,,,,,,,17,,,,,C03,,,1,,1,,,51,51,1,4,4,120.637621,24.133941,3
8042,66000,387130000C,(04)23274275,(04)23288582,2025,09,20,14,30,臺中市,烏日區,0,0,0,7,,,30,,,,,,,,,,,,,,12,,,,,B03,,,1,,1,,,8,8,1,6,4,120.638679,24.106752,3
8043,66000,387130000C,(04)23274275,(04)23288582,2025,09,20,14,30,臺中市,沙鹿區,0,1,0,7,2,6,60,4,7,1,5,4,6,6,1,1,1,3,1,2,11,3,10,3,1,B03,7,5,1,8,2,4,,2,2,1,12,4,120.579321,24.221176,2
8044,66000,387130000C,(04)23274275,(04)23288582,2025,09,20,14,31,臺中市,西區,0,1,0,7,2,6,50,13,9,1,5,4,6,6,4,4,5,4,5,2,17,3,10,3,1,B03,7,13,1,8,1,4,,76,76,1,13,4,120.661945,24.149718,2
8045,66000,387130000C,(04)23274275,(04)23288582,2025,09,20,14,36,臺中市,西屯區,0,0,0,7,,,30,,,,,,,,,,,,,,14,,,,,B12,,,1,,1,,,49,49,1,12,4,120.607661,24.185038,3
8046,66000,387130000C,(04)23274275,(04)23288582,2025,09,20,14,38,臺中市,豐原區,0,0,0,7,,,50,,,,,,,,,,,,,,17,,,,,B03,,,1,,2,,,40,40,1,12,4,120.713281,24.242543,3
8047,66000,387130000C,(04)23274275,(04)23288582,2025,09,20,14,40,臺中市,西屯區,0,2,0,7,2,6,50,13,9,1,5,3,6,6,4,4,1,4,5,2,18,2,9,2,1,C03,7,9,1,10,2,16,,43,43,1,12,4,120.626667,24.177707,2
8048,66000,387130000C,(04)23274275,(04)23288582,2025,09,20,14,40,臺中市,烏日區,0,2,0,7,2,6,50,13,7,1,5,4,6,6,4,4,9,5,4,2,17,2,9,5,4,C03,7,5,1,10,2,12,,84,84,1,12,4,120.626206,24.108203,2
8049,66000,387130000C,(04)23274275,(04)23288582,2025,09,20,14,43,臺中市,北屯區,0,1,0,7,2,6,50,3,1,1,5,4,6,6,4,4,10,5,5,2,16,3,10,3,1,B03,7,6,1,8,9,4,,38,38,1,12,4,120.702918,24.186411,2
8050,66000,387130000C,(04)23274275,(04)23288582,2025,09,20,14,50,臺中市,霧峰區,0,0,0,7,,,50,,,,,,,,,,,,,,,,,,,B03,,,1,,2,,,7,7,1,13,4,120.697837,24.058864,3
8051,66000,387130000C,(04)23274275,(04)23288582,2025,09,20,14,50,臺中市,大甲區,0,0,0,7,,,30,,,,,,,,,,,,,,17,,,,,B03,,,1,,1,,,84,84,1,12,4,120.633818,24.378528,3
8052,66000,387130000C,(04)23274275,(04)23288582,2025,09,20,14,53,臺中市,霧峰區,0,0,0,7,,,50,,,,,,,,,,,,,,17,,,,,B12,,,1,,2,,,8,8,1,13,4,120.692253,24.066155,3