﻿序號,縣市別代碼,機關代碼,市話,傳真,年,月,日,時,分,縣市,區,死亡數量,受傷數量,2-30,天候,道路照明設備,道路類別,道路速限,道路型態,事故位置,路面鋪裝,路面狀態,路面缺陷,障礙物,視距,號誌種類,號誌動作,分向設施,快車道或一般車道間,快慢車道間,路面邊線,事故類型及型態,受傷程度,主要傷處,保護裝備,行動電話或功能裝置,當事者區分_類別,車輛用途,當事者行動狀態,駕照狀態,駕照種類,飲酒情形,車輛撞擊部位最初,車輛撞擊部位其他,肇事因素個別,肇事因素主要,肇事逃逸,職業,共享經濟或外送平台,GPS座標X,GPS座標Y,事故類別
8053,66000,387130000C,(04)23274275,(04)23288582,2025,09,20,14,53,臺中市,后里區,0,0,0,7,3,6,30,3,1,1,5,4,6,6,4,4,10,5,5,2,16,3,10,3,1,B03,7,5,1,8,2,8,,14,14,1,7,4,120.749133,24.297512,3
8054,66000,387130000C,(04)23274275,(04)23288582,2025,09,20,14,57,臺中市,潭子區,0,0,0,7,,,60,,,,,,,,,,,,,,,,,,,C03,,,1,,2,,,84,84,1,13,4,120.704468,24.204398,3
8055,66000,387130000C,(04)23274275,(04)23288582,2025,09,20,15,0,臺中市,梧棲區,0,0,0,7,,,40,,,,,,,,,,,,,,17,,,,,C03,,,1,,1,,,1,1,1,6,4,120.551131,24.244718,3
8056,66000,387130000C,(04)23274275,(04)23288582,2025,09,20,15,3,臺中市,大雅區,0,1,0,7,2,6,50,4,1,1,5,4,6,6,2,1,3,5,5,1,16,3,10,3,1,B03,7,5,5,19,2,6,,11,11,1,13,4,120.656401,24.220635,2
8057,66000,387130000C,(04)23274275,(04)23288582,2025,09,20,15,3,臺中市,西區,0,0,0,7,,,50,,,,,,,,,,,,,,,,,,,C03,,,1,,1,,,84,84,1,12,4,120.661687,24.152547,3
8058,66000,387130000C,(04)23274275,(04)23288582,2025,09,20,15,3,臺中市,北屯區,0,0,0,7,,,50,,,,,,,,,,,,,,13,,,,,C03,,,1,,1,,,40,40,1,6,4,120.679896,24.175166,3
8059,66000,387130000C,(04)23274275,(04)23288582,2025,09,20,15,5,臺中市,石岡區,0,1,0,5,2,6,70,13,14,1,4,4,6,6,4,4,1,4,4,1,1,3,10,5,4,C03,7,9,1,10,2,11,,59,59,1,13,4,120.798692,24.26962,2
8060,66000,387130000C,(04)23274275,(04)23288582,2025,09,20,15,6,臺中市,東區,0,2,0,7,2,6,40,4,2,1,5,4,6,6,2,1,5,5,4,2,17,3,10,3,1,B03,7,1,1,8,2,4,,51,51,1,12,4,120.699877,24.142573,2
8061,66000,387130000C,(04)23274275,(04)23288582,2025,09,20,15,10,臺中市,西區,0,0,0,7,,,50,,,,,,,,,,,,,,,,,,,B03,,,1,,2,,,84,84,1,12,4,120.668062,24.139594,3
8062,66000,387130000C,(04)23274275,(04)23288582,2025,09,20,15,10,臺中市,中區,0,0,0,7,,,50,,,,,,,,,,,,,,,,,,,,,,,,,,,,,,,,120.681796,24.144577,3
8063,66000,387130000C,(04)23274275,(04)23288582,2025,09,20,15,10,臺中市,西屯區,0,0,0,7,,,30,,,,,,,,,,,,,,17,,,,,B12,,,1,,2,,,8,8,1,13,4,120.654886,24.160451,3
8064,66000,387130000C,(04)23274275,(04)23288582,2025,09,20,15,10,臺中市,霧峰區,0,0,0,7,,,40,,,,,,,,,,,,,,,,,,,B12,,,1,,1,,,84,84,1,6,4,120.697244,24.063883,3
8065,66000,387130000C,(04)23274275,(04)23288582,2025,09,20,15,14,臺中市,北屯區,0,2,0,7,2,6,50,4,1,1,5,4,6,6,4,4,4,3,4,2,16,2,8,3,1,B01,7,6,1,4,2,6,,14,14,1,13,4,120.670352,24.186869,2
8066,66000,387130000C,(04)23274275,(04)23288582,2025,09,20,15,15,臺中市,清水區,0,0,0,7,2,6,60,4,2,1,5,4,6,6,1,1,8,3,4,1,13,,,,,B03,,,1,,1,,,84,84,1,12,4,120.548367,24.277014,3
8067,66000,387130000C,(04)23274275,(04)23288582,2025,09,20,15,16,臺中市,大里區,0,0,0,7,,,50,,,,,,,,,,,,,,17,,,,,B03,,,1,,1,,,49,49,1,12,4,120.700695,24.103973,3
8068,66000,387130000C,(04)23274275,(04)23288582,2025,09,20,15,17,臺中市,大里區,0,0,0,7,,,50,,,,,,,,,,,,,,14,,,,,B03,,,1,,1,,,49,49,1,6,4,120.681325,24.10594,3
8069,66000,387130000C,(04)23274275,(04)23288582,2025,09,20,15,19,臺中市,清水區,0,0,0,7,,,50,,,,,,,,,,,,,,,,,,,B03,,,1,,2,,,4,4,1,12,4,120.564934,24.291147,3
8070,66000,387130000C,(04)23274275,(04)23288582,2025,09,20,15,20,臺中市,北屯區,0,0,0,7,,,50,,,,,,,,,,,,,,9,,,,,B12,,,1,8,2,,,21,21,1,12,4,120.680467,24.199267,3
8071,66000,387130000C,(04)23274275,(04)23288582,2025,09,20,15,21,臺中市,東區,0,0,0,7,,,50,,,,,,,,,,,,,,13,,,,,C03,,,1,,1,,,84,84,1,5,4,120.686589,24.135879,3
8072,66000,387130000C,(04)23274275,(04)23288582,2025,09,20,15,22,臺中市,西區,0,0,0,7,,,50,,,,,,,,,,,,,,,,,,,B03,,,1,,1,,,84,84,1,13,4,120.666333,24.152625,3
8073,66000,387130000C,(04)23274275,(04)23288582,2025,09,20,15,23,臺中市,大雅區,0,2,0,7,1,6,50,4,1,1,5,4,6,6,1,1,10,5,5,2,16,3,10,1,1,F01,7,6,7,21,2,13,,48,48,1,3,4,120.643502,24.233018,2
8074,66000,387130000C,(04)23274275,(04)23288582,2025,09,20,15,26,臺中市,西區,0,0,0,7,,,50,,,,,,,,,,,,,,12,,,,,B03,,,1,,2,,,40,40,1,13,4,120.665889,24.139362,3
8075,66000,387130000C,(04)23274275,(04)23288582,2025,09,20,15,26,臺中市,中區,0,1,0,7,2,6,50,3,1,1,5,4,6,6,4,4,10,5,5,2,17,2,9,1,1,C03,7,9,1,10,2,11,,7,7,1,13,4,120.679,24.145992,2
8076,66000,387130000C,(04)23274275,(04)23288582,2025,09,20,15,27,臺中市,南區,0,1,0,7,3,6,40,3,1,1,5,4,6,6,1,1,10,5,5,2,13,3,10,2,1,C03,7,9,1,10,2,11,,7,7,1,13,4,120.669921,24.111746,2
8077,66000,387130000C,(04)23274275,(04)23288582,2025,09,20,15,30,臺中市,北區,0,1,0,6,2,6,40,13,24,1,5,4,6,6,4,4,9,5,4,2,9,3,10,5,4,C03,7,15,1,10,2,15,,85,85,1,13,4,120.678751,24.171164,2
8078,66000,387130000C,(04)23274275,(04)23288582,2025,09,20,15,30,臺中市,大肚區,0,1,0,7,2,6,30,4,1,1,5,4,6,6,4,4,10,5,5,2,10,2,9,1,1,C03,7,9,1,10,2,14,,6,6,1,6,4,120.572987,24.163736,2
8079,66000,387130000C,(04)23274275,(04)23288582,2025,09,20,15,33,臺中市,神岡區,0,3,0,7,2,6,50,4,1,1,5,4,6,6,2,1,10,5,5,1,17,2,9,5,4,C03,7,6,1,10,2,12,,39,39,1,13,4,120.682949,24.246602,2
8080,66000,387130000C,(04)23274275,(04)23288582,2025,09,20,15,35,臺中市,沙鹿區,0,0,0,7,,,60,,,,,,,,,,,,,,,,,,,B03,,,1,,1,,,59,59,1,6,4,120.609258,24.246204,3
8081,66000,387130000C,(04)23274275,(04)23288582,2025,09,20,15,41,臺中市,大雅區,0,3,0,7,2,6,0,13,8,1,5,4,6,6,4,4,1,4,4,1,17,2,9,3,1,B03,7,13,1,8,2,7,,76,76,1,13,4,120.645659,24.224564,2
8082,66000,387130000C,(04)23274275,(04)23288582,2025,09,20,15,41,臺中市,北屯區,0,0,0,7,,,50,,,,,,,,,,,,,,,,,,,B03,,,1,,1,,,84,84,1,13,4,120.727701,24.160925,3
8083,66000,387130000C,(04)23274275,(04)23288582,2025,09,20,15,43,臺中市,西區,0,1,0,7,1,6,30,4,1,1,5,4,6,6,4,4,10,5,5,2,17,2,9,5,4,C03,7,9,1,10,2,14,,15,15,1,12,4,120.659526,24.151443,2
8084,66000,387130000C,(04)23274275,(04)23288582,2025,09,20,15,43,臺中市,西屯區,0,0,0,7,,,40,,,,,,,,,,,,,,13,,,,,C03,,,1,,1,,,7,7,1,13,4,120.650964,24.162311,3
8085,66000,387130000C,(04)23274275,(04)23288582,2025,09,20,16,0,臺中市,南屯區,0,0,0,7,,,50,,,,,,,,,,,,,,17,,,,,B03,,,1,,1,,,7,7,1,12,4,120.646655,24.142962,3
8086,66000,387130000C,(04)23274275,(04)23288582,2025,09,20,16,0,臺中市,太平區,0,0,0,7,,,50,,,,,,,,,,,,,,13,,,,,C03,,,1,,1,,,7,7,1,12,4,120.71171,24.148173,3
8087,66000,387130000C,(04)23274275,(04)23288582,2025,09,20,16,10,臺中市,南屯區,0,0,0,7,,,50,,,,,,,,,,,,,,,,,,,B03,,,1,,2,,,50,50,1,13,4,120.634767,24.151947,3
8088,66000,387130000C,(04)23274275,(04)23288582,2025,09,20,16,10,臺中市,后里區,0,0,0,7,3,6,40,13,7,1,5,4,6,6,4,4,4,4,4,1,17,3,10,3,1,B03,7,1,1,8,2,8,,51,51,1,6,4,120.715891,24.309901,3
8089,66000,387130000C,(04)23274275,(04)23288582,2025,09,20,16,12,臺中市,大里區,0,0,0,6,,,50,,,,,,,,,,,,,,17,,,,,C03,,,1,,2,,,11,11,1,12,4,120.688314,24.106415,3
8090,66000,387130000C,(04)23274275,(04)23288582,2025,09,20,16,16,臺中市,豐原區,0,0,0,7,,,50,,,,,,,,,,,,,,,,,,,B12,,,1,,2,,,68,68,1,13,4,120.721409,24.270706,3
8091,66000,387130000C,(04)23274275,(04)23288582,2025,09,20,16,22,臺中市,北區,0,0,0,7,3,6,50,18,24,1,5,4,6,6,4,4,10,5,5,2,35,,,,,C03,,,1,,1,,,59,59,1,13,4,120.68404,24.155158,3
8092,66000,387130000C,(04)23274275,(04)23288582,2025,09,20,16,22,臺中市,后里區,0,1,0,5,3,6,50,3,1,1,4,4,6,6,1,1,4,4,4,1,16,3,10,3,1,B03,7,6,1,8,2,1,,11,11,1,6,4,120.710425,24.310823,2
8093,66000,387130000C,(04)23274275,(04)23288582,2025,09,20,16,23,臺中市,石岡區,0,0,0,7,,,70,,,,,,,,,,,,,,,,,,,B03,,,1,,1,,,40,40,1,13,4,120.780609,24.274201,3
8094,66000,387130000C,(04)23274275,(04)23288582,2025,09,20,16,24,臺中市,神岡區,0,1,0,7,2,6,50,3,1,1,5,4,6,6,4,4,10,5,5,1,17,3,10,5,4,B03,7,6,1,8,2,8,,59,59,1,13,4,120.704893,24.260029,2
8095,66000,387130000C,(04)23274275,(04)23288582,2025,09,20,16,25,臺中市,西屯區,0,1,0,7,2,6,50,13,8,1,5,4,6,6,4,4,1,4,1,2,12,3,10,3,4,A11,7,7,1,3,2,5,,40,40,1,13,4,120.628865,24.163658,2
8096,66000,387130000C,(04)23274275,(04)23288582,2025,09,20,16,25,臺中市,沙鹿區,0,0,0,7,1,6,40,13,8,1,5,4,6,6,4,4,1,3,4,2,12,,,,,B03,,,1,,2,,,50,50,1,12,4,120.55976,24.234231,3
8097,66000,387130000C,(04)23274275,(04)23288582,2025,09,20,16,29,臺中市,西區,0,2,0,6,2,6,50,3,1,1,5,4,6,6,1,1,10,5,5,2,17,3,10,3,1,B03,7,9,1,8,1,1,,84,84,1,13,4,120.662769,24.143474,2
8098,66000,387130000C,(04)23274275,(04)23288582,2025,09,20,16,30,臺中市,和平區,0,0,0,7,3,2,40,14,2,1,5,4,6,6,4,4,5,5,5,1,12,3,10,3,1,B12,7,1,1,7,2,8,,51,51,1,7,4,121.246234,24.255201,3
8099,66000,387130000C,(04)23274275,(04)23288582,2025,09,20,16,32,臺中市,北屯區,0,1,0,7,2,6,50,13,9,1,5,4,6,6,4,4,5,4,5,2,12,3,10,3,1,B03,7,9,1,8,2,2,,85,85,1,12,4,120.700106,24.170249,2
8100,66000,387130000C,(04)23274275,(04)23288582,2025,09,20,16,38,臺中市,南區,0,1,0,7,1,6,40,4,1,1,5,4,6,6,4,4,10,5,5,2,3,2,9,6,5,H01,8,16,7,21,10,17,,98,98,1,13,5,120.675221,24.124976,2
8101,66000,387130000C,(04)23274275,(04)23288582,2025,09,20,16,38,臺中市,南屯區,0,0,0,7,,,50,,,,,,,,,,,,,,12,,,,,B03,,,1,,1,,,8,8,1,12,4,120.633946,24.146191,3
8102,66000,387130000C,(04)23274275,(04)23288582,2025,09,20,16,42,臺中市,烏日區,0,0,0,7,,,30,,,,,,,,,,,,,,15,,,,,B03,,,1,,1,,,15,15,1,13,4,120.640196,24.066982,3
8103,66000,387130000C,(04)23274275,(04)23288582,2025,09,20,16,45,臺中市,大甲區,0,1,0,7,3,6,70,13,9,1,5,4,6,6,4,4,1,4,4,1,17,2,9,1,1,C03,7,9,1,10,2,12,,59,59,1,6,4,120.610552,24.329842,2
8104,66000,387130000C,(04)23274275,(04)23288582,2025,09,20,16,47,臺中市,豐原區,0,1,0,7,2,6,50,3,1,1,4,4,6,6,3,1,5,5,4,2,18,2,9,1,1,C03,7,9,1,10,2,12,,82,82,1,13,4,120.741853,24.255614,2
8105,66000,387130000C,(04)23274275,(04)23288582,2025,09,20,16,48,臺中市,沙鹿區,0,1,0,7,2,6,30,4,2,1,5,4,6,6,4,4,8,3,5,1,18,2,9,5,4,C01,7,1,1,9,2,12,,84,84,1,13,4,120.555959,24.210339,2
8106,66000,387130000C,(04)23274275,(04)23288582,2025,09,20,16,52,臺中市,南區,0,0,0,7,,,,,,,,,,,,,,,,,17,,,,,,,,,,,,,86,86,1,,,120.652498,24.122127,3
8107,66000,387130000C,(04)23274275,(04)23288582,2025,09,20,16,54,臺中市,神岡區,0,0,0,7,,,50,,,,,,,,,,,,,,13,,,,,B12,,,1,,1,,,84,84,1,13,4,120.700737,24.25103,3
8108,66000,387130000C,(04)23274275,(04)23288582,2025,09,20,16,55,臺中市,南屯區,0,0,0,7,,,50,,,,,,,,,,,,,,13,,,,,B03,,,1,,1,,,56,56,1,12,4,120.650528,24.13185,3
8109,66000,387130000C,(04)23274275,(04)23288582,2025,09,20,16,56,臺中市,西屯區,0,0,0,6,,,40,,,,,,,,,,,,,,13,,,,,C03,,,3,,1,,,7,7,1,12,4,120.643683,24.165684,3
8110,66000,387130000C,(04)23274275,(04)23288582,2025,09,20,16,58,臺中市,西區,0,0,0,7,,,50,,,,,,,,,,,,,,,,,,,B03,,,1,,1,,,8,8,1,13,4,120.65575,24.152503,3
8111,66000,387130000C,(04)23274275,(04)23288582,2025,09,20,17,0,臺中市,南屯區,0,0,0,7,,,50,,,,,,,,,,,,,,13,,,,,B03,,,3,,2,,,59,59,1,12,4,120.632886,24.127485,3
8112,66000,387130000C,(04)23274275,(04)23288582,2025,09,20,17,3,臺中市,西屯區,0,0,0,7,,,30,,,,,,,,,,,,,,12,,,,,B03,,,1,,1,,,8,8,1,13,4,120.645806,24.17405,3
8113,66000,387130000C,(04)23274275,(04)23288582,2025,09,20,17,5,臺中市,大里區,0,0,0,7,,3,80,,,,,,,,,,,,,,13,,,,,B03,,,1,,2,,,61,61,1,12,4,120.682507,24.081422,3
8114,66000,387130000C,(04)23274275,(04)23288582,2025,09,20,17,9,臺中市,北屯區,0,1,0,7,2,3,80,13,9,1,5,4,6,6,4,4,3,3,5,2,13,3,10,3,1,B03,7,9,1,8,2,1,,84,84,1,13,4,120.670616,24.201155,2
8115,66000,387130000C,(04)23274275,(04)23288582,2025,09,20,17,10,臺中市,烏日區,0,3,0,7,3,6,30,4,1,1,5,4,6,6,4,4,10,5,5,2,15,2,9,1,1,C03,7,9,1,10,2,12,,15,15,1,6,4,120.640597,24.062364,2
8116,66000,387130000C,(04)23274275,(04)23288582,2025,09,20,17,13,臺中市,豐原區,0,1,0,7,2,6,50,3,1,1,5,4,6,6,4,4,10,5,5,2,17,2,7,2,1,C02,7,9,3,19,2,11,,7,7,1,13,4,120.715278,24.240551,2
8117,66000,387130000C,(04)23274275,(04)23288582,2025,09,20,17,14,臺中市,南屯區,0,0,0,7,,,50,,,,,,,,,,,,,,,,,,,B03,,,1,,2,,,11,11,1,13,4,120.635711,24.143383,3
8118,66000,387130000C,(04)23274275,(04)23288582,2025,09,20,17,15,臺中市,豐原區,0,1,0,7,2,6,50,13,7,1,5,4,6,6,4,4,4,5,4,2,16,3,10,5,4,B03,7,11,1,8,3,7,,34,34,1,13,4,120.731868,24.242075,2
8119,66000,387130000C,(04)23274275,(04)23288582,2025,09,20,17,16,臺中市,烏日區,0,1,0,5,2,6,70,5,1,1,4,4,6,6,1,1,10,5,5,2,17,2,7,5,4,C03,7,9,1,10,2,12,,85,85,1,5,4,120.600198,24.110688,2
8120,66000,387130000C,(04)23274275,(04)23288582,2025,09,20,17,18,臺中市,北屯區,0,0,0,7,,,50,,,,,,,,,,,,,,9,,,,,B03,,,1,8,2,,,85,85,1,12,4,120.695365,24.183421,3
8121,66000,387130000C,(04)23274275,(04)23288582,2025,09,20,17,19,臺中市,豐原區,0,1,0,7,1,6,60,11,9,1,5,4,6,6,4,4,1,4,5,1,18,2,9,1,1,C03,7,9,1,10,8,16,,53,53,1,12,4,120.732277,24.265547,2
8122,66000,387130000C,(04)23274275,(04)23288582,2025,09,20,17,20,臺中市,西屯區,0,0,0,7,,,50,,,,,,,,,,,,,,16,,,,,B03,,,1,,1,,,40,40,1,13,4,120.637282,24.170901,3
8123,66000,387130000C,(04)23274275,(04)23288582,2025,09,20,17,23,臺中市,南區,0,0,0,7,,,50,,,,,,,,,,,,,,17,,,,,B03,,,1,,2,,,59,59,1,12,4,120.649737,24.116683,3
8124,66000,387130000C,(04)23274275,(04)23288582,2025,09,20,17,25,臺中市,北屯區,0,0,0,7,,,50,,,,,,,,,,,,,,16,,,,,B03,,,1,,1,,,14,14,1,6,4,120.695482,24.165253,3
8125,66000,387130000C,(04)23274275,(04)23288582,2025,09,20,17,25,臺中市,大里區,0,0,0,7,,,30,,,,,,,,,,,,,,,,,,,B03,,,1,,11,,,49,49,1,12,4,120.705173,24.083647,3
8126,66000,387130000C,(04)23274275,(04)23288582,2025,09,20,17,26,臺中市,大安區,1,2,0,7,2,6,50,4,1,1,5,4,6,6,1,1,5,5,5,1,15,1,9,1,1,C03,7,9,5,19,9,11,,21,21,1,12,4,120.607784,24.372847,1
8127,66000,387130000C,(04)23274275,(04)23288582,2025,09,20,17,27,臺中市,西區,0,0,0,7,,,50,,,,,,,,,,,,,,12,,,,,B03,,,1,,1,,,40,40,1,12,4,120.654524,24.146918,3
8128,66000,387130000C,(04)23274275,(04)23288582,2025,09,20,17,29,臺中市,西區,0,2,0,7,2,6,50,5,1,1,5,4,6,6,1,1,10,5,5,2,16,3,10,1,1,C04,7,6,1,10,2,11,,11,11,1,12,4,120.671987,24.140726,2
8129,66000,387130000C,(04)23274275,(04)23288582,2025,09,20,17,29,臺中市,大甲區,0,1,0,7,3,6,50,4,1,1,5,4,6,6,1,1,10,5,5,2,16,3,10,3,1,B03,7,5,1,8,2,2,,11,11,1,6,4,120.651326,24.38114,2
8130,66000,387130000C,(04)23274275,(04)23288582,2025,09,20,17,32,臺中市,北區,0,1,0,7,2,6,50,4,1,1,5,4,6,6,4,4,10,5,5,2,15,2,8,1,1,C03,7,9,1,9,2,11,,15,15,1,12,4,120.677627,24.15819,2
8131,66000,387130000C,(04)23274275,(04)23288582,2025,09,20,17,38,臺中市,南屯區,0,0,0,7,,,50,,,,,,,,,,,,,,17,,,,,C03,,,1,,1,,,84,84,1,12,4,120.647086,24.153641,3
8132,66000,387130000C,(04)23274275,(04)23288582,2025,09,20,17,38,臺中市,南屯區,0,0,0,7,1,6,50,13,9,1,5,4,6,6,1,1,5,2,5,2,13,,,,,B03,,,1,,1,,,7,7,1,12,4,120.649995,24.132043,3
8133,66000,387130000C,(04)23274275,(04)23288582,2025,09,20,17,40,臺中市,南屯區,0,1,0,7,2,6,30,3,1,1,5,4,6,6,4,4,9,5,5,2,17,3,10,1,1,C03,7,6,1,10,2,13,,14,14,1,12,4,120.642863,24.140126,2
8134,66000,387130000C,(04)23274275,(04)23288582,2025,09,20,17,43,臺中市,南屯區,0,2,0,7,2,6,50,13,8,1,5,4,6,6,4,4,9,5,4,2,3,2,9,6,5,H01,8,18,7,21,10,17,,95,95,1,13,5,120.635802,24.149173,2
8135,66000,387130000C,(04)23274275,(04)23288582,2025,09,20,17,43,臺中市,霧峰區,0,0,0,5,,,40,,,,,,,,,,,,,,,,,,,C03,,,1,,2,,,84,84,1,5,4,120.686489,24.049216,3
8136,66000,387130000C,(04)23274275,(04)23288582,2025,09,20,17,45,臺中市,南屯區,0,1,0,7,2,6,50,4,3,1,5,4,6,6,1,1,10,5,5,2,18,2,9,1,1,C03,7,9,1,10,2,14,,84,84,1,12,4,120.628448,24.145038,2
8137,66000,387130000C,(04)23274275,(04)23288582,2025,09,20,17,45,臺中市,沙鹿區,0,0,0,7,,,60,,,,,,,,,,,,,,17,,,,,B03,,,1,,2,,,49,49,1,12,4,120.586433,24.24979,3
8138,66000,387130000C,(04)23274275,(04)23288582,2025,09,20,17,46,臺中市,南區,0,0,0,7,,,50,,,,,,,,,,,,,,13,,,,,C03,,,1,,1,,,61,61,1,6,4,120.646053,24.110961,3
8139,66000,387130000C,(04)23274275,(04)23288582,2025,09,20,17,51,臺中市,北屯區,0,0,0,7,,,50,,,,,,,,,,,,,,,,,,,B03,,,1,,1,,,84,84,1,13,4,120.65961,24.190319,4
8140,66000,387130000C,(04)23274275,(04)23288582,2025,09,20,17,52,臺中市,大里區,0,2,0,7,1,6,50,4,1,1,5,4,6,6,2,1,5,5,4,2,16,2,7,1,1,C03,7,9,1,10,2,12,14,7,7,1,6,4,120.679702,24.109332,2
8141,66000,387130000C,(04)23274275,(04)23288582,2025,09,20,17,54,臺中市,清水區,0,1,0,7,3,6,50,3,1,1,5,4,6,6,1,1,5,5,5,1,17,3,10,3,1,B03,7,5,1,8,2,2,,11,11,1,12,4,120.541912,24.262627,2
8142,66000,387130000C,(04)23274275,(04)23288582,2025,09,20,18,0,臺中市,東區,0,4,0,7,3,6,50,3,1,1,5,4,6,6,4,4,1,5,5,2,17,2,9,2,1,C03,7,7,1,10,2,14,,85,85,1,13,4,120.694569,24.149405,2
8143,66000,387130000C,(04)23274275,(04)23288582,2025,09,20,18,6,臺中市,豐原區,0,0,0,7,,,50,,,,,,,,,,,,,,,,,,,C03,,,1,,1,,,7,7,1,13,4,120.718838,24.250573,3
8144,66000,387130000C,(04)23274275,(04)23288582,2025,09,20,18,7,臺中市,南屯區,0,0,0,7,,,50,,,,,,,,,,,,,,13,,,,,B03,,,1,,1,,,59,59,1,12,4,120.636627,24.154458,3
8145,66000,387130000C,(04)23274275,(04)23288582,2025,09,20,18,8,臺中市,西屯區,0,0,0,7,,,30,,,,,,,,,,,,,,,,,,,B03,,,1,,2,,,49,49,1,12,4,120.654697,24.166799,3
8146,66000,387130000C,(04)23274275,(04)23288582,2025,09,20,18,10,臺中市,北屯區,0,0,0,7,,3,80,,,,,,,,,,,,,,13,,,,,B03,,,1,,1,,,7,7,1,6,4,120.722095,24.186129,3
8147,66000,387130000C,(04)23274275,(04)23288582,2025,09,20,18,11,臺中市,西屯區,0,0,0,7,,3,80,,,,,,,,,,,,,,13,,,,,B03,,,1,,1,,,7,7,1,13,4,120.630137,24.165668,3
8148,66000,387130000C,(04)23274275,(04)23288582,2025,09,20,18,12,臺中市,石岡區,0,0,0,7,,,50,,,,,,,,,,,,,,13,,,,,C03,,,1,,1,,,7,7,1,13,4,120.766688,24.278275,3
8149,66000,387130000C,(04)23274275,(04)23288582,2025,09,20,18,14,臺中市,北區,0,0,0,7,,,50,,,,,,,,,,,,,,17,,,,,B12,,,1,,2,,,8,8,1,13,4,120.683437,24.15371,3
8150,66000,387130000C,(04)23274275,(04)23288582,2025,09,20,18,17,臺中市,西區,0,0,0,7,,,50,,,,,,,,,,,,,,,,,,,B03,,,1,,9,,,84,84,1,12,4,120.659809,24.154721,3
8151,66000,387130000C,(04)23274275,(04)23288582,2025,09,20,18,18,臺中市,大里區,0,1,0,7,1,6,50,3,1,1,5,4,6,6,1,1,10,5,5,2,17,3,10,3,1,B03,7,5,1,8,2,2,,20,20,1,6,2,120.696482,24.08644,2
8152,66000,387130000C,(04)23274275,(04)23288582,2025,09,20,18,20,臺中市,北屯區,0,0,0,7,,,50,,,,,,,,,,,,,,13,,,,,B01,,,1,,1,,,7,7,1,12,4,120.704456,24.171187,3
8153,66000,387130000C,(04)23274275,(04)23288582,2025,09,20,18,24,臺中市,北屯區,0,0,0,7,,,50,,,,,,,,,,,,,,13,,,,,B03,,,1,,1,,,59,59,1,13,4,120.696908,24.169004,3
8154,66000,387130000C,(04)23274275,(04)23288582,2025,09,20,18,28,臺中市,潭子區,0,0,0,7,,,60,,,,,,,,,,,,,,,,,,,B03,,,1,,2,,,40,40,1,13,4,120.703961,24.202926,3
8155,66000,387130000C,(04)23274275,(04)23288582,2025,09,20,18,33,臺中市,神岡區,0,0,0,7,1,6,50,13,14,1,5,4,6,6,4,4,2,4,5,1,18,3,10,5,4,C03,7,9,3,19,7,16,,59,59,1,12,4,120.673374,24.28173,3
8156,66000,387130000C,(04)23274275,(04)23288582,2025,09,20,18,42,臺中市,西屯區,0,0,0,7,,,50,,,,,,,,,,,,,,16,,,,,B03,,,1,,2,,,11,11,1,13,4,120.648127,24.169515,3
8157,66000,387130000C,(04)23274275,(04)23288582,2025,09,20,18,48,臺中市,北區,0,0,0,7,,,40,,,,,,,,,,,,,,17,,,,,B03,,,1,,1,,,8,8,1,13,4,120.689398,24.153184,3
8158,66000,387130000C,(04)23274275,(04)23288582,2025,09,20,18,50,臺中市,西屯區,0,0,0,7,,,30,,,,,,,,,,,,,,12,,,,,B02,,,1,,1,,,59,59,1,13,4,120.64426,24.181692,3
8159,66000,387130000C,(04)23274275,(04)23288582,2025,09,20,18,50,臺中市,沙鹿區,0,0,0,7,1,6,60,13,7,1,5,4,6,6,1,1,1,3,4,2,13,,,,,B03,,,1,,2,,,7,7,1,12,4,120.55679,24.212767,3
8160,66000,387130000C,(04)23274275,(04)23288582,2025,09,20,18,52,臺中市,大里區,0,0,0,7,,,50,,,,,,,,,,,,,,12,,,,,B01,,,1,,2,,,51,51,1,12,4,120.708243,24.086685,3
8161,66000,387130000C,(04)23274275,(04)23288582,2025,09,20,18,53,臺中市,南區,0,2,0,7,1,6,40,4,1,1,5,4,6,6,2,1,10,5,5,2,13,2,9,5,4,C03,7,9,1,10,2,14,,7,7,1,13,4,120.679022,24.118938,2
8162,66000,387130000C,(04)23274275,(04)23288582,2025,09,20,19,0,臺中市,大安區,0,2,0,7,1,6,50,3,2,1,5,4,6,6,4,4,10,5,5,2,2,2,9,1,1,F03,7,9,7,21,2,11,,59,59,1,6,4,120.601694,24.372582,2
8163,66000,387130000C,(04)23274275,(04)23288582,2025,09,20,19,3,臺中市,西屯區,0,0,0,7,,,60,,,,,,,,,,,,,,13,,,,,B03,,,1,,2,,,56,56,1,12,4,120.643943,24.165823,3
8164,66000,387130000C,(04)23274275,(04)23288582,2025,09,20,19,12,臺中市,北區,0,0,0,7,,,50,,,,,,,,,,,,,,12,,,,,C03,,,1,,2,,,51,51,1,13,4,120.68836,24.152663,3
8165,66000,387130000C,(04)23274275,(04)23288582,2025,09,20,19,19,臺中市,豐原區,0,0,0,7,,,50,,,,,,,,,,,,,,12,,,,,B03,,,1,,2,,,8,8,1,13,4,120.724818,24.240941,3