﻿序號,縣市別代碼,機關代碼,市話,傳真,年,月,日,時,分,縣市,區,死亡數量,受傷數量,2-30,天候,道路照明設備,道路類別,道路速限,道路型態,事故位置,路面鋪裝,路面狀態,路面缺陷,障礙物,視距,號誌種類,號誌動作,分向設施,快車道或一般車道間,快慢車道間,路面邊線,事故類型及型態,受傷程度,主要傷處,保護裝備,行動電話或功能裝置,當事者區分_類別,車輛用途,當事者行動狀態,駕照狀態,駕照種類,飲酒情形,車輛撞擊部位最初,車輛撞擊部位其他,肇事因素個別,肇事因素主要,肇事逃逸,職業,共享經濟或外送平台,GPS座標X,GPS座標Y,事故類別
8166,66000,387130000C,(04)23274275,(04)23288582,2025,09,20,19,30,臺中市,北屯區,0,0,0,7,,,50,,,,,,,,,,,,,,17,,,,,B03,,,1,,1,,,84,84,1,6,4,120.672037,24.174071,3
8167,66000,387130000C,(04)23274275,(04)23288582,2025,09,20,19,31,臺中市,南屯區,0,0,0,7,,,50,,,,,,,,,,,,,,,,,,,B03,,,1,,1,,,26,26,1,13,4,120.622643,24.150214,3
8168,66000,387130000C,(04)23274275,(04)23288582,2025,09,20,19,37,臺中市,西屯區,0,0,0,7,,,30,,,,,,,,,,,,,,17,,,,,B03,,,3,,9,,,49,49,1,12,4,120.660394,24.196802,3
8169,66000,387130000C,(04)23274275,(04)23288582,2025,09,20,19,41,臺中市,太平區,0,0,0,7,,3,40,,,,,,,,,,,,,,13,,,,,B03,,,1,,2,,,84,84,1,12,4,120.717851,24.158642,3
8170,66000,387130000C,(04)23274275,(04)23288582,2025,09,20,19,45,臺中市,大里區,0,1,0,6,2,6,50,13,8,1,5,4,6,6,4,4,5,5,4,1,30,2,9,1,1,C03,7,14,1,10,2,13,,87,87,1,12,4,120.679769,24.11514,2
8171,66000,387130000C,(04)23274275,(04)23288582,2025,09,20,19,49,臺中市,北區,0,0,0,7,,,50,,,,,,,,,,,,,,17,,,,,B03,,,1,,1,5,,51,51,1,12,4,120.6831,24.149034,3
8172,66000,387130000C,(04)23274275,(04)23288582,2025,09,20,19,50,臺中市,西屯區,0,1,0,7,1,6,40,13,8,1,5,4,6,6,4,4,1,4,1,2,12,2,8,5,4,C03,7,8,1,10,2,14,11,40,40,1,12,4,120.65495,24.159262,2
8173,66000,387130000C,(04)23274275,(04)23288582,2025,09,20,20,1,臺中市,大肚區,0,0,0,7,,,30,,,,,,,,,,,,,,11,,,,,B03,,,1,,1,,,8,8,1,6,4,120.565377,24.123271,3
8174,66000,387130000C,(04)23274275,(04)23288582,2025,09,20,20,2,臺中市,東區,0,0,0,7,,,50,,,,,,,,,,,,,,17,,,,,C03,,,1,,2,,,84,84,1,12,4,120.708464,24.146624,3
8175,66000,387130000C,(04)23274275,(04)23288582,2025,09,20,20,4,臺中市,西屯區,0,0,0,7,,,30,,,,,,,,,,,,,,13,,,,,B03,,,1,,1,,,59,59,1,13,4,120.620197,24.181597,3
8176,66000,387130000C,(04)23274275,(04)23288582,2025,09,20,20,8,臺中市,豐原區,0,0,0,7,,,50,,,,,,,,,,,,,,,,,,,B03,,,1,,2,,,7,7,1,13,4,120.729523,24.255194,3
8177,66000,387130000C,(04)23274275,(04)23288582,2025,09,20,20,30,臺中市,沙鹿區,0,1,0,7,1,6,1,13,7,1,5,4,6,6,3,1,1,3,1,2,17,3,10,3,1,B03,7,11,1,8,2,16,,87,87,1,12,4,120.563155,24.246919,2
8178,66000,387130000C,(04)23274275,(04)23288582,2025,09,20,20,40,臺中市,北區,0,0,0,7,,,50,,,,,,,,,,,,,,13,,,,,C03,,,1,,1,,,7,7,1,13,4,120.685089,24.161558,3
8179,66000,387130000C,(04)23274275,(04)23288582,2025,09,20,20,40,臺中市,西屯區,0,0,0,7,,,50,,,,,,,,,,,,,,9,,,,,C03,,,1,,1,,,8,8,1,12,4,120.61284,24.186694,3
8180,66000,387130000C,(04)23274275,(04)23288582,2025,09,20,20,42,臺中市,大安區,0,0,0,7,,,50,,,,,,,,,,,,,,,,,,,B02,,,1,,1,,,4,4,1,6,4,120.593744,24.386525,3
8181,66000,387130000C,(04)23274275,(04)23288582,2025,09,20,20,43,臺中市,北屯區,0,1,0,7,1,6,50,4,2,1,5,4,6,6,2,1,10,5,5,2,13,2,8,2,1,C03,7,12,1,10,2,11,,7,7,1,12,4,120.704617,24.169754,2
8182,66000,387130000C,(04)23274275,(04)23288582,2025,09,20,20,46,臺中市,南屯區,0,0,0,7,1,6,40,4,8,1,5,4,6,6,1,1,5,4,4,2,13,3,10,3,1,B03,7,9,1,8,4,8,,84,84,1,12,4,120.642632,24.148797,3
8183,66000,387130000C,(04)23274275,(04)23288582,2025,09,20,20,47,臺中市,沙鹿區,0,2,0,6,1,6,50,5,1,1,5,4,6,6,4,4,5,4,4,2,16,2,9,1,1,C03,7,6,1,10,2,11,,14,14,1,12,4,120.560972,24.237795,2
8184,66000,387130000C,(04)23274275,(04)23288582,2025,09,20,20,49,臺中市,太平區,0,1,0,7,1,6,50,5,1,1,5,4,6,6,1,1,10,5,5,2,16,2,9,1,1,C03,7,11,1,10,2,14,,45,45,1,12,4,120.71123,24.126676,2
8185,66000,387130000C,(04)23274275,(04)23288582,2025,09,20,20,51,臺中市,東區,0,2,0,7,1,6,50,4,1,1,5,4,6,6,2,1,10,5,5,2,16,4,11,1,1,C03,7,6,3,19,11,12,,23,23,1,13,4,120.700235,24.138859,2
8186,66000,387130000C,(04)23274275,(04)23288582,2025,09,20,20,55,臺中市,北區,0,1,0,7,2,6,50,4,1,1,5,4,6,6,1,1,5,4,4,2,17,3,10,5,1,B03,7,6,1,8,2,8,,7,7,1,13,4,120.676489,24.159195,2
8187,66000,387130000C,(04)23274275,(04)23288582,2025,09,20,20,55,臺中市,南屯區,0,0,0,7,,,50,,,,,,,,,,,,,,13,,,,,C03,,,1,,2,,,7,7,1,12,4,120.64989,24.146809,3
8188,66000,387130000C,(04)23274275,(04)23288582,2025,09,20,20,57,臺中市,北區,0,1,0,7,1,6,50,5,1,1,5,4,6,6,1,1,10,5,5,2,13,2,9,5,4,C03,7,15,1,10,2,11,,7,7,1,13,4,120.68581,24.154872,2
8189,66000,387130000C,(04)23274275,(04)23288582,2025,09,20,21,6,臺中市,大雅區,0,1,0,7,1,6,30,3,2,1,5,4,6,6,4,4,10,5,5,1,25,2,7,1,1,F03,7,9,7,21,2,11,,84,84,1,13,4,120.669546,24.23033,2
8190,66000,387130000C,(04)23274275,(04)23288582,2025,09,20,21,15,臺中市,沙鹿區,0,0,0,7,,,50,,,,,,,,,,,,,,17,,,,,B03,,,1,,2,,,8,8,1,6,4,120.561424,24.242307,3
8191,66000,387130000C,(04)23274275,(04)23288582,2025,09,20,21,18,臺中市,西屯區,0,0,0,7,,,50,,,,,,,,,,,,,,17,,,,,C03,,,1,,2,,,45,45,1,13,4,120.644535,24.174275,3
8192,66000,387130000C,(04)23274275,(04)23288582,2025,09,20,21,20,臺中市,中區,0,0,0,7,,,,,,,,,,,,,,,,,17,,,,,,,,,,,,,86,86,1,,,120.680102,24.147402,3
8193,66000,387130000C,(04)23274275,(04)23288582,2025,09,20,21,30,臺中市,西區,0,1,0,7,1,6,50,13,9,1,5,4,6,6,4,4,9,4,5,2,17,3,10,1,1,C03,7,11,1,10,2,13,,39,39,1,12,4,120.659855,24.146823,2
8194,66000,387130000C,(04)23274275,(04)23288582,2025,09,20,21,32,臺中市,南屯區,0,0,0,7,,,50,,,,,,,,,,,,,,14,,,,,B03,,,1,,1,,,49,49,1,12,4,120.636584,24.154374,3
8195,66000,387130000C,(04)23274275,(04)23288582,2025,09,20,21,43,臺中市,大里區,0,1,0,7,1,6,40,4,1,1,5,4,6,6,4,4,10,5,5,2,15,2,9,2,1,C03,7,9,1,10,2,11,,20,20,1,6,4,120.713515,24.084764,2
8196,66000,387130000C,(04)23274275,(04)23288582,2025,09,20,21,57,臺中市,外埔區,0,0,0,7,1,6,50,3,2,1,5,4,6,6,1,1,4,2,4,1,13,3,10,3,1,B03,7,6,1,8,2,8,,84,84,1,12,4,120.639558,24.341604,3
8197,66000,387130000C,(04)23274275,(04)23288582,2025,09,20,21,59,臺中市,北區,0,3,0,7,1,6,50,4,1,1,5,4,6,6,4,4,10,5,5,2,17,2,9,1,1,C03,7,9,1,10,2,11,,59,59,1,10,4,120.683092,24.159087,2
8198,66000,387130000C,(04)23274275,(04)23288582,2025,09,20,21,59,臺中市,南區,0,1,0,7,1,6,50,13,9,1,5,4,6,6,4,4,1,4,5,2,17,3,10,5,4,B03,7,1,1,8,2,4,,51,51,1,13,4,120.65738,24.131073,2
8199,66000,387130000C,(04)23274275,(04)23288582,2025,09,20,22,1,臺中市,太平區,0,0,0,7,,,30,,,,,,,,,,,,,,,,,,,B03,,,1,,2,,,84,84,1,12,4,120.734171,24.14709,3
8200,66000,387130000C,(04)23274275,(04)23288582,2025,09,20,22,17,臺中市,東區,0,1,0,7,1,6,50,3,1,1,5,4,6,6,2,1,10,5,5,2,17,2,9,1,1,C03,7,9,1,10,2,12,,84,84,1,12,4,120.700504,24.134025,2
8201,66000,387130000C,(04)23274275,(04)23288582,2025,09,20,22,20,臺中市,北區,0,0,0,7,,,50,,,,,,,,,,,,,,13,,,,,B03,,,1,,1,,,84,84,1,12,4,120.669257,24.162958,4
8202,66000,387130000C,(04)23274275,(04)23288582,2025,09,20,22,23,臺中市,西屯區,0,0,0,7,,,30,,,,,,,,,,,,,,9,,,,,C03,,,1,,2,,,50,50,1,12,4,120.646027,24.179891,3
8203,66000,387130000C,(04)23274275,(04)23288582,2025,09,20,22,27,臺中市,梧棲區,0,1,0,7,1,6,50,13,9,1,5,4,6,6,4,4,5,5,5,1,18,2,9,1,1,C04,7,9,1,10,8,14,,59,59,1,12,4,120.536421,24.239875,2
8204,66000,387130000C,(04)23274275,(04)23288582,2025,09,20,22,31,臺中市,大里區,0,0,0,7,,,50,,,,,,,,,,,,,,17,,,,,C03,,,2,,1,,,58,58,1,6,4,120.689992,24.10842,3
8205,66000,387130000C,(04)23274275,(04)23288582,2025,09,20,22,37,臺中市,北區,0,0,0,7,,,50,,,,,,,,,,,,,,16,,,,,B03,,,1,,1,5,,47,47,1,12,4,120.678279,24.14853,3
8206,66000,387130000C,(04)23274275,(04)23288582,2025,09,20,22,55,臺中市,西區,0,1,0,7,1,6,50,4,2,1,5,4,6,6,1,1,3,2,4,2,13,2,8,1,1,C03,7,9,1,10,2,11,,84,84,1,13,4,120.669777,24.144211,2
8207,66000,387130000C,(04)23274275,(04)23288582,2025,09,20,22,59,臺中市,西屯區,0,1,0,7,1,6,50,3,1,1,5,4,6,6,2,1,10,5,5,2,16,,,,,,,6,,,,,,86,86,2,,,120.655352,24.178128,2
8208,66000,387130000C,(04)23274275,(04)23288582,2025,09,20,23,5,臺中市,大肚區,0,1,0,7,1,6,50,12,9,1,5,4,6,6,4,4,5,4,5,2,18,2,9,1,1,C03,7,9,1,10,2,12,,6,6,1,5,4,120.551396,24.157779,2
8209,66000,387130000C,(04)23274275,(04)23288582,2025,09,20,23,7,臺中市,西屯區,0,0,0,6,,,40,,,,,,,,,,,,,,,,,,,B02,,,1,,2,,,45,45,1,13,4,120.642607,24.169387,3
8210,66000,387130000C,(04)23274275,(04)23288582,2025,09,20,23,48,臺中市,大里區,0,0,0,7,,,50,,,,,,,,,,,,,,,,,,,B03,,,1,,2,,,84,84,1,12,4,120.679232,24.115411,3
8211,66000,387130000C,(04)23274275,(04)23288582,2025,09,20,23,55,臺中市,霧峰區,0,1,0,6,1,6,50,4,1,1,5,4,6,6,1,1,10,5,5,2,16,3,10,3,1,B03,7,5,1,8,2,2,,47,47,1,12,4,120.671279,24.043233,2
8212,66000,387130000C,(04)23274275,(04)23288582,2025,09,21,0,30,臺中市,太平區,0,2,0,7,1,6,50,4,2,1,5,4,6,6,2,1,5,5,4,2,13,3,10,3,1,B12,7,9,1,8,2,5,,84,84,1,12,4,120.718057,24.116914,2
8213,66000,387130000C,(04)23274275,(04)23288582,2025,09,21,0,42,臺中市,大肚區,0,0,0,6,,,40,,,,,,,,,,,,,,12,,,,,B01,,,1,,2,,,8,8,1,6,4,120.582694,24.168149,4
8214,66000,387130000C,(04)23274275,(04)23288582,2025,09,21,1,8,臺中市,北屯區,0,0,0,7,,,50,,,,,,,,,,,,,,17,,,,,B03,,,1,,2,,,49,49,1,12,4,120.685099,24.177791,3
8215,66000,387130000C,(04)23274275,(04)23288582,2025,09,21,1,20,臺中市,北屯區,0,0,0,7,,,50,,,,,,,,,,,,,,,,,,,B03,,,1,,2,,,49,49,1,12,4,120.687067,24.188105,3
8216,66000,387130000C,(04)23274275,(04)23288582,2025,09,21,1,27,臺中市,西屯區,0,2,0,6,1,6,30,11,9,1,5,4,6,6,4,4,10,5,5,2,6,2,9,6,5,H01,8,18,7,21,10,17,,98,98,1,13,5,120.646417,24.177896,2
8217,66000,387130000C,(04)23274275,(04)23288582,2025,09,21,2,10,臺中市,中區,0,0,0,7,,,50,,,,,,,,,,,,,,,,,,,B01,,,1,4,2,,,84,84,1,13,4,120.683777,24.139139,3
8218,66000,387130000C,(04)23274275,(04)23288582,2025,09,21,2,45,臺中市,中區,0,0,0,7,,,50,,,,,,,,,,,,,,11,,,,,B03,,,1,,2,,,8,8,1,12,4,120.676719,24.142788,3
8219,66000,387130000C,(04)23274275,(04)23288582,2025,09,21,3,56,臺中市,大里區,0,0,0,7,,,50,,,,,,,,,,,,,,,,,,,B03,,,1,,2,,,84,84,1,12,4,120.688019,24.094262,3
8220,66000,387130000C,(04)23274275,(04)23288582,2025,09,21,5,18,臺中市,大里區,0,1,0,7,2,6,50,3,2,1,5,4,6,6,4,4,10,5,5,2,17,2,8,1,1,C03,7,5,3,19,2,12,,84,84,1,12,4,120.691434,24.106208,2
8221,66000,387130000C,(04)23274275,(04)23288582,2025,09,21,5,26,臺中市,西屯區,0,0,0,7,,,30,,,,,,,,,,,,,,,,,,,B03,,,1,,9,,,59,59,1,12,4,120.648841,24.182898,3
8222,66000,387130000C,(04)23274275,(04)23288582,2025,09,21,5,28,臺中市,大雅區,0,1,0,7,3,6,30,4,2,1,5,4,6,6,4,4,5,2,5,1,17,3,10,3,1,B01,7,9,1,8,2,1,,12,12,1,12,4,120.661903,24.218079,2
8223,66000,387130000C,(04)23274275,(04)23288582,2025,09,21,5,48,臺中市,大雅區,0,0,0,7,,,30,,,,,,,,,,,,,,,,,,,B03,,,1,,1,,,87,87,1,12,4,120.65436,24.22499,3
8224,66000,387130000C,(04)23274275,(04)23288582,2025,09,21,5,53,臺中市,西屯區,0,1,0,7,2,6,50,4,1,1,5,4,6,6,1,1,10,5,5,1,13,3,10,3,1,B03,7,9,1,8,8,1,,59,59,1,12,4,120.602345,24.182673,2
8225,66000,387130000C,(04)23274275,(04)23288582,2025,09,21,6,10,臺中市,西屯區,0,1,0,7,2,6,50,4,1,1,5,4,6,6,2,1,10,5,5,2,16,3,10,3,1,B03,7,6,1,8,2,2,,26,26,1,13,4,120.650691,24.175853,2
8226,66000,387130000C,(04)23274275,(04)23288582,2025,09,21,6,13,臺中市,北區,0,1,0,7,2,6,50,4,1,1,5,4,6,6,1,1,10,5,5,2,17,3,10,5,4,B03,7,11,5,19,2,6,,45,45,1,12,4,120.677536,24.150592,2
8227,66000,387130000C,(04)23274275,(04)23288582,2025,09,21,6,24,臺中市,南區,0,0,0,7,,,50,,,,,,,,,,,,,,,,,,,B03,,,1,,9,,,7,7,1,12,4,120.661576,24.127852,3
8228,66000,387130000C,(04)23274275,(04)23288582,2025,09,21,6,35,臺中市,清水區,0,0,0,7,2,6,50,4,2,1,5,4,6,6,4,4,8,3,5,1,12,,,,,B03,,,1,,9,,,7,7,1,12,4,120.548232,24.264399,3
8229,66000,387130000C,(04)23274275,(04)23288582,2025,09,21,6,45,臺中市,南屯區,0,1,0,7,2,6,50,4,1,1,5,4,6,6,2,1,5,5,5,2,15,2,9,1,1,C03,7,9,5,8,2,14,,21,21,1,6,4,120.616631,24.15355,2
8230,66000,387130000C,(04)23274275,(04)23288582,2025,09,21,7,18,臺中市,東區,0,1,0,7,3,6,50,13,9,1,5,4,6,6,2,1,5,5,5,2,17,3,10,5,4,B12,7,9,1,8,2,2,,87,87,1,6,4,120.690653,24.13471,2
8231,66000,387130000C,(04)23274275,(04)23288582,2025,09,21,7,20,臺中市,南屯區,0,0,0,7,,,50,,,,,,,,,,,,,,,,,,,B01,,,1,,2,,,59,59,1,12,4,120.629286,24.150923,3
8232,66000,387130000C,(04)23274275,(04)23288582,2025,09,21,7,21,臺中市,西區,0,1,0,7,2,6,50,13,9,1,5,4,6,6,4,4,1,4,5,2,17,2,9,2,1,C03,7,9,1,9,8,12,,84,84,1,12,4,120.654414,24.151009,2
8233,66000,387130000C,(04)23274275,(04)23288582,2025,09,21,7,28,臺中市,南屯區,0,1,0,7,3,6,50,13,8,1,5,4,6,6,4,4,1,4,4,2,16,3,10,3,1,B03,7,7,1,8,2,2,,40,40,1,6,4,120.641889,24.151239,2
8234,66000,387130000C,(04)23274275,(04)23288582,2025,09,21,7,43,臺中市,豐原區,0,0,0,7,,,50,,,,,,,,,,,,,,30,,,,,B03,,,1,,2,,,84,84,1,12,4,120.724995,24.251526,3
8235,66000,387130000C,(04)23274275,(04)23288582,2025,09,21,7,48,臺中市,太平區,0,0,0,7,,,30,,,,,,,,,,,,,,16,,,,,B12,,,1,,2,,,12,12,1,6,4,120.712642,24.125812,3
8236,66000,387130000C,(04)23274275,(04)23288582,2025,09,21,7,56,臺中市,和平區,0,0,0,7,,,40,,,,,,,,,,,,,,17,,,,,B03,,,1,,1,,,49,49,1,12,4,120.879175,24.173644,3
8237,66000,387130000C,(04)23274275,(04)23288582,2025,09,21,8,2,臺中市,沙鹿區,0,1,0,7,2,6,50,3,1,1,5,4,6,6,1,1,3,4,3,2,17,3,10,3,1,B03,7,5,1,8,2,2,,38,38,1,13,4,120.581421,24.209662,2
8238,66000,387130000C,(04)23274275,(04)23288582,2025,09,21,8,4,臺中市,潭子區,0,0,0,7,,,60,,,,,,,,,,,,,,,,,,,B03,,,1,,2,,,40,40,1,13,4,120.705745,24.21767,3
8239,66000,387130000C,(04)23274275,(04)23288582,2025,09,21,8,16,臺中市,北屯區,0,1,0,7,3,6,30,4,1,1,5,4,6,6,4,4,10,5,5,2,15,3,10,2,1,C03,7,9,1,10,2,11,,15,15,1,13,4,120.685614,24.191756,2
8240,66000,387130000C,(04)23274275,(04)23288582,2025,09,21,8,20,臺中市,南區,0,0,0,7,,,50,,,,,,,,,,,,,,17,,,,,B03,,,1,,1,,,85,85,1,12,4,120.655244,24.123978,4
8241,66000,387130000C,(04)23274275,(04)23288582,2025,09,21,8,21,臺中市,北屯區,0,0,0,7,,,50,,,,,,,,,,,,,,12,,,,,B03,,,1,,1,,,40,40,1,12,4,120.729343,24.177986,3
8242,66000,387130000C,(04)23274275,(04)23288582,2025,09,21,8,22,臺中市,北屯區,0,0,0,7,,,50,,,,,,,,,,,,,,13,,,,,B03,,,1,8,1,,,58,58,1,12,4,120.707722,24.182174,3
8243,66000,387130000C,(04)23274275,(04)23288582,2025,09,21,8,24,臺中市,北屯區,0,1,0,7,2,6,50,4,1,1,5,4,6,6,2,1,10,5,5,2,15,3,10,3,1,B12,7,9,5,8,2,6,,21,21,1,6,4,120.660478,24.188857,2
8244,66000,387130000C,(04)23274275,(04)23288582,2025,09,21,8,28,臺中市,烏日區,0,0,0,7,,,50,,,,,,,,,,,,,,14,,,,,B03,,,1,,2,,,49,49,1,13,4,120.633208,24.104909,3
8245,66000,387130000C,(04)23274275,(04)23288582,2025,09,21,8,29,臺中市,沙鹿區,0,2,0,7,2,6,50,4,1,1,5,4,6,6,1,1,10,5,5,2,17,2,1,1,1,C03,7,1,1,10,2,14,,51,51,1,6,4,120.559104,24.235714,2
8246,66000,387130000C,(04)23274275,(04)23288582,2025,09,21,8,41,臺中市,西屯區,0,1,0,7,2,6,50,4,1,1,5,4,6,6,1,1,1,4,5,1,16,3,10,5,4,B03,7,6,1,8,2,2,,11,11,1,13,4,120.647002,24.169025,2
8247,66000,387130000C,(04)23274275,(04)23288582,2025,09,21,8,42,臺中市,南屯區,0,2,0,7,2,6,50,13,9,1,5,4,6,6,4,4,9,5,5,2,17,2,9,2,1,C03,7,1,1,10,2,13,,51,51,1,13,4,120.648937,24.140358,2
8248,66000,387130000C,(04)23274275,(04)23288582,2025,09,21,8,59,臺中市,烏日區,0,2,0,7,2,6,30,11,9,1,5,4,6,6,4,4,10,5,5,1,11,2,9,5,4,C03,7,15,1,10,2,14,,41,41,1,13,4,120.587824,24.128398,2
8249,66000,387130000C,(04)23274275,(04)23288582,2025,09,21,9,1,臺中市,霧峰區,0,1,0,7,2,6,50,3,1,1,5,4,6,6,4,4,1,4,4,1,16,2,9,2,1,C03,7,6,1,10,2,11,,14,14,1,13,4,120.695445,24.058153,2
8250,66000,387130000C,(04)23274275,(04)23288582,2025,09,21,9,2,臺中市,西屯區,0,0,0,7,,,60,,,,,,,,,,,,,,13,,,,,B03,,,1,,1,,,7,7,1,12,4,120.602633,24.182917,3
8251,66000,387130000C,(04)23274275,(04)23288582,2025,09,21,9,3,臺中市,北屯區,0,0,0,7,,3,40,,,,,,,,,,,,,,14,,,,,B03,,,1,,1,,,49,49,1,12,4,120.686813,24.201289,3
8252,66000,387130000C,(04)23274275,(04)23288582,2025,09,21,9,3,臺中市,西屯區,0,1,0,7,2,6,50,4,4,1,5,4,6,6,2,1,1,3,5,1,13,2,9,2,1,C03,7,9,1,10,2,11,,59,59,1,12,4,120.651843,24.177146,2
8253,66000,387130000C,(04)23274275,(04)23288582,2025,09,21,9,5,臺中市,西屯區,0,1,0,7,2,6,40,5,1,1,5,4,6,6,2,1,10,5,5,2,15,2,9,2,1,C03,7,9,1,10,2,12,,21,21,1,12,4,120.633326,24.174376,2
8254,66000,387130000C,(04)23274275,(04)23288582,2025,09,21,9,11,臺中市,大里區,0,1,0,7,2,6,60,4,1,1,5,4,6,6,1,1,3,3,4,2,16,3,10,1,1,C03,7,6,1,10,2,11,,42,42,1,6,4,120.688758,24.080456,2
8255,66000,387130000C,(04)23274275,(04)23288582,2025,09,21,9,15,臺中市,南屯區,0,0,0,7,,,50,,,,,,,,,,,,,,14,,,,,B03,,,1,,9,,,45,45,1,12,4,120.627867,24.113696,3
8256,66000,387130000C,(04)23274275,(04)23288582,2025,09,21,9,15,臺中市,北屯區,0,1,0,7,2,6,50,3,9,1,5,4,6,6,4,4,1,4,5,2,17,2,9,4,1,F01,7,9,7,21,2,14,,8,8,1,12,4,120.701229,24.180544,2
8257,66000,387130000C,(04)23274275,(04)23288582,2025,09,21,9,17,臺中市,東區,0,1,0,7,2,6,30,4,1,1,5,4,6,6,4,4,10,5,5,2,17,2,9,1,1,C03,7,6,3,19,2,12,,14,14,1,12,4,120.694416,24.124219,2
8258,66000,387130000C,(04)23274275,(04)23288582,2025,09,21,9,17,臺中市,大里區,0,2,0,7,2,6,30,4,1,1,5,4,6,6,4,4,10,5,5,2,15,2,9,2,1,C03,7,9,1,10,2,12,,15,15,1,12,4,120.687738,24.112769,2
8259,66000,387130000C,(04)23274275,(04)23288582,2025,09,21,9,19,臺中市,太平區,0,0,0,7,,,50,,,,,,,,,,,,,,,,,,,B12,,,1,,1,,,50,50,1,12,4,120.72112,24.120125,3
8260,66000,387130000C,(04)23274275,(04)23288582,2025,09,21,9,20,臺中市,沙鹿區,0,2,0,7,2,6,50,13,8,1,5,4,6,6,1,1,3,4,4,2,17,2,9,1,1,C03,7,9,1,10,2,14,,85,85,1,13,4,120.568708,24.22211,2
8261,66000,387130000C,(04)23274275,(04)23288582,2025,09,21,9,23,臺中市,龍井區,0,2,0,7,2,6,50,13,9,1,5,4,6,6,4,4,9,5,5,1,13,2,9,2,1,C03,7,11,1,10,2,13,,87,87,1,6,4,120.575716,24.178046,2
8262,66000,387130000C,(04)23274275,(04)23288582,2025,09,21,9,40,臺中市,北區,0,0,0,7,,,40,,,,,,,,,,,,,,17,,,,,C03,,,1,,1,,,84,84,1,12,4,120.672565,24.168787,3
8263,66000,387130000C,(04)23274275,(04)23288582,2025,09,21,9,49,臺中市,北屯區,0,0,0,7,,,50,,,,,,,,,,,,,,13,,,,,B03,,,1,,1,,,7,7,1,6,4,120.671433,24.17538,3
8264,66000,387130000C,(04)23274275,(04)23288582,2025,09,21,9,52,臺中市,南屯區,0,0,0,7,,,50,,,,,,,,,,,,,,,,,,,B03,,,1,,1,,,7,7,1,13,4,120.648335,24.13335,3
8265,66000,387130000C,(04)23274275,(04)23288582,2025,09,21,9,53,臺中市,梧棲區,0,2,0,7,2,6,40,4,1,1,5,4,6,6,2,1,10,5,5,2,16,2,9,1,1,C03,7,5,1,10,2,12,,47,47,1,12,4,120.528465,24.252997,2
8266,66000,387130000C,(04)23274275,(04)23288582,2025,09,21,9,55,臺中市,北屯區,0,0,0,7,,,50,,,,,,,,,,,,,,17,,,,,B03,,,1,,1,,,84,84,1,6,4,120.691794,24.182504,3
8267,66000,387130000C,(04)23274275,(04)23288582,2025,09,21,10,0,臺中市,東區,0,1,0,7,3,6,50,4,9,1,5,4,6,6,1,1,5,5,5,2,18,2,9,5,4,C03,7,5,1,10,2,12,,84,84,1,6,4,120.687686,24.13883,2
8268,66000,387130000C,(04)23274275,(04)23288582,2025,09,21,10,0,臺中市,后里區,0,0,0,7,2,6,30,13,9,1,5,,6,6,4,4,10,5,5,2,12,,,,,B03,,,1,,1,,,59,59,1,6,4,120.720666,24.308213,3
8269,66000,387130000C,(04)23274275,(04)23288582,2025,09,21,10,3,臺中市,太平區,0,2,0,7,3,6,30,12,9,1,3,4,6,6,4,4,10,5,5,2,17,3,10,5,4,B03,7,9,1,8,2,16,,87,87,1,12,4,120.739031,24.125666,2
8270,66000,387130000C,(04)23274275,(04)23288582,2025,09,21,10,15,臺中市,北區,0,0,0,7,,,50,,,,,,,,,,,,,,12,,,,,C03,,,1,,2,,,8,8,1,13,4,120.671565,24.171747,3
8271,66000,387130000C,(04)23274275,(04)23288582,2025,09,21,10,16,臺中市,東勢區,0,0,0,7,,,50,,,,,,,,,,,,,,12,,,,,B03,,,1,,2,,,50,50,1,13,4,120.831179,24.249024,3
8272,66000,387130000C,(04)23274275,(04)23288582,2025,09,21,10,17,臺中市,東區,0,1,0,7,2,6,50,4,1,1,5,4,6,6,4,4,10,5,5,2,15,3,10,3,1,B12,7,9,1,8,2,2,,12,12,1,12,4,120.708811,24.143368,2
8273,66000,387130000C,(04)23274275,(04)23288582,2025,09,21,10,17,臺中市,北屯區,0,0,0,7,,,50,,,,,,,,,,,,,,13,,,,,B01,,,1,,1,,,59,59,1,13,4,120.694072,24.164563,4
8274,66000,387130000C,(04)23274275,(04)23288582,2025,09,21,10,20,臺中市,太平區,0,2,0,7,3,6,40,4,1,1,5,4,6,6,4,4,10,5,5,2,16,2,9,1,1,C03,7,6,1,10,2,11,,48,48,1,6,4,120.723723,24.133906,2
8275,66000,387130000C,(04)23274275,(04)23288582,2025,09,21,10,20,臺中市,后里區,0,0,0,7,,,40,,,,,,,,,,,,,,12,,,,,B03,,,1,,2,,,7,7,1,12,4,120.721719,24.306231,3
8276,66000,387130000C,(04)23274275,(04)23288582,2025,09,21,10,21,臺中市,北區,0,1,0,7,2,6,30,13,9,4,5,4,6,6,4,4,1,4,5,2,12,3,10,1,1,C03,7,9,1,10,2,14,,7,7,1,12,4,120.667862,24.156908,2
8277,66000,387130000C,(04)23274275,(04)23288582,2025,09,21,10,24,臺中市,東勢區,0,1,0,7,2,6,50,4,2,1,5,4,6,6,4,4,5,5,5,1,18,2,9,5,4,C03,7,6,1,10,2,14,,54,54,1,13,4,120.829389,24.254646,2