﻿序號,縣市別代碼,機關代碼,市話,傳真,年,月,日,時,分,縣市,區,死亡數量,受傷數量,2-30,天候,道路照明設備,道路類別,道路速限,道路型態,事故位置,路面鋪裝,路面狀態,路面缺陷,障礙物,視距,號誌種類,號誌動作,分向設施,快車道或一般車道間,快慢車道間,路面邊線,事故類型及型態,受傷程度,主要傷處,保護裝備,行動電話或功能裝置,當事者區分_類別,車輛用途,當事者行動狀態,駕照狀態,駕照種類,飲酒情形,車輛撞擊部位最初,車輛撞擊部位其他,肇事因素個別,肇事因素主要,肇事逃逸,職業,共享經濟或外送平台,GPS座標X,GPS座標Y,事故類別
8389,66000,387130000C,(04)23274275,(04)23288582,2025,09,21,16,19,臺中市,大里區,0,1,0,7,3,6,50,3,2,1,5,4,6,6,2,1,5,4,4,1,18,2,9,5,4,C03,7,9,2,19,2,12,,84,84,1,13,4,120.692153,24.118129,2
8390,66000,387130000C,(04)23274275,(04)23288582,2025,09,21,16,20,臺中市,梧棲區,0,0,0,7,,,30,,,,,,,,,,,,,,14,,,,,B03,,,1,,2,,,49,49,1,6,4,120.530698,24.251105,3
8391,66000,387130000C,(04)23274275,(04)23288582,2025,09,21,16,25,臺中市,烏日區,0,1,0,7,2,6,50,13,9,1,5,4,6,6,4,4,9,5,5,1,11,3,10,5,4,B03,7,6,1,8,2,5,,20,20,1,13,4,120.644706,24.058982,2
8392,66000,387130000C,(04)23274275,(04)23288582,2025,09,21,16,26,臺中市,西區,0,0,0,7,,,50,,,,,,,,,,,,,,,,,,,B03,,,1,,1,,,7,7,1,13,4,120.657094,24.139422,3
8393,66000,387130000C,(04)23274275,(04)23288582,2025,09,21,16,29,臺中市,沙鹿區,0,1,0,7,2,6,50,13,7,1,5,4,6,6,4,4,1,5,4,2,17,2,8,6,1,F02,7,8,7,21,9,14,,40,40,1,6,4,120.568709,24.222962,2
8394,66000,387130000C,(04)23274275,(04)23288582,2025,09,21,16,38,臺中市,西屯區,0,0,0,7,,,50,,,,,,,,,,,,,,,,,,,B03,,,1,,1,,,40,40,1,12,4,120.653576,24.195073,3
8395,66000,387130000C,(04)23274275,(04)23288582,2025,09,21,16,39,臺中市,烏日區,0,1,0,7,2,6,40,4,1,1,5,4,6,6,1,1,10,5,5,2,17,2,9,5,4,C03,7,6,1,10,2,14,,25,25,1,12,4,120.586708,24.11326,2
8396,66000,387130000C,(04)23274275,(04)23288582,2025,09,21,16,40,臺中市,西區,0,1,0,7,3,6,50,3,1,1,5,4,6,6,4,4,10,4,5,2,17,3,10,3,1,B03,7,11,1,8,2,8,,45,45,1,12,4,120.653241,24.151432,2
8397,66000,387130000C,(04)23274275,(04)23288582,2025,09,21,16,47,臺中市,南區,0,0,0,7,,,50,,,,,,,,,,,,,,17,,,,,,,,,,,,,119,119,1,,,120.677536,24.133045,3
8398,66000,387130000C,(04)23274275,(04)23288582,2025,09,21,16,51,臺中市,南區,0,0,0,7,,,50,,,,,,,,,,,,,,13,,,,,B03,,,1,,1,,,59,59,1,13,4,120.663498,24.119539,3
8399,66000,387130000C,(04)23274275,(04)23288582,2025,09,21,16,55,臺中市,南屯區,0,0,0,7,,,50,,,,,,,,,,,,,,16,,,,,C03,,,1,,1,,,48,48,1,12,4,120.649881,24.143814,3
8400,66000,387130000C,(04)23274275,(04)23288582,2025,09,21,16,58,臺中市,南區,0,1,0,7,2,6,50,4,2,1,5,4,6,6,2,1,5,2,5,2,13,2,7,1,1,C03,7,9,1,10,1,11,,84,84,1,12,4,120.684015,24.132104,2
8401,66000,387130000C,(04)23274275,(04)23288582,2025,09,21,17,3,臺中市,西屯區,0,0,0,7,,,30,,,,,,,,,,,,,,,,,,,B03,,,1,,1,,,8,8,1,12,4,120.647263,24.182057,3
8402,66000,387130000C,(04)23274275,(04)23288582,2025,09,21,17,8,臺中市,北屯區,0,1,0,7,3,6,50,4,2,1,5,4,6,6,4,4,5,5,4,2,12,3,10,3,1,B03,7,9,5,19,2,5,,8,8,1,6,4,120.694344,24.17323,2
8403,66000,387130000C,(04)23274275,(04)23288582,2025,09,21,17,8,臺中市,西屯區,0,1,0,7,2,6,50,4,1,1,5,4,6,6,1,1,10,5,5,2,12,3,10,3,4,B03,7,5,1,8,2,2,,20,20,1,13,4,120.63885,24.182127,2
8404,66000,387130000C,(04)23274275,(04)23288582,2025,09,21,17,13,臺中市,大里區,0,1,0,7,3,6,50,4,2,1,5,4,6,6,1,1,5,4,5,1,16,2,9,5,4,C03,7,6,1,10,2,11,,11,11,1,13,4,120.686152,24.115243,2
8405,66000,387130000C,(04)23274275,(04)23288582,2025,09,21,17,13,臺中市,太平區,0,0,0,7,,,50,,,,,,,,,,,,,,12,,,,,B03,,,1,,1,,,43,43,1,6,4,120.721665,24.133763,3
8406,66000,387130000C,(04)23274275,(04)23288582,2025,09,21,17,14,臺中市,大甲區,0,0,0,7,,,60,,,,,,,,,,,,,,,,,,,B03,,,1,,1,,,14,14,1,12,4,120.619352,24.35489,3
8407,66000,387130000C,(04)23274275,(04)23288582,2025,09,21,17,15,臺中市,大肚區,0,1,0,7,3,6,30,13,9,1,5,4,6,6,4,4,10,5,5,1,11,2,9,2,1,C03,7,9,1,10,2,14,,8,8,1,6,4,120.546952,24.133374,2
8408,66000,387130000C,(04)23274275,(04)23288582,2025,09,21,17,15,臺中市,沙鹿區,0,0,0,6,,,50,,,,,,,,,,,,,,14,,,,,B03,,,1,,2,,,59,59,1,12,4,120.577811,24.222366,3
8409,66000,387130000C,(04)23274275,(04)23288582,2025,09,21,17,21,臺中市,潭子區,0,0,0,7,,,50,,,,,,,,,,,,,,,,,,,B03,,,1,,1,,,49,49,1,12,4,120.709186,24.201321,4
8410,66000,387130000C,(04)23274275,(04)23288582,2025,09,21,17,25,臺中市,太平區,0,2,0,7,2,6,50,3,1,1,5,4,6,6,2,1,10,5,5,2,16,3,10,3,1,B03,7,6,1,8,2,1,,11,11,1,12,4,120.723277,24.144967,2
8411,66000,387130000C,(04)23274275,(04)23288582,2025,09,21,17,25,臺中市,神岡區,0,2,0,7,1,6,30,11,9,1,5,4,6,6,4,4,10,5,5,2,17,2,9,5,4,F02,7,5,7,21,2,14,,41,41,1,12,4,120.696627,24.274271,2
8412,66000,387130000C,(04)23274275,(04)23288582,2025,09,21,17,28,臺中市,清水區,0,0,0,7,,,30,,,,,,,,,,,,,,,,,,,B03,,,,,,,,87,87,1,12,,120.576405,24.269238,3
8413,66000,387130000C,(04)23274275,(04)23288582,2025,09,21,17,29,臺中市,北區,0,0,0,7,,,50,,,,,,,,,,,,,,17,,,,,C03,,,6,,2,,,85,85,1,13,4,120.682435,24.163322,4
8414,66000,387130000C,(04)23274275,(04)23288582,2025,09,21,17,30,臺中市,大雅區,0,3,0,7,1,6,30,4,2,1,5,4,6,6,4,4,10,5,5,1,17,2,9,1,1,C03,7,9,1,10,2,11,12,15,15,1,13,4,120.670377,24.24382,2
8415,66000,387130000C,(04)23274275,(04)23288582,2025,09,21,17,31,臺中市,太平區,0,1,0,7,2,6,50,13,9,1,5,4,6,6,4,4,10,5,5,2,13,3,10,3,1,B12,7,9,1,8,2,5,,7,7,1,13,4,120.719068,24.10319,2
8416,66000,387130000C,(04)23274275,(04)23288582,2025,09,21,17,32,臺中市,大里區,0,1,0,7,2,6,50,4,2,1,5,4,6,6,1,1,1,5,4,1,13,3,10,3,1,B03,7,9,1,8,2,5,,7,7,1,6,4,120.671013,24.102478,2
8417,66000,387130000C,(04)23274275,(04)23288582,2025,09,21,17,34,臺中市,東區,0,1,0,7,2,6,50,4,1,5,5,4,6,6,4,4,10,5,5,2,15,2,9,1,1,C04,7,9,3,19,2,12,,12,12,1,12,4,120.690334,24.130927,2
8418,66000,387130000C,(04)23274275,(04)23288582,2025,09,21,17,34,臺中市,豐原區,0,0,0,7,,,50,,,,,,,,,,,,,,,,,,,B03,,,1,,2,,,7,7,1,13,4,120.728964,24.244003,3
8419,66000,387130000C,(04)23274275,(04)23288582,2025,09,21,17,40,臺中市,西區,0,0,0,7,,,30,,,,,,,,,,,,,,17,,,,,B03,,,1,,2,,,84,84,1,12,4,120.666747,24.146068,3
8420,66000,387130000C,(04)23274275,(04)23288582,2025,09,21,17,41,臺中市,南屯區,0,0,0,7,,,50,,,,,,,,,,,,,,14,,,,,B03,,,1,,1,,,49,49,1,13,4,120.645055,24.128603,3
8421,66000,387130000C,(04)23274275,(04)23288582,2025,09,21,17,41,臺中市,西屯區,0,2,0,7,1,6,50,13,9,1,5,4,6,6,4,4,5,4,5,2,13,2,9,5,4,C03,7,9,1,10,1,11,,7,7,1,13,4,120.645406,24.17644,2
8422,66000,387130000C,(04)23274275,(04)23288582,2025,09,21,17,44,臺中市,東區,0,1,0,7,3,6,40,4,1,1,5,4,6,6,2,1,10,5,5,2,16,2,9,2,1,C03,7,9,1,10,2,11,,21,21,1,12,4,120.701456,24.138879,2
8423,66000,387130000C,(04)23274275,(04)23288582,2025,09,21,17,45,臺中市,大里區,0,1,0,7,2,6,50,5,1,1,5,4,6,6,1,1,10,5,5,2,17,3,10,3,1,B03,7,6,1,8,2,5,,84,84,1,6,4,120.69543,24.096751,2
8424,66000,387130000C,(04)23274275,(04)23288582,2025,09,21,17,47,臺中市,北屯區,0,1,0,7,2,6,50,4,1,1,5,4,6,6,2,1,1,2,5,2,16,3,10,3,1,B03,7,6,1,8,2,2,,11,11,1,12,4,120.733766,24.159942,2
8425,66000,387130000C,(04)23274275,(04)23288582,2025,09,21,17,48,臺中市,西區,0,1,0,7,2,6,50,4,1,1,5,4,6,6,1,1,10,5,5,2,18,2,9,1,1,C03,7,9,1,10,2,14,,84,84,1,12,4,120.666722,24.152735,2
8426,66000,387130000C,(04)23274275,(04)23288582,2025,09,21,17,49,臺中市,霧峰區,0,0,0,6,,,50,,,,,,,,,,,,,,17,,,,,B03,,,1,,2,,,84,84,1,13,4,120.697218,24.066565,3
8427,66000,387130000C,(04)23274275,(04)23288582,2025,09,21,17,52,臺中市,大肚區,0,1,0,7,1,6,50,13,9,1,5,4,6,6,4,4,9,5,5,1,18,2,9,1,1,C03,7,9,1,10,2,16,,59,59,1,6,4,120.579285,24.169759,2
8428,66000,387130000C,(04)23274275,(04)23288582,2025,09,21,17,56,臺中市,北區,0,0,0,7,,,50,,,,,,,,,,,,,,,,,,,B03,,,1,,1,,,8,8,1,12,4,120.675437,24.160424,3
8429,66000,387130000C,(04)23274275,(04)23288582,2025,09,21,17,57,臺中市,西區,0,0,0,7,,,50,,,,,,,,,,,,,,,,,,,B03,,,1,,1,,,84,84,1,12,4,120.662398,24.135775,3
8430,66000,387130000C,(04)23274275,(04)23288582,2025,09,21,17,57,臺中市,霧峰區,0,0,0,7,,,60,,,,,,,,,,,,,,,,,,,B03,,,1,,2,,,7,7,1,13,4,120.695916,24.057262,3
8431,66000,387130000C,(04)23274275,(04)23288582,2025,09,21,17,58,臺中市,南區,0,0,0,7,,,50,,,,,,,,,,,,,,16,,,,,C03,,,1,,2,,,14,14,1,12,4,120.676462,24.124338,3
8432,66000,387130000C,(04)23274275,(04)23288582,2025,09,21,17,59,臺中市,霧峰區,0,0,0,7,,3,80,,,,,,,,,,,,,,,,,,,B03,,,1,,1,,,7,7,1,13,4,120.689871,24.064078,3
8433,66000,387130000C,(04)23274275,(04)23288582,2025,09,21,18,0,臺中市,南屯區,0,0,0,7,,,50,,,,,,,,,,,,,,14,,,,,B03,,,1,,2,,,49,49,1,12,4,120.645791,24.15048,3
8434,66000,387130000C,(04)23274275,(04)23288582,2025,09,21,18,4,臺中市,西區,0,0,0,7,,,60,,,,,,,,,,,,,,13,,,,,B03,,,1,,1,,,7,7,1,12,4,120.662609,24.155678,3
8435,66000,387130000C,(04)23274275,(04)23288582,2025,09,21,18,6,臺中市,西屯區,0,2,0,7,1,6,50,13,9,1,5,4,6,6,4,4,1,4,5,2,13,2,9,1,1,C03,7,9,1,10,2,11,,7,7,1,12,4,120.652185,24.166352,2
8436,66000,387130000C,(04)23274275,(04)23288582,2025,09,21,18,6,臺中市,龍井區,0,0,0,7,,,50,,,,,,,,,,,,,,,,,,,B03,,,1,,1,,,50,50,1,12,4,120.551666,24.213644,3
8437,66000,387130000C,(04)23274275,(04)23288582,2025,09,21,18,8,臺中市,潭子區,0,0,0,6,,,50,,,,,,,,,,,,,,,,,,,B03,,,1,,2,,,84,84,1,13,4,120.704063,24.201023,3
8438,66000,387130000C,(04)23274275,(04)23288582,2025,09,21,18,11,臺中市,南屯區,0,0,0,7,,,50,,,,,,,,,,,,,,17,,,,,F03,,,7,,1,,,21,21,1,12,4,120.611394,24.148681,3
8439,66000,387130000C,(04)23274275,(04)23288582,2025,09,21,18,17,臺中市,北屯區,0,0,0,7,,,50,,,,,,,,,,,,,,12,,,,,B03,,,1,,2,,,56,56,1,13,4,120.721238,24.175121,3
8440,66000,387130000C,(04)23274275,(04)23288582,2025,09,21,18,23,臺中市,東區,0,1,0,7,1,6,50,4,1,1,5,4,6,6,1,1,10,5,5,2,16,3,10,3,1,B03,7,6,1,8,2,2,,11,11,1,13,4,120.701504,24.14022,2
8441,66000,387130000C,(04)23274275,(04)23288582,2025,09,21,18,26,臺中市,龍井區,0,0,0,7,,,30,,,,,,,,,,,,,,9,,,,,C03,,,1,,2,,,78,78,1,6,4,120.590988,24.182073,3
8442,66000,387130000C,(04)23274275,(04)23288582,2025,09,21,18,29,臺中市,梧棲區,0,0,0,7,,,50,,,,,,,,,,,,,,14,,,,,B03,,,1,,1,,,49,49,1,6,4,120.532083,24.266435,3
8443,66000,387130000C,(04)23274275,(04)23288582,2025,09,21,18,30,臺中市,西區,0,0,0,7,,,50,,,,,,,,,,,,,,13,,,,,B03,,,1,,1,,,84,84,1,12,4,120.661494,24.140046,3
8444,66000,387130000C,(04)23274275,(04)23288582,2025,09,21,18,31,臺中市,沙鹿區,0,1,0,7,1,6,50,13,9,1,5,4,6,6,4,4,10,5,5,2,18,2,9,4,1,F01,7,9,7,21,2,15,,59,59,1,6,4,120.5682,24.238962,2
8445,66000,387130000C,(04)23274275,(04)23288582,2025,09,21,18,33,臺中市,烏日區,0,0,0,7,1,6,50,3,2,1,5,4,6,6,1,1,1,4,5,2,12,3,10,3,1,B03,7,5,1,8,1,8,,48,48,1,6,4,120.618724,24.115942,3
8446,66000,387130000C,(04)23274275,(04)23288582,2025,09,21,18,35,臺中市,西屯區,0,1,0,7,1,6,50,3,1,1,5,4,6,6,1,1,1,4,5,2,12,2,8,5,4,C03,7,9,1,9,2,16,,84,84,1,12,4,120.65169,24.189413,2
8447,66000,387130000C,(04)23274275,(04)23288582,2025,09,21,18,35,臺中市,太平區,0,1,0,7,1,6,50,4,1,1,5,4,6,6,1,1,5,4,5,2,12,2,8,2,1,C03,7,15,1,10,2,12,,41,41,1,5,4,120.708308,24.128507,2
8448,66000,387130000C,(04)23274275,(04)23288582,2025,09,21,18,41,臺中市,北區,0,1,0,7,1,6,50,4,1,1,5,4,6,6,1,1,10,5,5,2,17,2,9,5,4,C03,7,15,5,19,2,12,,36,36,1,13,4,120.676987,24.151418,2
8449,66000,387130000C,(04)23274275,(04)23288582,2025,09,21,18,43,臺中市,北區,0,0,0,7,,,50,,,,,,,,,,,,,,,,,,,B03,,,1,,1,,,7,7,1,12,4,120.678113,24.151669,3
8450,66000,387130000C,(04)23274275,(04)23288582,2025,09,21,18,55,臺中市,西屯區,0,0,0,7,,,50,,,,,,,,,,,,,,14,,,,,B03,,,1,,1,,,49,49,1,13,4,120.635934,24.166831,3
8451,66000,387130000C,(04)23274275,(04)23288582,2025,09,21,18,56,臺中市,沙鹿區,0,0,0,7,,,50,,,,,,,,,,,,,,17,,,,,C03,,,1,,2,,,8,8,1,6,4,120.574978,24.227046,3
8452,66000,387130000C,(04)23274275,(04)23288582,2025,09,21,18,57,臺中市,豐原區,0,0,0,7,1,6,50,13,9,1,5,4,6,6,4,4,1,2,5,2,13,3,10,1,1,B03,7,15,1,8,2,1,,84,84,1,12,4,120.720315,24.236377,3
8453,66000,387130000C,(04)23274275,(04)23288582,2025,09,21,18,59,臺中市,西區,0,0,0,7,,,50,,,,,,,,,,,,,,13,,,,,C03,,,1,,2,,,7,7,1,12,4,120.682359,24.135628,3
8454,66000,387130000C,(04)23274275,(04)23288582,2025,09,21,19,3,臺中市,北屯區,0,0,0,7,,,50,,,,,,,,,,,,,,2,,,,,B03,,,1,,2,,,84,84,1,12,4,120.699213,24.170412,3
8455,66000,387130000C,(04)23274275,(04)23288582,2025,09,21,19,4,臺中市,北區,0,0,0,7,,,50,,,,,,,,,,,,,,12,,,,,B01,,,1,,1,,,40,40,1,12,4,120.677727,24.151737,3
8456,66000,387130000C,(04)23274275,(04)23288582,2025,09,21,19,10,臺中市,西區,0,0,0,7,,,30,,,,,,,,,,,,,,,,,,,,,,,,,,,119,119,1,,,120.6583,24.149444,3
8457,66000,387130000C,(04)23274275,(04)23288582,2025,09,21,19,14,臺中市,龍井區,0,0,0,7,,,30,,,,,,,,,,,,,,27,,,,,B03,,,1,,2,,,49,49,1,6,4,120.590375,24.183209,3
8458,66000,387130000C,(04)23274275,(04)23288582,2025,09,21,19,16,臺中市,東區,0,0,0,7,,,50,,,,,,,,,,,,,,12,,,,,B01,,,1,,1,,,40,40,1,12,4,120.686374,24.135904,3
8459,66000,387130000C,(04)23274275,(04)23288582,2025,09,21,19,18,臺中市,豐原區,0,2,0,7,2,6,50,13,9,1,5,4,6,6,2,1,5,5,5,2,12,2,9,1,1,C03,7,6,1,10,2,14,,20,20,1,12,4,120.720323,24.249453,2
8460,66000,387130000C,(04)23274275,(04)23288582,2025,09,21,19,21,臺中市,南屯區,0,1,0,7,1,6,50,13,9,1,5,4,6,6,4,4,1,4,5,2,20,2,9,2,1,C03,7,9,1,10,2,12,,59,59,1,12,4,120.639015,24.117665,2
8461,66000,387130000C,(04)23274275,(04)23288582,2025,09,21,19,25,臺中市,南區,0,1,0,7,1,6,50,4,1,1,5,4,6,6,2,1,10,5,5,2,16,3,10,3,1,B03,7,5,1,8,2,5,,47,47,1,6,4,120.660234,24.124381,2
8462,66000,387130000C,(04)23274275,(04)23288582,2025,09,21,19,25,臺中市,烏日區,0,0,0,7,,,50,,,,,,,,,,,,,,,,,,,B03,,,1,,2,,,84,84,1,13,4,120.61885,24.102721,3
8463,66000,387130000C,(04)23274275,(04)23288582,2025,09,21,19,26,臺中市,北屯區,0,0,0,7,,3,80,,,,,,,,,,,,,,11,,,,,B03,,,5,19,2,,,8,8,1,6,4,120.720772,24.168623,3
8464,66000,387130000C,(04)23274275,(04)23288582,2025,09,21,19,30,臺中市,潭子區,0,0,0,6,,,30,,,,,,,,,,,,,,,,,,,F01,,,1,,2,,,8,8,1,13,4,120.703906,24.189708,3
8465,66000,387130000C,(04)23274275,(04)23288582,2025,09,21,19,30,臺中市,西屯區,0,1,0,7,2,6,50,4,1,1,5,4,6,6,1,1,10,5,5,2,16,2,9,5,4,C03,7,6,1,10,2,13,,36,36,1,12,4,120.606483,24.192755,2
8466,66000,387130000C,(04)23274275,(04)23288582,2025,09,21,19,31,臺中市,南區,0,0,0,7,,,40,,,,,,,,,,,,,,17,,,,,C03,,,1,,9,,,50,50,2,13,4,120.654759,24.12278,3
8467,66000,387130000C,(04)23274275,(04)23288582,2025,09,21,19,40,臺中市,沙鹿區,0,0,0,6,,,50,,,,,,,,,,,,,,14,,,,,A12,,,1,,2,,,49,49,1,12,4,120.590286,24.244605,3
8468,66000,387130000C,(04)23274275,(04)23288582,2025,09,21,19,47,臺中市,大雅區,0,0,0,7,,,50,,,,,,,,,,,,,,,,,,,B03,,,1,,1,,,59,59,1,12,4,120.667428,24.215773,3
8469,66000,387130000C,(04)23274275,(04)23288582,2025,09,21,19,47,臺中市,北屯區,0,1,0,7,1,6,50,4,1,1,5,4,6,6,4,4,1,5,5,2,15,3,10,3,1,B12,7,9,1,8,2,5,,15,15,1,12,4,120.706474,24.18131,2
8470,66000,387130000C,(04)23274275,(04)23288582,2025,09,21,19,48,臺中市,太平區,0,0,0,7,,,50,,,,,,,,,,,,,,20,,,,,B03,,,1,,2,,,84,84,1,12,4,120.708746,24.116434,3
8471,66000,387130000C,(04)23274275,(04)23288582,2025,09,21,19,53,臺中市,太平區,0,2,0,7,1,6,50,13,9,1,5,4,6,6,4,4,10,4,5,1,16,3,10,3,1,B03,7,5,1,8,2,5,,42,42,1,13,4,120.722691,24.131971,2
8472,66000,387130000C,(04)23274275,(04)23288582,2025,09,21,19,54,臺中市,西屯區,0,2,0,7,1,6,40,4,1,1,5,4,6,6,2,1,9,4,4,2,16,2,9,1,1,C03,7,9,1,10,2,14,,21,21,1,12,4,120.660456,24.164471,2
8473,66000,387130000C,(04)23274275,(04)23288582,2025,09,21,19,55,臺中市,北屯區,0,0,0,7,,,50,,,,,,,,,,,,,,14,,,,,B03,,,1,,2,,,49,49,1,6,4,120.719475,24.163003,4
8474,66000,387130000C,(04)23274275,(04)23288582,2025,09,21,20,4,臺中市,龍井區,0,2,0,7,1,6,50,13,9,1,5,4,6,6,4,4,9,4,5,1,14,3,10,3,1,B03,7,2,1,8,2,3,,49,49,1,6,4,120.54604,24.202107,2
8475,66000,387130000C,(04)23274275,(04)23288582,2025,09,21,20,5,臺中市,霧峰區,0,1,0,7,1,6,30,3,1,1,5,4,6,6,4,4,3,5,5,2,17,3,10,3,1,B03,7,6,1,8,2,8,,8,8,1,13,4,120.695467,24.058134,2
8476,66000,387130000C,(04)23274275,(04)23288582,2025,09,21,20,8,臺中市,大里區,0,2,0,7,1,6,50,13,9,1,5,4,6,6,4,4,5,4,5,1,24,2,9,1,1,C03,7,9,1,10,2,12,,84,84,1,13,4,120.688068,24.101149,2
8477,66000,387130000C,(04)23274275,(04)23288582,2025,09,21,20,11,臺中市,大甲區,0,1,0,7,1,6,50,4,2,1,5,4,6,6,1,1,10,5,5,1,13,2,9,2,1,C03,7,9,1,10,2,11,,7,7,1,6,4,120.619204,24.350926,2
8478,66000,387130000C,(04)23274275,(04)23288582,2025,09,21,20,12,臺中市,龍井區,0,0,0,7,,,50,,,,,,,,,,,,,,11,,,,,B03,,,1,,1,,,39,39,1,6,4,120.587467,24.181327,3
8479,66000,387130000C,(04)23274275,(04)23288582,2025,09,21,20,15,臺中市,南屯區,0,0,0,7,,,50,,,,,,,,,,,,,,17,,,,,C03,,,1,,1,,,8,8,1,12,4,120.646929,24.153343,3
8480,66000,387130000C,(04)23274275,(04)23288582,2025,09,21,20,15,臺中市,太平區,0,0,0,7,,,50,,,,,,,,,,,,,,14,,,,,B03,,,1,,1,,,49,49,1,12,4,120.716469,24.141782,3
8481,66000,387130000C,(04)23274275,(04)23288582,2025,09,21,20,20,臺中市,西屯區,0,1,0,7,1,6,50,5,1,1,5,4,6,6,1,1,5,5,4,2,14,3,10,3,1,A04,7,2,1,1,2,3,,49,49,1,12,4,120.660165,24.164392,2
8482,66000,387130000C,(04)23274275,(04)23288582,2025,09,21,20,20,臺中市,梧棲區,0,0,0,7,,,50,,,,,,,,,,,,,,14,,,,,B03,,,1,,1,,,49,49,1,6,4,120.529826,24.25327,3
8483,66000,387130000C,(04)23274275,(04)23288582,2025,09,21,20,32,臺中市,北屯區,0,0,0,7,,,50,,,,,,,,,,,,,,17,,,,,B03,,,1,,1,,,84,84,1,12,4,120.718975,24.183742,3
8484,66000,387130000C,(04)23274275,(04)23288582,2025,09,21,20,32,臺中市,西屯區,0,1,0,7,1,6,50,5,9,1,5,4,6,6,1,1,5,4,5,2,17,2,9,5,4,C03,7,6,1,9,7,12,,53,53,1,12,4,120.665424,24.166854,2
8485,66000,387130000C,(04)23274275,(04)23288582,2025,09,21,20,46,臺中市,西屯區,0,0,0,7,,,0,,,,,,,,,,,,,,14,,,,,B03,,,1,,1,,,49,49,1,13,4,120.648008,24.173522,3
8486,66000,387130000C,(04)23274275,(04)23288582,2025,09,21,20,48,臺中市,清水區,0,1,0,7,1,6,50,13,9,1,5,4,6,6,4,4,8,5,5,2,12,3,10,3,1,B03,7,11,1,8,2,8,,45,45,1,12,4,120.574741,24.272181,2
8487,66000,387130000C,(04)23274275,(04)23288582,2025,09,21,20,49,臺中市,潭子區,0,0,0,7,1,6,50,13,9,1,5,4,6,6,4,4,3,4,5,2,12,3,10,3,1,B03,7,7,1,8,2,5,,40,40,1,12,4,120.702037,24.200944,3
8488,66000,387130000C,(04)23274275,(04)23288582,2025,09,21,20,50,臺中市,霧峰區,0,0,0,7,,,60,,,,,,,,,,,,,,,,,,,B03,,,1,,1,,,84,84,1,6,4,120.695875,24.054293,3
8489,66000,387130000C,(04)23274275,(04)23288582,2025,09,21,20,51,臺中市,豐原區,0,1,0,7,1,6,50,4,4,1,5,4,6,6,1,1,1,4,5,1,13,3,10,3,1,B03,7,9,1,8,2,1,,59,59,1,13,4,120.72901,24.256935,2
8490,66000,387130000C,(04)23274275,(04)23288582,2025,09,21,20,52,臺中市,潭子區,0,0,0,7,,,50,,,,,,,,,,,,,,,,,,,B03,,,1,,2,,,8,8,1,13,4,120.700841,24.213784,3
8491,66000,387130000C,(04)23274275,(04)23288582,2025,09,21,20,56,臺中市,西屯區,0,0,0,7,,,50,,,,,,,,,,,,,,13,,,,,B03,,,1,,1,,,84,84,1,12,4,120.667829,24.174737,3
8492,66000,387130000C,(04)23274275,(04)23288582,2025,09,21,21,0,臺中市,西屯區,0,0,0,7,,,50,,,,,,,,,,,,,,,,,,,C03,,,1,,9,,,84,84,1,12,4,120.621026,24.183852,3
8493,66000,387130000C,(04)23274275,(04)23288582,2025,09,21,21,6,臺中市,沙鹿區,0,0,0,7,,,30,,,,,,,,,,,,,,17,,,,,B03,,,1,,1,,,50,50,1,12,4,120.583411,24.200345,3
8494,66000,387130000C,(04)23274275,(04)23288582,2025,09,21,21,10,臺中市,北屯區,0,0,0,7,,,50,,,,,,,,,,,,,,13,,,,,B03,,,1,,2,,,85,85,1,12,4,120.727405,24.169091,3
8495,66000,387130000C,(04)23274275,(04)23288582,2025,09,21,21,10,臺中市,西屯區,0,0,0,7,,,50,,,,,,,,,,,,,,13,,,,,C03,,,1,,2,,,58,58,1,13,4,120.637023,24.172144,3
8496,66000,387130000C,(04)23274275,(04)23288582,2025,09,21,21,12,臺中市,沙鹿區,0,0,0,7,,,60,,,,,,,,,,,,,,12,,,,,B03,,,1,,1,,,8,8,1,6,4,120.59746,24.250106,3
8497,66000,387130000C,(04)23274275,(04)23288582,2025,09,21,21,22,臺中市,西區,0,0,0,7,1,6,50,13,2,1,5,4,6,6,2,1,6,1,5,2,13,,,,,B03,,,1,,1,,,7,7,1,13,4,120.659586,24.156904,3
8498,66000,387130000C,(04)23274275,(04)23288582,2025,09,21,21,24,臺中市,南屯區,0,0,0,7,1,6,50,13,9,1,5,4,6,6,1,1,5,4,5,2,13,,,,,B03,,,1,,2,,,59,59,1,12,4,120.64989,24.146809,3
8499,66000,387130000C,(04)23274275,(04)23288582,2025,09,21,21,25,臺中市,東區,0,0,0,7,,,50,,,,,,,,,,,,,,,,,,,C03,,,1,,2,,,41,41,1,13,4,120.698829,24.130419,3
8500,66000,387130000C,(04)23274275,(04)23288582,2025,09,21,21,28,臺中市,北區,0,1,0,7,1,6,50,4,1,1,5,4,6,6,1,1,5,4,5,2,17,2,9,5,1,C03,7,9,3,19,2,12,,39,39,1,13,4,120.686094,24.146328,2