﻿序號,縣市別代碼,機關代碼,市話,傳真,年,月,日,時,分,縣市,區,死亡數量,受傷數量,2-30,天候,道路照明設備,道路類別,道路速限,道路型態,事故位置,路面鋪裝,路面狀態,路面缺陷,障礙物,視距,號誌種類,號誌動作,分向設施,快車道或一般車道間,快慢車道間,路面邊線,事故類型及型態,受傷程度,主要傷處,保護裝備,行動電話或功能裝置,當事者區分_類別,車輛用途,當事者行動狀態,駕照狀態,駕照種類,飲酒情形,車輛撞擊部位最初,車輛撞擊部位其他,肇事因素個別,肇事因素主要,肇事逃逸,職業,共享經濟或外送平台,GPS座標X,GPS座標Y,事故類別
8948,66000,387130000C,(04)23274275,(04)23288582,2025,09,23,5,8,臺中市,南屯區,0,1,0,7,1,6,50,13,9,1,5,4,6,6,1,1,5,5,5,2,13,3,10,3,1,B12,7,9,1,8,2,1,,7,7,1,12,4,120.638176,24.139841,2
8949,66000,387130000C,(04)23274275,(04)23288582,2025,09,23,5,58,臺中市,霧峰區,0,1,0,5,2,6,50,13,7,1,4,4,6,6,4,4,1,4,5,1,18,2,9,3,1,B03,7,9,1,8,2,1,,84,84,1,13,4,120.663023,24.066331,2
8950,66000,387130000C,(04)23274275,(04)23288582,2025,09,23,6,48,臺中市,南屯區,0,2,0,5,3,6,50,13,9,1,4,4,6,6,4,4,5,5,5,2,3,2,7,6,5,H01,8,16,7,21,10,16,,95,95,1,6,5,120.619462,24.119945,2
8951,66000,387130000C,(04)23274275,(04)23288582,2025,09,23,6,50,臺中市,大甲區,0,0,0,5,,,50,,,,,,,,,,,,,,16,,,,,A04,,,1,,2,,,8,8,1,6,4,120.622177,24.348997,3
8952,66000,387130000C,(04)23274275,(04)23288582,2025,09,23,6,51,臺中市,南區,0,1,0,5,2,6,50,4,1,1,4,4,6,6,2,1,3,2,5,2,16,2,9,2,1,C03,7,6,1,10,2,11,,23,23,1,13,4,120.646886,24.110763,2
8953,66000,387130000C,(04)23274275,(04)23288582,2025,09,23,7,5,臺中市,豐原區,0,0,0,6,,,30,,,,,,,,,,,,,,11,,,,,B03,,,1,,2,,,87,87,1,13,4,120.728381,24.271593,3
8954,66000,387130000C,(04)23274275,(04)23288582,2025,09,23,7,6,臺中市,大里區,0,2,0,7,2,6,30,13,8,1,5,4,6,6,4,4,5,5,4,1,16,2,9,1,1,C03,7,1,1,10,2,14,,51,51,1,12,4,120.683817,24.114574,2
8955,66000,387130000C,(04)23274275,(04)23288582,2025,09,23,7,6,臺中市,龍井區,0,0,0,7,,3,90,,,,,,,,,,,,,,,,,,,B03,,,1,,2,,,7,7,1,13,4,120.523258,24.219748,4
8956,66000,387130000C,(04)23274275,(04)23288582,2025,09,23,7,8,臺中市,西屯區,0,0,0,5,,,50,,,,,,,,,,,,,,,,,,,B03,,,1,,1,,,51,51,1,12,4,120.614069,24.189846,3
8957,66000,387130000C,(04)23274275,(04)23288582,2025,09,23,7,15,臺中市,北屯區,0,2,0,5,3,6,50,4,1,1,4,4,6,6,1,1,10,5,5,2,17,2,9,2,1,C03,7,9,1,10,2,12,,59,59,1,13,4,120.710553,24.182148,2
8958,66000,387130000C,(04)23274275,(04)23288582,2025,09,23,7,16,臺中市,西屯區,0,2,0,7,2,6,50,13,9,1,4,4,6,6,2,1,5,5,5,2,17,2,9,5,4,C03,7,12,1,10,2,14,,84,84,1,13,4,120.640513,24.179087,2
8959,66000,387130000C,(04)23274275,(04)23288582,2025,09,23,7,17,臺中市,西屯區,0,1,0,5,2,6,50,3,1,1,4,4,6,6,4,4,8,4,5,1,18,2,9,5,4,C03,7,9,1,10,2,14,,59,59,1,13,4,120.648515,24.169071,2
8960,66000,387130000C,(04)23274275,(04)23288582,2025,09,23,7,18,臺中市,南區,0,1,0,5,3,6,50,13,9,1,4,4,6,6,4,4,5,4,5,2,18,2,9,1,1,C03,7,9,1,10,2,14,,6,6,1,5,4,120.667045,24.119571,2
8961,66000,387130000C,(04)23274275,(04)23288582,2025,09,23,7,19,臺中市,烏日區,0,0,0,5,,,50,,,,,,,,,,,,,,13,,,,,B03,,,1,,1,,,7,7,1,6,4,120.606973,24.123432,3
8962,66000,387130000C,(04)23274275,(04)23288582,2025,09,23,7,20,臺中市,神岡區,0,0,0,7,,,50,,,,,,,,,,,,,,12,,,,,B03,,,1,,2,,,7,7,1,13,4,120.696003,24.248238,3
8963,66000,387130000C,(04)23274275,(04)23288582,2025,09,23,7,21,臺中市,北屯區,0,2,0,5,2,6,50,13,9,1,4,4,6,6,4,4,1,4,5,2,13,3,10,1,1,C03,7,9,1,10,2,11,,7,7,1,12,4,120.69988,24.17746,2
8964,66000,387130000C,(04)23274275,(04)23288582,2025,09,23,7,23,臺中市,北屯區,0,0,0,5,,3,80,,,,,,,,,,,,,,13,,,,,B03,,,1,,1,,,7,7,1,6,4,120.679626,24.201107,3
8965,66000,387130000C,(04)23274275,(04)23288582,2025,09,23,7,24,臺中市,西屯區,0,1,0,5,2,6,50,4,2,1,4,4,6,6,1,1,9,4,4,2,18,2,9,2,1,C03,7,12,1,10,2,14,,59,59,1,12,4,120.632738,24.170168,2
8966,66000,387130000C,(04)23274275,(04)23288582,2025,09,23,7,25,臺中市,北屯區,0,0,0,6,,,40,,,,,,,,,,,,,,13,,,,,B03,,,1,,1,,,59,59,1,13,4,120.687326,24.201048,3
8967,66000,387130000C,(04)23274275,(04)23288582,2025,09,23,7,26,臺中市,龍井區,0,1,0,5,2,6,50,3,1,1,4,4,6,6,3,1,10,5,5,2,16,3,10,2,1,C03,7,6,1,10,2,16,,20,20,1,6,4,120.574323,24.196163,2
8968,66000,387130000C,(04)23274275,(04)23288582,2025,09,23,7,27,臺中市,霧峰區,0,0,0,7,,,30,,,,,,,,,,,,,,17,,,,,B03,,,1,,1,,,8,8,1,6,4,120.687752,24.044461,3
8969,66000,387130000C,(04)23274275,(04)23288582,2025,09,23,7,27,臺中市,太平區,0,0,0,5,,,50,,,,,,,,,,,,,,,,,,,C03,,,1,,2,,,7,7,1,12,4,120.726779,24.149881,3
8970,66000,387130000C,(04)23274275,(04)23288582,2025,09,23,7,27,臺中市,豐原區,0,1,0,5,2,6,50,4,1,1,4,4,6,6,2,1,5,4,5,2,18,2,9,5,4,C03,7,9,1,10,2,16,,59,59,1,12,4,120.720708,24.251773,2
8971,66000,387130000C,(04)23274275,(04)23288582,2025,09,23,7,28,臺中市,大甲區,0,1,0,7,2,6,60,4,8,1,5,4,6,6,1,1,6,3,4,1,12,3,10,3,1,B03,7,5,1,8,1,2,,11,11,1,12,4,120.645758,24.39828,2
8972,66000,387130000C,(04)23274275,(04)23288582,2025,09,23,7,28,臺中市,豐原區,0,1,0,5,2,6,50,13,8,1,4,4,6,6,4,4,1,4,4,2,16,3,10,3,1,B03,7,7,1,8,2,5,,40,40,1,12,4,120.715969,24.244496,2
8973,66000,387130000C,(04)23274275,(04)23288582,2025,09,23,7,30,臺中市,南區,0,2,0,5,3,6,50,4,1,1,4,4,6,6,4,4,10,5,5,2,15,2,9,2,1,C03,7,9,1,10,2,12,,12,12,1,6,4,120.653424,24.123785,2
8974,66000,387130000C,(04)23274275,(04)23288582,2025,09,23,7,31,臺中市,龍井區,0,2,0,5,2,6,30,3,1,1,4,4,6,6,4,4,10,5,5,2,16,2,9,2,1,C03,7,6,1,10,2,11,,14,14,1,9,4,120.586566,24.181487,2
8975,66000,387130000C,(04)23274275,(04)23288582,2025,09,23,7,33,臺中市,大雅區,0,0,0,5,,,30,,,,,,,,,,,,,,,,,,,B03,,,1,,2,,,49,49,1,13,4,120.600972,24.216129,3
8976,66000,387130000C,(04)23274275,(04)23288582,2025,09,23,7,33,臺中市,北區,0,1,0,5,3,6,50,4,2,1,4,4,6,6,1,1,10,2,5,2,18,2,9,2,1,C03,7,9,1,10,2,14,,59,59,1,12,4,120.675577,24.165184,2
8977,66000,387130000C,(04)23274275,(04)23288582,2025,09,23,7,33,臺中市,大甲區,0,1,0,7,3,6,50,13,9,1,5,4,6,6,4,4,1,4,4,1,17,3,10,3,1,B03,7,5,1,8,2,2,,47,47,1,6,4,120.616899,24.345989,2
8978,66000,387130000C,(04)23274275,(04)23288582,2025,09,23,7,34,臺中市,西屯區,0,0,0,5,,,50,,,,,,,,,,,,,,12,,,,,B03,,,1,,1,,,8,8,1,12,4,120.638318,24.154695,3
8979,66000,387130000C,(04)23274275,(04)23288582,2025,09,23,7,35,臺中市,大雅區,0,0,0,5,,,40,,,,,,,,,,,,,,,,,,,B03,,,1,,2,,,8,8,1,12,4,120.647263,24.221735,3
8980,66000,387130000C,(04)23274275,(04)23288582,2025,09,23,7,35,臺中市,南屯區,0,0,0,5,,,50,,,,,,,,,,,,,,16,,,,,B03,,,1,,1,,,45,45,1,13,4,120.648908,24.136939,3
8981,66000,387130000C,(04)23274275,(04)23288582,2025,09,23,7,35,臺中市,太平區,0,0,0,5,,,50,,,,,,,,,,,,,,17,,,,,B03,,,3,,1,,,86,86,1,6,4,120.715652,24.142007,3
8982,66000,387130000C,(04)23274275,(04)23288582,2025,09,23,7,35,臺中市,太平區,0,0,0,5,,,50,,,,,,,,,,,,,,,,,,,C03,,,1,,1,,,7,7,1,12,4,120.715757,24.151974,3
8983,66000,387130000C,(04)23274275,(04)23288582,2025,09,23,7,36,臺中市,東區,0,1,0,5,3,6,50,4,9,1,4,4,6,6,2,1,5,5,5,2,16,3,10,5,4,B03,7,6,1,8,2,5,,20,20,1,6,4,120.708154,24.140633,2
8984,66000,387130000C,(04)23274275,(04)23288582,2025,09,23,7,36,臺中市,大里區,0,0,0,5,,,50,,,,,,,,,,,,,,13,,,,,F03,,,7,,2,,,84,84,1,13,4,120.687916,24.119268,3
8985,66000,387130000C,(04)23274275,(04)23288582,2025,09,23,7,36,臺中市,龍井區,0,0,0,5,,,30,,,,,,,,,,,,,,13,,,,,B03,,,1,,1,,,7,7,1,6,4,120.589493,24.180438,3
8986,66000,387130000C,(04)23274275,(04)23288582,2025,09,23,7,36,臺中市,烏日區,0,0,0,5,,,30,,,,,,,,,,,,,,12,,,,,B03,,,1,,1,,,87,87,1,6,4,120.616372,24.110954,3
8987,66000,387130000C,(04)23274275,(04)23288582,2025,09,23,7,37,臺中市,北屯區,0,0,0,7,,,50,,,,,,,,,,,,,,12,,,,,B03,,,1,,1,,,84,84,1,13,4,120.690623,24.199478,3
8988,66000,387130000C,(04)23274275,(04)23288582,2025,09,23,7,37,臺中市,西屯區,0,1,0,5,2,6,50,4,1,1,4,4,6,6,1,1,5,5,5,2,17,3,10,1,1,C03,7,4,2,19,2,12,,84,84,1,12,4,120.659405,24.165603,2
8989,66000,387130000C,(04)23274275,(04)23288582,2025,09,23,7,37,臺中市,大里區,0,1,0,7,2,6,60,4,2,1,4,4,6,6,1,1,10,5,5,1,16,3,10,1,1,C03,7,9,1,10,2,14,,84,84,1,12,4,120.674452,24.102447,2
8990,66000,387130000C,(04)23274275,(04)23288582,2025,09,23,7,39,臺中市,北屯區,0,0,0,5,,,50,,,,,,,,,,,,,,13,,,,,B03,,,1,,1,,,7,7,1,12,4,120.714024,24.16233,3
8991,66000,387130000C,(04)23274275,(04)23288582,2025,09,23,7,39,臺中市,西屯區,0,1,0,7,2,6,50,13,9,1,4,4,6,6,4,4,5,4,5,2,13,2,9,2,4,C03,7,9,1,10,2,11,,59,59,1,12,4,120.614644,24.179018,2
8992,66000,387130000C,(04)23274275,(04)23288582,2025,09,23,7,39,臺中市,烏日區,0,1,0,5,2,6,40,3,1,1,4,4,6,6,4,4,10,5,5,2,13,2,8,2,1,C03,7,9,1,10,2,11,,7,7,1,6,4,120.606959,24.124061,2
8993,66000,387130000C,(04)23274275,(04)23288582,2025,09,23,7,39,臺中市,龍井區,0,0,0,6,,,50,,,,,,,,,,,,,,,,,,,B03,,,1,,2,,,7,7,1,13,4,120.523908,24.180284,3
8994,66000,387130000C,(04)23274275,(04)23288582,2025,09,23,7,40,臺中市,南屯區,0,0,0,5,,,60,,,,,,,,,,,,,,17,,,,,B03,,,1,,1,,,59,59,1,12,4,120.627115,24.145365,4
8995,66000,387130000C,(04)23274275,(04)23288582,2025,09,23,7,40,臺中市,烏日區,0,2,0,5,2,6,40,13,7,1,4,4,6,6,4,4,1,4,4,2,13,2,9,2,1,C03,7,9,1,10,2,12,,7,7,1,6,4,120.633839,24.1108,2
8996,66000,387130000C,(04)23274275,(04)23288582,2025,09,23,7,40,臺中市,大肚區,0,1,0,5,2,6,50,4,1,1,4,4,6,6,2,1,10,5,5,2,16,3,10,2,1,C03,7,9,1,10,2,16,,21,21,1,6,4,120.582622,24.172522,2
8997,66000,387130000C,(04)23274275,(04)23288582,2025,09,23,7,41,臺中市,大雅區,0,1,0,5,3,6,40,13,8,1,4,4,6,6,4,4,9,4,4,2,12,2,9,2,1,C03,7,9,1,10,2,12,,84,84,1,13,4,120.672233,24.215537,2
8998,66000,387130000C,(04)23274275,(04)23288582,2025,09,23,7,41,臺中市,沙鹿區,0,0,0,5,,,50,,,,,,,,,,,,,,,,,,,B12,,,1,,1,,,8,8,1,12,4,120.557733,24.234659,3
8999,66000,387130000C,(04)23274275,(04)23288582,2025,09,23,7,47,臺中市,潭子區,0,0,0,5,,,50,,,,,,,,,,,,,,,,,,,C03,,,1,,2,,,23,23,1,13,4,120.718698,24.204168,3
9000,66000,387130000C,(04)23274275,(04)23288582,2025,09,23,7,47,臺中市,北屯區,0,1,0,5,2,6,50,3,1,1,4,4,6,6,2,1,10,5,5,2,18,2,9,1,1,C03,7,9,1,10,2,12,,82,82,1,12,4,120.703111,24.169596,2
9001,66000,387130000C,(04)23274275,(04)23288582,2025,09,23,7,47,臺中市,西屯區,0,1,0,5,2,6,50,4,1,1,4,4,6,6,2,1,10,5,5,2,17,3,10,5,4,B03,7,6,1,8,2,16,,11,11,1,13,4,120.662203,24.165305,2
9002,66000,387130000C,(04)23274275,(04)23288582,2025,09,23,7,47,臺中市,龍井區,0,1,0,5,3,6,40,11,9,1,4,4,6,6,4,4,5,4,5,1,18,2,9,2,1,C03,7,15,1,10,2,14,,6,6,1,13,4,120.554519,24.188892,2
9003,66000,387130000C,(04)23274275,(04)23288582,2025,09,23,7,48,臺中市,潭子區,0,0,0,5,,,60,,,,,,,,,,,,,,12,,,,,B01,,,1,,2,,,40,40,1,13,4,120.686737,24.210113,3
9004,66000,387130000C,(04)23274275,(04)23288582,2025,09,23,7,48,臺中市,東區,0,2,0,5,2,6,50,4,1,1,4,4,6,6,2,1,10,5,5,2,17,2,9,1,1,C03,7,15,1,10,2,12,,4,4,1,12,4,120.686141,24.132834,2
9005,66000,387130000C,(04)23274275,(04)23288582,2025,09,23,7,48,臺中市,龍井區,0,1,0,5,3,6,50,3,9,1,4,4,6,6,1,1,10,5,5,2,17,2,9,2,1,C03,7,9,1,10,2,11,,21,21,1,12,4,120.543419,24.190224,2
9006,66000,387130000C,(04)23274275,(04)23288582,2025,09,23,7,48,臺中市,豐原區,0,0,0,5,,,50,,,,,,,,,,,,,,13,,,,,B03,,,1,,2,,,84,84,1,12,4,120.719363,24.229816,3
9007,66000,387130000C,(04)23274275,(04)23288582,2025,09,23,7,49,臺中市,大雅區,0,1,0,5,3,6,50,11,9,1,4,4,6,6,4,4,9,4,5,1,17,2,9,2,1,C03,7,9,1,10,2,16,,85,85,1,13,4,120.67604,24.223423,2
9008,66000,387130000C,(04)23274275,(04)23288582,2025,09,23,7,49,臺中市,西屯區,0,0,0,5,2,6,40,13,8,1,4,4,6,6,4,4,5,4,4,2,13,,,,,C03,,,1,,2,,,59,59,1,12,4,120.612528,24.171374,3
9009,66000,387130000C,(04)23274275,(04)23288582,2025,09,23,7,50,臺中市,潭子區,0,2,0,5,3,6,50,4,1,1,4,4,6,6,1,1,3,4,4,2,17,2,9,2,1,C03,7,6,1,10,2,12,,11,11,1,13,4,120.711917,24.212263,2
9010,66000,387130000C,(04)23274275,(04)23288582,2025,09,23,7,50,臺中市,西區,0,0,0,5,,,50,,,,,,,,,,,,,,17,,,,,B03,,,1,,1,,,50,50,1,13,4,120.669373,24.138795,3
9011,66000,387130000C,(04)23274275,(04)23288582,2025,09,23,7,50,臺中市,南屯區,0,1,0,5,2,6,50,4,2,1,3,4,6,6,2,1,5,4,4,2,17,2,9,2,1,C03,7,1,1,10,2,11,,51,51,1,12,4,120.649886,24.142629,2
9012,66000,387130000C,(04)23274275,(04)23288582,2025,09,23,7,50,臺中市,南屯區,0,2,0,5,1,6,50,4,2,1,4,4,6,6,2,1,10,5,5,2,17,3,10,3,1,B03,7,8,1,8,2,8,,40,40,1,6,4,120.64081,24.151171,2
9013,66000,387130000C,(04)23274275,(04)23288582,2025,09,23,7,50,臺中市,北屯區,0,0,0,5,,,50,,,,,,,,,,,,,,17,,,,,B03,,,1,,2,,,40,40,1,6,4,120.684445,24.201242,3
9014,66000,387130000C,(04)23274275,(04)23288582,2025,09,23,7,53,臺中市,烏日區,0,0,0,5,,,50,,,,,,,,,,,,,,12,,,,,B03,,,1,,2,,,8,8,1,6,4,120.641759,24.108973,3
9015,66000,387130000C,(04)23274275,(04)23288582,2025,09,23,7,54,臺中市,北屯區,0,0,0,5,,,50,,,,,,,,,,,,,,13,,,,,C03,,,1,,1,,,7,7,1,12,4,120.665977,24.182697,3
9016,66000,387130000C,(04)23274275,(04)23288582,2025,09,23,7,55,臺中市,西區,0,1,0,5,2,6,50,13,9,1,4,4,6,6,4,4,5,4,5,2,17,2,9,2,1,C03,7,9,1,10,2,12,,84,84,1,12,4,120.662824,24.150626,2
9017,66000,387130000C,(04)23274275,(04)23288582,2025,09,23,7,55,臺中市,太平區,0,1,0,5,3,6,30,4,1,1,4,4,6,6,4,4,10,5,5,2,15,3,10,3,1,B03,7,9,1,8,2,4,,12,12,1,6,4,120.721562,24.118694,2
9018,66000,387130000C,(04)23274275,(04)23288582,2025,09,23,7,56,臺中市,南屯區,0,2,0,7,1,6,50,13,7,1,4,4,6,6,4,4,1,3,5,2,13,2,9,2,4,C03,7,5,1,10,2,11,12,7,7,1,12,4,120.605834,24.145233,2
9019,66000,387130000C,(04)23274275,(04)23288582,2025,09,23,7,56,臺中市,大肚區,0,0,0,5,,,50,,,,,,,,,,,,,,,,,,,B03,,,3,,2,,,1,1,1,6,4,120.549435,24.140275,3
9020,66000,387130000C,(04)23274275,(04)23288582,2025,09,23,7,57,臺中市,北屯區,0,1,0,5,2,6,50,4,1,1,4,4,6,6,1,1,10,5,5,2,17,2,9,1,1,C03,7,9,1,10,2,12,,43,43,1,12,4,120.676147,24.200755,2
9021,66000,387130000C,(04)23274275,(04)23288582,2025,09,23,7,57,臺中市,大里區,0,1,0,5,3,6,30,4,1,1,4,4,6,6,4,4,10,5,5,2,15,3,10,3,1,B03,7,9,1,3,2,8,,12,12,1,12,4,120.704181,24.095078,2
9022,66000,387130000C,(04)23274275,(04)23288582,2025,09,23,7,57,臺中市,豐原區,0,1,0,5,2,6,50,4,1,1,4,4,6,6,1,1,10,5,5,2,17,2,9,2,1,C03,7,9,1,10,2,14,,84,84,1,13,4,120.700001,24.236792,2
9023,66000,387130000C,(04)23274275,(04)23288582,2025,09,23,7,58,臺中市,太平區,0,1,0,5,3,6,50,4,9,1,4,4,6,6,4,4,5,5,5,1,28,2,9,2,1,C03,7,9,1,10,2,11,,84,84,1,12,4,120.741145,24.131018,2
9024,66000,387130000C,(04)23274275,(04)23288582,2025,09,23,7,59,臺中市,大雅區,0,1,0,5,1,6,50,13,9,1,4,4,6,6,4,4,5,5,5,1,17,3,10,1,1,C03,7,9,1,10,2,11,,7,7,1,12,4,120.653296,24.228679,2
9025,66000,387130000C,(04)23274275,(04)23288582,2025,09,23,7,59,臺中市,烏日區,0,0,0,5,,,60,,,,,,,,,,,,,,13,,,,,B03,,,1,,1,,,7,7,1,6,4,120.611197,24.10757,3
9026,66000,387130000C,(04)23274275,(04)23288582,2025,09,23,8,0,臺中市,南屯區,0,0,0,5,,,60,,,,,,,,,,,,,,,,,,,B03,,,1,,1,,,59,59,1,6,4,120.623241,24.137107,3
9027,66000,387130000C,(04)23274275,(04)23288582,2025,09,23,8,2,臺中市,北屯區,0,1,0,5,2,6,50,4,1,1,4,4,6,6,2,1,4,5,4,2,12,3,10,2,1,C03,7,9,1,10,2,11,,21,21,1,12,4,120.690564,24.172825,2
9028,66000,387130000C,(04)23274275,(04)23288582,2025,09,23,8,5,臺中市,西屯區,0,0,0,5,,,50,,,,,,,,,,,,,,13,,,,,B03,,,1,,1,,,59,59,1,13,4,120.645678,24.201229,3
9029,66000,387130000C,(04)23274275,(04)23288582,2025,09,23,8,5,臺中市,大里區,0,0,0,7,,,40,,,,,,,,,,,,,,14,,,,,B03,,,1,,2,,,49,49,1,13,4,120.695136,24.112313,3
9030,66000,387130000C,(04)23274275,(04)23288582,2025,09,23,8,5,臺中市,太平區,0,1,0,5,3,6,50,13,9,1,4,4,6,6,4,4,1,4,5,2,13,3,10,3,1,B03,7,9,1,8,2,1,,84,84,1,12,4,120.72095,24.14144,2
9031,66000,387130000C,(04)23274275,(04)23288582,2025,09,23,8,6,臺中市,太平區,0,0,0,5,,,50,,,,,,,,,,,,,,16,,,,,C03,,,1,,1,,,84,84,1,6,4,120.727072,24.124755,3
9032,66000,387130000C,(04)23274275,(04)23288582,2025,09,23,8,9,臺中市,大雅區,0,1,0,5,1,6,50,4,1,1,4,4,6,6,1,1,1,5,5,1,17,3,10,3,1,B03,7,5,1,8,2,2,,84,84,1,13,4,120.648355,24.221185,2
9033,66000,387130000C,(04)23274275,(04)23288582,2025,09,23,8,10,臺中市,梧棲區,0,0,0,5,,,30,,,,,,,,,,,,,,11,,,,,B03,,,1,,9,,,8,8,1,6,4,120.558551,24.242763,3
9034,66000,387130000C,(04)23274275,(04)23288582,2025,09,23,8,11,臺中市,西屯區,0,2,0,5,2,6,50,13,8,1,4,4,6,6,4,4,1,4,1,2,13,2,8,2,1,C03,7,9,3,19,2,11,,7,7,1,12,4,120.649311,24.19732,2
9035,66000,387130000C,(04)23274275,(04)23288582,2025,09,23,8,12,臺中市,西區,0,0,0,7,,,50,,,,,,,,,,,,,,17,,,,,B03,,,1,,1,,,84,84,1,12,4,120.665211,24.145664,3
9036,66000,387130000C,(04)23274275,(04)23288582,2025,09,23,8,12,臺中市,烏日區,0,1,0,5,2,6,70,13,8,1,4,4,6,6,4,4,1,4,4,1,18,2,7,1,1,C03,7,9,1,10,2,11,14,84,84,1,6,4,120.59435,24.112775,2
9037,66000,387130000C,(04)23274275,(04)23288582,2025,09,23,8,13,臺中市,南屯區,0,3,0,5,2,6,50,4,2,1,3,4,6,6,4,4,5,4,4,2,17,2,9,2,1,C03,7,6,1,10,2,11,,11,11,1,12,4,120.648689,24.153609,2
9038,66000,387130000C,(04)23274275,(04)23288582,2025,09,23,8,13,臺中市,大里區,0,1,0,5,2,6,30,13,9,1,4,4,6,6,4,4,5,4,5,1,17,2,9,1,1,C03,7,2,1,10,2,11,,84,84,1,12,4,120.689572,24.116839,2
9039,66000,387130000C,(04)23274275,(04)23288582,2025,09,23,8,15,臺中市,潭子區,0,1,0,5,2,6,50,5,2,1,4,4,6,6,2,1,1,4,5,2,17,2,9,1,1,C03,7,9,1,10,2,12,,84,84,1,13,4,120.703644,24.200627,2
9040,66000,387130000C,(04)23274275,(04)23288582,2025,09,23,8,16,臺中市,東區,0,0,0,7,,,50,,,,,,,,,,,,,,,,,,,B03,,,1,,1,,,47,47,1,6,4,120.684877,24.128887,3
9041,66000,387130000C,(04)23274275,(04)23288582,2025,09,23,8,16,臺中市,沙鹿區,0,1,0,5,2,6,50,4,1,1,3,4,6,6,1,1,10,5,5,2,17,2,8,1,1,F03,7,9,7,21,2,13,,20,20,1,12,4,120.560002,24.237978,2
9042,66000,387130000C,(04)23274275,(04)23288582,2025,09,23,8,18,臺中市,北屯區,0,0,0,7,,,50,,,,,,,,,,,,,,17,,,,,B03,,,1,,1,,,49,49,1,6,4,120.702685,24.174647,3
9043,66000,387130000C,(04)23274275,(04)23288582,2025,09,23,8,18,臺中市,大里區,0,1,0,5,2,6,50,4,2,1,4,4,6,6,1,1,1,3,4,1,17,3,10,1,1,C03,7,9,1,10,2,13,,84,84,1,6,4,120.698093,24.080758,2
9044,66000,387130000C,(04)23274275,(04)23288582,2025,09,23,8,23,臺中市,大里區,0,1,0,5,3,6,50,3,1,1,4,4,6,6,1,1,10,5,5,2,16,3,10,3,1,B03,7,11,1,8,2,1,,45,45,1,6,4,120.670004,24.111475,2
9045,66000,387130000C,(04)23274275,(04)23288582,2025,09,23,8,23,臺中市,烏日區,0,0,0,5,,,30,,,,,,,,,,,,,,14,,,,,B02,,,1,,1,,,49,49,1,6,4,120.643212,24.083488,3
9046,66000,387130000C,(04)23274275,(04)23288582,2025,09,23,8,24,臺中市,大雅區,0,3,0,5,3,6,50,3,1,1,4,4,6,6,3,1,9,4,5,1,11,2,8,2,1,C03,7,6,1,10,2,12,,20,20,1,13,4,120.673512,24.231868,2
9047,66000,387130000C,(04)23274275,(04)23288582,2025,09,23,8,27,臺中市,西屯區,0,1,0,5,2,6,40,4,1,1,4,4,6,6,2,1,10,5,5,2,18,2,9,5,4,C03,7,9,1,10,3,16,,84,84,1,12,4,120.602857,24.182942,2
9048,66000,387130000C,(04)23274275,(04)23288582,2025,09,23,8,27,臺中市,大里區,0,1,0,5,3,6,50,4,1,1,4,4,6,6,1,1,10,5,5,2,12,2,8,1,1,C03,7,1,1,10,2,12,,84,84,1,13,4,120.68779,24.094406,2
9049,66000,387130000C,(04)23274275,(04)23288582,2025,09,23,8,28,臺中市,西區,0,0,0,5,,,50,,,,,,,,,,,,,,16,,,,,B03,,,1,,1,,,51,51,1,13,4,120.669302,24.131273,3
9050,66000,387130000C,(04)23274275,(04)23288582,2025,09,23,8,29,臺中市,太平區,0,0,0,5,,,50,,,,,,,,,,,,,,13,,,,,C03,,,1,,1,,,7,7,1,12,4,120.736418,24.13322,3
9051,66000,387130000C,(04)23274275,(04)23288582,2025,09,23,8,31,臺中市,北區,0,0,0,7,,,30,,,,,,,,,,,,,,13,,,,,B03,,,1,,1,,,7,7,1,13,4,120.674192,24.169262,3
9052,66000,387130000C,(04)23274275,(04)23288582,2025,09,23,8,32,臺中市,西區,0,1,0,5,2,6,50,4,1,1,4,4,6,6,4,4,10,5,5,2,15,3,10,3,1,B03,7,9,1,8,2,5,,15,15,1,12,4,120.66884,24.142036,2
9053,66000,387130000C,(04)23274275,(04)23288582,2025,09,23,8,33,臺中市,烏日區,0,0,0,5,,,50,,,,,,,,,,,,,,13,,,,,B03,,,1,,2,,,7,7,1,6,4,120.65016,24.108234,3
9054,66000,387130000C,(04)23274275,(04)23288582,2025,09,23,8,35,臺中市,大甲區,0,1,0,5,2,6,40,4,9,1,4,4,6,6,4,4,7,4,5,1,12,2,9,1,1,C03,7,6,1,10,2,12,,14,14,1,12,4,120.625043,24.344964,2
9055,66000,387130000C,(04)23274275,(04)23288582,2025,09,23,8,36,臺中市,南屯區,0,1,0,7,3,6,50,4,1,1,4,4,6,6,3,1,10,5,5,2,18,2,9,2,4,C03,7,9,1,10,2,14,,84,84,1,13,4,120.638244,24.139867,2
9056,66000,387130000C,(04)23274275,(04)23288582,2025,09,23,8,36,臺中市,西屯區,0,1,0,5,2,6,50,3,9,1,4,4,6,6,4,4,10,4,5,2,17,2,9,1,1,C03,7,9,1,10,2,16,,85,85,1,12,4,120.651812,24.197794,2
9057,66000,387130000C,(04)23274275,(04)23288582,2025,09,23,8,36,臺中市,大里區,0,1,0,5,2,6,50,13,9,1,4,4,6,6,4,4,1,4,5,1,18,2,9,1,1,C03,7,9,1,10,2,12,,87,87,1,12,4,120.691176,24.099649,2