﻿序號,縣市別代碼,機關代碼,市話,傳真,年,月,日,時,分,縣市,區,死亡數量,受傷數量,2-30,天候,道路照明設備,道路類別,道路速限,道路型態,事故位置,路面鋪裝,路面狀態,路面缺陷,障礙物,視距,號誌種類,號誌動作,分向設施,快車道或一般車道間,快慢車道間,路面邊線,事故類型及型態,受傷程度,主要傷處,保護裝備,行動電話或功能裝置,當事者區分_類別,車輛用途,當事者行動狀態,駕照狀態,駕照種類,飲酒情形,車輛撞擊部位最初,車輛撞擊部位其他,肇事因素個別,肇事因素主要,肇事逃逸,職業,共享經濟或外送平台,GPS座標X,GPS座標Y,事故類別
9058,66000,387130000C,(04)23274275,(04)23288582,2025,09,23,8,37,臺中市,西屯區,0,1,0,5,2,6,50,4,1,1,4,4,6,6,2,1,10,5,5,2,16,3,10,5,4,B03,7,6,1,8,2,1,,11,11,1,13,4,120.63885,24.182127,2
9059,66000,387130000C,(04)23274275,(04)23288582,2025,09,23,8,38,臺中市,豐原區,0,1,0,5,2,6,50,4,4,1,4,4,6,6,2,1,5,4,5,1,13,3,10,3,1,B03,7,9,1,8,2,5,,7,7,1,12,4,120.720114,24.264298,2
9060,66000,387130000C,(04)23274275,(04)23288582,2025,09,23,8,39,臺中市,北區,0,0,0,5,,,50,,,,,,,,,,,,,,17,,,,,B03,,,1,,2,,,59,59,1,12,4,120.68654,24.162061,3
9061,66000,387130000C,(04)23274275,(04)23288582,2025,09,23,8,39,臺中市,西屯區,0,0,0,5,,,50,,,,,,,,,,,,,,17,,,,,B03,,,1,,1,,,59,59,1,13,4,120.646411,24.173275,3
9062,66000,387130000C,(04)23274275,(04)23288582,2025,09,23,8,40,臺中市,西區,0,0,0,5,,,50,,,,,,,,,,,,,,17,,,,,B03,,,1,,1,,,84,84,1,12,4,120.658076,24.140272,3
9063,66000,387130000C,(04)23274275,(04)23288582,2025,09,23,8,41,臺中市,東區,0,0,0,5,,,50,,,,,,,,,,,,,,13,,,,,B03,,,1,,1,,,7,7,1,6,4,120.700535,24.138877,3
9064,66000,387130000C,(04)23274275,(04)23288582,2025,09,23,8,43,臺中市,北區,0,1,0,5,2,6,50,4,1,1,4,4,6,6,4,4,10,5,5,2,18,2,9,1,1,C03,7,6,1,10,2,15,,84,84,1,13,4,120.686649,24.155888,2
9065,66000,387130000C,(04)23274275,(04)23288582,2025,09,23,8,44,臺中市,北屯區,0,0,0,5,,,30,,,,,,,,,,,,,,17,,,,,B12,,,1,,2,,,58,58,1,6,4,120.695575,24.168562,3
9066,66000,387130000C,(04)23274275,(04)23288582,2025,09,23,8,45,臺中市,大雅區,0,1,0,5,1,6,50,3,2,1,4,4,6,6,1,1,5,5,4,2,17,3,10,3,1,B03,7,6,1,10,2,5,,11,11,1,12,4,120.64996,24.216335,2
9067,66000,387130000C,(04)23274275,(04)23288582,2025,09,23,8,45,臺中市,西屯區,0,1,0,5,2,6,40,3,9,1,4,4,6,6,4,4,9,5,5,2,16,3,10,2,1,C03,7,6,1,10,2,11,,48,48,1,12,4,120.636674,24.173479,2
9068,66000,387130000C,(04)23274275,(04)23288582,2025,09,23,8,45,臺中市,太平區,0,1,0,5,3,6,50,3,1,1,4,4,6,6,2,1,10,5,5,2,16,3,10,3,1,B03,7,5,1,8,2,2,,11,11,1,12,4,120.706557,24.159312,2
9069,66000,387130000C,(04)23274275,(04)23288582,2025,09,23,8,46,臺中市,北屯區,0,0,0,5,,,30,,,,,,,,,,,,,,17,,,,,B12,,,1,,2,,,50,50,1,6,4,120.695493,24.168183,3
9070,66000,387130000C,(04)23274275,(04)23288582,2025,09,23,8,47,臺中市,北屯區,0,1,0,5,3,6,50,4,1,1,4,4,6,6,1,1,10,5,5,2,16,3,10,3,1,B03,7,6,1,8,2,2,,11,11,1,13,4,120.692148,24.182599,2
9071,66000,387130000C,(04)23274275,(04)23288582,2025,09,23,8,49,臺中市,南區,0,2,0,7,1,6,50,4,1,1,4,4,6,6,2,1,10,5,5,2,17,2,9,5,4,C03,7,5,1,10,9,12,,11,11,1,13,4,120.648979,24.119239,2
9072,66000,387130000C,(04)23274275,(04)23288582,2025,09,23,8,49,臺中市,北屯區,0,0,0,5,,,30,,,,,,,,,,,,,,14,,,,,B12,,,1,,1,,,49,49,1,12,4,120.666614,24.179866,3
9073,66000,387130000C,(04)23274275,(04)23288582,2025,09,23,8,49,臺中市,西屯區,0,1,0,5,2,6,50,13,9,1,4,4,6,6,4,4,1,4,5,2,18,2,9,1,1,C03,7,9,1,10,2,12,,84,84,1,12,4,120.646729,24.1577,2
9074,66000,387130000C,(04)23274275,(04)23288582,2025,09,23,8,49,臺中市,烏日區,0,0,0,5,,,50,,,,,,,,,,,,,,13,,,,,B03,,,1,,1,,,7,7,1,6,4,120.643004,24.075697,3
9075,66000,387130000C,(04)23274275,(04)23288582,2025,09,23,8,50,臺中市,太平區,0,0,0,5,,,40,,,,,,,,,,,,,,16,,,,,B03,,,1,,2,,,8,8,1,6,4,120.701162,24.112393,3
9076,66000,387130000C,(04)23274275,(04)23288582,2025,09,23,8,50,臺中市,沙鹿區,0,1,0,5,2,6,40,13,8,1,4,4,6,6,1,1,1,3,4,1,18,2,8,2,1,C03,7,9,1,10,2,14,,82,82,1,12,4,120.606244,24.247281,2
9077,66000,387130000C,(04)23274275,(04)23288582,2025,09,23,8,52,臺中市,豐原區,0,0,0,5,,,50,,,,,,,,,,,,,,17,,,,,B03,,,1,,2,,,50,50,1,12,4,120.717556,24.243946,3
9078,66000,387130000C,(04)23274275,(04)23288582,2025,09,23,8,54,臺中市,西屯區,0,1,0,5,2,6,30,4,1,1,4,4,6,6,4,4,10,5,5,2,15,3,10,5,4,B03,7,9,1,8,2,6,,15,15,1,12,4,120.612611,24.160164,2
9079,66000,387130000C,(04)23274275,(04)23288582,2025,09,23,8,54,臺中市,大里區,0,1,0,5,2,6,40,4,2,1,4,4,6,6,1,1,10,5,5,1,17,2,9,1,1,C03,7,9,1,10,2,12,,84,84,1,12,4,120.688113,24.101824,2
9080,66000,387130000C,(04)23274275,(04)23288582,2025,09,23,8,55,臺中市,大雅區,0,1,0,5,3,6,70,4,2,1,4,4,6,6,1,1,9,4,5,1,12,2,9,2,1,C03,7,9,1,10,2,11,,21,21,1,13,4,120.634663,24.236555,2
9081,66000,387130000C,(04)23274275,(04)23288582,2025,09,23,8,55,臺中市,大雅區,0,1,0,5,1,6,60,3,2,1,4,4,6,6,4,4,1,5,4,1,17,2,9,1,1,C03,7,9,1,10,2,14,,85,85,1,13,4,120.647454,24.221458,2
9082,66000,387130000C,(04)23274275,(04)23288582,2025,09,23,8,57,臺中市,大里區,0,0,0,5,,,50,,,,,,,,,,,,,,17,,,,,B03,,,1,,1,,,49,49,1,6,4,120.716076,24.096006,3
9083,66000,387130000C,(04)23274275,(04)23288582,2025,09,23,8,59,臺中市,大里區,0,0,0,5,,,50,,,,,,,,,,,,,,16,,,,,C03,,,1,,2,,,45,45,1,13,4,120.689795,24.115145,3
9084,66000,387130000C,(04)23274275,(04)23288582,2025,09,23,9,0,臺中市,北屯區,0,0,0,5,,,50,,,,,,,,,,,,,,,,,,,C03,,,1,,1,,,50,50,1,12,4,120.6819,24.174952,4
9085,66000,387130000C,(04)23274275,(04)23288582,2025,09,23,9,1,臺中市,東區,0,1,0,5,3,6,50,4,9,1,4,4,6,6,4,4,5,5,5,2,17,3,10,5,4,B03,7,6,1,8,2,16,,20,20,1,6,4,120.699854,24.126243,2
9086,66000,387130000C,(04)23274275,(04)23288582,2025,09,23,9,8,臺中市,潭子區,0,1,0,5,3,6,50,3,1,1,4,4,6,6,1,1,1,4,4,1,17,2,9,2,1,C03,7,9,1,10,2,14,,82,82,1,13,4,120.683553,24.216283,2
9087,66000,387130000C,(04)23274275,(04)23288582,2025,09,23,9,10,臺中市,西屯區,0,1,0,5,2,6,30,3,1,1,4,4,6,6,4,4,5,5,5,2,16,3,10,1,1,C03,7,6,1,10,1,11,,48,48,1,12,4,120.641386,24.188074,2
9088,66000,387130000C,(04)23274275,(04)23288582,2025,09,23,9,11,臺中市,大里區,0,1,0,5,3,6,0,3,1,1,4,4,6,6,1,1,10,5,5,2,18,2,9,1,1,C03,7,9,1,10,2,16,,84,84,1,12,4,120.704431,24.095756,2
9089,66000,387130000C,(04)23274275,(04)23288582,2025,09,23,9,12,臺中市,西屯區,0,1,0,5,2,6,50,3,1,1,4,4,6,6,2,1,10,5,5,2,30,2,9,5,4,C03,7,9,1,10,2,12,,85,85,1,13,4,120.646873,24.157021,2
9090,66000,387130000C,(04)23274275,(04)23288582,2025,09,23,9,16,臺中市,大甲區,0,0,0,5,,,50,,,,,,,,,,,,,,,,,,,B03,,,1,,2,,,84,84,1,6,4,120.641516,24.365468,3
9091,66000,387130000C,(04)23274275,(04)23288582,2025,09,23,9,20,臺中市,大雅區,0,0,0,5,,,50,,,,,,,,,,,,,,,,,,,B11,,,1,,2,,,84,84,1,13,4,120.62914,24.206348,3
9092,66000,387130000C,(04)23274275,(04)23288582,2025,09,23,9,20,臺中市,南屯區,0,1,0,5,1,6,40,4,2,1,4,4,6,6,2,1,10,5,5,2,18,2,7,1,1,C03,7,9,1,10,2,14,,59,59,1,6,4,120.632356,24.145477,2
9093,66000,387130000C,(04)23274275,(04)23288582,2025,09,23,9,23,臺中市,南區,0,1,0,5,2,6,50,13,8,1,4,4,6,6,4,4,1,4,4,2,18,2,9,1,1,C03,7,15,3,19,2,12,,84,84,1,12,4,120.664456,24.125342,2
9094,66000,387130000C,(04)23274275,(04)23288582,2025,09,23,9,23,臺中市,西屯區,0,0,0,5,,,40,,,,,,,,,,,,,,16,,,,,B03,,,1,,1,,,47,47,1,13,4,120.634636,24.179584,3
9095,66000,387130000C,(04)23274275,(04)23288582,2025,09,23,9,24,臺中市,西屯區,0,0,0,5,,,40,,,,,,,,,,,,,,17,,,,,B03,,,1,,1,,,59,59,1,12,4,120.660547,24.165702,3
9096,66000,387130000C,(04)23274275,(04)23288582,2025,09,23,9,25,臺中市,南屯區,0,1,0,5,2,6,50,13,9,1,3,4,6,6,4,4,1,4,4,2,17,3,10,3,1,A12,7,9,1,7,1,1,,7,7,1,12,4,120.616286,24.146186,2
9097,66000,387130000C,(04)23274275,(04)23288582,2025,09,23,9,28,臺中市,沙鹿區,0,1,0,5,2,6,50,4,1,1,4,4,6,6,4,4,10,5,5,2,17,2,9,1,1,C03,7,9,1,10,2,12,,6,6,1,12,4,120.573545,24.22402,2
9098,66000,387130000C,(04)23274275,(04)23288582,2025,09,23,9,30,臺中市,太平區,0,2,0,5,3,6,50,3,1,1,4,4,6,6,4,4,10,5,5,2,16,2,8,2,1,C03,7,9,1,10,2,11,,39,39,1,12,4,120.716746,24.131853,2
9099,66000,387130000C,(04)23274275,(04)23288582,2025,09,23,9,34,臺中市,豐原區,0,1,0,5,2,6,50,4,1,1,4,4,6,6,1,1,3,4,5,1,17,2,9,2,1,C03,7,11,1,10,2,14,,45,45,1,13,4,120.708787,24.25204,2
9100,66000,387130000C,(04)23274275,(04)23288582,2025,09,23,9,35,臺中市,西屯區,0,2,0,5,2,6,40,13,8,1,3,4,6,6,2,1,1,4,1,2,13,2,9,1,1,C03,7,9,1,10,2,11,,7,7,1,12,4,120.650021,24.162613,2
9101,66000,387130000C,(04)23274275,(04)23288582,2025,09,23,9,38,臺中市,西屯區,0,0,0,5,,,50,,,,,,,,,,,,,,12,,,,,B01,,,1,,1,,,51,51,1,12,4,120.640172,24.165646,3
9102,66000,387130000C,(04)23274275,(04)23288582,2025,09,23,9,39,臺中市,南區,0,1,0,5,3,6,50,4,1,1,4,4,6,6,1,1,1,5,5,2,18,2,9,2,1,C03,7,9,1,10,2,16,,84,84,1,6,4,120.663546,24.119797,2
9103,66000,387130000C,(04)23274275,(04)23288582,2025,09,23,9,50,臺中市,南區,0,0,0,5,,,50,,,,,,,,,,,,,,16,,,,,B03,,,1,,1,,,11,11,1,6,4,120.670095,24.119043,3
9104,66000,387130000C,(04)23274275,(04)23288582,2025,09,23,9,52,臺中市,北區,0,1,0,5,2,6,30,13,9,4,4,2,6,6,2,1,1,4,5,1,18,2,9,1,1,C03,7,9,1,10,2,12,,84,84,1,12,4,120.6666,24.158645,2
9105,66000,387130000C,(04)23274275,(04)23288582,2025,09,23,9,57,臺中市,南屯區,0,1,0,5,2,6,60,4,2,1,4,4,6,6,2,1,1,4,5,2,18,2,9,1,1,C03,7,9,1,10,2,16,,59,59,1,12,4,120.646789,24.146405,2
9106,66000,387130000C,(04)23274275,(04)23288582,2025,09,23,9,59,臺中市,東區,0,1,0,7,3,6,50,11,9,1,5,4,6,6,4,4,5,5,5,2,18,2,9,5,4,C03,7,15,1,10,2,15,,84,84,1,6,4,120.703355,24.125483,2
9107,66000,387130000C,(04)23274275,(04)23288582,2025,09,23,10,0,臺中市,南屯區,0,0,0,7,,,50,,,,,,,,,,,,,,,,,,,B03,,,1,,1,,,50,50,1,6,4,120.654446,24.142527,3
9108,66000,387130000C,(04)23274275,(04)23288582,2025,09,23,10,0,臺中市,西屯區,0,1,0,5,2,6,40,13,8,1,4,4,6,6,4,4,3,4,3,2,18,2,9,1,1,C03,7,9,1,10,2,16,,6,6,1,12,4,120.61285,24.183945,2
9109,66000,387130000C,(04)23274275,(04)23288582,2025,09,23,10,0,臺中市,龍井區,0,0,0,5,,,50,,,,,,,,,,,,,,,,,,,B03,,,1,,2,,,8,8,1,6,4,120.524531,24.210811,3
9110,66000,387130000C,(04)23274275,(04)23288582,2025,09,23,10,1,臺中市,潭子區,0,0,0,5,,,50,,,,,,,,,,,,,,12,,,,,B12,,,1,,1,,,2,2,1,13,4,120.703329,24.20052,3
9111,66000,387130000C,(04)23274275,(04)23288582,2025,09,23,10,4,臺中市,西區,0,1,0,5,2,6,50,4,2,1,4,4,6,6,3,1,5,5,5,1,18,2,9,1,1,C03,7,12,1,10,2,16,,6,6,1,13,4,120.660914,24.14786,2
9112,66000,387130000C,(04)23274275,(04)23288582,2025,09,23,10,4,臺中市,西屯區,0,0,0,5,,,30,,,,,,,,,,,,,,17,,,,,C03,,,1,,1,,,84,84,1,13,4,120.642925,24.189187,3
9113,66000,387130000C,(04)23274275,(04)23288582,2025,09,23,10,6,臺中市,大里區,0,1,0,5,2,6,50,13,9,1,4,4,6,6,4,4,9,5,4,1,17,2,9,1,1,C03,7,9,1,10,2,12,,84,84,1,12,4,120.671764,24.105605,2
9114,66000,387130000C,(04)23274275,(04)23288582,2025,09,23,10,8,臺中市,北屯區,0,1,0,5,3,6,50,3,1,1,4,4,6,6,4,4,1,4,5,2,18,2,9,2,1,C03,7,12,1,10,2,16,,82,82,1,6,4,120.70977,24.18233,2
9115,66000,387130000C,(04)23274275,(04)23288582,2025,09,23,10,9,臺中市,后里區,0,2,0,7,3,6,50,3,2,1,4,4,6,6,3,1,5,5,5,1,17,3,10,3,1,B03,7,11,1,8,2,2,,45,45,1,8,4,120.718398,24.306929,2
9116,66000,387130000C,(04)23274275,(04)23288582,2025,09,23,10,10,臺中市,大里區,0,0,0,5,,,40,,,,,,,,,,,,,,12,,,,,B03,,,1,,2,,,84,84,1,13,4,120.692478,24.106847,3
9117,66000,387130000C,(04)23274275,(04)23288582,2025,09,23,10,15,臺中市,南屯區,0,1,0,5,3,6,30,4,2,1,4,4,6,6,4,4,10,5,5,2,18,2,9,2,2,C03,7,9,1,10,2,14,,84,84,1,13,4,120.635375,24.137522,2
9118,66000,387130000C,(04)23274275,(04)23288582,2025,09,23,10,15,臺中市,清水區,0,1,0,7,3,6,50,3,2,1,5,4,6,6,4,4,1,4,4,2,17,3,10,3,1,A12,7,6,1,7,2,8,,59,59,1,12,4,120.577349,24.27426,2
9119,66000,387130000C,(04)23274275,(04)23288582,2025,09,23,10,17,臺中市,霧峰區,0,1,0,5,3,6,50,4,1,1,4,4,6,6,1,1,3,4,5,1,16,2,9,1,1,C03,7,9,1,10,2,11,,7,7,1,5,4,120.699801,24.07547,2
9120,66000,387130000C,(04)23274275,(04)23288582,2025,09,23,10,17,臺中市,后里區,0,0,0,5,,,40,,,,,,,,,,,,,,12,,,,,B03,,,1,,2,,,8,8,1,12,4,120.725197,24.308587,3
9121,66000,387130000C,(04)23274275,(04)23288582,2025,09,23,10,20,臺中市,西屯區,0,1,0,5,2,6,30,3,1,1,4,4,6,6,4,4,10,5,5,2,17,3,10,5,4,B03,7,5,1,8,1,1,,14,14,1,13,4,120.645975,24.175075,2
9122,66000,387130000C,(04)23274275,(04)23288582,2025,09,23,10,31,臺中市,后里區,0,0,0,5,,,50,,,,,,,,,,,,,,2,,,,,A31,,,1,,2,,,84,84,1,6,4,120.723488,24.29823,3
9123,66000,387130000C,(04)23274275,(04)23288582,2025,09,23,10,32,臺中市,北屯區,0,0,0,5,,,50,,,,,,,,,,,,,,13,,,,,B03,,,1,,1,,,58,58,1,6,4,120.719208,24.175849,3
9124,66000,387130000C,(04)23274275,(04)23288582,2025,09,23,10,37,臺中市,烏日區,0,0,0,5,,,50,,,,,,,,,,,,,,13,,,,,B03,,,1,,1,,,7,7,1,6,4,120.596927,24.107127,3
9125,66000,387130000C,(04)23274275,(04)23288582,2025,09,23,10,39,臺中市,大里區,0,1,0,5,2,6,50,4,4,1,4,4,6,6,1,1,5,2,5,1,12,2,9,1,1,C03,7,4,1,10,2,12,,8,8,1,12,4,120.688236,24.10205,2
9126,66000,387130000C,(04)23274275,(04)23288582,2025,09,23,10,41,臺中市,西區,0,1,0,5,2,6,40,4,2,1,4,4,6,6,2,1,3,5,3,2,18,2,9,2,1,C03,7,9,1,10,2,12,,84,84,1,12,4,120.665274,24.153681,2
9127,66000,387130000C,(04)23274275,(04)23288582,2025,09,23,10,42,臺中市,大雅區,0,0,0,5,,,0,,,,,,,,,,,,,,,,,,,B03,,,1,,1,,,49,49,1,13,4,120.666206,24.216916,3
9128,66000,387130000C,(04)23274275,(04)23288582,2025,09,23,10,42,臺中市,東區,0,0,0,5,,,50,,,,,,,,,,,,,,13,,,,,B03,,,1,,2,,,84,84,1,12,4,120.701031,24.143157,3
9129,66000,387130000C,(04)23274275,(04)23288582,2025,09,23,10,42,臺中市,北屯區,0,0,0,5,,,50,,,,,,,,,,,,,,11,,,,,B03,,,1,,9,,,4,4,1,13,4,120.677074,24.18209,3
9130,66000,387130000C,(04)23274275,(04)23288582,2025,09,23,10,48,臺中市,霧峰區,0,1,0,5,2,6,50,4,2,1,4,4,1,6,1,1,4,1,5,1,29,2,9,1,1,C03,7,5,1,10,2,11,,84,84,1,6,4,120.668053,24.060754,2
9131,66000,387130000C,(04)23274275,(04)23288582,2025,09,23,10,49,臺中市,清水區,0,0,0,6,,,40,,,,,,,,,,,,,,,,,,,B03,,,1,,11,,,47,47,1,12,4,120.547376,24.275378,3
9132,66000,387130000C,(04)23274275,(04)23288582,2025,09,23,10,51,臺中市,東勢區,0,2,0,5,3,6,40,4,1,1,4,4,3,3,4,4,5,5,5,1,15,2,1,3,1,B03,7,9,1,7,2,8,,12,12,1,6,4,120.83164,24.244673,2
9133,66000,387130000C,(04)23274275,(04)23288582,2025,09,23,10,53,臺中市,北屯區,0,0,0,5,,,50,,,,,,,,,,,,,,17,,,,,B12,,,1,,2,,,59,59,1,12,4,120.72807,24.179622,3
9134,66000,387130000C,(04)23274275,(04)23288582,2025,09,23,10,53,臺中市,沙鹿區,0,0,0,7,,,1,,,,,,,,,,,,,,17,,,,,B03,,,1,,2,,,51,51,1,6,4,120.578386,24.22354,3
9135,66000,387130000C,(04)23274275,(04)23288582,2025,09,23,10,55,臺中市,西屯區,0,1,0,5,2,6,0,13,9,1,4,4,6,6,4,4,9,5,5,2,16,3,10,3,1,B03,7,9,1,8,2,1,,20,20,1,12,4,120.639886,24.179463,2
9136,66000,387130000C,(04)23274275,(04)23288582,2025,09,23,10,59,臺中市,東區,0,1,0,5,3,6,50,13,9,1,4,4,6,6,4,4,1,5,5,2,12,3,10,3,1,B01,7,3,1,4,2,2,,50,50,1,6,4,120.694955,24.142173,2
9137,66000,387130000C,(04)23274275,(04)23288582,2025,09,23,11,1,臺中市,大肚區,0,1,0,5,2,6,30,4,1,1,4,4,6,6,4,4,10,5,5,2,15,3,10,3,1,B03,7,9,1,8,2,5,,15,15,1,12,4,120.578807,24.168889,2
9138,66000,387130000C,(04)23274275,(04)23288582,2025,09,23,11,4,臺中市,西屯區,0,0,0,5,,,50,,,,,,,,,,,,,,13,,,,,B01,,,1,,1,,,59,59,1,12,4,120.604772,24.187601,3
9139,66000,387130000C,(04)23274275,(04)23288582,2025,09,23,11,5,臺中市,烏日區,0,1,0,5,2,6,40,13,8,1,4,4,6,6,4,4,1,5,4,2,13,3,10,2,1,C03,7,9,1,10,2,13,,68,68,1,6,4,120.651887,24.100177,2
9140,66000,387130000C,(04)23274275,(04)23288582,2025,09,23,11,12,臺中市,北區,0,1,0,7,2,6,50,4,2,1,5,4,6,6,2,1,10,5,5,2,17,2,9,2,1,C03,7,9,1,10,2,14,,84,84,1,13,4,120.670234,24.158965,2
9141,66000,387130000C,(04)23274275,(04)23288582,2025,09,23,11,12,臺中市,梧棲區,0,0,0,5,,,30,,,,,,,,,,,,,,20,,,,,B03,,,1,,2,,,59,59,1,6,4,120.542748,24.257256,3
9142,66000,387130000C,(04)23274275,(04)23288582,2025,09,23,11,17,臺中市,大里區,0,1,0,5,3,6,50,4,2,1,4,4,6,6,1,1,5,4,5,1,17,2,9,1,1,C03,7,9,4,10,2,11,,4,4,1,12,2,120.688998,24.0807,2
9143,66000,387130000C,(04)23274275,(04)23288582,2025,09,23,11,20,臺中市,太平區,0,0,0,5,,,30,,,,,,,,,,,,,,15,,,,,B03,,,1,,2,,,12,12,1,6,4,120.706383,24.157875,3
9144,66000,387130000C,(04)23274275,(04)23288582,2025,09,23,11,20,臺中市,豐原區,0,0,0,5,,,50,,,,,,,,,,,,,,13,,,,,C03,,,1,,2,,,7,7,1,12,4,120.72079,24.250585,3
9145,66000,387130000C,(04)23274275,(04)23288582,2025,09,23,11,23,臺中市,西屯區,0,0,0,5,,,30,,,,,,,,,,,,,,14,,,,,B13,,,1,,1,,,49,49,1,12,4,120.639425,24.170894,3
9146,66000,387130000C,(04)23274275,(04)23288582,2025,09,23,11,24,臺中市,北區,0,0,0,5,,,40,,,,,,,,,,,,,,17,,,,,B03,,,7,,9,,,87,87,1,13,4,120.680678,24.157695,3
9147,66000,387130000C,(04)23274275,(04)23288582,2025,09,23,11,30,臺中市,南屯區,0,0,0,5,,3,80,,,,,,,,,,,,,,,,,,,B12,,,1,,2,,,84,84,1,6,4,120.623292,24.150778,3
9148,66000,387130000C,(04)23274275,(04)23288582,2025,09,23,11,30,臺中市,豐原區,0,0,0,7,,,50,,,,,,,,,,,,,,12,,,,,B03,,,1,,2,,,84,84,1,13,4,120.703123,24.249458,3
9149,66000,387130000C,(04)23274275,(04)23288582,2025,09,23,11,32,臺中市,西區,0,2,0,5,3,6,50,4,1,1,4,4,6,6,4,4,10,5,5,2,16,2,8,1,1,C03,7,6,3,19,1,11,,48,48,1,6,4,120.666627,24.147146,2
9150,66000,387130000C,(04)23274275,(04)23288582,2025,09,23,11,32,臺中市,東區,0,0,0,5,,,50,,,,,,,,,,,,,,13,,,,,B03,,,1,,1,,,7,7,1,12,4,120.694423,24.150115,3
9151,66000,387130000C,(04)23274275,(04)23288582,2025,09,23,11,32,臺中市,北屯區,0,2,0,5,2,6,50,13,9,1,4,4,6,6,4,4,1,4,5,2,12,2,8,3,1,B03,7,8,3,19,2,8,1,84,84,1,12,4,120.68477,24.172013,2
9152,66000,387130000C,(04)23274275,(04)23288582,2025,09,23,11,33,臺中市,西區,0,1,0,7,2,6,50,4,1,1,4,4,6,6,4,4,10,5,5,2,18,2,9,2,1,C03,7,9,1,10,2,12,,85,85,1,12,4,120.668198,24.149549,2
9153,66000,387130000C,(04)23274275,(04)23288582,2025,09,23,11,33,臺中市,大甲區,0,1,0,5,2,6,50,13,9,1,4,4,6,6,4,4,5,5,4,2,12,3,10,3,1,B03,7,9,1,8,2,2,,7,7,1,6,4,120.627708,24.34692,2
9154,66000,387130000C,(04)23274275,(04)23288582,2025,09,23,11,35,臺中市,大雅區,0,1,0,5,3,6,50,4,2,1,4,4,6,6,1,1,5,2,5,1,17,3,10,3,1,A11,7,5,1,3,2,2,,47,47,1,12,4,120.647292,24.212952,2
9155,66000,387130000C,(04)23274275,(04)23288582,2025,09,23,11,38,臺中市,北區,0,0,0,5,,,50,,,,,,,,,,,,,,17,,,,,B03,,,1,,9,,,84,84,1,13,4,120.677595,24.149943,3
9156,66000,387130000C,(04)23274275,(04)23288582,2025,09,23,11,39,臺中市,北屯區,0,2,0,5,3,6,50,4,2,1,4,4,6,6,1,1,5,5,5,2,17,2,9,1,1,C03,7,9,1,10,2,11,,59,59,1,12,4,120.683686,24.176072,2
9157,66000,387130000C,(04)23274275,(04)23288582,2025,09,23,11,39,臺中市,烏日區,0,2,0,5,2,6,50,3,2,1,4,4,6,6,4,4,5,4,5,1,17,2,9,2,1,C04,7,11,1,10,2,14,,46,46,1,6,4,120.642884,24.075079,2
9158,66000,387130000C,(04)23274275,(04)23288582,2025,09,23,11,39,臺中市,烏日區,0,0,0,5,,,50,,,,,,,,,,,,,,3,,,,,C03,,,1,,2,,,20,20,1,6,4,120.597422,24.110246,3
9159,66000,387130000C,(04)23274275,(04)23288582,2025,09,23,11,48,臺中市,大里區,0,1,0,5,2,6,50,3,2,1,4,4,6,6,4,4,4,3,5,1,17,2,9,2,1,C03,7,9,1,10,2,12,,84,84,1,6,4,120.701077,24.088739,2
9160,66000,387130000C,(04)23274275,(04)23288582,2025,09,23,11,50,臺中市,沙鹿區,0,0,0,5,,,50,,,,,,,,,,,,,,11,,,,,C03,,,1,,1,,,14,14,1,12,4,120.556341,24.22834,4
9161,66000,387130000C,(04)23274275,(04)23288582,2025,09,23,11,52,臺中市,北屯區,0,0,0,5,,,50,,,,,,,,,,,,,,13,,,,,A42,,,1,,1,,,7,7,1,6,4,120.671099,24.174155,3
9162,66000,387130000C,(04)23274275,(04)23288582,2025,09,23,11,59,臺中市,北屯區,0,2,0,5,2,6,50,4,1,1,4,4,6,6,1,1,10,5,5,2,13,2,9,1,1,C03,7,9,1,10,2,11,,58,58,1,6,4,120.685679,24.175769,2
9163,66000,387130000C,(04)23274275,(04)23288582,2025,09,23,11,59,臺中市,大安區,0,0,0,5,,,40,,,,,,,,,,,,,,,,,,,C03,,,1,,2,,,51,51,1,12,4,120.58813,24.344329,3
9164,66000,387130000C,(04)23274275,(04)23288582,2025,09,23,12,0,臺中市,北屯區,0,1,0,5,3,6,50,4,1,1,4,4,6,6,1,1,10,5,5,2,30,2,9,2,1,C03,7,9,1,10,2,12,,43,43,1,13,4,120.720953,24.169893,2
9165,66000,387130000C,(04)23274275,(04)23288582,2025,09,23,12,7,臺中市,沙鹿區,0,1,0,5,2,6,50,13,7,1,4,4,6,6,4,4,5,5,4,2,17,3,10,3,1,B03,7,1,1,8,2,8,,51,51,1,6,4,120.565655,24.243158,2
9166,66000,387130000C,(04)23274275,(04)23288582,2025,09,23,12,9,臺中市,豐原區,0,0,0,5,2,6,50,13,9,1,4,4,6,6,4,4,10,5,5,1,15,3,10,3,1,B03,7,9,1,3,2,1,,84,84,1,12,4,120.717925,24.268317,3
9167,66000,387130000C,(04)23274275,(04)23288582,2025,09,23,12,10,臺中市,大里區,0,1,0,5,2,6,50,13,8,1,4,4,6,6,4,4,8,3,4,1,17,2,9,1,1,C03,7,1,3,19,2,11,,51,51,1,6,4,120.714729,24.095668,2
9168,66000,387130000C,(04)23274275,(04)23288582,2025,09,23,12,11,臺中市,北區,0,0,0,5,,,50,,,,,,,,,,,,,,17,,,,,B03,,,1,,1,,,84,84,1,12,4,120.663583,24.161589,3