﻿序號,縣市別代碼,機關代碼,市話,傳真,年,月,日,時,分,縣市,區,死亡數量,受傷數量,2-30,天候,道路照明設備,道路類別,道路速限,道路型態,事故位置,路面鋪裝,路面狀態,路面缺陷,障礙物,視距,號誌種類,號誌動作,分向設施,快車道或一般車道間,快慢車道間,路面邊線,事故類型及型態,受傷程度,主要傷處,保護裝備,行動電話或功能裝置,當事者區分_類別,車輛用途,當事者行動狀態,駕照狀態,駕照種類,飲酒情形,車輛撞擊部位最初,車輛撞擊部位其他,肇事因素個別,肇事因素主要,肇事逃逸,職業,共享經濟或外送平台,GPS座標X,GPS座標Y,事故類別
9501,66000,387130000C,(04)23274275,(04)23288582,2025,09,24,7,25,臺中市,沙鹿區,0,3,0,7,2,6,50,3,9,1,5,4,6,6,4,4,5,4,5,2,17,2,9,2,1,C03,7,6,1,10,2,11,,14,14,1,12,4,120.559869,24.233076,2
9502,66000,387130000C,(04)23274275,(04)23288582,2025,09,24,7,27,臺中市,西屯區,0,1,0,7,2,6,50,4,1,1,5,4,6,6,2,1,5,4,5,2,17,3,10,5,4,B03,7,5,1,8,2,5,,11,11,1,13,4,120.665366,24.166799,2
9503,66000,387130000C,(04)23274275,(04)23288582,2025,09,24,7,29,臺中市,西屯區,0,1,0,7,2,6,50,13,9,1,5,4,6,6,4,4,9,4,5,2,16,3,10,5,4,B03,7,11,1,8,2,4,,45,45,1,12,4,120.639205,24.171421,2
9504,66000,387130000C,(04)23274275,(04)23288582,2025,09,24,7,29,臺中市,梧棲區,0,0,0,7,,,50,,,,,,,,,,,,,,12,,,,,B03,,,1,,2,,,47,47,1,6,4,120.541801,24.246077,3
9505,66000,387130000C,(04)23274275,(04)23288582,2025,09,24,7,30,臺中市,南屯區,0,0,0,7,,,30,,,,,,,,,,,,,,,,,,,B03,,,1,,2,,,49,49,1,6,4,120.639942,24.140222,3
9506,66000,387130000C,(04)23274275,(04)23288582,2025,09,24,7,30,臺中市,北屯區,0,1,0,5,3,6,50,4,1,1,4,4,6,6,1,1,10,5,5,2,18,2,9,1,1,C03,7,9,1,10,2,14,,59,59,1,13,4,120.676168,24.200852,2
9507,66000,387130000C,(04)23274275,(04)23288582,2025,09,24,7,30,臺中市,梧棲區,0,0,0,7,,,30,,,,,,,,,,,,,,,,,,,B03,,,1,,1,,,14,14,1,6,4,120.537928,24.243287,3
9508,66000,387130000C,(04)23274275,(04)23288582,2025,09,24,7,30,臺中市,石岡區,0,0,0,7,,,70,,,,,,,,,,,,,,13,,,,,B03,,,1,,1,,,7,7,1,13,4,120.765481,24.276717,3
9509,66000,387130000C,(04)23274275,(04)23288582,2025,09,24,7,32,臺中市,東區,0,2,0,7,3,6,50,3,1,1,5,4,6,6,4,4,5,5,5,2,17,2,9,2,1,F03,7,6,7,21,2,11,,84,84,1,6,4,120.694263,24.13296,2
9510,66000,387130000C,(04)23274275,(04)23288582,2025,09,24,7,32,臺中市,南區,0,0,0,7,,,50,,,,,,,,,,,,,,13,,,,,B03,,,1,,1,,,7,7,1,6,4,120.670073,24.117162,3
9511,66000,387130000C,(04)23274275,(04)23288582,2025,09,24,7,32,臺中市,北屯區,0,1,0,7,3,6,50,13,9,1,5,4,6,6,4,4,5,4,5,2,18,2,9,2,1,C03,7,9,1,10,2,14,,84,84,1,12,4,120.695904,24.16497,2
9512,66000,387130000C,(04)23274275,(04)23288582,2025,09,24,7,32,臺中市,北屯區,0,1,0,7,3,6,40,4,2,1,5,4,6,6,2,1,1,4,4,2,24,2,9,2,1,C03,7,9,1,10,2,11,,85,85,1,12,4,120.661819,24.189421,2
9513,66000,387130000C,(04)23274275,(04)23288582,2025,09,24,7,33,臺中市,石岡區,0,1,0,7,2,6,30,4,1,1,5,4,6,6,4,4,10,5,5,1,16,3,10,5,4,B03,7,6,1,8,1,1,,14,14,1,13,4,120.797947,24.273571,2
9514,66000,387130000C,(04)23274275,(04)23288582,2025,09,24,7,35,臺中市,北區,0,2,0,7,3,6,50,4,24,1,5,4,6,6,4,4,10,5,5,2,17,3,10,5,4,C03,7,7,1,10,2,16,,4,4,1,13,4,120.671715,24.170056,2
9515,66000,387130000C,(04)23274275,(04)23288582,2025,09,24,7,35,臺中市,北屯區,0,1,0,7,3,6,50,3,1,1,5,4,6,6,1,1,10,5,5,2,17,3,10,3,1,B03,7,5,1,8,2,6,,84,84,1,12,4,120.702626,24.165043,2
9516,66000,387130000C,(04)23274275,(04)23288582,2025,09,24,7,36,臺中市,西屯區,0,1,0,7,2,6,30,3,1,1,5,4,6,6,4,4,10,5,5,2,16,3,10,5,4,B11,7,6,1,8,2,1,,14,14,1,13,4,120.650613,24.205589,2
9517,66000,387130000C,(04)23274275,(04)23288582,2025,09,24,7,37,臺中市,西屯區,0,0,0,7,,,50,,,,,,,,,,,,,,13,,,,,B03,,,1,,1,,,7,7,1,12,4,120.615369,24.183119,3
9518,66000,387130000C,(04)23274275,(04)23288582,2025,09,24,7,40,臺中市,南屯區,0,0,0,7,,,50,,,,,,,,,,,,,,13,,,,,B03,,,1,,1,,,84,84,1,13,4,120.648941,24.134812,3
9519,66000,387130000C,(04)23274275,(04)23288582,2025,09,24,7,42,臺中市,南區,0,1,0,7,3,6,50,4,9,1,5,4,6,6,2,1,3,5,5,2,16,3,10,5,4,B03,7,5,1,8,2,1,,20,20,1,6,4,120.652498,24.122127,2
9520,66000,387130000C,(04)23274275,(04)23288582,2025,09,24,7,42,臺中市,北屯區,0,2,0,7,3,6,50,3,1,1,5,4,6,6,2,1,10,5,5,2,16,2,8,1,1,C03,7,9,3,19,9,12,,4,4,2,12,4,120.671896,24.180212,2
9521,66000,387130000C,(04)23274275,(04)23288582,2025,09,24,7,45,臺中市,烏日區,0,0,0,7,,,30,,,,,,,,,,,,,,15,,,,,B12,,,1,,2,,,20,20,1,6,4,120.621215,24.106475,3
9522,66000,387130000C,(04)23274275,(04)23288582,2025,09,24,7,47,臺中市,潭子區,0,3,0,7,3,6,50,13,9,1,5,4,6,6,4,4,5,5,5,2,16,2,9,2,1,C03,7,6,1,10,2,14,,84,84,1,13,4,120.721079,24.20406,2
9523,66000,387130000C,(04)23274275,(04)23288582,2025,09,24,7,49,臺中市,北屯區,0,1,0,7,3,6,50,4,1,1,5,4,6,6,2,1,10,5,5,2,13,3,10,3,1,B03,7,9,1,8,2,8,,84,84,1,12,4,120.721585,24.162571,2
9524,66000,387130000C,(04)23274275,(04)23288582,2025,09,24,7,52,臺中市,南屯區,0,1,0,7,2,6,50,13,9,1,5,4,6,6,4,4,5,5,5,2,17,3,10,3,1,B03,7,1,1,8,2,8,,84,84,1,13,4,120.653212,24.137308,2
9525,66000,387130000C,(04)23274275,(04)23288582,2025,09,24,7,54,臺中市,南屯區,0,0,0,7,,,50,,,,,,,,,,,,,,13,,,,,C03,,,1,,1,,,7,7,1,13,4,120.612773,24.15348,3
9526,66000,387130000C,(04)23274275,(04)23288582,2025,09,24,7,57,臺中市,西屯區,0,1,0,7,2,6,50,4,1,1,5,4,6,6,1,1,5,5,5,2,15,3,10,5,4,B03,7,9,1,8,2,1,,21,21,1,13,4,120.638376,24.177292,2
9527,66000,387130000C,(04)23274275,(04)23288582,2025,09,24,7,57,臺中市,沙鹿區,0,0,0,7,,,30,,,,,,,,,,,,,,17,,,,,C03,,,6,,2,,,84,84,1,6,4,120.573106,24.215731,4
9528,66000,387130000C,(04)23274275,(04)23288582,2025,09,24,7,58,臺中市,北區,0,2,0,7,3,6,50,4,2,1,5,4,6,6,1,1,1,4,5,2,13,2,9,2,1,C03,7,9,1,10,2,11,,7,7,1,12,4,120.671456,24.17374,2
9529,66000,387130000C,(04)23274275,(04)23288582,2025,09,24,8,1,臺中市,西屯區,0,0,0,7,,,50,,,,,,,,,,,,,,13,,,,,B03,,,1,,1,,,59,59,1,12,4,120.667123,24.173226,3
9530,66000,387130000C,(04)23274275,(04)23288582,2025,09,24,8,2,臺中市,西屯區,0,2,0,7,2,6,50,13,9,1,5,4,6,6,4,4,10,5,5,2,14,2,1,1,1,C03,7,2,1,10,2,13,,49,49,1,12,4,120.66013,24.165774,2
9531,66000,387130000C,(04)23274275,(04)23288582,2025,09,24,8,4,臺中市,太平區,0,0,0,7,,,50,,,,,,,,,,,,,,13,,,,,C03,,,1,,1,,,7,7,1,13,4,120.717375,24.125318,3
9532,66000,387130000C,(04)23274275,(04)23288582,2025,09,24,8,7,臺中市,太平區,0,0,0,7,2,6,50,,,,,,,,,,,,,,16,,,,,C03,,,1,,2,11,,20,20,1,12,4,120.730794,24.112419,3
9533,66000,387130000C,(04)23274275,(04)23288582,2025,09,24,8,12,臺中市,梧棲區,0,0,0,7,,,30,,,,,,,,,,,,,,14,,,,,B03,,,1,,1,,,49,49,1,6,4,120.541003,24.254573,3
9534,66000,387130000C,(04)23274275,(04)23288582,2025,09,24,8,14,臺中市,潭子區,0,1,0,7,2,6,60,13,9,1,5,4,6,6,4,4,1,4,5,1,13,2,4,1,1,C03,7,8,1,11,2,11,,58,58,1,13,4,120.703708,24.202106,2
9535,66000,387130000C,(04)23274275,(04)23288582,2025,09,24,8,15,臺中市,西屯區,0,0,0,7,,,50,,,,,,,,,,,,,,13,,,,,B02,,,1,,1,,,84,84,1,13,4,120.628902,24.163106,3
9536,66000,387130000C,(04)23274275,(04)23288582,2025,09,24,8,15,臺中市,西屯區,0,1,0,7,2,6,40,13,8,1,5,4,6,6,4,4,5,4,4,2,13,2,9,5,4,C03,7,9,1,10,2,11,,59,59,1,13,4,120.59143,24.168975,2
9537,66000,387130000C,(04)23274275,(04)23288582,2025,09,24,8,16,臺中市,西屯區,0,2,0,7,2,6,30,4,1,1,5,4,6,6,4,4,10,5,5,2,15,2,9,5,4,C03,7,9,1,10,2,11,,12,12,1,13,4,120.644349,24.179911,2
9538,66000,387130000C,(04)23274275,(04)23288582,2025,09,24,8,17,臺中市,大里區,0,2,0,7,3,6,30,13,9,1,5,4,6,6,4,4,10,5,5,2,12,2,9,3,1,B03,7,1,1,8,2,8,,51,51,1,12,4,120.704399,24.106761,2
9539,66000,387130000C,(04)23274275,(04)23288582,2025,09,24,8,19,臺中市,北區,0,1,0,7,2,6,50,4,1,1,5,4,6,6,2,1,10,5,5,2,12,3,10,3,1,B12,7,7,1,7,2,5,,20,20,1,13,4,120.676935,24.165602,2
9540,66000,387130000C,(04)23274275,(04)23288582,2025,09,24,8,20,臺中市,西屯區,0,1,0,7,2,6,50,4,1,1,5,4,6,6,1,1,10,5,5,2,16,2,9,5,4,C03,7,9,1,10,1,14,,26,26,1,12,4,120.656787,24.200433,2
9541,66000,387130000C,(04)23274275,(04)23288582,2025,09,24,8,22,臺中市,西屯區,0,0,0,7,,,50,,,,,,,,,,,,,,13,,,,,B03,,,1,,1,,,7,7,1,12,4,120.633776,24.172604,3
9542,66000,387130000C,(04)23274275,(04)23288582,2025,09,24,8,22,臺中市,太平區,0,0,0,7,2,3,80,,,,,,,,,,,,,,,,,,,A12,,,1,,2,16,,85,85,1,12,4,120.714568,24.151524,3
9543,66000,387130000C,(04)23274275,(04)23288582,2025,09,24,8,23,臺中市,太平區,0,2,0,7,2,6,50,3,1,1,5,4,6,6,4,4,10,5,5,2,16,2,9,2,1,C03,7,6,1,10,2,11,,12,12,1,13,4,120.71026,24.158124,2
9544,66000,387130000C,(04)23274275,(04)23288582,2025,09,24,8,24,臺中市,西區,0,1,0,7,1,6,50,3,1,1,5,4,6,6,4,4,10,5,5,2,17,2,9,5,4,C03,7,9,1,10,2,11,,7,7,1,12,4,120.661452,24.137538,2
9545,66000,387130000C,(04)23274275,(04)23288582,2025,09,24,8,26,臺中市,烏日區,0,2,0,7,2,6,50,13,9,1,5,4,6,6,4,4,5,4,5,1,12,2,9,1,1,C03,7,6,3,19,2,14,,37,37,1,6,4,120.643679,24.083169,2
9546,66000,387130000C,(04)23274275,(04)23288582,2025,09,24,8,30,臺中市,南區,0,0,0,7,,,40,,,,,,,,,,,,,,,,,,,C03,,,1,,1,,,7,7,1,13,4,120.672106,24.119018,3
9547,66000,387130000C,(04)23274275,(04)23288582,2025,09,24,8,30,臺中市,大里區,0,0,0,7,,,70,,,,,,,,,,,,,,17,,,,,B03,,,3,,11,,,84,84,1,12,4,120.670368,24.109394,3
9548,66000,387130000C,(04)23274275,(04)23288582,2025,09,24,8,32,臺中市,大里區,0,1,0,7,2,6,50,13,9,1,5,4,6,6,4,4,5,5,5,1,17,3,10,5,4,B12,7,15,1,8,2,4,,84,84,1,13,4,120.694265,24.083071,2
9549,66000,387130000C,(04)23274275,(04)23288582,2025,09,24,8,36,臺中市,北屯區,0,2,0,7,3,6,50,4,1,1,5,4,6,6,2,1,10,5,5,2,15,2,8,2,1,C03,7,9,5,10,3,11,,21,21,1,12,4,120.671094,24.175055,2
9550,66000,387130000C,(04)23274275,(04)23288582,2025,09,24,8,38,臺中市,中區,0,1,0,7,2,6,50,4,2,1,5,4,6,6,2,1,5,4,5,1,13,2,9,2,1,C03,7,9,1,10,2,11,,84,84,1,13,4,120.679118,24.138594,2
9551,66000,387130000C,(04)23274275,(04)23288582,2025,09,24,8,40,臺中市,南區,0,2,0,7,3,6,30,13,9,1,5,4,6,6,4,4,10,5,5,2,11,2,9,1,1,C03,7,9,1,10,2,14,,8,8,1,6,4,120.654438,24.113346,2
9552,66000,387130000C,(04)23274275,(04)23288582,2025,09,24,8,41,臺中市,南屯區,0,2,0,7,3,6,50,4,4,1,5,4,6,6,1,1,4,3,4,2,13,2,9,2,4,C03,7,9,1,10,2,12,14,59,59,1,13,4,120.634493,24.148383,2
9553,66000,387130000C,(04)23274275,(04)23288582,2025,09,24,8,45,臺中市,西屯區,0,0,0,7,,,50,,,,,,,,,,,,,,16,,,,,B03,,,1,,1,,,20,20,1,13,4,120.660859,24.164253,3
9554,66000,387130000C,(04)23274275,(04)23288582,2025,09,24,8,47,臺中市,西屯區,0,1,0,7,2,6,40,3,1,1,5,4,6,6,4,4,10,5,5,2,13,2,9,5,4,C03,7,9,1,10,2,11,,7,7,1,13,4,120.649441,24.172798,2
9555,66000,387130000C,(04)23274275,(04)23288582,2025,09,24,8,48,臺中市,北屯區,0,2,0,5,3,6,30,4,1,1,4,4,6,6,4,4,10,5,5,2,16,2,9,2,1,C03,7,6,1,10,2,14,,14,14,1,13,4,120.68776,24.167338,2
9556,66000,387130000C,(04)23274275,(04)23288582,2025,09,24,8,50,臺中市,南屯區,0,0,0,7,,,50,,,,,,,,,,,,,,,,,,,C03,,,1,,1,,,7,7,1,6,4,120.6357,24.148511,4
9557,66000,387130000C,(04)23274275,(04)23288582,2025,09,24,8,51,臺中市,南屯區,0,0,0,7,,,50,,,,,,,,,,,,,,,,,,,B01,,,1,,1,,,8,8,1,13,4,120.647866,24.148047,3
9558,66000,387130000C,(04)23274275,(04)23288582,2025,09,24,8,52,臺中市,北區,0,1,0,7,2,6,30,3,2,1,5,4,6,6,4,4,10,5,5,2,12,3,10,3,1,B03,7,6,1,8,2,4,,14,14,1,13,4,120.678197,24.16408,2
9559,66000,387130000C,(04)23274275,(04)23288582,2025,09,24,8,54,臺中市,大里區,0,0,0,7,,,50,,,,,,,,,,,,,,17,,,,,B12,,,1,,2,,,84,84,1,12,4,120.6636,24.107919,3
9560,66000,387130000C,(04)23274275,(04)23288582,2025,09,24,8,54,臺中市,大里區,0,0,0,7,,,50,,,,,,,,,,,,,,17,,,,,B03,,,1,,2,,,47,47,1,12,4,120.677442,24.104882,3
9561,66000,387130000C,(04)23274275,(04)23288582,2025,09,24,8,55,臺中市,西屯區,0,2,0,7,2,6,50,4,1,1,5,4,6,6,1,1,5,4,5,2,13,2,9,5,4,C03,7,9,1,10,2,11,,7,7,1,13,4,120.644974,24.181789,2
9562,66000,387130000C,(04)23274275,(04)23288582,2025,09,24,8,55,臺中市,沙鹿區,0,0,0,7,,,50,,,,,,,,,,,,,,13,,,,,B03,,,3,,1,,,82,82,1,12,4,120.55643,24.222334,3
9563,66000,387130000C,(04)23274275,(04)23288582,2025,09,24,8,57,臺中市,西屯區,0,1,0,7,2,6,50,11,9,1,5,4,6,6,4,4,5,4,5,2,16,2,9,5,4,C03,7,6,1,10,2,11,,37,37,1,12,4,120.628377,24.202509,2
9564,66000,387130000C,(04)23274275,(04)23288582,2025,09,24,8,57,臺中市,霧峰區,0,0,0,7,,,50,,,,,,,,,,,,,,,,,,,B03,,,1,,2,,,87,87,1,12,4,120.658926,24.071941,3
9565,66000,387130000C,(04)23274275,(04)23288582,2025,09,24,9,2,臺中市,烏日區,0,1,0,7,2,6,50,4,8,1,5,4,6,6,1,1,5,5,4,2,18,2,9,5,4,F02,7,9,7,21,2,14,,59,59,1,13,1,120.607551,24.121056,2
9566,66000,387130000C,(04)23274275,(04)23288582,2025,09,24,9,8,臺中市,南屯區,0,1,0,7,3,6,50,3,2,1,5,4,6,6,4,4,4,5,5,2,18,2,9,2,4,C03,7,5,1,10,2,12,,84,84,1,13,4,120.604754,24.136244,2
9567,66000,387130000C,(04)23274275,(04)23288582,2025,09,24,9,11,臺中市,北屯區,0,1,0,7,3,6,50,13,7,1,5,4,6,6,4,4,5,5,4,2,17,3,10,3,1,B03,7,11,1,8,2,1,,39,39,1,12,4,120.699761,24.185117,2
9568,66000,387130000C,(04)23274275,(04)23288582,2025,09,24,9,13,臺中市,西區,0,0,0,7,,,0,,,,,,,,,,,,,,,,,,,C03,,,1,,9,,,85,85,1,12,4,120.659429,24.156328,3
9569,66000,387130000C,(04)23274275,(04)23288582,2025,09,24,9,13,臺中市,東區,0,2,0,7,3,6,50,4,9,1,5,4,6,6,4,4,5,5,5,2,15,2,7,5,4,C03,7,9,1,10,2,12,,15,15,1,6,4,120.703441,24.14107,2
9570,66000,387130000C,(04)23274275,(04)23288582,2025,09,24,9,14,臺中市,西屯區,0,0,0,7,,,30,,,,,,,,,,,,,,14,,,,,B03,,,1,,1,,,49,49,1,13,4,120.640516,24.178826,3
9571,66000,387130000C,(04)23274275,(04)23288582,2025,09,24,9,15,臺中市,霧峰區,0,2,0,7,2,6,30,3,1,1,5,4,6,6,4,4,10,5,5,1,17,2,9,5,4,C03,7,6,1,10,2,12,,84,84,1,13,4,120.670667,24.077927,2
9572,66000,387130000C,(04)23274275,(04)23288582,2025,09,24,9,20,臺中市,西屯區,0,0,0,7,,,40,,,,,,,,,,,,,,12,,,,,C03,,,1,,1,,,40,40,1,12,4,120.602554,24.182549,3
9573,66000,387130000C,(04)23274275,(04)23288582,2025,09,24,9,22,臺中市,西屯區,0,0,0,7,,,50,,,,,,,,,,,,,,13,,,,,C03,,,1,,1,,,59,59,1,13,4,120.605697,24.193039,3
9574,66000,387130000C,(04)23274275,(04)23288582,2025,09,24,9,24,臺中市,梧棲區,0,1,0,7,2,6,50,4,1,1,5,4,6,6,1,1,10,5,5,2,16,2,9,1,1,C03,7,6,1,10,2,11,,23,23,1,12,4,120.533035,24.221274,2
9575,66000,387130000C,(04)23274275,(04)23288582,2025,09,24,9,30,臺中市,西屯區,0,0,0,7,,,50,,,,,,,,,,,,,,12,,,,,B03,,,1,,1,,,59,59,1,13,4,120.654283,24.168196,3
9576,66000,387130000C,(04)23274275,(04)23288582,2025,09,24,9,34,臺中市,太平區,0,1,0,7,2,6,50,4,1,1,5,4,6,6,1,1,10,5,5,2,16,2,9,2,1,C03,7,6,1,10,2,14,,48,48,1,13,4,120.732718,24.13471,2
9577,66000,387130000C,(04)23274275,(04)23288582,2025,09,24,9,35,臺中市,北區,0,0,0,7,,6,50,13,24,1,5,4,6,6,4,4,5,4,5,2,17,,,,,B01,,,1,,1,,,59,59,1,13,4,120.681607,24.155018,3
9578,66000,387130000C,(04)23274275,(04)23288582,2025,09,24,9,36,臺中市,潭子區,0,1,0,7,2,6,50,4,1,1,5,4,6,6,2,1,5,4,5,1,16,3,10,3,1,B03,7,6,1,8,2,6,,11,11,1,13,4,120.706944,24.211386,2
9579,66000,387130000C,(04)23274275,(04)23288582,2025,09,24,9,37,臺中市,西屯區,0,0,0,7,,,50,,,,,,,,,,,,,,13,,,,,B03,,,1,,1,,,87,87,1,13,4,120.61284,24.186694,3
9580,66000,387130000C,(04)23274275,(04)23288582,2025,09,24,9,38,臺中市,大雅區,0,1,0,7,2,6,40,13,8,1,5,4,6,6,4,4,1,4,4,1,13,2,9,1,1,C03,7,9,1,10,2,11,,7,7,1,13,4,120.649403,24.214947,2
9581,66000,387130000C,(04)23274275,(04)23288582,2025,09,24,9,40,臺中市,清水區,0,0,0,7,,,50,,,,,,,,,,,,,,17,,,,,B03,,,1,,2,,,8,8,1,12,4,120.57498,24.269505,3
9582,66000,387130000C,(04)23274275,(04)23288582,2025,09,24,9,42,臺中市,西屯區,0,1,0,7,2,6,50,4,1,1,5,4,6,6,2,1,10,5,5,2,13,2,7,5,4,C03,7,9,1,10,1,14,,59,59,1,12,4,120.620606,24.183833,2
9583,66000,387130000C,(04)23274275,(04)23288582,2025,09,24,9,43,臺中市,大肚區,0,0,0,7,,,30,,,,,,,,,,,,,,,,,,,B03,,,1,,2,,,8,8,1,6,4,120.544125,24.168524,3
9584,66000,387130000C,(04)23274275,(04)23288582,2025,09,24,9,46,臺中市,北區,0,0,0,7,,,50,,,,,,,,,,,,,,17,,,,,C03,,,1,,1,,,85,85,1,13,4,120.682257,24.154974,4
9585,66000,387130000C,(04)23274275,(04)23288582,2025,09,24,9,46,臺中市,豐原區,0,0,0,7,,,60,,,,,,,,,,,,,,12,,,,,B03,,,1,,2,,,2,2,1,12,4,120.737111,24.256393,3
9586,66000,387130000C,(04)23274275,(04)23288582,2025,09,24,9,47,臺中市,大里區,0,2,0,7,3,6,50,13,9,1,5,4,6,6,4,4,5,5,5,1,12,2,9,1,1,C03,7,9,1,10,2,14,,7,7,1,12,4,120.675492,24.096148,2
9587,66000,387130000C,(04)23274275,(04)23288582,2025,09,24,9,48,臺中市,西屯區,0,1,0,7,2,6,50,4,1,1,5,4,6,6,1,1,3,5,5,2,18,2,9,1,1,C03,7,5,1,10,2,16,,84,84,1,12,4,120.645896,24.191409,2
9588,66000,387130000C,(04)23274275,(04)23288582,2025,09,24,9,52,臺中市,北屯區,0,1,0,7,3,6,50,13,9,1,5,4,6,6,4,4,5,5,5,2,18,2,9,2,1,C03,7,9,1,10,2,14,,84,84,1,12,4,120.703612,24.176723,2
9589,66000,387130000C,(04)23274275,(04)23288582,2025,09,24,9,53,臺中市,西屯區,0,1,0,7,2,6,50,4,1,1,5,4,6,6,1,1,3,5,5,2,18,2,9,1,1,C03,7,5,1,10,2,16,,84,84,1,12,4,120.645896,24.191409,2
9590,66000,387130000C,(04)23274275,(04)23288582,2025,09,24,9,53,臺中市,后里區,0,3,0,7,2,6,30,11,9,1,5,4,6,6,4,4,10,5,5,2,17,2,9,1,1,C03,7,9,1,10,2,14,,59,59,1,6,4,120.720966,24.295111,2
9591,66000,387130000C,(04)23274275,(04)23288582,2025,09,24,9,54,臺中市,西屯區,0,0,0,7,,,50,,,,,,,,,,,,,,13,,,,,B13,,,1,,1,,,59,59,1,13,4,120.644974,24.181789,3
9592,66000,387130000C,(04)23274275,(04)23288582,2025,09,24,9,59,臺中市,北屯區,0,1,0,7,3,6,50,4,1,1,5,4,6,6,2,1,10,5,5,2,13,2,9,1,1,C03,7,9,1,10,2,11,,7,7,1,5,4,120.669443,24.177252,2
9593,66000,387130000C,(04)23274275,(04)23288582,2025,09,24,10,7,臺中市,大甲區,0,0,0,7,,,40,,,,,,,,,,,,,,,,,,,A11,,,1,,1,,,50,50,1,12,4,120.615965,24.34675,3
9594,66000,387130000C,(04)23274275,(04)23288582,2025,09,24,10,8,臺中市,西屯區,0,0,0,7,,,50,,,,,,,,,,,,,,15,,,,,B03,,,1,,1,,,13,13,1,12,4,120.623581,24.176904,3
9595,66000,387130000C,(04)23274275,(04)23288582,2025,09,24,10,10,臺中市,沙鹿區,0,0,0,7,2,6,40,13,8,1,5,4,6,6,1,1,1,3,1,2,12,,,,,B03,,,1,,2,,,40,40,1,12,4,120.569026,24.202571,3
9596,66000,387130000C,(04)23274275,(04)23288582,2025,09,24,10,15,臺中市,大肚區,0,1,0,7,2,6,40,4,14,1,5,4,6,6,4,4,1,4,4,1,17,2,9,1,1,C03,7,9,1,10,2,12,,59,59,1,5,4,120.542647,24.170709,2
9597,66000,387130000C,(04)23274275,(04)23288582,2025,09,24,10,15,臺中市,豐原區,0,0,0,7,,,50,,,,,,,,,,,,,,17,,,,,C03,,,1,,2,,,50,50,1,13,4,120.714939,24.251879,3
9598,66000,387130000C,(04)23274275,(04)23288582,2025,09,24,10,17,臺中市,霧峰區,0,1,0,7,1,6,50,3,1,1,5,4,6,6,4,4,10,5,5,2,13,3,10,1,1,C03,7,9,1,10,2,11,,88,88,1,12,4,120.7158,24.071205,2
9599,66000,387130000C,(04)23274275,(04)23288582,2025,09,24,10,25,臺中市,北屯區,0,1,0,7,3,6,50,13,9,1,5,4,6,6,4,4,9,5,5,2,17,3,10,3,1,B03,7,1,1,8,2,8,,51,51,1,13,4,120.703594,24.183806,2
9600,66000,387130000C,(04)23274275,(04)23288582,2025,09,24,10,25,臺中市,豐原區,0,0,0,7,,,30,,,,,,,,,,,,,,14,,,,,B12,,,1,,2,,,49,49,1,13,4,120.730308,24.265802,3
9601,66000,387130000C,(04)23274275,(04)23288582,2025,09,24,10,41,臺中市,西屯區,0,0,0,7,,,40,,,,,,,,,,,,,,13,,,,,B03,,,1,,1,,,7,7,1,13,4,120.633859,24.17324,3
9602,66000,387130000C,(04)23274275,(04)23288582,2025,09,24,10,47,臺中市,南屯區,0,0,0,7,,,50,,,,,,,,,,,,,,13,,,,,B03,,,1,,2,,,7,7,1,13,4,120.623058,24.149712,3
9603,66000,387130000C,(04)23274275,(04)23288582,2025,09,24,10,49,臺中市,霧峰區,0,0,0,7,,,30,,,,,,,,,,,,,,17,,,,,C03,,,3,10,1,,,85,85,1,13,4,120.705421,24.060994,3
9604,66000,387130000C,(04)23274275,(04)23288582,2025,09,24,10,51,臺中市,南區,0,0,0,7,,,50,,,,,,,,,,,,,,,,,,,B01,,,1,,1,,,7,7,1,6,4,120.650143,24.120681,3
9605,66000,387130000C,(04)23274275,(04)23288582,2025,09,24,10,51,臺中市,南區,0,0,0,7,,,30,,,,,,,,,,,,,,,,,,,C03,,,1,,1,,,84,84,1,13,4,120.680758,24.131164,3
9606,66000,387130000C,(04)23274275,(04)23288582,2025,09,24,10,51,臺中市,西屯區,0,1,0,7,3,6,0,13,21,1,5,4,6,6,4,4,10,5,5,2,18,2,8,5,4,C03,7,9,1,10,2,14,,28,28,1,12,4,120.6031,24.182609,2
9607,66000,387130000C,(04)23274275,(04)23288582,2025,09,24,11,0,臺中市,南屯區,0,0,0,7,,,50,,,,,,,,,,,,,,,,,,,A05,,,1,,1,,,49,49,1,6,4,120.622643,24.150214,3
9608,66000,387130000C,(04)23274275,(04)23288582,2025,09,24,11,4,臺中市,西屯區,0,1,0,7,2,6,50,5,1,1,5,4,6,6,1,1,5,5,5,2,16,3,10,3,1,B03,7,5,1,8,2,2,,47,47,1,12,4,120.663863,24.17626,2
9609,66000,387130000C,(04)23274275,(04)23288582,2025,09,24,11,6,臺中市,豐原區,0,1,0,7,2,6,50,13,9,1,5,4,6,6,4,4,1,4,5,1,18,2,9,5,4,C03,7,9,1,10,2,16,,59,59,1,12,4,120.750804,24.27,2
9610,66000,387130000C,(04)23274275,(04)23288582,2025,09,24,11,7,臺中市,西屯區,0,0,0,7,,,50,,,,,,,,,,,,,,17,,,,,C03,,,1,,2,,,51,51,1,13,4,120.637901,24.167213,3