﻿序號,縣市別代碼,機關代碼,市話,傳真,年,月,日,時,分,縣市,區,死亡數量,受傷數量,2-30,天候,道路照明設備,道路類別,道路速限,道路型態,事故位置,路面鋪裝,路面狀態,路面缺陷,障礙物,視距,號誌種類,號誌動作,分向設施,快車道或一般車道間,快慢車道間,路面邊線,事故類型及型態,受傷程度,主要傷處,保護裝備,行動電話或功能裝置,當事者區分_類別,車輛用途,當事者行動狀態,駕照狀態,駕照種類,飲酒情形,車輛撞擊部位最初,車輛撞擊部位其他,肇事因素個別,肇事因素主要,肇事逃逸,職業,共享經濟或外送平台,GPS座標X,GPS座標Y,事故類別
9722,66000,387130000C,(04)23274275,(04)23288582,2025,09,24,16,7,臺中市,北屯區,0,1,0,7,3,6,50,3,1,1,5,4,6,6,1,1,10,5,5,2,18,2,7,2,1,C03,7,9,1,10,2,12,,84,84,1,6,4,120.683451,24.199288,2
9723,66000,387130000C,(04)23274275,(04)23288582,2025,09,24,16,9,臺中市,北屯區,0,0,0,7,,,50,,,,,,,,,,,,,,13,,,,,B03,,,1,,1,,,84,84,1,12,4,120.719282,24.163354,3
9724,66000,387130000C,(04)23274275,(04)23288582,2025,09,24,16,13,臺中市,北屯區,0,1,0,6,2,6,30,3,1,1,5,4,6,6,2,1,10,5,5,2,16,2,9,1,1,C03,7,6,1,10,2,12,,11,11,1,5,4,120.660489,24.178073,2
9725,66000,387130000C,(04)23274275,(04)23288582,2025,09,24,16,13,臺中市,烏日區,0,1,0,7,3,6,50,4,1,1,5,4,6,6,1,1,10,5,5,2,16,3,10,3,1,B03,7,5,1,8,2,5,,47,47,1,6,4,120.64329,24.077028,2
9726,66000,387130000C,(04)23274275,(04)23288582,2025,09,24,16,14,臺中市,南區,0,1,0,7,2,6,50,3,1,1,5,4,6,6,1,1,10,5,5,2,12,3,10,3,1,B03,7,6,1,8,2,5,,87,87,1,13,4,120.68416,24.119232,2
9727,66000,387130000C,(04)23274275,(04)23288582,2025,09,24,16,15,臺中市,西屯區,0,0,0,7,,,50,,,,,,,,,,,,,,17,,,,,B03,,,1,,1,,,45,45,1,12,4,120.642513,24.18228,3
9728,66000,387130000C,(04)23274275,(04)23288582,2025,09,24,16,15,臺中市,西屯區,0,0,0,7,,,40,,,,,,,,,,,,,,12,,,,,B03,,,1,,2,,,85,85,1,12,4,120.636824,24.170641,3
9729,66000,387130000C,(04)23274275,(04)23288582,2025,09,24,16,15,臺中市,太平區,0,0,0,7,2,6,,,,,,,,,,,,,,,,,,,,,,,,,,15,,85,85,1,,,120.723278,24.158189,3
9730,66000,387130000C,(04)23274275,(04)23288582,2025,09,24,16,15,臺中市,豐原區,0,0,0,7,,,50,,,,,,,,,,,,,,17,,,,,B03,,,1,,1,,,40,40,1,13,4,120.704571,24.249653,3
9731,66000,387130000C,(04)23274275,(04)23288582,2025,09,24,16,17,臺中市,后里區,0,0,0,6,2,6,30,4,9,1,5,4,6,6,4,4,10,5,5,2,14,,,,,B03,,,1,,1,,,49,49,1,6,4,120.728683,24.310846,3
9732,66000,387130000C,(04)23274275,(04)23288582,2025,09,24,16,21,臺中市,西區,0,0,0,7,,,50,,,,,,,,,,,,,,,,,,,B03,,,1,8,2,,,84,84,1,13,4,120.65715,24.153478,3
9733,66000,387130000C,(04)23274275,(04)23288582,2025,09,24,16,25,臺中市,西屯區,0,2,0,7,2,6,40,13,8,1,5,4,6,6,2,1,1,4,1,2,16,2,8,5,4,C03,7,7,1,10,2,13,,40,40,1,13,4,120.644113,24.165999,2
9734,66000,387130000C,(04)23274275,(04)23288582,2025,09,24,16,35,臺中市,神岡區,0,1,0,7,3,6,30,4,2,1,5,4,6,6,4,4,10,5,5,2,16,2,9,5,4,C03,7,5,1,8,2,14,,6,6,1,12,4,120.660351,24.277273,2
9735,66000,387130000C,(04)23274275,(04)23288582,2025,09,24,16,38,臺中市,北屯區,0,0,0,7,,,50,,,,,,,,,,,,,,,,,,,C03,,,1,,1,,,26,26,1,12,4,120.685502,24.172263,3
9736,66000,387130000C,(04)23274275,(04)23288582,2025,09,24,16,40,臺中市,北屯區,0,0,0,7,,,50,,,,,,,,,,,,,,17,,,,,C03,,,1,,1,,,51,51,1,12,4,120.698697,24.172372,3
9737,66000,387130000C,(04)23274275,(04)23288582,2025,09,24,16,49,臺中市,北屯區,0,2,0,7,2,6,50,4,1,1,5,4,6,6,4,4,10,5,5,2,15,2,9,2,1,C03,7,9,1,10,2,11,,13,13,1,6,4,120.663507,24.191788,2
9738,66000,387130000C,(04)23274275,(04)23288582,2025,09,24,16,50,臺中市,西區,0,1,0,7,3,6,50,4,1,1,5,4,6,6,1,1,10,5,5,2,16,2,9,2,1,C03,7,6,1,10,2,14,,48,48,1,6,4,120.667305,24.140607,2
9739,66000,387130000C,(04)23274275,(04)23288582,2025,09,24,16,58,臺中市,西區,0,0,0,7,,,50,,,,,,,,,,,,,,,,,,,B03,,,1,,1,,,84,84,1,12,4,120.661688,24.140163,3
9740,66000,387130000C,(04)23274275,(04)23288582,2025,09,24,16,59,臺中市,北區,0,0,0,7,,,50,,,,,,,,,,,,,,17,,,,,B03,,,1,,1,,,51,51,1,13,4,120.675744,24.165229,3
9741,66000,387130000C,(04)23274275,(04)23288582,2025,09,24,17,0,臺中市,南區,0,0,0,7,,,50,,,,,,,,,,,,,,17,,,,,B03,,,1,,2,,,8,8,1,12,4,120.652002,24.108894,3
9742,66000,387130000C,(04)23274275,(04)23288582,2025,09,24,17,3,臺中市,太平區,0,2,0,7,3,6,50,13,9,1,5,4,6,6,4,4,9,4,5,2,17,2,9,1,1,C03,7,1,1,10,2,14,,51,51,1,6,4,120.717762,24.103679,2
9743,66000,387130000C,(04)23274275,(04)23288582,2025,09,24,17,5,臺中市,南屯區,0,0,0,7,,,50,,,,,,,,,,,,,,13,,,,,B03,,,1,,1,,,7,7,1,12,4,120.638391,24.151464,3
9744,66000,387130000C,(04)23274275,(04)23288582,2025,09,24,17,10,臺中市,梧棲區,0,1,0,7,3,6,50,13,9,1,5,4,6,6,4,4,5,5,5,1,12,3,10,3,1,B03,7,9,1,8,2,2,,8,8,1,6,4,120.538581,24.252873,2
9745,66000,387130000C,(04)23274275,(04)23288582,2025,09,24,17,13,臺中市,南區,0,0,0,7,,,50,,,,,,,,,,,,,,,,,,,C03,,,1,,1,,,21,21,1,12,4,120.679289,24.120608,3
9746,66000,387130000C,(04)23274275,(04)23288582,2025,09,24,17,13,臺中市,北屯區,0,1,0,7,2,6,40,4,1,1,5,4,6,6,2,1,5,5,4,2,18,2,9,2,1,C03,7,9,1,10,2,16,,7,7,1,12,4,120.694785,24.176329,2
9747,66000,387130000C,(04)23274275,(04)23288582,2025,09,24,17,14,臺中市,大里區,0,0,0,7,,,50,,,,,,,,,,,,,,17,,,,,B03,,,1,,1,,,7,7,1,6,4,120.691921,24.090992,3
9748,66000,387130000C,(04)23274275,(04)23288582,2025,09,24,17,15,臺中市,大雅區,0,0,0,7,,,50,,,,,,,,,,,,,,,,,,,B02,,,1,,1,,,7,7,1,13,4,120.66537,24.217189,3
9749,66000,387130000C,(04)23274275,(04)23288582,2025,09,24,17,15,臺中市,北區,0,2,0,7,2,6,50,4,1,1,5,4,6,6,4,4,10,5,5,2,15,2,9,1,1,C03,7,9,1,10,2,14,,12,12,1,13,4,120.683151,24.159096,2
9750,66000,387130000C,(04)23274275,(04)23288582,2025,09,24,17,15,臺中市,北區,0,0,0,7,,,50,,,,,,,,,,,,,,17,,,,,C03,,,1,,2,,,84,84,1,12,4,120.677174,24.151632,3
9751,66000,387130000C,(04)23274275,(04)23288582,2025,09,24,17,16,臺中市,北區,0,1,0,7,3,6,50,3,2,1,5,4,6,6,4,4,5,4,5,2,17,3,10,5,4,B03,7,6,1,8,2,8,,84,84,1,13,4,120.686111,24.15334,2
9752,66000,387130000C,(04)23274275,(04)23288582,2025,09,24,17,17,臺中市,南區,0,1,0,7,1,6,50,4,1,1,5,4,6,6,1,1,10,5,5,2,16,3,10,2,1,C03,7,6,1,10,2,15,,11,11,1,12,4,120.652011,24.114752,2
9753,66000,387130000C,(04)23274275,(04)23288582,2025,09,24,17,19,臺中市,太平區,0,0,0,6,2,6,50,3,7,1,5,4,6,6,4,4,5,5,4,2,13,3,10,3,1,B01,7,9,1,4,2,1,,59,59,1,6,4,120.717144,24.101802,3
9754,66000,387130000C,(04)23274275,(04)23288582,2025,09,24,17,19,臺中市,沙鹿區,0,2,0,7,2,6,50,13,9,1,5,4,6,6,4,4,1,4,4,2,17,2,9,2,1,C03,7,11,1,10,2,11,,45,45,1,6,4,120.549163,24.229534,2
9755,66000,387130000C,(04)23274275,(04)23288582,2025,09,24,17,20,臺中市,太平區,0,1,0,7,1,6,50,13,9,1,5,4,6,6,4,4,9,4,5,2,13,2,9,1,1,C03,7,9,1,10,1,11,,84,84,1,6,4,120.703211,24.155767,2
9756,66000,387130000C,(04)23274275,(04)23288582,2025,09,24,17,21,臺中市,西屯區,0,2,0,7,2,6,50,13,9,1,5,4,6,6,4,4,5,4,5,2,9,2,9,2,1,C03,7,9,1,10,2,11,,59,59,1,12,4,120.623372,24.193004,2
9757,66000,387130000C,(04)23274275,(04)23288582,2025,09,24,17,22,臺中市,大里區,0,1,0,7,2,6,50,4,1,1,5,4,6,6,1,1,5,1,5,1,12,2,7,1,1,C03,7,6,1,10,2,12,,8,8,1,12,4,120.695663,24.096681,2
9758,66000,387130000C,(04)23274275,(04)23288582,2025,09,24,17,23,臺中市,西屯區,0,2,0,7,1,6,30,13,9,1,5,4,6,6,4,4,10,5,5,2,17,3,10,3,1,B03,7,1,1,8,1,5,,51,51,1,12,4,120.613306,24.174088,2
9759,66000,387130000C,(04)23274275,(04)23288582,2025,09,24,17,23,臺中市,后里區,0,0,0,6,2,6,50,3,9,1,5,4,6,6,1,1,5,4,4,1,13,,,,,C03,,,1,,1,,,59,59,1,6,4,120.692638,24.31393,3
9760,66000,387130000C,(04)23274275,(04)23288582,2025,09,24,17,26,臺中市,北區,0,1,0,7,2,6,50,4,1,1,5,4,6,6,4,4,10,5,5,2,15,2,9,1,1,C03,7,9,1,10,2,12,13,20,20,1,13,4,120.684054,24.154645,2
9761,66000,387130000C,(04)23274275,(04)23288582,2025,09,24,17,28,臺中市,北屯區,0,2,0,7,3,6,30,4,1,1,5,4,6,6,4,4,10,5,5,2,15,2,9,2,1,C03,7,9,1,10,2,11,,84,84,1,6,4,120.665662,24.181432,2
9762,66000,387130000C,(04)23274275,(04)23288582,2025,09,24,17,30,臺中市,潭子區,0,2,0,7,2,3,80,13,7,1,5,4,6,6,4,4,1,4,5,1,17,3,10,3,1,B03,7,9,1,8,3,1,,84,84,1,12,4,120.717562,24.198013,2
9763,66000,387130000C,(04)23274275,(04)23288582,2025,09,24,17,30,臺中市,大雅區,0,1,0,7,3,6,60,13,7,1,5,4,6,6,4,4,10,4,4,1,17,3,10,2,1,C03,7,9,1,10,2,12,,7,7,1,12,4,120.647592,24.22028,2
9764,66000,387130000C,(04)23274275,(04)23288582,2025,09,24,17,30,臺中市,西屯區,0,1,0,7,1,6,50,13,9,1,5,4,6,6,4,4,5,5,5,2,17,3,10,1,4,C03,7,11,1,10,2,11,,34,34,1,12,4,120.659405,24.165603,2
9765,66000,387130000C,(04)23274275,(04)23288582,2025,09,24,17,33,臺中市,南屯區,0,2,0,7,2,6,50,13,9,1,5,4,6,6,4,4,1,4,5,2,12,3,10,3,1,B12,7,9,1,8,2,2,,8,8,1,13,4,120.633512,24.144677,2
9766,66000,387130000C,(04)23274275,(04)23288582,2025,09,24,17,39,臺中市,西屯區,0,0,0,7,,,30,,,,,,,,,,,,,,14,,,,,B03,,,1,,2,,,49,49,1,12,4,120.616533,24.184982,3
9767,66000,387130000C,(04)23274275,(04)23288582,2025,09,24,17,41,臺中市,西屯區,0,0,0,7,,,50,,,,,,,,,,,,,,13,,,,,B12,,,1,,1,,,78,78,1,13,4,120.621921,24.186405,3
9768,66000,387130000C,(04)23274275,(04)23288582,2025,09,24,17,44,臺中市,太平區,0,1,0,7,3,6,50,13,9,1,5,4,6,6,3,1,5,5,4,2,13,2,9,2,1,C03,7,9,3,19,9,14,,84,84,1,12,4,120.724009,24.142079,2
9769,66000,387130000C,(04)23274275,(04)23288582,2025,09,24,17,45,臺中市,霧峰區,0,2,0,7,2,6,50,3,1,1,5,4,6,6,1,1,10,5,5,1,16,2,9,6,1,F01,7,6,7,21,2,14,,48,48,1,12,1,120.679914,24.069688,2
9770,66000,387130000C,(04)23274275,(04)23288582,2025,09,24,17,46,臺中市,豐原區,0,0,0,6,,,40,,,,,,,,,,,,,,9,,,,,B03,,,1,,2,,,20,20,1,12,4,120.732407,24.25169,3
9771,66000,387130000C,(04)23274275,(04)23288582,2025,09,24,17,48,臺中市,南區,0,1,0,7,1,6,50,3,2,1,5,4,6,6,1,1,9,5,4,2,17,3,10,2,1,C03,7,8,1,10,2,14,,40,40,1,12,4,120.665455,24.113744,2
9772,66000,387130000C,(04)23274275,(04)23288582,2025,09,24,17,49,臺中市,潭子區,0,1,0,7,1,6,50,4,2,1,5,4,6,6,2,1,10,5,5,2,3,3,10,3,1,B03,7,6,1,8,2,8,,10,10,1,12,4,120.701126,24.216249,2
9773,66000,387130000C,(04)23274275,(04)23288582,2025,09,24,17,49,臺中市,北屯區,0,0,0,7,,,50,,,,,,,,,,,,,,13,,,,,B03,,,1,,1,,,84,84,1,6,4,120.719475,24.163003,3
9774,66000,387130000C,(04)23274275,(04)23288582,2025,09,24,17,50,臺中市,南屯區,0,2,0,7,2,6,50,4,1,1,5,4,6,6,1,1,10,5,5,2,17,2,9,2,1,C03,7,5,1,9,2,12,,42,42,1,12,4,120.652977,24.141847,2
9775,66000,387130000C,(04)23274275,(04)23288582,2025,09,24,17,50,臺中市,西屯區,0,0,0,7,,,50,,,,,,,,,,,,,,13,,,,,C03,,,1,,1,,,7,7,1,12,4,120.649244,24.168441,3
9776,66000,387130000C,(04)23274275,(04)23288582,2025,09,24,17,52,臺中市,大里區,0,0,0,7,,,50,,,,,,,,,,,,,,,,,,,B03,,,1,,2,,,7,7,1,12,4,120.682691,24.099841,3
9777,66000,387130000C,(04)23274275,(04)23288582,2025,09,24,17,52,臺中市,太平區,0,0,0,7,,,50,,,,,,,,,,,,,,30,,,,,B03,,,1,,2,,,59,59,1,6,4,120.722062,24.153016,4
9778,66000,387130000C,(04)23274275,(04)23288582,2025,09,24,17,54,臺中市,豐原區,0,2,0,7,1,6,50,5,1,1,5,4,6,6,1,1,10,5,5,2,11,2,9,1,1,C03,7,9,1,10,2,11,,34,34,1,6,4,120.714607,24.257408,2
9779,66000,387130000C,(04)23274275,(04)23288582,2025,09,24,17,55,臺中市,東勢區,0,0,0,7,,,50,,,,,,,,,,,,,,,,,,,B12,,,1,,2,,,7,7,1,12,4,120.829949,24.256858,3
9780,66000,387130000C,(04)23274275,(04)23288582,2025,09,24,17,56,臺中市,西屯區,0,1,0,7,1,6,50,4,9,1,5,4,6,6,2,1,10,5,5,2,18,2,9,2,4,C03,7,9,1,10,2,16,,59,59,1,9,4,120.63699,24.170317,2
9781,66000,387130000C,(04)23274275,(04)23288582,2025,09,24,17,56,臺中市,烏日區,0,0,0,7,,,50,,,,,,,,,,,,,,9,,,,,B03,,,1,,2,,,59,59,1,13,4,120.642712,24.109327,3
9782,66000,387130000C,(04)23274275,(04)23288582,2025,09,24,18,0,臺中市,北屯區,0,0,0,7,,,50,,,,,,,,,,,,,,,,,,,B03,,,1,,1,,,11,11,1,12,4,120.733281,24.162159,3
9783,66000,387130000C,(04)23274275,(04)23288582,2025,09,24,18,0,臺中市,大肚區,0,0,0,7,,,70,,,,,,,,,,,,,,,,,,,A11,,,1,,1,,,93,93,1,6,4,120.552159,24.13662,3
9784,66000,387130000C,(04)23274275,(04)23288582,2025,09,24,18,2,臺中市,西屯區,0,1,0,7,1,6,50,13,9,1,5,4,6,6,1,1,1,4,5,2,13,3,10,5,4,B03,7,9,1,8,2,5,,7,7,1,13,4,120.649478,24.197617,2
9785,66000,387130000C,(04)23274275,(04)23288582,2025,09,24,18,4,臺中市,西屯區,0,1,0,7,1,6,50,13,5,1,5,4,6,6,4,4,1,4,5,2,16,3,10,1,1,C03,7,5,1,10,2,13,,47,47,1,12,4,120.643251,24.164279,2
9786,66000,387130000C,(04)23274275,(04)23288582,2025,09,24,18,5,臺中市,北屯區,0,0,0,7,,,50,,,,,,,,,,,,,,,,,,,B12,,,1,,1,,,51,51,1,6,4,120.681271,24.191826,3
9787,66000,387130000C,(04)23274275,(04)23288582,2025,09,24,18,5,臺中市,龍井區,0,1,0,7,1,6,40,4,2,1,5,4,6,6,1,1,10,5,5,2,30,2,7,5,4,C03,7,5,1,10,2,13,,85,85,1,12,4,120.577744,24.186533,2
9788,66000,387130000C,(04)23274275,(04)23288582,2025,09,24,18,6,臺中市,大雅區,0,0,0,7,,,40,,,,,,,,,,,,,,,,,,,B11,,,1,,2,,,84,84,1,13,4,120.647113,24.221853,3
9789,66000,387130000C,(04)23274275,(04)23288582,2025,09,24,18,7,臺中市,北區,0,1,0,7,1,6,50,4,1,1,5,4,6,6,1,1,10,5,5,2,17,3,10,5,4,B03,7,7,1,8,2,5,,39,39,1,12,4,120.684982,24.165014,2
9790,66000,387130000C,(04)23274275,(04)23288582,2025,09,24,18,8,臺中市,西屯區,0,1,0,7,1,6,50,13,9,1,5,4,6,6,1,1,5,2,5,2,18,2,9,2,1,C03,7,9,1,10,2,14,,59,59,1,12,4,120.637402,24.17576,2
9791,66000,387130000C,(04)23274275,(04)23288582,2025,09,24,18,9,臺中市,南屯區,0,0,0,7,1,6,50,13,9,1,5,4,6,6,1,1,3,4,5,2,13,,,,,A04,,,1,,1,,,84,84,1,12,4,120.62586,24.140604,3
9792,66000,387130000C,(04)23274275,(04)23288582,2025,09,24,18,11,臺中市,北區,0,1,0,7,3,6,50,4,2,1,5,4,6,6,1,1,5,4,5,2,9,3,10,5,4,B03,7,9,1,10,2,1,,10,10,1,13,4,120.673792,24.144696,2
9793,66000,387130000C,(04)23274275,(04)23288582,2025,09,24,18,11,臺中市,清水區,0,0,0,6,,,70,,,,,,,,,,,,,,,,,,,B12,,,1,,2,,,55,55,1,12,4,120.575869,24.278582,3
9794,66000,387130000C,(04)23274275,(04)23288582,2025,09,24,18,12,臺中市,北區,0,0,0,7,,,50,,,,,,,,,,,,,,2,,,,,A41,,,1,,2,,,8,8,1,13,4,120.685013,24.165282,3
9795,66000,387130000C,(04)23274275,(04)23288582,2025,09,24,18,12,臺中市,南區,0,0,0,7,,,50,,,,,,,,,,,,,,,,,,,B03,,,1,,2,,,45,45,1,12,4,120.663897,24.124894,3
9796,66000,387130000C,(04)23274275,(04)23288582,2025,09,24,18,13,臺中市,北屯區,0,1,0,7,1,6,50,13,9,1,5,4,6,6,4,4,5,5,5,2,12,2,9,2,1,C03,7,9,1,10,2,14,,7,7,1,12,4,120.689409,24.180422,2
9797,66000,387130000C,(04)23274275,(04)23288582,2025,09,24,18,13,臺中市,北屯區,0,0,0,7,,,50,,,,,,,,,,,,,,1,,,,,F03,,,1,,1,,,8,8,1,12,4,120.704909,24.169529,4
9798,66000,387130000C,(04)23274275,(04)23288582,2025,09,24,18,15,臺中市,南屯區,0,0,0,7,,,50,,,,,,,,,,,,,,13,,,,,B03,,,1,,1,,,7,7,1,12,4,120.632815,24.145523,3
9799,66000,387130000C,(04)23274275,(04)23288582,2025,09,24,18,16,臺中市,大里區,0,1,0,7,1,6,50,4,2,1,5,4,6,6,1,1,1,3,4,1,17,3,10,3,1,B03,7,5,1,8,2,2,,11,11,1,6,4,120.696965,24.084235,2
9800,66000,387130000C,(04)23274275,(04)23288582,2025,09,24,18,19,臺中市,西屯區,0,1,0,7,1,6,50,13,9,1,5,4,6,6,4,4,1,4,5,2,13,2,8,5,4,C03,7,9,5,19,1,11,14,7,7,1,12,4,120.657344,24.169817,2
9801,66000,387130000C,(04)23274275,(04)23288582,2025,09,24,18,20,臺中市,北屯區,0,0,0,7,,,50,,,,,,,,,,,,,,17,,,,,,,,,,,,,86,86,1,,,120.71607,24.173179,3
9802,66000,387130000C,(04)23274275,(04)23288582,2025,09,24,18,20,臺中市,西屯區,0,1,0,7,1,6,50,4,1,1,5,4,6,6,2,1,10,5,5,2,17,,,,,,,21,,,,,,86,86,2,,,120.60644,24.192713,2
9803,66000,387130000C,(04)23274275,(04)23288582,2025,09,24,18,21,臺中市,西區,0,1,0,7,1,6,50,4,1,1,5,4,6,6,4,4,10,5,5,2,16,3,10,5,4,B03,7,6,1,8,2,5,,14,14,1,13,4,120.661692,24.147296,2
9804,66000,387130000C,(04)23274275,(04)23288582,2025,09,24,18,21,臺中市,北屯區,0,0,0,7,,,50,,,,,,,,,,,,,,13,,,,,B03,,,1,,1,,,84,84,1,12,4,120.721139,24.183537,3
9805,66000,387130000C,(04)23274275,(04)23288582,2025,09,24,18,21,臺中市,新社區,0,0,0,5,,,50,,,,,,,,,,,,,,,,,,,B03,,,1,,1,,,12,12,1,12,4,120.794412,24.207105,3
9806,66000,387130000C,(04)23274275,(04)23288582,2025,09,24,18,24,臺中市,豐原區,0,0,0,7,,,50,,,,,,,,,,,,,,,,,,,B03,,,1,,2,,,84,84,1,13,4,120.720366,24.263399,3
9807,66000,387130000C,(04)23274275,(04)23288582,2025,09,24,18,25,臺中市,南屯區,0,0,0,7,1,6,50,3,1,1,5,4,6,6,4,4,10,5,5,2,17,3,10,3,1,B03,7,7,1,8,6,2,,40,40,1,12,4,120.646575,24.142308,3
9808,66000,387130000C,(04)23274275,(04)23288582,2025,09,24,18,26,臺中市,北屯區,0,0,0,7,,3,80,,,,,,,,,,,,,,13,,,,,B03,,,1,,1,,,84,84,1,12,4,120.722256,24.187235,3
9809,66000,387130000C,(04)23274275,(04)23288582,2025,09,24,18,27,臺中市,大里區,0,1,0,7,1,6,50,13,9,1,5,4,6,6,4,4,5,5,5,1,11,3,10,3,1,B02,7,9,5,19,2,5,2,8,8,1,6,4,120.6899,24.10915,2
9810,66000,387130000C,(04)23274275,(04)23288582,2025,09,24,18,29,臺中市,西區,0,0,0,7,,,50,,,,,,,,,,,,,,13,,,,,B03,,,1,,2,,,84,84,1,12,4,120.655112,24.137998,3
9811,66000,387130000C,(04)23274275,(04)23288582,2025,09,24,18,30,臺中市,北區,0,2,0,7,1,6,50,3,1,1,5,4,6,6,2,1,10,5,5,2,17,2,9,1,1,C03,7,1,1,10,2,11,,84,84,1,13,4,120.672014,24.162446,2
9812,66000,387130000C,(04)23274275,(04)23288582,2025,09,24,18,30,臺中市,南屯區,0,0,0,7,,,50,,,,,,,,,,,,,,13,,,,,C03,,,1,,1,,,7,7,1,12,4,120.640585,24.148092,3
9813,66000,387130000C,(04)23274275,(04)23288582,2025,09,24,18,30,臺中市,西屯區,0,1,0,7,1,6,50,3,2,1,5,4,6,6,4,4,1,4,5,2,17,2,9,5,4,C03,7,9,1,10,2,14,,84,84,1,13,4,120.646202,24.169943,2
9814,66000,387130000C,(04)23274275,(04)23288582,2025,09,24,18,30,臺中市,豐原區,0,0,0,7,,,50,,,,,,,,,,,,,,16,,,,,B03,,,1,,2,,,14,14,1,13,4,120.719529,24.237609,3
9815,66000,387130000C,(04)23274275,(04)23288582,2025,09,24,18,32,臺中市,北屯區,0,1,0,7,1,6,50,13,7,1,5,4,6,6,4,4,5,5,4,2,13,3,10,3,1,B03,7,9,1,8,2,5,,58,58,1,6,4,120.725015,24.169455,2
9816,66000,387130000C,(04)23274275,(04)23288582,2025,09,24,18,33,臺中市,太平區,0,0,0,6,1,6,50,13,9,1,5,4,6,6,4,4,5,4,5,2,30,3,10,4,1,F01,7,9,7,21,2,16,,84,84,1,12,1,120.716832,24.124306,3
9817,66000,387130000C,(04)23274275,(04)23288582,2025,09,24,18,35,臺中市,北屯區,0,0,0,7,,,50,,,,,,,,,,,,,,,,,,,,,,,,,,,119,119,1,,,120.675681,24.179201,3
9818,66000,387130000C,(04)23274275,(04)23288582,2025,09,24,18,40,臺中市,中區,0,0,0,7,,,50,,,,,,,,,,,,,,12,,,,,B03,,,1,,1,,,40,40,1,12,4,120.677514,24.144132,3
9819,66000,387130000C,(04)23274275,(04)23288582,2025,09,24,18,41,臺中市,北屯區,0,0,0,7,,,30,,,,,,,,,,,,,,13,,,,,B03,,,1,,1,,,59,59,1,12,4,120.66188,24.178109,3
9820,66000,387130000C,(04)23274275,(04)23288582,2025,09,24,18,41,臺中市,梧棲區,0,2,0,7,1,6,50,3,1,1,5,4,6,6,1,1,10,5,5,2,16,2,9,1,1,C03,7,6,1,8,1,12,,11,11,1,6,4,120.540258,24.24844,2
9821,66000,387130000C,(04)23274275,(04)23288582,2025,09,24,18,42,臺中市,大里區,0,2,0,7,1,6,30,5,2,1,5,4,6,6,4,4,10,5,5,2,17,3,10,3,1,B03,7,9,1,8,2,8,,84,84,1,6,4,120.705956,24.084958,2
9822,66000,387130000C,(04)23274275,(04)23288582,2025,09,24,18,45,臺中市,西屯區,0,0,0,7,,,50,,,,,,,,,,,,,,,,,,,B03,,,1,,1,,,8,8,1,12,4,120.649299,24.162292,3
9823,66000,387130000C,(04)23274275,(04)23288582,2025,09,24,18,49,臺中市,龍井區,0,1,0,7,1,6,50,11,9,1,5,4,6,6,4,4,4,5,5,1,18,2,9,2,1,C03,7,9,1,10,2,12,,87,87,1,6,4,120.547499,24.206121,2
9824,66000,387130000C,(04)23274275,(04)23288582,2025,09,24,18,53,臺中市,西屯區,0,1,0,7,1,6,50,13,9,1,5,4,6,6,4,4,5,4,5,2,16,3,10,3,1,B01,7,11,1,4,2,8,,39,39,1,12,4,120.613892,24.173782,2
9825,66000,387130000C,(04)23274275,(04)23288582,2025,09,24,18,58,臺中市,大雅區,0,0,0,7,,,50,,,,,,,,,,,,,,,,,,,B03,,,1,,2,,,38,38,1,12,4,120.667398,24.215682,3
9826,66000,387130000C,(04)23274275,(04)23288582,2025,09,24,18,59,臺中市,北屯區,0,0,0,7,,,50,,,,,,,,,,,,,,17,,,,,,,,,,,,,119,119,1,,,120.699037,24.160651,4
9827,66000,387130000C,(04)23274275,(04)23288582,2025,09,24,19,0,臺中市,沙鹿區,0,2,0,7,2,6,50,3,1,1,5,4,6,6,3,1,10,5,5,2,16,2,7,1,1,C03,7,6,1,10,2,11,,11,11,1,6,4,120.556299,24.20926,2
9828,66000,387130000C,(04)23274275,(04)23288582,2025,09,24,19,2,臺中市,西屯區,0,0,0,7,,,50,,,,,,,,,,,,,,12,,,,,B03,,,1,,2,,,8,8,1,12,4,120.623089,24.186009,3
9829,66000,387130000C,(04)23274275,(04)23288582,2025,09,24,19,4,臺中市,西屯區,0,0,0,7,,,50,,,,,,,,,,,,,,13,,,,,B03,,,1,,1,,,59,59,1,12,4,120.651855,24.158422,3
9830,66000,387130000C,(04)23274275,(04)23288582,2025,09,24,19,7,臺中市,北屯區,0,1,0,7,1,6,50,4,1,1,5,4,6,6,2,1,10,5,5,2,17,2,9,2,1,C03,7,1,1,10,2,14,,51,51,1,6,2,120.726864,24.171754,2
9831,66000,387130000C,(04)23274275,(04)23288582,2025,09,24,19,10,臺中市,西屯區,0,2,0,7,1,6,50,13,9,1,5,4,6,6,4,4,1,4,5,2,13,2,9,5,4,C03,7,9,1,10,2,11,,7,7,1,13,4,120.64147,24.173047,2
9832,66000,387130000C,(04)23274275,(04)23288582,2025,09,24,19,20,臺中市,清水區,0,1,0,7,3,6,40,13,14,1,5,4,6,6,4,4,1,4,4,1,17,2,9,2,1,C03,7,9,1,10,2,12,,59,59,1,12,4,120.563379,24.264126,2