﻿序號,縣市別代碼,機關代碼,市話,傳真,年,月,日,時,分,縣市,區,死亡數量,受傷數量,2-30,天候,道路照明設備,道路類別,道路速限,道路型態,事故位置,路面鋪裝,路面狀態,路面缺陷,障礙物,視距,號誌種類,號誌動作,分向設施,快車道或一般車道間,快慢車道間,路面邊線,事故類型及型態,受傷程度,主要傷處,保護裝備,行動電話或功能裝置,當事者區分_類別,車輛用途,當事者行動狀態,駕照狀態,駕照種類,飲酒情形,車輛撞擊部位最初,車輛撞擊部位其他,肇事因素個別,肇事因素主要,肇事逃逸,職業,共享經濟或外送平台,GPS座標X,GPS座標Y,事故類別
10054,66000,387130000C,(04)23274275,(04)23288582,2025,09,25,11,52,臺中市,大里區,0,0,0,7,,,30,,,,,,,,,,,,,,17,,,,,B03,,,1,,1,,,77,77,1,12,4,120.727933,24.095122,3
10055,66000,387130000C,(04)23274275,(04)23288582,2025,09,25,12,3,臺中市,西屯區,0,0,0,7,,,50,,,,,,,,,,,,,,13,,,,,B03,,,1,,1,,,7,7,1,13,4,120.637023,24.172144,3
10056,66000,387130000C,(04)23274275,(04)23288582,2025,09,25,12,6,臺中市,東區,0,0,0,7,,,50,,,,,,,,,,,,,,,,,,,C03,,,1,,2,,,85,85,1,13,4,120.692441,24.140098,3
10057,66000,387130000C,(04)23274275,(04)23288582,2025,09,25,12,8,臺中市,太平區,0,0,0,7,,,40,,,,,,,,,,,,,,,,,,,C03,,,1,,2,,,84,84,1,12,4,120.717497,24.155894,3
10058,66000,387130000C,(04)23274275,(04)23288582,2025,09,25,12,8,臺中市,烏日區,0,0,0,7,,,50,,,,,,,,,,,,,,12,,,,,B03,,,1,,1,,,51,51,1,6,4,120.641493,24.10974,3
10059,66000,387130000C,(04)23274275,(04)23288582,2025,09,25,12,10,臺中市,龍井區,0,0,0,7,,,,,,,,,,,,,,,,,9,,,,,,,,,,,,,85,85,1,,,120.585889,24.189551,3
10060,66000,387130000C,(04)23274275,(04)23288582,2025,09,25,12,13,臺中市,西屯區,0,0,0,7,,,50,,,,,,,,,,,,,,14,,,,,B13,,,1,,2,,,49,49,1,12,4,120.627851,24.183897,3
10061,66000,387130000C,(04)23274275,(04)23288582,2025,09,25,12,14,臺中市,西屯區,1,1,0,7,2,6,50,13,9,1,5,4,6,6,4,4,1,4,5,2,12,3,10,5,1,A12,7,9,1,1,2,2,,8,8,1,13,4,120.651062,24.165307,1
10062,66000,387130000C,(04)23274275,(04)23288582,2025,09,25,12,15,臺中市,龍井區,0,0,0,7,,,60,,,,,,,,,,,,,,,,,,,B03,,,1,,2,,,49,49,1,6,4,120.50692,24.202161,3
10063,66000,387130000C,(04)23274275,(04)23288582,2025,09,25,12,28,臺中市,大里區,0,1,0,7,2,6,30,4,1,1,5,4,6,6,4,4,10,5,5,2,16,3,10,3,1,B03,7,6,1,8,2,5,,14,14,1,13,4,120.706183,24.087997,2
10064,66000,387130000C,(04)23274275,(04)23288582,2025,09,25,12,30,臺中市,南屯區,0,0,0,7,,,50,,,,,,,,,,,,,,,,,,,B03,,,1,,1,,,84,84,1,6,4,120.651231,24.149536,3
10065,66000,387130000C,(04)23274275,(04)23288582,2025,09,25,12,31,臺中市,霧峰區,0,1,0,7,2,6,50,3,1,1,5,4,6,6,4,4,10,5,5,2,12,2,8,1,1,C03,7,9,1,10,2,11,,7,7,1,12,4,120.715091,24.074325,2
10066,66000,387130000C,(04)23274275,(04)23288582,2025,09,25,12,33,臺中市,西區,0,0,0,7,,,50,,,,,,,,,,,,,,,,,,,B03,,,1,,2,,,84,84,1,12,4,120.660706,24.145646,3
10067,66000,387130000C,(04)23274275,(04)23288582,2025,09,25,12,48,臺中市,西屯區,0,0,0,7,,,50,,,,,,,,,,,,,,13,,,,,C03,,,1,,1,,,59,59,1,12,4,120.650684,24.167231,3
10068,66000,387130000C,(04)23274275,(04)23288582,2025,09,25,12,50,臺中市,大里區,0,1,0,7,3,6,50,3,1,1,5,4,6,6,4,4,5,5,5,1,16,3,10,3,1,B03,7,6,1,8,2,8,,14,14,1,12,4,120.682185,24.071885,2
10069,66000,387130000C,(04)23274275,(04)23288582,2025,09,25,12,51,臺中市,龍井區,0,1,0,7,2,6,40,13,8,1,5,4,6,6,1,1,1,4,1,1,12,3,10,3,1,B03,7,9,1,8,2,6,,42,42,1,6,4,120.587447,24.185056,2
10070,66000,387130000C,(04)23274275,(04)23288582,2025,09,25,12,58,臺中市,西屯區,0,0,0,7,,,30,,,,,,,,,,,,,,,,,,,B03,,,1,,2,,,43,43,1,5,4,120.647953,24.182858,3
10071,66000,387130000C,(04)23274275,(04)23288582,2025,09,25,12,58,臺中市,霧峰區,0,0,0,7,,,30,,,,,,,,,,,,,,17,,,,,B03,,,1,,1,,,59,59,1,13,4,120.723446,24.03578,4
10072,66000,387130000C,(04)23274275,(04)23288582,2025,09,25,13,0,臺中市,烏日區,0,1,0,7,3,6,50,3,1,1,4,4,6,6,4,4,10,5,5,2,16,2,9,1,1,C03,7,6,1,10,2,13,,14,14,1,6,4,120.595366,24.110026,2
10073,66000,387130000C,(04)23274275,(04)23288582,2025,09,25,13,4,臺中市,南區,0,0,0,7,,,50,,,,,,,,,,,,,,14,,,,,B12,,,1,,2,,,49,49,1,6,4,120.657425,24.121005,3
10074,66000,387130000C,(04)23274275,(04)23288582,2025,09,25,13,8,臺中市,東區,0,0,0,7,,,50,,,,,,,,,,,,,,,,,,,B03,,,1,,2,,,84,84,1,13,4,120.698644,24.146875,3
10075,66000,387130000C,(04)23274275,(04)23288582,2025,09,25,13,12,臺中市,太平區,0,0,0,7,,,50,,,,,,,,,,,,,,16,,,,,B03,,,1,,2,,,11,11,1,12,4,120.731516,24.140049,3
10076,66000,387130000C,(04)23274275,(04)23288582,2025,09,25,13,14,臺中市,后里區,0,1,0,7,2,6,50,13,9,1,5,4,6,6,4,4,9,5,5,2,13,2,9,2,1,C03,7,9,1,10,2,11,,84,84,1,12,4,120.724578,24.308756,2
10077,66000,387130000C,(04)23274275,(04)23288582,2025,09,25,13,15,臺中市,烏日區,0,0,0,7,,,30,,,,,,,,,,,,,,9,,,,,B03,,,1,,1,,,85,85,1,6,4,120.627275,24.111778,4
10078,66000,387130000C,(04)23274275,(04)23288582,2025,09,25,13,18,臺中市,北屯區,0,1,0,7,3,6,50,4,1,1,5,4,6,6,1,1,10,5,5,2,16,2,9,1,1,C03,7,9,1,10,2,14,,59,59,1,12,4,120.703849,24.159597,2
10079,66000,387130000C,(04)23274275,(04)23288582,2025,09,25,13,23,臺中市,沙鹿區,0,1,0,7,2,6,50,3,2,1,5,4,6,6,4,4,5,4,4,2,13,3,10,3,1,B01,7,9,1,4,2,1,,59,59,1,6,4,120.561009,24.24183,2
10080,66000,387130000C,(04)23274275,(04)23288582,2025,09,25,13,25,臺中市,大里區,0,1,0,7,2,6,50,13,8,1,5,4,6,6,4,4,5,5,4,1,16,3,10,3,1,B03,7,5,1,8,2,6,,47,47,1,12,4,120.706265,24.095392,2
10081,66000,387130000C,(04)23274275,(04)23288582,2025,09,25,13,27,臺中市,北區,0,1,0,7,3,6,50,13,9,1,5,4,6,6,4,4,9,5,5,2,17,3,10,5,1,B12,7,13,1,8,2,3,,76,76,1,12,4,120.677725,24.153927,2
10082,66000,387130000C,(04)23274275,(04)23288582,2025,09,25,13,30,臺中市,北屯區,0,0,0,7,,,50,,,,,,,,,,,,,,13,,,,,B03,,,1,,1,,,84,84,1,12,4,120.704963,24.16949,3
10083,66000,387130000C,(04)23274275,(04)23288582,2025,09,25,13,34,臺中市,南區,0,1,0,7,1,6,50,4,2,1,5,4,6,6,1,1,10,5,5,2,17,2,9,5,4,C03,7,6,1,10,2,14,,48,48,1,13,4,120.684116,24.129108,2
10084,66000,387130000C,(04)23274275,(04)23288582,2025,09,25,13,37,臺中市,龍井區,0,0,0,7,,,50,,,,,,,,,,,,,,,,,,,B03,,,1,,9,,,15,15,1,6,4,120.512718,24.205851,3
10085,66000,387130000C,(04)23274275,(04)23288582,2025,09,25,13,40,臺中市,南屯區,0,0,0,7,,,40,,,,,,,,,,,,,,13,,,,,B02,,,1,,1,,,7,7,1,12,4,120.621618,24.134699,3
10086,66000,387130000C,(04)23274275,(04)23288582,2025,09,25,13,44,臺中市,大甲區,0,0,0,7,,,50,,,,,,,,,,,,,,27,,,,,G03,,,1,,2,,,58,58,1,6,4,120.660146,24.399516,3
10087,66000,387130000C,(04)23274275,(04)23288582,2025,09,25,13,47,臺中市,沙鹿區,0,0,0,7,,,30,,,,,,,,,,,,,,14,,,,,B03,,,1,,2,,,49,49,1,6,4,120.581092,24.201811,3
10088,66000,387130000C,(04)23274275,(04)23288582,2025,09,25,13,49,臺中市,北屯區,0,0,0,7,,,50,,,,,,,,,,,,,,12,,,,,B03,,,1,,1,,,40,40,1,13,4,120.667085,24.180162,3
10089,66000,387130000C,(04)23274275,(04)23288582,2025,09,25,13,50,臺中市,西屯區,0,0,0,7,,,50,,,,,,,,,,,,,,,,,,,B03,,,1,,1,,,50,50,1,12,4,120.637283,24.178053,3
10090,66000,387130000C,(04)23274275,(04)23288582,2025,09,25,13,50,臺中市,龍井區,0,0,0,7,,,30,,,,,,,,,,,,,,,,,,,B12,,,1,,9,,,49,49,1,6,4,120.53804,24.187636,3
10091,66000,387130000C,(04)23274275,(04)23288582,2025,09,25,13,54,臺中市,西屯區,0,0,0,7,,,50,,,,,,,,,,,,,,14,,,,,B12,,,1,,1,,,49,49,1,12,4,120.651888,24.1722,3
10092,66000,387130000C,(04)23274275,(04)23288582,2025,09,25,13,55,臺中市,西屯區,0,0,0,7,,,50,,,,,,,,,,,,,,12,,,,,C03,,,1,,2,,,8,8,1,5,4,120.593324,24.183431,3
10093,66000,387130000C,(04)23274275,(04)23288582,2025,09,25,14,0,臺中市,東區,0,0,0,7,,,50,,,,,,,,,,,,,,30,,,,,B03,,,1,,1,,,87,87,1,6,4,120.690445,24.135823,3
10094,66000,387130000C,(04)23274275,(04)23288582,2025,09,25,14,2,臺中市,東區,0,1,0,7,3,6,50,3,1,1,5,4,6,6,4,4,5,5,5,2,12,3,10,3,1,B01,7,11,1,4,2,4,,45,45,1,6,4,120.701218,24.143324,2
10095,66000,387130000C,(04)23274275,(04)23288582,2025,09,25,14,4,臺中市,太平區,0,0,0,7,,,50,,,,,,,,,,,,,,,,,,,B12,,,1,,1,,,84,84,1,12,4,120.723213,24.144689,3
10096,66000,387130000C,(04)23274275,(04)23288582,2025,09,25,14,9,臺中市,大里區,0,1,0,7,2,6,40,3,1,1,5,4,6,6,4,4,10,5,5,2,17,3,10,3,1,B12,7,1,1,8,2,7,,51,51,1,12,4,120.699666,24.110663,2
10097,66000,387130000C,(04)23274275,(04)23288582,2025,09,25,14,10,臺中市,南屯區,0,0,0,7,3,6,50,13,7,1,5,4,6,6,4,4,3,4,4,2,13,,,,,B03,,,1,,1,,,7,7,1,12,4,120.638391,24.151464,3
10098,66000,387130000C,(04)23274275,(04)23288582,2025,09,25,14,15,臺中市,西區,0,2,0,7,2,6,50,4,1,1,5,4,6,6,2,1,5,5,5,2,16,2,9,2,1,C03,7,6,1,10,2,14,,11,11,1,12,4,120.670902,24.140244,2
10099,66000,387130000C,(04)23274275,(04)23288582,2025,09,25,14,19,臺中市,北屯區,0,1,0,7,3,6,50,4,1,1,5,4,6,6,4,4,10,5,5,2,17,3,10,1,1,C03,7,6,1,10,2,12,,14,14,1,12,4,120.670086,24.174474,2
10100,66000,387130000C,(04)23274275,(04)23288582,2025,09,25,14,20,臺中市,大里區,0,0,0,7,,3,80,,,,,,,,,,,,,,12,,,,,B03,,,1,,2,,,40,40,1,13,4,120.700125,24.116292,3
10101,66000,387130000C,(04)23274275,(04)23288582,2025,09,25,14,20,臺中市,豐原區,0,0,0,7,,,50,,,,,,,,,,,,,,13,,,,,B03,,,1,,2,,,7,7,1,13,4,120.760546,24.277063,3
10102,66000,387130000C,(04)23274275,(04)23288582,2025,09,25,14,28,臺中市,霧峰區,0,0,0,7,,,30,,,,,,,,,,,,,,12,,,,,A12,,,1,,1,,,84,84,1,12,4,120.666154,24.038756,3
10103,66000,387130000C,(04)23274275,(04)23288582,2025,09,25,14,30,臺中市,北屯區,0,1,0,7,3,6,50,4,1,1,5,4,6,6,2,1,10,5,5,2,15,2,9,2,1,C03,7,9,1,10,2,11,,21,21,1,6,4,120.676344,24.184374,2
10104,66000,387130000C,(04)23274275,(04)23288582,2025,09,25,14,34,臺中市,西屯區,0,0,0,7,,,50,,,,,,,,,,,,,,,,,,,B03,,,1,,2,,,76,76,1,12,4,120.660868,24.173061,3
10105,66000,387130000C,(04)23274275,(04)23288582,2025,09,25,14,34,臺中市,大里區,0,0,0,7,,,60,,,,,,,,,,,,,,12,,,,,B03,,,1,,2,,,51,51,1,6,4,120.680865,24.104523,3
10106,66000,387130000C,(04)23274275,(04)23288582,2025,09,25,14,35,臺中市,南區,0,0,0,7,,,,,,,,,,,,,,,,,,,,,,,,,,,,,,86,86,1,,,120.659973,24.130226,3
10107,66000,387130000C,(04)23274275,(04)23288582,2025,09,25,14,37,臺中市,東區,0,0,0,7,,,50,,,,,,,,,,,,,,,,,,,C03,,,1,,1,,,59,59,1,13,4,120.688023,24.143144,3
10108,66000,387130000C,(04)23274275,(04)23288582,2025,09,25,14,39,臺中市,太平區,0,1,0,7,2,6,50,3,1,1,5,4,6,6,4,4,10,5,5,2,17,3,10,3,1,B03,7,11,1,8,2,4,,45,45,1,12,4,120.712228,24.149865,2
10109,66000,387130000C,(04)23274275,(04)23288582,2025,09,25,14,40,臺中市,大雅區,0,2,0,7,3,6,50,4,2,1,5,4,6,6,1,1,4,3,5,1,17,3,10,5,4,B03,7,9,1,8,1,1,,84,84,1,13,4,120.654657,24.229387,2
10110,66000,387130000C,(04)23274275,(04)23288582,2025,09,25,14,44,臺中市,西屯區,0,1,0,7,2,6,50,4,1,1,5,4,6,6,1,2,10,5,5,2,16,3,10,5,4,B03,7,5,1,8,2,2,,11,11,1,12,4,120.635947,24.181895,2
10111,66000,387130000C,(04)23274275,(04)23288582,2025,09,25,14,44,臺中市,清水區,0,2,0,7,2,6,50,4,1,1,5,4,6,6,4,4,8,4,5,2,15,2,9,1,1,C03,7,9,1,10,2,11,,15,15,1,12,4,120.565527,24.271654,2
10112,66000,387130000C,(04)23274275,(04)23288582,2025,09,25,14,46,臺中市,南屯區,0,1,0,7,2,6,50,4,8,1,5,4,6,6,1,1,1,4,1,2,18,2,9,2,1,C03,7,9,1,10,2,14,,84,84,1,13,4,120.640232,24.116817,2
10113,66000,387130000C,(04)23274275,(04)23288582,2025,09,25,14,49,臺中市,霧峰區,0,2,0,7,2,6,60,3,1,1,5,4,6,6,3,1,10,5,5,2,16,2,8,2,1,F03,7,11,7,21,2,11,,11,11,1,13,4,120.694104,24.049998,2
10114,66000,387130000C,(04)23274275,(04)23288582,2025,09,25,14,49,臺中市,豐原區,0,1,0,7,2,6,50,13,7,1,5,4,6,6,4,4,5,4,4,2,13,3,10,3,1,B12,7,6,1,8,2,8,,7,7,1,13,4,120.731172,24.252203,2
10115,66000,387130000C,(04)23274275,(04)23288582,2025,09,25,14,50,臺中市,西屯區,0,2,0,7,2,6,50,3,1,1,5,4,6,6,4,4,10,5,5,2,16,3,10,1,1,C03,7,5,1,10,2,12,,14,14,1,12,4,120.636294,24.179137,2
10116,66000,387130000C,(04)23274275,(04)23288582,2025,09,25,14,55,臺中市,南屯區,0,1,0,7,2,6,50,4,1,1,5,4,6,6,2,1,9,4,5,2,11,3,10,3,1,B03,7,6,1,8,2,3,,11,11,1,12,4,120.634974,24.152596,2
10117,66000,387130000C,(04)23274275,(04)23288582,2025,09,25,14,57,臺中市,西區,0,0,0,7,,,50,,,,,,,,,,,,,,,,,,,B03,,,1,8,1,,,51,51,1,13,4,120.660527,24.140261,3
10118,66000,387130000C,(04)23274275,(04)23288582,2025,09,25,14,57,臺中市,豐原區,0,2,0,7,2,6,50,13,7,1,5,4,6,6,4,4,1,4,4,1,13,3,10,3,1,B03,7,9,1,8,2,1,,7,7,1,13,4,120.731187,24.258177,2
10119,66000,387130000C,(04)23274275,(04)23288582,2025,09,25,15,6,臺中市,大里區,0,1,0,7,3,6,50,3,2,1,5,4,6,6,4,4,10,5,5,2,17,2,9,5,4,C03,7,9,1,10,2,11,,84,84,1,13,4,120.676263,24.099308,2
10120,66000,387130000C,(04)23274275,(04)23288582,2025,09,25,15,6,臺中市,太平區,0,0,0,7,,,40,,,,,,,,,,,,,,,,,,,B03,,,1,,2,,,82,82,1,12,4,120.734359,24.144624,3
10121,66000,387130000C,(04)23274275,(04)23288582,2025,09,25,15,10,臺中市,西區,0,0,0,7,,,50,,,,,,,,,,,,,,,,,,,B01,,,1,,2,,,84,84,1,12,4,120.668624,24.144398,3
10122,66000,387130000C,(04)23274275,(04)23288582,2025,09,25,15,15,臺中市,北屯區,0,0,0,7,,3,80,,,,,,,,,,,,,,17,,,,,A12,,,1,,1,,,85,85,1,12,4,120.720758,24.16742,3
10123,66000,387130000C,(04)23274275,(04)23288582,2025,09,25,15,15,臺中市,大里區,0,0,0,7,,,50,,,,,,,,,,,,,,,,,,,B03,,,1,,2,,,84,84,1,12,4,120.689038,24.11643,3
10124,66000,387130000C,(04)23274275,(04)23288582,2025,09,25,15,17,臺中市,沙鹿區,0,0,0,7,,,50,,,,,,,,,,,,,,17,,,,,B03,,,1,,2,,,51,51,1,12,4,120.56182,24.237719,3
10125,66000,387130000C,(04)23274275,(04)23288582,2025,09,25,15,23,臺中市,西屯區,0,0,0,7,,,50,,,,,,,,,,,,,,12,,,,,C03,,,1,,1,,,8,8,1,12,4,120.656905,24.200415,3
10126,66000,387130000C,(04)23274275,(04)23288582,2025,09,25,15,23,臺中市,大里區,0,1,0,7,3,6,50,4,2,1,5,4,6,6,1,1,5,4,5,1,13,2,9,5,4,C03,7,9,1,10,2,11,,7,7,1,13,4,120.681258,24.115125,2
10127,66000,387130000C,(04)23274275,(04)23288582,2025,09,25,15,24,臺中市,沙鹿區,0,0,0,7,,,50,,,,,,,,,,,,,,,,,,,C03,,,1,,2,,,48,48,1,6,4,120.597324,24.249761,3
10128,66000,387130000C,(04)23274275,(04)23288582,2025,09,25,15,25,臺中市,北屯區,0,0,0,7,,3,40,,,,,,,,,,,,,,,,,,,B03,,,1,,1,,,84,84,1,12,4,120.673705,24.200924,3
10129,66000,387130000C,(04)23274275,(04)23288582,2025,09,25,15,29,臺中市,北屯區,0,0,0,7,,,50,,,,,,,,,,,,,,14,,,,,B03,,,1,,1,,,49,49,1,12,4,120.677884,24.185263,3
10130,66000,387130000C,(04)23274275,(04)23288582,2025,09,25,15,29,臺中市,大里區,0,1,0,7,2,6,50,18,7,1,5,4,6,6,4,4,10,4,4,1,17,2,9,5,4,C03,7,15,1,10,2,13,,85,85,1,13,4,120.695071,24.088899,2
10131,66000,387130000C,(04)23274275,(04)23288582,2025,09,25,15,30,臺中市,大里區,0,1,0,7,2,6,40,13,8,1,5,4,6,6,4,4,1,4,4,1,9,3,10,5,4,A04,7,1,1,1,2,16,,84,84,1,13,4,120.695076,24.088992,2
10132,66000,387130000C,(04)23274275,(04)23288582,2025,09,25,15,30,臺中市,太平區,0,0,0,7,,,50,,,,,,,,,,,,,,13,,,,,B03,,,1,,1,,,84,84,1,12,4,120.733356,24.15508,3
10133,66000,387130000C,(04)23274275,(04)23288582,2025,09,25,15,31,臺中市,大雅區,0,0,0,7,,,50,,,,,,,,,,,,,,,,,,,B03,,,1,,1,,,7,7,1,12,4,120.639192,24.218107,3
10134,66000,387130000C,(04)23274275,(04)23288582,2025,09,25,15,32,臺中市,東區,0,0,0,7,,,50,,,,,,,,,,,,,,17,,,,,B03,,,1,,2,,,7,7,1,13,4,120.688741,24.14143,3
10135,66000,387130000C,(04)23274275,(04)23288582,2025,09,25,15,34,臺中市,大里區,0,0,0,7,,,50,,,,,,,,,,,,,,13,,,,,B12,,,1,,2,,,58,58,1,12,4,120.683141,24.079429,3
10136,66000,387130000C,(04)23274275,(04)23288582,2025,09,25,15,40,臺中市,北區,0,0,0,7,,,50,,,,,,,,,,,,,,13,,,,,B01,,,1,,2,1,,59,59,1,12,4,120.683255,24.157317,3
10137,66000,387130000C,(04)23274275,(04)23288582,2025,09,25,15,43,臺中市,西屯區,0,0,0,7,,,50,,,,,,,,,,,,,,14,,,,,B03,,,1,,1,,,49,49,1,12,4,120.602298,24.173109,3
10138,66000,387130000C,(04)23274275,(04)23288582,2025,09,25,15,51,臺中市,西屯區,0,1,0,7,2,9,30,13,9,1,5,4,6,6,4,4,4,4,5,2,16,3,10,5,4,C03,7,9,1,10,2,11,,7,7,1,13,4,120.648482,24.182062,2
10139,66000,387130000C,(04)23274275,(04)23288582,2025,09,25,15,54,臺中市,南屯區,0,1,0,7,2,6,50,4,1,1,5,4,6,6,1,1,9,4,4,2,15,3,10,3,1,B03,7,9,1,8,1,1,,21,21,1,12,4,120.635731,24.133027,2
10140,66000,387130000C,(04)23274275,(04)23288582,2025,09,25,15,57,臺中市,大里區,0,0,0,7,,,30,,,,,,,,,,,,,,,,,,,B01,,,1,,2,,,14,14,1,12,4,120.675814,24.100735,3
10141,66000,387130000C,(04)23274275,(04)23288582,2025,09,25,16,0,臺中市,東區,0,0,0,7,,,40,,,,,,,,,,,,,,14,,,,,B03,,,1,,1,,,49,49,1,12,4,120.691119,24.129572,3
10142,66000,387130000C,(04)23274275,(04)23288582,2025,09,25,16,1,臺中市,北屯區,0,1,0,7,3,6,50,13,7,1,5,4,6,6,4,4,1,4,4,2,9,3,10,3,1,A04,7,9,1,2,2,16,,87,87,1,12,4,120.66096,24.191156,2
10143,66000,387130000C,(04)23274275,(04)23288582,2025,09,25,16,1,臺中市,沙鹿區,0,0,0,7,,,60,,,,,,,,,,,,,,16,,,,,B03,,,1,,2,,,45,45,1,6,4,120.583364,24.249955,3
10144,66000,387130000C,(04)23274275,(04)23288582,2025,09,25,16,2,臺中市,大肚區,0,1,0,7,2,6,50,3,1,1,5,4,6,6,4,4,10,5,5,2,16,2,5,4,1,F02,7,9,7,21,2,11,,4,4,1,4,4,120.544081,24.153124,2
10145,66000,387130000C,(04)23274275,(04)23288582,2025,09,25,16,3,臺中市,北屯區,0,0,0,7,,,30,,,,,,,,,,,,,,,,,,,B03,,,1,,2,,,12,12,1,6,4,120.687691,24.205651,3
10146,66000,387130000C,(04)23274275,(04)23288582,2025,09,25,16,3,臺中市,大里區,0,0,0,7,,,50,,,,,,,,,,,,,,12,,,,,B03,,,1,,2,,,59,59,1,12,4,120.678472,24.106861,3
10147,66000,387130000C,(04)23274275,(04)23288582,2025,09,25,16,3,臺中市,梧棲區,0,0,0,7,,,50,,,,,,,,,,,,,,24,,,,,B03,,,1,,2,,,59,59,1,6,4,120.541077,24.241884,3
10148,66000,387130000C,(04)23274275,(04)23288582,2025,09,25,16,5,臺中市,北區,0,0,0,7,,,50,,,,,,,,,,,,,,13,,,,,C03,,,1,,1,,,59,59,1,12,4,120.674999,24.148771,3
10149,66000,387130000C,(04)23274275,(04)23288582,2025,09,25,16,9,臺中市,大甲區,0,1,0,7,3,6,50,13,9,1,5,4,6,6,4,4,10,5,5,2,18,2,9,1,1,C03,7,9,1,10,2,11,,7,7,1,6,4,120.629435,24.347956,2
10150,66000,387130000C,(04)23274275,(04)23288582,2025,09,25,16,11,臺中市,東區,0,2,0,7,3,6,50,4,1,1,5,4,6,6,1,1,10,5,5,2,16,2,9,2,1,C03,7,9,1,10,2,11,,84,84,1,12,4,120.689196,24.134196,2
10151,66000,387130000C,(04)23274275,(04)23288582,2025,09,25,16,12,臺中市,東區,0,1,0,7,2,6,50,4,2,1,5,4,6,6,4,4,9,5,4,2,9,3,10,1,1,C03,7,9,1,10,2,14,,8,8,1,12,4,120.689508,24.133438,2
10152,66000,387130000C,(04)23274275,(04)23288582,2025,09,25,16,13,臺中市,西屯區,0,0,0,7,,,30,,,,,,,,,,,,,,12,,,,,B03,,,1,,2,,,7,7,1,12,4,120.613538,24.19226,3
10153,66000,387130000C,(04)23274275,(04)23288582,2025,09,25,16,13,臺中市,霧峰區,0,0,0,7,,,50,,,,,,,,,,,,,,17,,,,,A04,,,1,1,2,,,84,84,1,13,4,120.692514,24.046766,3
10154,66000,387130000C,(04)23274275,(04)23288582,2025,09,25,16,15,臺中市,大里區,0,0,0,7,,,50,,,,,,,,,,,,,,12,,,,,B03,,,1,,2,,,40,40,1,13,4,120.679088,24.11193,3
10155,66000,387130000C,(04)23274275,(04)23288582,2025,09,25,16,16,臺中市,太平區,0,1,0,7,3,6,50,3,2,1,5,4,6,6,4,4,5,5,5,2,3,2,9,6,5,H01,8,16,7,21,10,17,,98,98,1,12,5,120.72349,24.130097,2
10156,66000,387130000C,(04)23274275,(04)23288582,2025,09,25,16,17,臺中市,梧棲區,0,1,0,7,2,6,50,13,14,1,5,4,6,6,4,4,5,5,5,1,3,2,9,6,5,H01,8,18,7,21,10,17,,95,95,1,2,5,120.537659,24.24591,2
10157,66000,387130000C,(04)23274275,(04)23288582,2025,09,25,16,20,臺中市,南區,0,0,0,7,,,50,,,,,,,,,,,,,,17,,,,,C03,,,1,,2,,,45,45,1,13,4,120.680274,24.122426,3
10158,66000,387130000C,(04)23274275,(04)23288582,2025,09,25,16,20,臺中市,南屯區,0,0,0,7,,3,40,,,,,,,,,,,,,,,,,,,B03,,,1,,1,,,7,7,1,13,4,120.624035,24.152442,3
10159,66000,387130000C,(04)23274275,(04)23288582,2025,09,25,16,20,臺中市,烏日區,0,1,0,7,2,6,60,3,2,1,5,4,6,6,4,4,1,4,5,1,16,2,8,1,1,C03,7,5,1,10,2,12,,11,11,1,6,4,120.642714,24.109406,2
10160,66000,387130000C,(04)23274275,(04)23288582,2025,09,25,16,23,臺中市,南屯區,0,0,0,7,,,50,,,,,,,,,,,,,,17,,,,,B03,,,1,,1,,,39,39,1,12,4,120.647706,24.152434,3
10161,66000,387130000C,(04)23274275,(04)23288582,2025,09,25,16,23,臺中市,西屯區,0,0,0,7,,,50,,,,,,,,,,,,,,,,,,,B03,,,1,,9,,,49,49,1,12,4,120.656729,24.169679,3
10162,66000,387130000C,(04)23274275,(04)23288582,2025,09,25,16,25,臺中市,南屯區,0,0,0,7,,,50,,,,,,,,,,,,,,13,,,,,B03,,,1,,2,,,7,7,1,12,4,120.647597,24.124399,3
10163,66000,387130000C,(04)23274275,(04)23288582,2025,09,25,16,25,臺中市,北屯區,0,0,0,7,,3,50,,,,,,,,,,,,,,,,,,,B03,,,1,,1,,,7,7,1,12,4,120.722222,24.187438,3
10164,66000,387130000C,(04)23274275,(04)23288582,2025,09,25,16,27,臺中市,西區,0,0,0,7,,,50,,,,,,,,,,,,,,,,,,,B03,,,1,,2,,,49,49,1,12,4,120.661798,24.145271,3
10165,66000,387130000C,(04)23274275,(04)23288582,2025,09,25,16,28,臺中市,霧峰區,0,0,0,7,,,30,,,,,,,,,,,,,,14,,,,,B03,,,1,,2,,,49,49,1,12,4,120.718215,24.0761,3
10166,66000,387130000C,(04)23274275,(04)23288582,2025,09,25,16,30,臺中市,大雅區,0,0,0,7,,,50,,,,,,,,,,,,,,,,,,,B02,,,1,,2,,,8,8,1,13,4,120.65559,24.227581,3