﻿序號,縣市別代碼,機關代碼,市話,傳真,年,月,日,時,分,縣市,區,死亡數量,受傷數量,2-30,天候,道路照明設備,道路類別,道路速限,道路型態,事故位置,路面鋪裝,路面狀態,路面缺陷,障礙物,視距,號誌種類,號誌動作,分向設施,快車道或一般車道間,快慢車道間,路面邊線,事故類型及型態,受傷程度,主要傷處,保護裝備,行動電話或功能裝置,當事者區分_類別,車輛用途,當事者行動狀態,駕照狀態,駕照種類,飲酒情形,車輛撞擊部位最初,車輛撞擊部位其他,肇事因素個別,肇事因素主要,肇事逃逸,職業,共享經濟或外送平台,GPS座標X,GPS座標Y,事故類別
10387,66000,387130000C,(04)23274275,(04)23288582,2025,09,26,8,11,臺中市,南屯區,0,1,0,7,3,6,40,13,7,1,5,4,6,6,4,4,5,4,4,2,12,2,9,1,1,C03,7,8,1,10,2,11,,84,84,1,12,4,120.634303,24.141254,2
10388,66000,387130000C,(04)23274275,(04)23288582,2025,09,26,8,13,臺中市,豐原區,0,1,0,7,2,6,50,4,7,1,5,4,6,6,4,4,5,4,4,2,17,3,10,1,1,C03,7,1,1,10,2,12,,51,51,1,13,4,120.718074,24.250405,2
10389,66000,387130000C,(04)23274275,(04)23288582,2025,09,26,8,14,臺中市,西屯區,0,0,0,7,,,50,,,,,,,,,,,,,,12,,,,,B03,,,1,,1,,,8,8,1,5,4,120.643306,24.171805,3
10390,66000,387130000C,(04)23274275,(04)23288582,2025,09,26,8,15,臺中市,北區,0,0,0,7,,,50,,,,,,,,,,,,,,13,,,,,C03,,,1,,1,,,59,59,1,12,4,120.675043,24.146478,3
10391,66000,387130000C,(04)23274275,(04)23288582,2025,09,26,8,15,臺中市,沙鹿區,0,0,0,7,,,50,,,,,,,,,,,,,,14,,,,,B03,,,1,,2,,,49,49,1,12,4,120.570155,24.227267,3
10392,66000,387130000C,(04)23274275,(04)23288582,2025,09,26,8,16,臺中市,西屯區,0,0,0,7,,,50,,,,,,,,,,,,,,,,,,,B03,,,1,,1,,,50,50,1,12,4,120.643468,24.18244,3
10393,66000,387130000C,(04)23274275,(04)23288582,2025,09,26,8,18,臺中市,龍井區,0,0,0,7,,,50,,,,,,,,,,,,,,13,,,,,B03,,,1,,1,,,7,7,1,6,4,120.549834,24.190924,3
10394,66000,387130000C,(04)23274275,(04)23288582,2025,09,26,8,20,臺中市,潭子區,0,0,0,7,,,50,,,,,,,,,,,,,,,,,,,B03,,,1,,2,,,59,59,1,12,4,120.68395,24.225015,3
10395,66000,387130000C,(04)23274275,(04)23288582,2025,09,26,8,23,臺中市,北區,0,0,0,7,3,6,50,18,24,1,5,4,6,6,4,4,3,4,5,2,17,,,,,B03,,,1,,2,,,20,20,1,13,4,120.68517,24.163532,3
10396,66000,387130000C,(04)23274275,(04)23288582,2025,09,26,8,24,臺中市,北屯區,0,0,0,7,,,50,,,,,,,,,,,,,,12,,,,,B03,,,1,,2,,,40,40,1,12,4,120.730406,24.176547,3
10397,66000,387130000C,(04)23274275,(04)23288582,2025,09,26,8,24,臺中市,龍井區,0,0,0,7,,,30,,,,,,,,,,,,,,14,,,,,B03,,,1,,1,,,49,49,1,6,4,120.52338,24.219353,3
10398,66000,387130000C,(04)23274275,(04)23288582,2025,09,26,8,25,臺中市,潭子區,0,0,0,7,,,50,,,,,,,,,,,,,,13,,,,,B03,,,1,,2,,,7,7,1,13,4,120.704609,24.205793,3
10399,66000,387130000C,(04)23274275,(04)23288582,2025,09,26,8,26,臺中市,潭子區,0,1,0,7,3,6,50,3,1,1,5,4,6,6,4,4,1,4,5,2,17,3,10,3,1,B03,7,1,1,8,2,5,,84,84,1,13,4,120.716241,24.198841,2
10400,66000,387130000C,(04)23274275,(04)23288582,2025,09,26,8,26,臺中市,西區,0,1,0,7,2,6,50,4,1,1,5,4,6,6,1,1,10,5,5,2,17,2,9,5,4,C03,7,1,1,10,2,14,,51,51,1,12,4,120.656562,24.134425,2
10401,66000,387130000C,(04)23274275,(04)23288582,2025,09,26,8,26,臺中市,梧棲區,0,0,0,7,,,60,,,,,,,,,,,,,,13,,,,,A31,,,1,,2,,,84,84,1,6,4,120.525012,24.223823,3
10402,66000,387130000C,(04)23274275,(04)23288582,2025,09,26,8,28,臺中市,南屯區,0,0,0,7,,,50,,,,,,,,,,,,,,,,,,,B03,,,1,,1,,,7,7,1,13,4,120.622643,24.150214,3
10403,66000,387130000C,(04)23274275,(04)23288582,2025,09,26,8,29,臺中市,大里區,0,1,0,7,2,6,50,13,8,1,5,4,6,6,4,4,5,5,4,1,17,3,10,3,1,B03,7,1,1,8,2,1,,51,51,1,6,4,120.716918,24.094442,2
10404,66000,387130000C,(04)23274275,(04)23288582,2025,09,26,8,30,臺中市,西屯區,0,0,0,7,,,50,,,,,,,,,,,,,,17,,,,,B03,,,1,,1,,,50,50,1,12,4,120.624527,24.194793,3
10405,66000,387130000C,(04)23274275,(04)23288582,2025,09,26,8,30,臺中市,西屯區,0,1,0,7,2,6,50,13,9,1,5,4,6,6,4,4,5,4,5,2,13,2,8,2,1,C03,7,9,5,19,2,11,,7,7,1,12,4,120.629111,24.20531,2
10406,66000,387130000C,(04)23274275,(04)23288582,2025,09,26,8,30,臺中市,西屯區,0,0,0,7,,,50,,,,,,,,,,,,,,,,,,,B03,,,1,,2,,,12,12,1,12,4,120.641499,24.161002,3
10407,66000,387130000C,(04)23274275,(04)23288582,2025,09,26,8,31,臺中市,西屯區,0,1,0,7,2,6,50,3,1,1,5,4,6,6,4,4,10,5,5,2,12,3,10,3,4,B01,7,5,1,4,2,5,,11,11,1,12,4,120.65094,24.164841,2
10408,66000,387130000C,(04)23274275,(04)23288582,2025,09,26,8,32,臺中市,潭子區,0,1,0,7,2,6,50,13,9,1,5,4,6,6,4,4,9,5,5,1,12,3,10,3,1,B12,7,9,1,8,2,2,,8,8,1,13,4,120.703954,24.220347,2
10409,66000,387130000C,(04)23274275,(04)23288582,2025,09,26,8,32,臺中市,南屯區,0,2,0,7,2,6,50,13,8,1,5,4,6,6,4,4,9,5,4,2,16,2,9,1,1,C03,7,11,1,10,2,12,,45,45,1,12,4,120.644913,24.148985,2
10410,66000,387130000C,(04)23274275,(04)23288582,2025,09,26,8,33,臺中市,霧峰區,0,1,0,6,2,6,0,13,24,1,5,4,6,6,4,4,5,4,4,2,18,2,9,2,1,C03,7,9,1,10,2,14,,84,84,1,13,4,120.693815,24.059062,2
10411,66000,387130000C,(04)23274275,(04)23288582,2025,09,26,8,34,臺中市,西屯區,0,1,0,7,2,6,50,4,1,1,5,4,6,6,1,1,10,5,5,2,13,2,8,5,4,C03,7,9,1,10,2,11,13,7,7,1,12,4,120.622185,24.174168,2
10412,66000,387130000C,(04)23274275,(04)23288582,2025,09,26,8,38,臺中市,西屯區,0,0,0,7,,,50,,,,,,,,,,,,,,,,,,,F03,,,7,,11,,,48,48,1,13,4,120.597839,24.175472,3
10413,66000,387130000C,(04)23274275,(04)23288582,2025,09,26,8,40,臺中市,北區,0,3,0,7,2,6,50,4,1,1,5,4,6,6,1,1,5,5,5,2,11,2,9,2,1,C03,7,6,3,19,2,11,,11,11,1,12,4,120.675433,24.152215,2
10414,66000,387130000C,(04)23274275,(04)23288582,2025,09,26,8,42,臺中市,大肚區,0,0,0,7,,,50,,,,,,,,,,,,,,12,,,,,B03,,,1,,1,,,40,40,1,6,4,120.553634,24.13312,3
10415,66000,387130000C,(04)23274275,(04)23288582,2025,09,26,8,47,臺中市,沙鹿區,0,0,0,7,,,50,,,,,,,,,,,,,,,,,,,B03,,,1,,2,,,87,87,1,13,4,120.568629,24.208602,3
10416,66000,387130000C,(04)23274275,(04)23288582,2025,09,26,8,48,臺中市,南屯區,0,1,0,7,2,6,50,4,1,1,5,4,6,6,1,1,9,4,5,2,15,3,10,6,1,F01,7,9,7,21,2,11,,84,84,1,12,4,120.64377,24.146898,2
10417,66000,387130000C,(04)23274275,(04)23288582,2025,09,26,8,48,臺中市,西屯區,0,0,0,7,,,50,,,,,,,,,,,,,,13,,,,,B12,,,1,,1,,,59,59,1,12,4,120.639498,24.183643,3
10418,66000,387130000C,(04)23274275,(04)23288582,2025,09,26,8,50,臺中市,大雅區,0,0,0,7,,,50,,,,,,,,,,,,,,,,,,,B03,,,1,,2,,,50,50,1,13,4,120.629418,24.241017,3
10419,66000,387130000C,(04)23274275,(04)23288582,2025,09,26,8,50,臺中市,中區,0,1,0,6,2,6,30,4,1,1,5,4,6,6,4,4,10,5,5,2,15,3,10,1,1,C03,7,9,1,10,2,11,14,12,12,1,12,4,120.677634,24.146076,2
10420,66000,387130000C,(04)23274275,(04)23288582,2025,09,26,8,54,臺中市,北屯區,0,1,0,7,2,6,50,3,1,1,5,4,6,6,4,4,10,5,5,2,16,3,10,5,1,B03,7,6,1,8,2,2,,84,84,1,12,4,120.690362,24.184227,2
10421,66000,387130000C,(04)23274275,(04)23288582,2025,09,26,8,58,臺中市,西屯區,0,0,0,7,,,30,,,,,,,,,,,,,,,,,,,C03,,,1,,1,,,4,4,1,12,4,120.640671,24.173037,3
10422,66000,387130000C,(04)23274275,(04)23288582,2025,09,26,9,0,臺中市,和平區,0,0,0,7,3,7,30,12,14,1,5,4,6,6,4,4,10,5,5,2,14,3,10,6,1,B03,7,2,1,8,2,3,,78,78,1,7,4,120.924153,24.318786,3
10423,66000,387130000C,(04)23274275,(04)23288582,2025,09,26,9,2,臺中市,北屯區,0,2,0,7,2,6,50,4,1,1,5,4,6,6,2,3,10,5,5,2,15,3,10,3,1,B03,7,9,1,8,2,5,,85,85,1,12,4,120.663435,24.185372,2
10424,66000,387130000C,(04)23274275,(04)23288582,2025,09,26,9,10,臺中市,大里區,0,1,0,6,3,6,30,4,1,1,5,4,6,6,3,1,10,5,5,2,15,2,9,2,1,C03,7,9,1,10,2,14,,24,24,1,13,4,120.677083,24.094381,2
10425,66000,387130000C,(04)23274275,(04)23288582,2025,09,26,9,12,臺中市,北區,0,2,0,7,3,6,50,4,1,1,5,4,6,6,1,1,10,2,5,2,13,2,9,2,1,C03,7,9,1,10,2,11,,59,59,1,12,4,120.677005,24.165436,2
10426,66000,387130000C,(04)23274275,(04)23288582,2025,09,26,9,24,臺中市,北屯區,0,1,0,7,2,6,50,13,9,1,5,4,6,6,4,4,4,3,5,2,13,3,10,1,1,C03,7,9,1,10,2,11,,7,7,1,12,4,120.718899,24.184852,2
10427,66000,387130000C,(04)23274275,(04)23288582,2025,09,26,9,33,臺中市,大里區,0,1,0,7,2,6,50,3,2,1,5,4,6,6,1,1,3,2,5,2,16,2,5,2,1,C03,7,6,1,10,2,14,,26,26,1,6,4,120.687591,24.086866,2
10428,66000,387130000C,(04)23274275,(04)23288582,2025,09,26,9,35,臺中市,霧峰區,0,2,0,7,2,6,40,13,8,1,5,4,6,6,4,4,3,4,4,1,17,2,7,2,1,C03,7,9,1,10,2,14,,26,26,1,6,4,120.696437,24.022385,2
10429,66000,387130000C,(04)23274275,(04)23288582,2025,09,26,9,35,臺中市,大里區,0,1,0,7,2,6,50,5,1,1,5,4,6,6,2,1,10,5,5,2,18,2,9,1,1,C04,7,14,1,10,2,14,,54,54,1,13,4,120.702393,24.087031,2
10430,66000,387130000C,(04)23274275,(04)23288582,2025,09,26,9,45,臺中市,霧峰區,0,0,0,7,,,50,,,,,,,,,,,,,,14,,,,,B03,,,1,,1,,,49,49,1,12,4,120.70015,24.0642,3
10431,66000,387130000C,(04)23274275,(04)23288582,2025,09,26,9,56,臺中市,豐原區,0,3,0,7,2,6,50,4,1,1,5,4,6,6,2,1,1,2,4,2,12,2,9,1,1,C03,7,9,1,10,2,11,,84,84,1,12,4,120.718952,24.243391,2
10432,66000,387130000C,(04)23274275,(04)23288582,2025,09,26,9,59,臺中市,北區,0,0,0,7,,,30,,,,,,,,,,,,,,14,,,,,B03,,,1,,1,,,49,49,1,13,4,120.684169,24.163224,3
10433,66000,387130000C,(04)23274275,(04)23288582,2025,09,26,10,5,臺中市,南屯區,0,0,0,7,,,50,,,,,,,,,,,,,,,,,,,B03,,,1,,1,,,7,7,1,13,4,120.649631,24.144414,3
10434,66000,387130000C,(04)23274275,(04)23288582,2025,09,26,10,6,臺中市,西屯區,0,0,0,7,,,50,,,,,,,,,,,,,,16,,,,,C03,,,1,,1,,,23,23,1,12,4,120.602633,24.182917,3
10435,66000,387130000C,(04)23274275,(04)23288582,2025,09,26,10,7,臺中市,北屯區,0,1,0,7,2,6,50,4,1,1,5,4,6,6,4,4,10,5,5,2,15,2,9,1,1,C03,7,9,1,10,2,12,14,15,15,1,12,4,120.701708,24.185841,2
10436,66000,387130000C,(04)23274275,(04)23288582,2025,09,26,10,9,臺中市,北區,0,1,0,7,3,6,50,3,1,1,5,4,6,6,2,1,10,5,5,2,17,2,9,5,4,C03,7,8,1,10,2,14,,84,84,1,13,4,120.688411,24.151722,2
10437,66000,387130000C,(04)23274275,(04)23288582,2025,09,26,10,12,臺中市,潭子區,0,0,0,7,,,30,,,,,,,,,,,,,,17,,,,,B03,,,1,,2,,,8,8,1,13,4,120.70622,24.22301,3
10438,66000,387130000C,(04)23274275,(04)23288582,2025,09,26,10,13,臺中市,太平區,0,1,0,7,3,6,50,4,4,1,5,4,6,6,1,1,5,5,5,2,17,3,10,3,1,B03,7,9,1,8,1,5,,59,59,1,12,4,120.715269,24.156952,2
10439,66000,387130000C,(04)23274275,(04)23288582,2025,09,26,10,15,臺中市,大里區,0,1,0,7,2,6,50,3,1,1,5,4,6,6,4,4,10,5,5,2,17,3,10,3,1,B03,7,6,1,8,2,5,,14,14,1,12,4,120.686286,24.095371,2
10440,66000,387130000C,(04)23274275,(04)23288582,2025,09,26,10,17,臺中市,南屯區,0,0,0,7,3,6,50,13,8,1,5,4,6,6,1,1,1,2,1,2,12,,,,,A11,,,1,,2,,,8,8,1,12,4,120.623636,24.149799,3
10441,66000,387130000C,(04)23274275,(04)23288582,2025,09,26,10,18,臺中市,梧棲區,0,2,0,7,3,6,70,4,1,1,5,4,6,6,1,1,10,5,5,2,15,2,7,1,1,C04,7,9,1,10,2,13,,21,21,1,5,4,120.542457,24.21926,2
10442,66000,387130000C,(04)23274275,(04)23288582,2025,09,26,10,20,臺中市,沙鹿區,0,0,0,7,,,60,,,,,,,,,,,,,,13,,,,,B03,,,1,,1,,,7,7,1,12,4,120.556112,24.212822,3
10443,66000,387130000C,(04)23274275,(04)23288582,2025,09,26,10,25,臺中市,中區,0,2,0,7,1,6,50,13,9,1,5,4,6,6,4,4,5,4,5,1,17,2,9,5,4,C03,7,9,1,10,2,11,,7,7,1,12,4,120.680201,24.143117,2
10444,66000,387130000C,(04)23274275,(04)23288582,2025,09,26,10,25,臺中市,豐原區,0,2,0,7,2,6,50,4,1,1,5,4,6,6,1,1,10,5,5,2,17,2,9,1,1,C03,7,6,1,10,2,11,,11,11,1,13,4,120.710695,24.250578,2
10445,66000,387130000C,(04)23274275,(04)23288582,2025,09,26,10,30,臺中市,豐原區,0,0,0,7,2,6,50,3,9,1,5,4,6,6,4,4,5,5,4,2,12,3,10,3,1,B03,7,9,1,8,9,2,,8,8,1,12,4,120.716332,24.254843,3
10446,66000,387130000C,(04)23274275,(04)23288582,2025,09,26,10,31,臺中市,霧峰區,0,1,0,7,2,6,50,13,9,1,5,4,6,6,4,4,5,5,5,1,17,2,9,2,1,C03,7,9,1,10,2,12,,84,84,1,6,4,120.702537,24.069917,2
10447,66000,387130000C,(04)23274275,(04)23288582,2025,09,26,10,32,臺中市,清水區,0,0,0,6,,,30,,,,,,,,,,,,,,,,,,,B03,,,1,,1,,,84,84,1,12,4,120.556099,24.268695,4
10448,66000,387130000C,(04)23274275,(04)23288582,2025,09,26,10,34,臺中市,大肚區,0,0,0,7,,,50,,,,,,,,,,,,,,13,,,,,B13,,,1,,1,,,7,7,1,6,4,120.562076,24.124552,3
10449,66000,387130000C,(04)23274275,(04)23288582,2025,09,26,10,34,臺中市,外埔區,0,0,0,7,2,6,30,13,9,1,5,4,6,6,4,4,10,5,5,2,17,3,10,3,1,B03,7,3,1,8,2,2,,50,50,1,12,4,120.635707,24.342329,3
10450,66000,387130000C,(04)23274275,(04)23288582,2025,09,26,10,35,臺中市,西區,0,2,0,7,2,6,50,4,1,1,5,4,6,6,1,1,10,5,5,2,12,3,10,5,4,C03,7,6,1,10,2,13,,11,11,1,12,4,120.664298,24.150856,2
10451,66000,387130000C,(04)23274275,(04)23288582,2025,09,26,10,37,臺中市,南區,0,1,0,6,2,6,50,4,1,1,5,4,6,6,2,1,10,5,5,2,16,3,10,3,1,B03,7,5,1,8,2,5,,47,47,1,6,4,120.679232,24.119229,2
10452,66000,387130000C,(04)23274275,(04)23288582,2025,09,26,10,37,臺中市,太平區,0,1,0,7,2,6,30,4,1,1,5,4,3,6,4,4,10,5,5,2,15,2,9,1,1,C03,7,9,1,10,2,14,12,12,12,1,12,4,120.724064,24.142345,2
10453,66000,387130000C,(04)23274275,(04)23288582,2025,09,26,10,41,臺中市,梧棲區,0,0,0,7,,,50,,,,,,,,,,,,,,17,,,,,B03,,,1,,1,,,8,8,1,6,4,120.536543,24.238058,3
10454,66000,387130000C,(04)23274275,(04)23288582,2025,09,26,10,46,臺中市,北區,0,0,0,7,3,6,50,18,24,1,5,4,6,6,4,4,5,5,5,2,17,,,,,C03,,,1,,1,,,7,7,1,13,4,120.670545,24.165155,3
10455,66000,387130000C,(04)23274275,(04)23288582,2025,09,26,10,48,臺中市,豐原區,0,1,0,7,2,6,30,13,9,1,5,4,6,6,4,4,10,5,5,1,13,3,10,3,1,B03,7,9,1,8,2,1,,84,84,1,13,4,120.720812,24.228892,2
10456,66000,387130000C,(04)23274275,(04)23288582,2025,09,26,10,51,臺中市,西屯區,0,0,0,7,,,40,,,,,,,,,,,,,,12,,,,,B03,,,1,,9,,,8,8,1,12,4,120.636029,24.183541,3
10457,66000,387130000C,(04)23274275,(04)23288582,2025,09,26,10,55,臺中市,西區,0,0,0,7,,,50,,,,,,,,,,,,,,,,,,,B03,,,1,,1,,,49,49,1,12,4,120.661827,24.147283,3
10458,66000,387130000C,(04)23274275,(04)23288582,2025,09,26,10,57,臺中市,烏日區,0,0,0,7,,,50,,,,,,,,,,,,,,12,,,,,B03,,,1,,1,,,40,40,1,13,4,120.637887,24.107447,3
10459,66000,387130000C,(04)23274275,(04)23288582,2025,09,26,11,6,臺中市,東區,0,0,0,7,,,50,,,,,,,,,,,,,,,,,,,F02,,,7,,1,,,7,7,1,13,4,120.710475,24.141289,3
10460,66000,387130000C,(04)23274275,(04)23288582,2025,09,26,11,7,臺中市,西屯區,0,0,0,7,,,50,,,,,,,,,,,,,,,,,,,B12,,,1,,2,,,1,1,1,12,4,120.636,24.171169,3
10461,66000,387130000C,(04)23274275,(04)23288582,2025,09,26,11,8,臺中市,西區,0,1,0,7,1,6,50,3,1,1,5,4,6,6,4,4,10,5,5,1,17,3,10,5,4,B03,7,6,1,8,2,1,,14,14,1,12,4,120.656758,24.146127,2
10462,66000,387130000C,(04)23274275,(04)23288582,2025,09,26,11,9,臺中市,大里區,0,1,0,7,2,6,50,5,1,1,5,4,6,6,1,1,10,5,5,2,17,3,10,2,1,C03,7,9,1,10,2,11,,7,7,1,6,4,120.697143,24.08426,2
10463,66000,387130000C,(04)23274275,(04)23288582,2025,09,26,11,11,臺中市,西區,0,1,0,6,2,6,50,4,1,1,5,4,6,6,4,4,10,5,5,2,15,3,10,5,4,B03,7,9,1,8,2,2,,15,15,1,13,4,120.670311,24.140758,2
10464,66000,387130000C,(04)23274275,(04)23288582,2025,09,26,11,14,臺中市,大甲區,0,0,0,7,,,50,,,,,,,,,,,,,,30,,,,,B03,,,1,,2,,,51,51,1,6,4,120.645596,24.404573,3
10465,66000,387130000C,(04)23274275,(04)23288582,2025,09,26,11,20,臺中市,西屯區,0,0,0,7,,,0,,,,,,,,,,,,,,17,,,,,,,,,,,,,119,119,1,,,120.658035,24.178095,3
10466,66000,387130000C,(04)23274275,(04)23288582,2025,09,26,11,21,臺中市,太平區,0,1,0,7,3,6,30,4,1,1,5,4,6,6,4,4,10,5,5,2,15,2,9,1,1,C03,7,9,1,10,2,12,,15,15,1,12,4,120.722314,24.149977,2
10467,66000,387130000C,(04)23274275,(04)23288582,2025,09,26,11,30,臺中市,西屯區,0,1,0,6,2,6,30,3,1,1,5,4,6,6,4,4,10,5,5,2,11,3,10,3,4,B03,7,5,1,8,2,1,,14,14,1,12,4,120.613214,24.177345,2
10468,66000,387130000C,(04)23274275,(04)23288582,2025,09,26,11,31,臺中市,西屯區,0,0,0,7,,,50,,,,,,,,,,,,,,17,,,,,B12,,,1,,1,,,49,49,1,12,4,120.654471,24.158549,3
10469,66000,387130000C,(04)23274275,(04)23288582,2025,09,26,11,31,臺中市,霧峰區,0,1,0,6,2,6,0,4,2,1,5,4,6,6,2,1,5,5,5,1,13,3,10,1,1,C03,7,9,3,19,2,11,,59,59,1,13,4,120.695813,24.065772,2
10470,66000,387130000C,(04)23274275,(04)23288582,2025,09,26,11,35,臺中市,南屯區,0,1,0,7,2,6,50,4,1,1,5,4,6,6,2,1,10,5,5,2,15,3,10,3,1,B12,7,9,1,8,2,5,,21,21,1,13,4,120.649849,24.147742,2
10471,66000,387130000C,(04)23274275,(04)23288582,2025,09,26,11,35,臺中市,南屯區,0,2,0,7,2,6,50,13,9,1,5,4,6,6,4,4,9,4,5,2,13,2,9,1,1,C03,7,9,1,10,2,11,,7,7,1,12,4,120.647134,24.152977,2
10472,66000,387130000C,(04)23274275,(04)23288582,2025,09,26,11,35,臺中市,大肚區,0,0,0,7,,,30,,,,,,,,,,,,,,14,,,,,A41,,,1,,2,,,49,49,1,6,4,120.551591,24.14145,3
10473,66000,387130000C,(04)23274275,(04)23288582,2025,09,26,11,44,臺中市,大里區,0,0,0,7,,,50,,,,,,,,,,,,,,,,,,,B12,,,1,,2,,,51,51,1,12,4,120.681651,24.115092,3
10474,66000,387130000C,(04)23274275,(04)23288582,2025,09,26,11,45,臺中市,西區,0,0,0,7,,,50,,,,,,,,,,,,,,,,,,,C03,,,1,,1,,,7,7,1,12,4,120.668339,24.139714,3
10475,66000,387130000C,(04)23274275,(04)23288582,2025,09,26,11,47,臺中市,大雅區,0,0,0,7,,,60,,,,,,,,,,,,,,,,,,,B12,,,1,,2,,,40,40,1,12,4,120.646684,24.223,3
10476,66000,387130000C,(04)23274275,(04)23288582,2025,09,26,11,47,臺中市,太平區,0,1,0,7,2,6,50,4,1,1,5,4,6,6,4,4,10,5,5,2,15,3,10,5,4,B03,7,9,1,8,2,5,,12,12,1,12,4,120.716974,24.115371,2
10477,66000,387130000C,(04)23274275,(04)23288582,2025,09,26,11,49,臺中市,西區,0,0,0,7,,,40,,,,,,,,,,,,,,,,,,,C03,,,1,,9,,,84,84,1,12,4,120.655225,24.155943,3
10478,66000,387130000C,(04)23274275,(04)23288582,2025,09,26,11,50,臺中市,南區,0,0,0,7,,,50,,,,,,,,,,,,,,,,,,,A05,,,1,,2,,,7,7,1,6,4,120.679293,24.119538,3
10479,66000,387130000C,(04)23274275,(04)23288582,2025,09,26,11,50,臺中市,烏日區,0,1,0,7,2,6,50,13,9,1,5,4,6,6,4,4,1,4,5,2,13,2,9,1,1,C03,7,5,1,10,2,11,,7,7,1,6,4,120.617488,24.11365,2
10480,66000,387130000C,(04)23274275,(04)23288582,2025,09,26,11,53,臺中市,霧峰區,0,1,0,7,2,6,50,13,9,1,5,4,6,6,4,4,5,5,5,1,18,2,9,2,1,C03,7,9,1,10,2,14,,84,84,1,6,4,120.714916,24.074615,2
10481,66000,387130000C,(04)23274275,(04)23288582,2025,09,26,11,55,臺中市,西區,0,1,0,7,2,6,50,3,1,1,5,4,6,6,4,4,10,5,5,2,12,2,9,5,4,C03,7,9,1,10,2,11,,84,84,1,12,4,120.674975,24.136935,2
10482,66000,387130000C,(04)23274275,(04)23288582,2025,09,26,11,57,臺中市,后里區,0,0,0,7,2,6,60,3,2,1,5,4,6,6,1,1,1,2,4,1,13,3,10,3,1,B03,7,9,1,8,2,1,,84,84,1,12,4,120.723074,24.287771,3
10483,66000,387130000C,(04)23274275,(04)23288582,2025,09,26,11,58,臺中市,北區,0,2,0,7,3,6,50,4,1,1,5,4,6,6,1,1,5,2,5,2,15,2,9,2,1,C03,7,9,1,10,2,11,,21,21,1,12,4,120.682591,24.153266,2
10484,66000,387130000C,(04)23274275,(04)23288582,2025,09,26,12,5,臺中市,太平區,0,1,0,7,3,6,50,3,1,1,5,4,6,6,4,4,10,5,5,2,16,2,7,1,1,C03,7,9,1,10,2,11,,7,7,1,12,4,120.724281,24.138258,2
10485,66000,387130000C,(04)23274275,(04)23288582,2025,09,26,12,6,臺中市,北屯區,0,0,0,5,,,50,,,,,,,,,,,,,,12,,,,,B03,,,1,,1,,,40,40,1,6,4,120.669668,24.176739,3
10486,66000,387130000C,(04)23274275,(04)23288582,2025,09,26,12,12,臺中市,南區,0,0,0,7,,,50,,,,,,,,,,,,,,12,,,,,,,,,,,,,76,76,1,,,120.682318,24.125968,4
10487,66000,387130000C,(04)23274275,(04)23288582,2025,09,26,12,14,臺中市,大里區,0,1,0,6,2,6,50,4,1,1,5,4,6,6,1,1,10,5,5,2,17,3,10,3,1,B03,7,5,1,8,2,3,,11,11,1,13,4,120.689244,24.077956,2
10488,66000,387130000C,(04)23274275,(04)23288582,2025,09,26,12,20,臺中市,北屯區,0,1,0,7,3,6,50,4,2,1,5,4,6,6,2,1,1,2,4,2,13,2,9,1,1,C03,7,9,1,10,1,11,,7,7,1,5,4,120.7211,24.175999,2
10489,66000,387130000C,(04)23274275,(04)23288582,2025,09,26,12,26,臺中市,北區,0,0,0,7,,,50,,,,,,,,,,,,,,13,,,,,C03,,,1,,2,,,7,7,1,13,4,120.669515,24.173384,3
10490,66000,387130000C,(04)23274275,(04)23288582,2025,09,26,12,30,臺中市,烏日區,0,0,0,7,,,50,,,,,,,,,,,,,,13,,,,,B03,,,1,,1,,,56,56,1,12,4,120.614192,24.106886,3
10491,66000,387130000C,(04)23274275,(04)23288582,2025,09,26,12,31,臺中市,南區,0,0,0,7,,,50,,,,,,,,,,,,,,13,,,,,B03,,,4,,1,,,84,84,1,12,4,120.679917,24.126354,3
10492,66000,387130000C,(04)23274275,(04)23288582,2025,09,26,12,32,臺中市,神岡區,0,2,0,7,2,6,50,4,1,1,5,4,6,6,4,4,10,5,5,1,15,2,9,5,4,F01,7,9,7,21,2,11,,15,15,1,13,4,120.676187,24.246988,2
10493,66000,387130000C,(04)23274275,(04)23288582,2025,09,26,12,34,臺中市,北屯區,0,2,0,6,2,6,50,13,9,1,5,4,6,6,4,4,5,5,5,2,16,2,9,1,1,C03,7,1,1,10,2,14,,51,51,1,13,4,120.709366,24.177861,2
10494,66000,387130000C,(04)23274275,(04)23288582,2025,09,26,12,35,臺中市,北屯區,0,0,0,7,,,50,,,,,,,,,,,,,,9,,,,,B03,,,1,8,2,,,77,77,1,12,4,120.746744,24.192167,3
10495,66000,387130000C,(04)23274275,(04)23288582,2025,09,26,12,35,臺中市,清水區,0,0,0,7,,,60,,,,,,,,,,,,,,,,,,,A41,,,1,,9,,,8,8,1,12,4,120.536183,24.281179,3
10496,66000,387130000C,(04)23274275,(04)23288582,2025,09,26,12,36,臺中市,北屯區,0,1,0,7,2,6,50,13,9,1,4,4,6,6,4,4,1,4,5,2,17,2,9,2,1,C03,7,9,1,10,2,11,,54,54,1,12,4,120.72727,24.160298,2
10497,66000,387130000C,(04)23274275,(04)23288582,2025,09,26,12,37,臺中市,東勢區,0,1,0,6,2,6,50,13,9,1,5,4,6,6,4,4,8,5,5,1,11,3,10,3,1,B03,7,6,1,8,2,1,,39,39,1,12,4,120.824296,24.261518,2