﻿序號,縣市別代碼,機關代碼,市話,傳真,年,月,日,時,分,縣市,區,死亡數量,受傷數量,2-30,天候,道路照明設備,道路類別,道路速限,道路型態,事故位置,路面鋪裝,路面狀態,路面缺陷,障礙物,視距,號誌種類,號誌動作,分向設施,快車道或一般車道間,快慢車道間,路面邊線,事故類型及型態,受傷程度,主要傷處,保護裝備,行動電話或功能裝置,當事者區分_類別,車輛用途,當事者行動狀態,駕照狀態,駕照種類,飲酒情形,車輛撞擊部位最初,車輛撞擊部位其他,肇事因素個別,肇事因素主要,肇事逃逸,職業,共享經濟或外送平台,GPS座標X,GPS座標Y,事故類別
10832,66000,387130000C,(04)23274275,(04)23288582,2025,09,27,9,42,臺中市,西區,0,2,0,7,2,6,50,3,1,1,5,4,6,6,4,4,10,5,5,2,16,3,10,5,4,B03,7,5,1,8,2,2,,84,84,1,12,4,120.665371,24.144953,2
10833,66000,387130000C,(04)23274275,(04)23288582,2025,09,27,9,44,臺中市,北屯區,0,0,0,7,,,50,,,,,,,,,,,,,,17,,,,,B03,,,1,,9,,,84,84,1,12,4,120.707207,24.164963,3
10834,66000,387130000C,(04)23274275,(04)23288582,2025,09,27,9,50,臺中市,西屯區,0,1,0,7,2,6,50,4,1,1,5,4,6,6,1,1,10,5,5,2,17,3,10,5,4,B03,7,6,1,8,2,1,,11,11,1,12,4,120.637283,24.173182,2
10835,66000,387130000C,(04)23274275,(04)23288582,2025,09,27,9,54,臺中市,東區,0,0,0,7,,,50,,,,,,,,,,,,,,,,,,,B03,,,1,,9,,,85,85,1,13,4,120.690688,24.126985,3
10836,66000,387130000C,(04)23274275,(04)23288582,2025,09,27,9,56,臺中市,西屯區,0,1,0,7,2,6,50,13,9,1,5,4,6,6,4,4,1,4,5,2,18,2,9,1,1,C03,7,9,1,10,2,14,,84,84,1,12,4,120.636073,24.171003,2
10837,66000,387130000C,(04)23274275,(04)23288582,2025,09,27,9,57,臺中市,西屯區,0,2,0,7,2,6,50,4,1,1,5,4,6,6,2,1,5,5,5,2,16,2,9,2,1,C03,7,6,1,10,2,12,,11,11,1,12,4,120.638841,24.180158,2
10838,66000,387130000C,(04)23274275,(04)23288582,2025,09,27,10,0,臺中市,北區,0,0,0,7,,,,,,,,,,,,,,,,,17,,,,,,,,,,,,,119,119,1,,,120.6837,24.148098,3
10839,66000,387130000C,(04)23274275,(04)23288582,2025,09,27,10,0,臺中市,烏日區,0,0,0,7,,3,80,,,,,,,,,,,,,,13,,,,,B03,,,1,,1,,,7,7,1,6,4,120.610702,24.099801,3
10840,66000,387130000C,(04)23274275,(04)23288582,2025,09,27,10,0,臺中市,清水區,0,1,0,7,2,6,50,13,9,1,5,4,6,6,4,4,8,3,5,1,12,2,9,3,1,B03,7,9,1,8,2,1,,59,59,1,12,4,120.565151,24.273107,2
10841,66000,387130000C,(04)23274275,(04)23288582,2025,09,27,10,2,臺中市,清水區,0,1,0,7,1,6,50,4,1,1,5,4,6,6,1,1,8,3,4,1,12,2,8,1,1,C03,7,9,1,10,2,13,,42,42,1,12,4,120.571328,24.275478,2
10842,66000,387130000C,(04)23274275,(04)23288582,2025,09,27,10,3,臺中市,大里區,0,2,0,7,2,6,30,4,1,1,5,4,6,6,4,4,10,5,5,2,15,2,8,1,1,C03,7,9,1,10,2,11,,15,15,1,6,4,120.687734,24.112777,2
10843,66000,387130000C,(04)23274275,(04)23288582,2025,09,27,10,5,臺中市,南屯區,0,0,0,7,3,6,50,13,9,1,5,4,6,6,4,4,3,4,5,2,12,,,,,B03,,,1,,1,,,8,8,1,12,4,120.625298,24.140632,3
10844,66000,387130000C,(04)23274275,(04)23288582,2025,09,27,10,10,臺中市,清水區,0,0,0,7,,,30,,,,,,,,,,,,,,17,,,,,B03,,,1,,2,,,49,49,1,12,4,120.582793,24.294596,3
10845,66000,387130000C,(04)23274275,(04)23288582,2025,09,27,10,13,臺中市,東區,0,0,0,7,,,50,,,,,,,,,,,,,,17,,,,,B03,,,1,,2,,,56,56,1,6,4,120.69313,24.149971,3
10846,66000,387130000C,(04)23274275,(04)23288582,2025,09,27,10,15,臺中市,西區,0,2,0,7,2,6,40,13,8,1,5,4,6,6,4,4,1,4,4,2,17,2,9,1,1,C03,7,9,1,10,2,13,,7,7,1,12,4,120.662875,24.140247,2
10847,66000,387130000C,(04)23274275,(04)23288582,2025,09,27,10,15,臺中市,沙鹿區,0,0,0,7,,,50,,,,,,,,,,,,,,,,,,,B03,,,1,,2,,,50,50,1,13,4,120.565085,24.243989,3
10848,66000,387130000C,(04)23274275,(04)23288582,2025,09,27,10,19,臺中市,北屯區,0,0,0,7,,,50,,,,,,,,,,,,,,13,,,,,C03,,,1,,2,,,84,84,1,6,4,120.70977,24.18233,3
10849,66000,387130000C,(04)23274275,(04)23288582,2025,09,27,10,20,臺中市,南區,0,3,0,7,1,6,50,4,2,1,5,4,6,6,2,1,1,4,5,2,17,2,9,5,4,C03,7,15,1,10,2,12,,42,42,1,13,2,120.660311,24.123872,2
10850,66000,387130000C,(04)23274275,(04)23288582,2025,09,27,10,23,臺中市,西屯區,0,1,0,7,2,6,40,13,9,1,5,4,6,6,4,4,1,4,4,2,13,2,9,2,4,C03,7,9,1,10,2,11,,59,59,1,13,4,120.659514,24.175443,2
10851,66000,387130000C,(04)23274275,(04)23288582,2025,09,27,10,24,臺中市,西屯區,0,0,0,7,,,40,,,,,,,,,,,,,,13,,,,,C03,,,1,,1,,,59,59,1,12,4,120.643378,24.165792,3
10852,66000,387130000C,(04)23274275,(04)23288582,2025,09,27,10,26,臺中市,太平區,0,1,0,7,2,6,40,3,12,1,5,4,6,6,1,1,5,5,4,1,13,3,10,2,1,C03,7,9,3,19,2,11,,7,7,1,12,4,120.725899,24.149908,2
10853,66000,387130000C,(04)23274275,(04)23288582,2025,09,27,10,44,臺中市,豐原區,0,1,0,7,2,6,50,5,4,1,5,4,6,6,2,1,1,2,5,1,12,3,10,3,1,B03,7,14,1,8,2,3,,84,84,1,12,4,120.71726,24.243973,2
10854,66000,387130000C,(04)23274275,(04)23288582,2025,09,27,10,45,臺中市,南屯區,0,1,0,7,3,6,50,13,9,1,5,4,6,6,4,4,9,5,5,2,17,3,10,3,1,B03,7,2,1,8,2,3,,49,49,1,12,4,120.651367,24.151489,2
10855,66000,387130000C,(04)23274275,(04)23288582,2025,09,27,10,46,臺中市,南區,0,0,0,7,,,50,,,,,,,,,,,,,,13,,,,,C01,,,1,,1,,,7,7,1,12,4,120.677028,24.131203,3
10856,66000,387130000C,(04)23274275,(04)23288582,2025,09,27,10,47,臺中市,北區,0,3,0,7,3,6,50,18,24,1,5,4,6,6,4,4,5,5,5,2,17,2,8,5,4,C03,7,11,1,10,2,11,,39,39,1,13,4,120.690538,24.159191,2
10857,66000,387130000C,(04)23274275,(04)23288582,2025,09,27,10,48,臺中市,大甲區,0,3,0,7,2,6,25,3,2,1,5,4,6,6,4,4,10,5,5,2,16,2,9,2,1,C03,7,6,1,10,2,11,,48,48,1,6,4,120.631685,24.348589,2
10858,66000,387130000C,(04)23274275,(04)23288582,2025,09,27,10,50,臺中市,西區,0,0,0,7,,,50,,,,,,,,,,,,,,17,,,,,B03,,,1,,1,,,87,87,1,12,4,120.671665,24.150734,3
10859,66000,387130000C,(04)23274275,(04)23288582,2025,09,27,10,50,臺中市,西區,0,0,0,7,,,50,,,,,,,,,,,,,,17,,,,,B03,,,1,,2,,,8,8,1,12,4,120.660349,24.156272,3
10860,66000,387130000C,(04)23274275,(04)23288582,2025,09,27,10,50,臺中市,南區,0,0,0,7,,,50,,,,,,,,,,,,,,15,,,,,B03,,,1,,2,,,84,84,1,6,4,120.650205,24.120608,3
10861,66000,387130000C,(04)23274275,(04)23288582,2025,09,27,10,50,臺中市,清水區,0,1,0,7,2,6,50,4,1,1,5,4,6,6,1,1,8,3,4,2,15,3,10,3,1,B12,7,9,1,8,2,1,,85,85,1,12,4,120.574738,24.263688,2
10862,66000,387130000C,(04)23274275,(04)23288582,2025,09,27,10,51,臺中市,潭子區,0,0,0,7,,3,40,,,,,,,,,,,,,,13,,,,,B03,,,1,,2,,,84,84,1,13,4,120.70208,24.201072,3
10863,66000,387130000C,(04)23274275,(04)23288582,2025,09,27,10,54,臺中市,北區,0,0,0,7,,,50,,,,,,,,,,,,,,17,,,,,B03,,,1,,1,,,59,59,1,13,4,120.670678,24.162415,3
10864,66000,387130000C,(04)23274275,(04)23288582,2025,09,27,10,58,臺中市,南區,0,1,0,7,3,6,50,3,2,1,5,4,6,6,4,4,1,4,4,2,13,2,9,2,1,C03,7,9,1,10,2,11,,7,7,1,13,4,120.670067,24.118229,2
10865,66000,387130000C,(04)23274275,(04)23288582,2025,09,27,10,58,臺中市,太平區,0,1,0,7,2,6,40,13,9,1,5,4,6,6,4,4,5,4,5,1,13,2,7,2,1,C03,7,9,1,10,2,11,,84,84,1,13,4,120.808065,24.095749,2
10866,66000,387130000C,(04)23274275,(04)23288582,2025,09,27,11,1,臺中市,北屯區,0,0,0,7,,,50,,,,,,,,,,,,,,12,,,,,B03,,,1,,1,,,50,50,1,12,4,120.718254,24.175798,3
10867,66000,387130000C,(04)23274275,(04)23288582,2025,09,27,11,1,臺中市,北屯區,0,0,0,7,,,50,,,,,,,,,,,,,,14,,,,,B03,,,1,,1,,,49,49,1,6,4,120.692577,24.182545,3
10868,66000,387130000C,(04)23274275,(04)23288582,2025,09,27,11,3,臺中市,北屯區,0,0,0,7,,,50,,,,,,,,,,,,,,30,,,,,B11,,,1,,2,,,84,84,1,13,4,120.678193,24.202611,3
10869,66000,387130000C,(04)23274275,(04)23288582,2025,09,27,11,5,臺中市,梧棲區,0,1,0,7,2,6,40,4,2,1,5,4,6,6,1,1,10,5,5,2,17,2,8,1,1,C03,7,5,1,10,2,14,,20,20,1,6,4,120.551318,24.244626,2
10870,66000,387130000C,(04)23274275,(04)23288582,2025,09,27,11,6,臺中市,北屯區,0,1,0,7,2,6,50,13,9,1,5,4,6,6,1,1,10,5,5,2,12,3,10,5,4,C03,7,9,1,10,1,16,,8,8,1,12,4,120.69458,24.166005,2
10871,66000,387130000C,(04)23274275,(04)23288582,2025,09,27,11,14,臺中市,南區,0,2,0,7,2,6,30,4,1,1,5,4,6,6,4,4,10,5,5,2,16,3,10,1,1,C03,7,6,1,10,2,12,,14,14,1,12,4,120.681109,24.119045,2
10872,66000,387130000C,(04)23274275,(04)23288582,2025,09,27,11,14,臺中市,南區,0,1,0,7,1,6,50,4,1,1,5,4,6,6,2,1,10,5,5,2,17,3,10,5,4,B03,7,5,1,8,2,5,,11,11,1,13,4,120.668635,24.129459,2
10873,66000,387130000C,(04)23274275,(04)23288582,2025,09,27,11,14,臺中市,龍井區,0,0,0,7,,,30,,,,,,,,,,,,,,13,,,,,B03,,,1,,2,,,59,59,1,6,4,120.525539,24.206555,3
10874,66000,387130000C,(04)23274275,(04)23288582,2025,09,27,11,15,臺中市,西區,0,0,0,7,,,1,,,,,,,,,,,,,,17,,,,,B03,,,1,,1,,,78,78,1,12,4,120.665824,24.141294,3
10875,66000,387130000C,(04)23274275,(04)23288582,2025,09,27,11,16,臺中市,北區,0,0,0,7,,,50,,,,,,,,,,,,,,13,,,,,C03,,,1,,1,,,7,7,1,13,4,120.663023,24.161686,3
10876,66000,387130000C,(04)23274275,(04)23288582,2025,09,27,11,20,臺中市,烏日區,0,0,0,7,,,50,,,,,,,,,,,,,,14,,,,,B03,,,1,,1,,,49,49,1,6,4,120.643157,24.061284,4
10877,66000,387130000C,(04)23274275,(04)23288582,2025,09,27,11,20,臺中市,大甲區,0,0,0,7,,,50,,,,,,,,,,,,,,13,,,,,C03,,,1,,2,,,7,7,1,6,4,120.622893,24.345351,3
10878,66000,387130000C,(04)23274275,(04)23288582,2025,09,27,11,21,臺中市,烏日區,0,1,0,7,2,6,50,13,7,1,5,4,6,6,4,4,5,5,4,2,17,3,10,3,1,B03,7,1,1,8,2,1,,51,51,1,6,4,120.607559,24.121126,2
10879,66000,387130000C,(04)23274275,(04)23288582,2025,09,27,11,21,臺中市,神岡區,0,1,0,7,2,6,50,13,9,1,5,4,6,6,4,4,9,4,4,1,17,2,9,5,4,C03,7,1,1,10,2,11,,51,51,1,13,2,120.670704,24.256541,2
10880,66000,387130000C,(04)23274275,(04)23288582,2025,09,27,11,22,臺中市,南屯區,0,1,0,7,2,6,50,5,2,1,5,4,6,6,2,1,10,5,5,2,16,3,10,3,1,B12,7,6,1,8,2,8,,11,11,1,13,4,120.646641,24.142582,2
10881,66000,387130000C,(04)23274275,(04)23288582,2025,09,27,11,23,臺中市,太平區,0,0,0,7,,,50,,,,,,,,,,,,,,13,,,,,C03,,,1,,2,,,7,7,1,12,4,120.712548,24.157362,3
10882,66000,387130000C,(04)23274275,(04)23288582,2025,09,27,11,26,臺中市,東區,0,0,0,7,,,50,,,,,,,,,,,,,,14,,,,,B03,,,1,,1,,,49,49,1,12,4,120.701451,24.141585,3
10883,66000,387130000C,(04)23274275,(04)23288582,2025,09,27,11,27,臺中市,太平區,0,1,0,7,2,6,50,3,14,1,5,4,6,6,4,4,5,5,5,1,16,2,8,2,1,C03,7,9,1,10,2,14,,84,84,1,12,4,120.719279,24.130865,2
10884,66000,387130000C,(04)23274275,(04)23288582,2025,09,27,11,30,臺中市,南屯區,0,1,0,7,3,6,50,13,9,1,5,4,6,6,4,4,10,5,5,2,18,2,9,1,1,C03,7,9,1,10,2,14,,59,59,1,12,4,120.650627,24.135354,2
10885,66000,387130000C,(04)23274275,(04)23288582,2025,09,27,11,30,臺中市,霧峰區,0,1,0,7,2,6,50,3,2,1,5,4,6,6,4,4,10,5,5,2,2,3,10,3,1,B03,7,9,5,19,11,2,,84,84,1,13,4,120.697067,24.06414,2
10886,66000,387130000C,(04)23274275,(04)23288582,2025,09,27,11,30,臺中市,烏日區,0,1,0,7,2,6,50,13,9,1,5,4,6,6,4,4,9,4,5,1,3,3,10,3,1,B03,7,9,1,8,2,8,,6,6,1,6,4,120.622405,24.108142,2
10887,66000,387130000C,(04)23274275,(04)23288582,2025,09,27,11,31,臺中市,北區,0,0,0,7,3,6,50,13,24,1,5,4,6,6,4,4,10,5,5,2,14,,,,,B03,,,1,,1,,,49,49,1,13,4,120.665184,24.164525,3
10888,66000,387130000C,(04)23274275,(04)23288582,2025,09,27,11,33,臺中市,北屯區,0,1,0,7,3,6,30,13,9,1,5,4,6,6,1,1,1,4,5,2,17,2,9,2,1,F01,7,9,7,21,2,12,,39,39,1,6,4,120.711696,24.18241,2
10889,66000,387130000C,(04)23274275,(04)23288582,2025,09,27,11,35,臺中市,北屯區,0,1,0,7,1,6,50,3,2,1,5,4,6,6,1,1,3,4,4,2,12,3,10,1,1,C03,7,9,1,10,2,11,,25,25,1,13,4,120.665951,24.182729,2
10890,66000,387130000C,(04)23274275,(04)23288582,2025,09,27,11,36,臺中市,北屯區,0,1,0,7,2,6,50,13,9,1,5,4,6,6,4,4,4,3,5,2,13,3,10,3,1,B03,7,9,1,8,2,5,,85,85,1,13,4,120.691129,24.176869,2
10891,66000,387130000C,(04)23274275,(04)23288582,2025,09,27,11,36,臺中市,烏日區,0,0,0,7,,,50,,,,,,,,,,,,,,12,,,,,B03,,,1,,2,,,8,8,1,12,4,120.618606,24.116954,3
10892,66000,387130000C,(04)23274275,(04)23288582,2025,09,27,11,36,臺中市,沙鹿區,1,0,0,7,2,6,50,13,9,1,5,4,6,6,4,4,1,4,5,1,12,3,10,3,1,A21,7,9,1,1,2,5,,8,8,1,6,4,120.600634,24.257031,1
10893,66000,387130000C,(04)23274275,(04)23288582,2025,09,27,11,38,臺中市,中區,0,1,0,7,2,6,50,13,9,1,5,4,6,6,4,4,5,4,5,2,17,3,10,3,1,B03,7,1,1,8,2,4,,51,51,1,12,4,120.682581,24.140283,2
10894,66000,387130000C,(04)23274275,(04)23288582,2025,09,27,11,38,臺中市,東區,0,0,0,7,,,50,,,,,,,,,,,,,,13,,,,,B03,,,1,,1,,,56,56,1,6,4,120.697583,24.145626,3
10895,66000,387130000C,(04)23274275,(04)23288582,2025,09,27,11,39,臺中市,南屯區,0,0,0,7,,,50,,,,,,,,,,,,,,13,,,,,B03,,,1,,1,,,59,59,1,12,4,120.640894,24.151269,3
10896,66000,387130000C,(04)23274275,(04)23288582,2025,09,27,11,39,臺中市,北屯區,0,1,0,7,2,6,50,3,1,1,5,4,6,6,1,1,10,5,5,2,16,3,10,5,4,B03,7,5,5,19,2,2,,11,11,1,12,4,120.665781,24.182774,2
10897,66000,387130000C,(04)23274275,(04)23288582,2025,09,27,11,40,臺中市,北屯區,0,0,0,7,,,50,,,,,,,,,,,,,,16,,,,,C03,,,1,,1,,,7,7,1,12,4,120.720915,24.16565,4
10898,66000,387130000C,(04)23274275,(04)23288582,2025,09,27,11,50,臺中市,南屯區,0,0,0,7,3,6,50,13,9,1,5,4,6,6,4,4,5,4,5,2,14,,,,,B12,,,5,,1,,,78,78,1,12,4,120.61529,24.14829,3
10899,66000,387130000C,(04)23274275,(04)23288582,2025,09,27,11,50,臺中市,梧棲區,0,0,0,7,,,50,,,,,,,,,,,,,,13,,,,,B03,,,1,,1,,,7,7,1,6,4,120.533835,24.259846,3
10900,66000,387130000C,(04)23274275,(04)23288582,2025,09,27,11,53,臺中市,大雅區,0,0,0,7,,,30,,,,,,,,,,,,,,,,,,,B03,,,1,,1,,,76,76,1,13,4,120.650495,24.226533,3
10901,66000,387130000C,(04)23274275,(04)23288582,2025,09,27,11,54,臺中市,梧棲區,0,0,0,7,,,40,,,,,,,,,,,,,,17,,,,,C03,,,1,,1,,,8,8,1,6,4,120.534637,24.262016,3
10902,66000,387130000C,(04)23274275,(04)23288582,2025,09,27,12,0,臺中市,北屯區,0,0,0,7,,,50,,,,,,,,,,,,,,15,,,,,B03,,,1,,1,,,21,21,1,6,4,120.671094,24.175055,4
10903,66000,387130000C,(04)23274275,(04)23288582,2025,09,27,12,10,臺中市,南區,0,2,0,7,2,6,40,13,7,1,5,4,6,6,4,4,1,4,4,2,13,2,9,1,1,C03,7,9,1,10,2,11,,7,7,1,12,4,120.653957,24.113776,2
10904,66000,387130000C,(04)23274275,(04)23288582,2025,09,27,12,10,臺中市,東區,0,0,0,7,,,50,,,,,,,,,,,,,,,,,,,B03,,,1,,1,,,59,59,1,12,4,120.695731,24.147989,3
10905,66000,387130000C,(04)23274275,(04)23288582,2025,09,27,12,11,臺中市,南區,0,0,0,7,,,40,,,,,,,,,,,,,,,,,,,C03,,,1,,1,,,84,84,1,13,4,120.678382,24.132467,3
10906,66000,387130000C,(04)23274275,(04)23288582,2025,09,27,12,12,臺中市,南屯區,0,0,0,7,,,50,,,,,,,,,,,,,,,,,,,B03,,,1,,1,,,59,59,1,13,4,120.616448,24.152916,3
10907,66000,387130000C,(04)23274275,(04)23288582,2025,09,27,12,13,臺中市,西屯區,0,2,0,7,2,6,30,3,1,1,5,4,6,6,4,4,10,5,5,2,17,2,9,5,4,C03,7,5,1,10,1,14,,84,84,1,12,4,120.648263,24.155605,2
10908,66000,387130000C,(04)23274275,(04)23288582,2025,09,27,12,15,臺中市,烏日區,0,0,0,7,,,50,,,,,,,,,,,,,,13,,,,,B12,,,1,,1,,,39,39,1,6,4,120.638044,24.10738,3
10909,66000,387130000C,(04)23274275,(04)23288582,2025,09,27,12,16,臺中市,北屯區,0,0,0,7,,,50,,,,,,,,,,,,,,12,,,,,B03,,,1,,1,,,40,40,1,6,4,120.70115,24.179269,3
10910,66000,387130000C,(04)23274275,(04)23288582,2025,09,27,12,18,臺中市,南區,0,1,0,7,2,6,50,4,1,1,5,4,6,6,2,1,10,5,5,2,16,3,10,3,1,B03,7,6,1,8,2,6,,48,48,1,12,4,120.648907,24.119201,2
10911,66000,387130000C,(04)23274275,(04)23288582,2025,09,27,12,28,臺中市,豐原區,0,1,0,7,3,6,50,13,7,1,5,4,6,6,4,4,1,4,4,2,17,3,10,5,4,A12,7,9,1,1,2,2,,84,84,1,12,4,120.727375,24.259995,2
10912,66000,387130000C,(04)23274275,(04)23288582,2025,09,27,12,35,臺中市,北區,0,0,0,7,,,50,,,,,,,,,,,,,,17,,,,,B03,,,1,,1,,,87,87,1,13,4,120.688348,24.151525,3
10913,66000,387130000C,(04)23274275,(04)23288582,2025,09,27,12,35,臺中市,北區,0,2,0,7,2,6,50,4,2,1,5,4,6,6,2,1,10,5,5,2,12,3,10,2,1,C03,7,9,1,10,1,12,,84,84,1,13,4,120.686111,24.15334,2
10914,66000,387130000C,(04)23274275,(04)23288582,2025,09,27,12,37,臺中市,潭子區,0,3,0,7,2,6,60,4,1,1,5,4,6,6,2,1,1,4,5,1,17,2,9,2,1,C03,7,9,1,10,2,14,,7,7,1,13,4,120.705244,24.210024,2
10915,66000,387130000C,(04)23274275,(04)23288582,2025,09,27,12,37,臺中市,西屯區,0,1,0,7,2,6,50,3,1,1,5,4,6,6,4,4,10,5,5,2,13,2,9,1,1,C03,7,9,1,10,2,14,12,7,7,1,12,4,120.644425,24.17432,2
10916,66000,387130000C,(04)23274275,(04)23288582,2025,09,27,12,39,臺中市,龍井區,0,1,0,7,3,6,70,5,1,1,5,4,6,6,1,1,10,5,5,2,15,3,10,3,1,B03,7,9,1,8,2,2,,21,21,1,6,4,120.536399,24.194443,2
10917,66000,387130000C,(04)23274275,(04)23288582,2025,09,27,12,39,臺中市,烏日區,0,0,0,7,,3,80,,,,,,,,,,,,,,,,,,,B03,,,1,,1,,,7,7,1,13,4,120.616521,24.107356,3
10918,66000,387130000C,(04)23274275,(04)23288582,2025,09,27,12,43,臺中市,北區,0,0,0,7,,,50,,,,,,,,,,,,,,17,,,,,C03,,,1,,1,,,84,84,1,13,4,120.684889,24.15398,3
10919,66000,387130000C,(04)23274275,(04)23288582,2025,09,27,12,43,臺中市,西屯區,0,0,0,7,,,50,,,,,,,,,,,,,,,,,,,B03,,,1,,2,,,43,43,1,12,4,120.647367,24.173718,3
10920,66000,387130000C,(04)23274275,(04)23288582,2025,09,27,12,46,臺中市,大雅區,0,0,0,7,,,60,,,,,,,,,,,,,,,,,,,B03,,,1,,1,,,84,84,1,12,4,120.650019,24.211626,3
10921,66000,387130000C,(04)23274275,(04)23288582,2025,09,27,12,47,臺中市,后里區,0,1,0,7,2,6,30,13,14,1,5,4,6,6,4,4,10,5,5,2,27,2,9,3,1,B03,7,9,1,8,2,5,,58,58,1,12,4,120.740303,24.327392,2
10922,66000,387130000C,(04)23274275,(04)23288582,2025,09,27,12,50,臺中市,西區,0,0,0,7,,,50,,,,,,,,,,,,,,21,,,,,B12,,,1,,2,,,84,84,1,12,4,120.658776,24.146716,3
10923,66000,387130000C,(04)23274275,(04)23288582,2025,09,27,12,50,臺中市,北區,0,2,0,7,2,6,50,3,1,1,5,4,6,6,4,4,5,4,5,2,17,2,9,5,1,C03,7,9,1,10,2,14,,84,84,1,13,4,120.688697,24.152433,2
10924,66000,387130000C,(04)23274275,(04)23288582,2025,09,27,12,53,臺中市,東區,0,0,0,7,,,50,,,,,,,,,,,,,,13,,,,,B03,,,1,,1,,,56,56,1,6,4,120.703777,24.131337,3
10925,66000,387130000C,(04)23274275,(04)23288582,2025,09,27,12,53,臺中市,梧棲區,0,0,0,7,,,30,,,,,,,,,,,,,,16,,,,,C03,,,1,,2,,,14,14,1,6,4,120.558013,24.242155,3
10926,66000,387130000C,(04)23274275,(04)23288582,2025,09,27,12,54,臺中市,龍井區,0,0,0,7,,,50,,,,,,,,,,,,,,14,,,,,B11,,,1,,1,,,49,49,1,6,4,120.547485,24.192658,3
10927,66000,387130000C,(04)23274275,(04)23288582,2025,09,27,12,55,臺中市,大雅區,0,2,0,7,3,6,70,3,8,1,5,4,6,6,4,4,9,4,4,1,12,3,10,3,1,B03,7,5,1,8,2,2,,14,14,1,13,4,120.63948,24.232076,2
10928,66000,387130000C,(04)23274275,(04)23288582,2025,09,27,12,57,臺中市,北屯區,0,1,0,7,1,6,50,3,2,1,5,4,6,6,1,1,3,4,5,2,12,3,10,1,1,C03,7,4,1,10,2,14,,59,59,1,13,4,120.693373,24.201295,2
10929,66000,387130000C,(04)23274275,(04)23288582,2025,09,27,12,57,臺中市,豐原區,0,2,0,7,2,6,50,5,1,1,5,4,6,6,1,1,10,5,5,2,17,2,9,2,1,C03,7,6,1,10,2,12,,11,11,1,13,4,120.720298,24.249344,2
10930,66000,387130000C,(04)23274275,(04)23288582,2025,09,27,12,59,臺中市,太平區,0,2,0,7,2,6,50,4,1,1,5,4,6,6,4,4,10,5,5,2,13,3,10,1,1,C03,7,9,1,10,2,11,,7,7,1,13,4,120.724318,24.130871,2
10931,66000,387130000C,(04)23274275,(04)23288582,2025,09,27,13,0,臺中市,西區,0,0,0,7,,,50,,,,,,,,,,,,,,30,,,,,B02,,,1,,1,,,59,59,1,12,4,120.674718,24.138319,3
10932,66000,387130000C,(04)23274275,(04)23288582,2025,09,27,13,5,臺中市,大雅區,0,0,0,7,,,30,,,,,,,,,,,,,,,,,,,C03,,,1,,1,,,84,84,1,13,4,120.670055,24.224291,3
10933,66000,387130000C,(04)23274275,(04)23288582,2025,09,27,13,5,臺中市,南區,0,1,0,7,1,6,50,4,1,1,5,4,6,6,2,1,10,5,5,2,17,3,10,5,4,B03,7,5,1,8,9,6,,11,11,2,13,4,120.679229,24.119231,2
10934,66000,387130000C,(04)23274275,(04)23288582,2025,09,27,13,5,臺中市,大里區,0,2,0,7,3,6,0,4,1,1,5,4,6,6,1,1,10,5,5,2,17,2,7,1,1,C03,7,1,4,19,2,14,,51,51,1,12,4,120.695678,24.09648,2
10935,66000,387130000C,(04)23274275,(04)23288582,2025,09,27,13,10,臺中市,北屯區,0,2,0,7,2,6,50,13,9,1,5,4,6,6,4,4,4,3,4,2,14,3,10,3,1,B03,7,2,1,5,2,7,,49,49,1,13,4,120.726927,24.171628,2
10936,66000,387130000C,(04)23274275,(04)23288582,2025,09,27,13,10,臺中市,大里區,0,0,0,7,2,6,50,13,9,1,5,4,6,6,1,1,5,4,5,1,13,,,,,C03,,,1,,2,,,84,84,1,13,4,120.688395,24.102591,3
10937,66000,387130000C,(04)23274275,(04)23288582,2025,09,27,13,10,臺中市,清水區,0,0,0,7,,,50,,,,,,,,,,,,,,17,,,,,B03,,,1,,2,,,84,84,2,12,4,120.576477,24.267668,3
10938,66000,387130000C,(04)23274275,(04)23288582,2025,09,27,13,11,臺中市,西區,0,2,0,7,2,6,50,13,9,1,5,4,6,6,4,4,5,5,5,2,17,2,9,5,4,C03,7,9,3,19,2,11,,84,84,1,12,4,120.65996,24.148732,2
10939,66000,387130000C,(04)23274275,(04)23288582,2025,09,27,13,12,臺中市,西區,0,0,0,7,3,6,50,4,2,1,5,4,6,6,2,1,8,3,5,2,13,,,,,B12,,,1,,1,,,7,7,1,13,4,120.657386,24.136499,3
10940,66000,387130000C,(04)23274275,(04)23288582,2025,09,27,13,17,臺中市,霧峰區,0,0,0,7,,,60,,,,,,,,,,,,,,,,,,,B03,,,1,,2,,,7,7,1,13,4,120.696436,24.055279,3
10941,66000,387130000C,(04)23274275,(04)23288582,2025,09,27,13,30,臺中市,中區,0,0,0,7,,,,,,,,,,,,,,,,,17,,,,,,,,,,,,,86,86,1,,,120.680016,24.139702,3