﻿序號,縣市別代碼,機關代碼,市話,傳真,年,月,日,時,分,縣市,區,死亡數量,受傷數量,2-30,天候,道路照明設備,道路類別,道路速限,道路型態,事故位置,路面鋪裝,路面狀態,路面缺陷,障礙物,視距,號誌種類,號誌動作,分向設施,快車道或一般車道間,快慢車道間,路面邊線,事故類型及型態,受傷程度,主要傷處,保護裝備,行動電話或功能裝置,當事者區分_類別,車輛用途,當事者行動狀態,駕照狀態,駕照種類,飲酒情形,車輛撞擊部位最初,車輛撞擊部位其他,肇事因素個別,肇事因素主要,肇事逃逸,職業,共享經濟或外送平台,GPS座標X,GPS座標Y,事故類別
10942,66000,387130000C,(04)23274275,(04)23288582,2025,09,27,13,30,臺中市,霧峰區,0,0,0,7,,,50,,,,,,,,,,,,,,,,,,,,,,,,,,,118,118,1,,,120.654177,24.065994,3
10943,66000,387130000C,(04)23274275,(04)23288582,2025,09,27,13,30,臺中市,清水區,0,0,0,7,,,70,,,,,,,,,,,,,,,,,,,B03,,,1,,2,,,84,84,1,12,4,120.536803,24.280856,3
10944,66000,387130000C,(04)23274275,(04)23288582,2025,09,27,13,31,臺中市,西區,0,2,0,7,2,6,50,13,8,1,5,4,6,6,4,4,5,5,4,2,13,2,9,1,1,C03,7,9,1,10,2,11,,7,7,1,13,4,120.661862,24.137276,2
10945,66000,387130000C,(04)23274275,(04)23288582,2025,09,27,13,33,臺中市,西屯區,0,0,0,7,,,60,,,,,,,,,,,,,,17,,,,,B03,,,1,,2,,,59,59,1,12,4,120.632566,24.170527,3
10946,66000,387130000C,(04)23274275,(04)23288582,2025,09,27,13,37,臺中市,南屯區,0,0,0,7,3,6,50,13,9,1,5,4,6,6,4,4,5,4,5,2,13,,,,,C03,,,1,,2,,,7,7,1,12,4,120.646159,24.146756,3
10947,66000,387130000C,(04)23274275,(04)23288582,2025,09,27,13,40,臺中市,梧棲區,0,0,0,7,,,40,,,,,,,,,,,,,,17,,,,,B03,,,1,,1,,,51,51,1,12,4,120.531418,24.25664,3
10948,66000,387130000C,(04)23274275,(04)23288582,2025,09,27,13,53,臺中市,太平區,0,0,0,7,,,50,,,,,,,,,,,,,,13,,,,,B03,,,1,,2,,,84,84,1,12,4,120.713236,24.147063,3
10949,66000,387130000C,(04)23274275,(04)23288582,2025,09,27,14,3,臺中市,后里區,0,1,0,7,2,6,50,4,1,1,5,4,6,6,1,1,5,5,4,1,16,3,10,3,1,B03,7,6,1,8,2,1,,11,11,1,12,4,120.706367,24.306752,2
10950,66000,387130000C,(04)23274275,(04)23288582,2025,09,27,14,7,臺中市,西區,0,3,0,7,2,6,50,3,1,1,5,4,6,6,4,4,10,5,5,2,16,2,9,5,4,F01,7,6,7,21,2,14,,14,14,1,12,4,120.664057,24.147142,2
10951,66000,387130000C,(04)23274275,(04)23288582,2025,09,27,14,8,臺中市,南區,0,1,0,7,2,6,30,13,9,1,5,4,6,6,4,4,10,5,5,2,18,2,9,1,1,C03,7,9,1,10,2,12,,84,84,1,12,4,120.670168,24.113997,2
10952,66000,387130000C,(04)23274275,(04)23288582,2025,09,27,14,9,臺中市,西屯區,0,0,0,7,,,50,,,,,,,,,,,,,,13,,,,,C03,,,1,,2,,,59,59,1,12,4,120.649864,24.163498,3
10953,66000,387130000C,(04)23274275,(04)23288582,2025,09,27,14,15,臺中市,南區,0,1,0,7,2,6,50,13,9,1,5,4,6,6,4,4,1,4,5,2,13,2,9,1,1,C03,7,9,1,10,2,11,,59,59,1,12,2,120.668372,24.128423,2
10954,66000,387130000C,(04)23274275,(04)23288582,2025,09,27,14,20,臺中市,西屯區,0,0,0,7,,,30,,,,,,,,,,,,,,11,,,,,B03,,,1,,9,,,4,4,1,13,4,120.637502,24.168391,3
10955,66000,387130000C,(04)23274275,(04)23288582,2025,09,27,14,26,臺中市,太平區,0,2,0,7,2,6,30,13,9,1,5,4,6,6,4,4,10,5,5,2,14,2,9,2,1,C03,7,2,1,10,2,14,,49,49,1,12,4,120.715177,24.142026,2
10956,66000,387130000C,(04)23274275,(04)23288582,2025,09,27,14,34,臺中市,北區,0,0,0,7,,,50,,,,,,,,,,,,,,13,,,,,C03,,,1,,2,,,7,7,1,13,4,120.685093,24.157602,3
10957,66000,387130000C,(04)23274275,(04)23288582,2025,09,27,14,36,臺中市,后里區,0,1,0,7,2,6,50,5,1,1,5,4,6,6,4,4,1,4,4,1,16,3,10,3,1,B01,7,6,1,3,2,1,,12,12,1,12,4,120.723365,24.299374,2
10958,66000,387130000C,(04)23274275,(04)23288582,2025,09,27,14,39,臺中市,南屯區,0,0,0,7,,,50,,,,,,,,,,,,,,14,,,,,B03,,,1,,1,,,49,49,1,12,4,120.616394,24.153226,3
10959,66000,387130000C,(04)23274275,(04)23288582,2025,09,27,14,48,臺中市,潭子區,0,0,0,7,,,50,,,,,,,,,,,,,,,,,,,B03,,,1,,2,,,84,84,1,13,4,120.704443,24.202482,3
10960,66000,387130000C,(04)23274275,(04)23288582,2025,09,27,14,50,臺中市,西屯區,0,0,0,7,,,50,,,,,,,,,,,,,,13,,,,,B03,,,1,,1,,,7,7,1,13,4,120.635471,24.171732,3
10961,66000,387130000C,(04)23274275,(04)23288582,2025,09,27,14,54,臺中市,北區,0,0,0,7,3,6,50,13,24,1,5,4,6,6,4,4,2,5,5,2,17,,,,,C03,,,1,,1,,,88,88,1,13,4,120.68653,24.155418,3
10962,66000,387130000C,(04)23274275,(04)23288582,2025,09,27,14,57,臺中市,北區,0,1,0,7,2,6,50,4,9,1,5,4,6,6,1,1,5,5,5,2,13,2,9,1,1,C03,7,9,1,10,2,11,12,7,7,1,13,4,120.682429,24.161506,2
10963,66000,387130000C,(04)23274275,(04)23288582,2025,09,27,14,57,臺中市,大里區,0,0,0,7,,,50,,,,,,,,,,,,,,,,,,,B03,,,1,,2,,,8,8,1,12,4,120.690013,24.109691,3
10964,66000,387130000C,(04)23274275,(04)23288582,2025,09,27,15,0,臺中市,豐原區,0,0,0,7,,,30,,,,,,,,,,,,,,18,,,,,,,,,,,,,119,119,1,,,120.723937,24.2582,3
10965,66000,387130000C,(04)23274275,(04)23288582,2025,09,27,15,4,臺中市,太平區,0,0,0,7,,,50,,,,,,,,,,,,,,21,,,,,B03,,,1,,2,,,49,49,1,13,4,120.717906,24.122742,3
10966,66000,387130000C,(04)23274275,(04)23288582,2025,09,27,15,7,臺中市,西屯區,0,0,0,7,,,40,,,,,,,,,,,,,,17,,,,,B03,,,1,,1,,,50,50,1,13,4,120.638399,24.155129,3
10967,66000,387130000C,(04)23274275,(04)23288582,2025,09,27,15,11,臺中市,西區,0,0,0,7,3,6,50,13,1,1,5,4,6,6,2,1,8,3,5,2,12,,,,,B03,,,1,,1,,,40,40,1,13,4,120.659627,24.157059,3
10968,66000,387130000C,(04)23274275,(04)23288582,2025,09,27,15,15,臺中市,神岡區,0,1,0,7,1,6,30,4,1,1,5,4,6,6,4,4,10,5,5,2,15,2,9,1,1,C03,7,9,1,10,2,11,,12,12,1,12,4,120.643732,24.247693,2
10969,66000,387130000C,(04)23274275,(04)23288582,2025,09,27,15,18,臺中市,大里區,0,0,0,7,,,50,,,,,,,,,,,,,,17,,,,,A12,,,1,,2,,,8,8,1,13,4,120.70504,24.104278,3
10970,66000,387130000C,(04)23274275,(04)23288582,2025,09,27,15,20,臺中市,西區,0,0,0,7,,,40,,,,,,,,,,,,,,12,,,,,C03,,,1,,2,,,42,42,1,12,4,120.662609,24.155678,3
10971,66000,387130000C,(04)23274275,(04)23288582,2025,09,27,15,20,臺中市,豐原區,0,0,0,7,,,50,,,,,,,,,,,,,,17,,,,,B12,,,1,,2,,,45,45,1,12,4,120.724898,24.260428,3
10972,66000,387130000C,(04)23274275,(04)23288582,2025,09,27,15,22,臺中市,大里區,0,3,0,7,3,6,50,4,1,1,5,4,6,6,1,1,5,4,5,2,17,2,9,1,1,C03,7,9,1,10,2,12,,21,21,1,13,4,120.699075,24.10997,2
10973,66000,387130000C,(04)23274275,(04)23288582,2025,09,27,15,25,臺中市,東區,0,0,0,7,,,50,,,,,,,,,,,,,,17,,,,,C03,,,1,,2,,,50,50,1,12,4,120.706833,24.140389,3
10974,66000,387130000C,(04)23274275,(04)23288582,2025,09,27,15,28,臺中市,南屯區,0,0,0,7,,,50,,,,,,,,,,,,,,12,,,,,B02,,,1,,1,,,39,39,1,12,4,120.624028,24.151878,3
10975,66000,387130000C,(04)23274275,(04)23288582,2025,09,27,15,30,臺中市,梧棲區,0,0,0,7,,,0,,,,,,,,,,,,,,17,,,,,C03,,,1,,2,,,84,84,1,12,4,120.55025,24.245049,3
10976,66000,387130000C,(04)23274275,(04)23288582,2025,09,27,15,30,臺中市,大甲區,0,0,0,7,,,70,,,,,,,,,,,,,,,,,,,B03,,,1,,9,,,8,8,1,12,4,120.646914,24.37412,3
10977,66000,387130000C,(04)23274275,(04)23288582,2025,09,27,15,33,臺中市,北屯區,0,0,0,7,,,50,,,,,,,,,,,,,,12,,,,,B03,,,1,8,1,,,43,43,1,6,4,120.716965,24.175228,3
10978,66000,387130000C,(04)23274275,(04)23288582,2025,09,27,15,42,臺中市,烏日區,0,1,0,7,2,6,50,13,8,1,5,4,6,6,4,4,9,5,4,1,17,3,10,3,1,B01,7,11,1,4,2,1,,45,45,1,6,4,120.650074,24.093704,2
10979,66000,387130000C,(04)23274275,(04)23288582,2025,09,27,15,47,臺中市,西區,0,2,0,7,2,6,50,4,19,1,5,4,6,6,4,4,10,5,5,2,3,2,9,1,1,C03,7,9,1,10,2,11,,10,10,1,13,4,120.655116,24.148278,2
10980,66000,387130000C,(04)23274275,(04)23288582,2025,09,27,15,47,臺中市,南區,0,0,0,7,,,50,,,,,,,,,,,,,,12,,,,,B03,,,1,,1,,,84,84,1,13,4,120.682537,24.134127,3
10981,66000,387130000C,(04)23274275,(04)23288582,2025,09,27,15,47,臺中市,大里區,0,0,0,7,,,50,,,,,,,,,,,,,,17,,,,,B03,,,1,,2,,,51,51,1,6,4,120.680208,24.09548,3
10982,66000,387130000C,(04)23274275,(04)23288582,2025,09,27,15,48,臺中市,南屯區,0,0,0,7,,,50,,,,,,,,,,,,,,,,,,,B03,,,1,,1,,,49,49,1,6,4,120.63515,24.154293,4
10983,66000,387130000C,(04)23274275,(04)23288582,2025,09,27,15,49,臺中市,西屯區,0,0,0,7,,,50,,,,,,,,,,,,,,13,,,,,B03,,,1,,1,,,7,7,1,12,4,120.65463,24.200877,3
10984,66000,387130000C,(04)23274275,(04)23288582,2025,09,27,15,50,臺中市,南屯區,0,0,0,7,,,50,,,,,,,,,,,,,,12,,,,,B12,,,1,,1,,,8,8,1,12,4,120.627888,24.117781,3
10985,66000,387130000C,(04)23274275,(04)23288582,2025,09,27,15,54,臺中市,和平區,0,0,0,7,,,30,,,,,,,,,,,,,,,,,,,C01,,,1,,2,,,84,84,1,12,4,121.307685,24.3277,3
10986,66000,387130000C,(04)23274275,(04)23288582,2025,09,27,15,57,臺中市,西屯區,0,0,0,7,,,50,,,,,,,,,,,,,,13,,,,,C03,,,1,,1,,,59,59,1,13,4,120.657145,24.197844,3
10987,66000,387130000C,(04)23274275,(04)23288582,2025,09,27,16,0,臺中市,東區,0,0,0,7,,,50,,,,,,,,,,,,,,16,,,,,B03,,,1,,1,,,11,11,1,13,4,120.691203,24.134727,3
10988,66000,387130000C,(04)23274275,(04)23288582,2025,09,27,16,2,臺中市,北屯區,0,1,0,7,3,6,30,3,1,1,5,4,6,6,4,4,10,5,5,2,17,3,10,3,1,B03,7,6,1,8,9,8,,84,84,1,6,4,120.699221,24.180887,2
10989,66000,387130000C,(04)23274275,(04)23288582,2025,09,27,16,2,臺中市,大里區,0,1,0,7,3,6,50,4,1,1,5,4,6,6,4,4,10,5,5,2,15,3,10,5,4,B03,7,9,1,8,2,5,,12,12,1,13,4,120.689856,24.102885,2
10990,66000,387130000C,(04)23274275,(04)23288582,2025,09,27,16,8,臺中市,太平區,0,0,0,7,,3,80,,,,,,,,,,,,,,13,,,,,B03,,,1,,2,,,7,7,1,6,4,120.717005,24.155419,3
10991,66000,387130000C,(04)23274275,(04)23288582,2025,09,27,16,8,臺中市,神岡區,0,0,0,7,,,50,,,,,,,,,,,,,,13,,,,,B03,,,1,,2,,,59,59,1,12,4,120.698015,24.248801,3
10992,66000,387130000C,(04)23274275,(04)23288582,2025,09,27,16,10,臺中市,烏日區,0,3,0,7,2,6,50,13,9,1,5,4,6,6,4,4,9,5,5,2,17,2,9,1,1,C03,7,11,1,10,2,14,,20,20,1,6,4,120.594452,24.110968,2
10993,66000,387130000C,(04)23274275,(04)23288582,2025,09,27,16,18,臺中市,北區,0,1,0,7,2,6,50,13,9,1,5,4,6,6,4,4,3,4,5,2,13,2,9,1,1,C03,7,9,1,10,2,11,,84,84,1,12,4,120.685346,24.159509,2
10994,66000,387130000C,(04)23274275,(04)23288582,2025,09,27,16,18,臺中市,外埔區,0,0,0,7,3,6,50,3,2,1,5,4,6,6,4,4,5,5,5,1,27,3,10,3,1,B03,7,9,1,8,2,5,,58,58,1,6,4,120.680751,24.331464,3
10995,66000,387130000C,(04)23274275,(04)23288582,2025,09,27,16,25,臺中市,西區,0,1,0,7,3,6,50,4,1,1,5,4,6,6,1,1,10,5,5,2,16,2,9,2,1,C03,7,6,1,10,2,14,,48,48,1,12,4,120.679124,24.138597,2
10996,66000,387130000C,(04)23274275,(04)23288582,2025,09,27,16,26,臺中市,豐原區,0,1,0,7,2,6,50,5,1,1,5,4,6,6,1,1,1,4,5,1,16,3,10,3,1,B03,7,5,1,8,2,2,,84,84,1,12,4,120.70921,24.252788,2
10997,66000,387130000C,(04)23274275,(04)23288582,2025,09,27,16,30,臺中市,大安區,0,0,0,7,,,50,,,,,,,,,,,,,,14,,,,,B03,,,1,,2,,,49,49,1,6,4,120.603261,24.371562,3
10998,66000,387130000C,(04)23274275,(04)23288582,2025,09,27,16,30,臺中市,豐原區,0,1,0,7,1,6,30,13,13,1,5,4,6,6,4,4,5,4,4,2,18,2,1,1,1,F01,7,9,7,21,2,11,,84,84,1,12,4,120.756848,24.276501,2
10999,66000,387130000C,(04)23274275,(04)23288582,2025,09,27,16,33,臺中市,大里區,0,2,0,7,3,6,30,4,1,1,5,4,6,6,4,4,5,5,5,1,16,2,9,1,1,C03,7,5,1,10,2,14,,14,14,1,13,4,120.68023,24.100579,2
11000,66000,387130000C,(04)23274275,(04)23288582,2025,09,27,16,34,臺中市,北屯區,0,1,0,7,2,6,50,13,9,1,5,4,6,6,4,4,1,4,5,2,17,3,10,3,1,B03,7,1,1,8,2,4,,51,51,1,12,4,120.692162,24.171062,2
11001,66000,387130000C,(04)23274275,(04)23288582,2025,09,27,16,38,臺中市,東區,0,0,0,7,,,50,,,,,,,,,,,,,,13,,,,,B12,,,1,,2,,,82,82,1,12,4,120.709354,24.136069,3
11002,66000,387130000C,(04)23274275,(04)23288582,2025,09,27,16,40,臺中市,沙鹿區,0,0,0,7,2,6,60,3,8,1,5,4,6,6,3,1,1,3,5,1,13,,,,,B03,,,1,,2,,,7,7,1,12,4,120.600346,24.255637,3
11003,66000,387130000C,(04)23274275,(04)23288582,2025,09,27,16,41,臺中市,霧峰區,0,0,0,7,,,60,,,,,,,,,,,,,,13,,,,,B03,,,1,,2,,,84,84,1,13,4,120.694024,24.049509,3
11004,66000,387130000C,(04)23274275,(04)23288582,2025,09,27,16,43,臺中市,南區,0,0,0,7,,,50,,,,,,,,,,,,,,15,,,,,B03,,,1,,2,,,21,21,1,12,4,120.65768,24.11631,3
11005,66000,387130000C,(04)23274275,(04)23288582,2025,09,27,16,44,臺中市,烏日區,0,0,0,7,,,30,,,,,,,,,,,,,,,,,,,B03,,,1,,1,,,8,8,1,13,4,120.645795,24.109273,3
11006,66000,387130000C,(04)23274275,(04)23288582,2025,09,27,16,50,臺中市,北屯區,0,0,0,7,,,50,,,,,,,,,,,,,,,,,,,B03,,,1,,1,,,40,40,1,13,4,120.66065,24.191436,3
11007,66000,387130000C,(04)23274275,(04)23288582,2025,09,27,16,52,臺中市,西屯區,0,0,0,7,,,70,,,,,,,,,,,,,,13,,,,,B03,,,1,,2,,,58,58,1,12,4,120.608569,24.184076,3
11008,66000,387130000C,(04)23274275,(04)23288582,2025,09,27,16,56,臺中市,西屯區,0,0,0,7,,,30,,,,,,,,,,,,,,12,,,,,B01,,,1,,1,,,8,8,1,12,4,120.637515,24.170604,3
11009,66000,387130000C,(04)23274275,(04)23288582,2025,09,27,16,57,臺中市,潭子區,0,0,0,7,,3,40,,,,,,,,,,,,,,,,,,,B03,,,1,,2,,,59,59,1,13,4,120.706874,24.200779,3
11010,66000,387130000C,(04)23274275,(04)23288582,2025,09,27,16,58,臺中市,北區,0,2,0,7,2,6,50,3,2,1,5,4,6,6,4,4,5,5,5,2,13,2,9,1,1,C03,7,9,3,19,9,11,14,7,7,2,13,4,120.665349,24.159085,2
11011,66000,387130000C,(04)23274275,(04)23288582,2025,09,27,16,58,臺中市,南區,0,0,0,7,,,50,,,,,,,,,,,,,,17,,,,,A12,,,1,,2,,,87,87,1,13,4,120.646301,24.110777,3
11012,66000,387130000C,(04)23274275,(04)23288582,2025,09,27,17,0,臺中市,大甲區,0,1,0,7,2,6,50,13,9,1,5,4,6,6,1,1,5,4,5,2,13,2,8,2,1,C03,7,9,1,10,2,11,,59,59,1,6,4,120.632739,24.345544,2
11013,66000,387130000C,(04)23274275,(04)23288582,2025,09,27,17,0,臺中市,石岡區,0,4,0,7,2,8,10,13,13,1,5,4,6,6,4,4,5,5,5,1,10,2,9,6,4,F01,7,9,7,21,1,11,,85,85,1,12,4,120.767923,24.278845,2
11014,66000,387130000C,(04)23274275,(04)23288582,2025,09,27,17,2,臺中市,清水區,0,0,0,7,,,50,,,,,,,,,,,,,,,,,,,B03,,,1,,2,,,50,50,1,12,4,120.568974,24.27579,3
11015,66000,387130000C,(04)23274275,(04)23288582,2025,09,27,17,5,臺中市,豐原區,0,0,0,7,,,30,,,,,,,,,,,,,,14,,,,,B03,,,1,,2,,,49,49,1,12,4,120.747303,24.269845,4
11016,66000,387130000C,(04)23274275,(04)23288582,2025,09,27,17,11,臺中市,南區,0,1,0,7,2,6,40,4,1,1,5,4,6,6,2,1,10,5,5,2,16,2,8,2,1,C03,7,6,1,10,2,13,,48,48,1,12,4,120.678656,24.13271,2
11017,66000,387130000C,(04)23274275,(04)23288582,2025,09,27,17,13,臺中市,東區,0,0,0,7,,,50,,,,,,,,,,,,,,13,,,,,B03,,,1,,1,,,7,7,1,12,4,120.683468,24.134922,3
11018,66000,387130000C,(04)23274275,(04)23288582,2025,09,27,17,18,臺中市,潭子區,0,2,0,7,2,6,60,3,9,1,5,4,3,3,2,1,1,4,4,1,17,2,9,2,1,C03,7,1,1,10,2,14,,51,51,1,13,4,120.705168,24.209089,2
11019,66000,387130000C,(04)23274275,(04)23288582,2025,09,27,17,18,臺中市,大雅區,0,0,0,7,,,30,,,,,,,,,,,,,,30,,,,,B13,,,1,,2,,,82,82,1,12,4,120.604569,24.22297,3
11020,66000,387130000C,(04)23274275,(04)23288582,2025,09,27,17,24,臺中市,北屯區,0,2,0,7,3,6,50,13,9,1,5,4,6,6,4,4,9,5,5,2,16,2,9,1,1,C03,7,4,1,10,2,12,,1,1,1,6,4,120.697843,24.173069,2
11021,66000,387130000C,(04)23274275,(04)23288582,2025,09,27,17,25,臺中市,北屯區,0,1,0,7,3,6,50,4,1,1,5,4,6,6,1,1,10,5,5,2,12,3,10,2,1,C03,7,6,1,10,2,13,,65,65,1,6,4,120.711109,24.180117,2
11022,66000,387130000C,(04)23274275,(04)23288582,2025,09,27,17,30,臺中市,龍井區,0,0,0,7,,,50,,,,,,,,,,,,,,12,,,,,B03,,,1,,2,,,51,51,1,6,4,120.583723,24.180997,3
11023,66000,387130000C,(04)23274275,(04)23288582,2025,09,27,17,37,臺中市,北區,0,0,0,7,,,50,,,,,,,,,,,,,,,,,,,B03,,,1,,1,,,8,8,1,12,4,120.6773,24.162249,3
11024,66000,387130000C,(04)23274275,(04)23288582,2025,09,27,17,37,臺中市,北屯區,0,2,0,7,2,6,50,4,1,1,5,4,6,6,1,1,10,5,5,2,17,2,9,1,1,F01,7,6,7,21,2,14,,48,48,1,12,4,120.700136,24.164975,2
11025,66000,387130000C,(04)23274275,(04)23288582,2025,09,27,17,38,臺中市,東區,0,2,0,7,3,6,50,4,1,1,5,4,6,6,4,4,10,5,5,2,15,3,10,5,4,C03,7,9,1,10,2,12,,15,15,1,12,4,120.70443,24.14217,2
11026,66000,387130000C,(04)23274275,(04)23288582,2025,09,27,17,45,臺中市,西屯區,0,0,0,7,,,30,,,,,,,,,,,,,,11,,,,,B03,,,1,,1,,,8,8,1,13,4,120.619814,24.196654,3
11027,66000,387130000C,(04)23274275,(04)23288582,2025,09,27,17,47,臺中市,潭子區,1,0,0,7,1,6,40,13,9,1,5,4,6,6,4,4,9,5,5,1,2,3,10,3,1,B12,7,9,1,8,7,5,,53,53,1,13,4,120.697624,24.205186,1
11028,66000,387130000C,(04)23274275,(04)23288582,2025,09,27,17,52,臺中市,沙鹿區,0,0,0,7,,,30,,,,,,,,,,,,,,,,,,,B03,,,1,,1,,,49,49,1,12,4,120.559067,24.23373,3
11029,66000,387130000C,(04)23274275,(04)23288582,2025,09,27,17,56,臺中市,北區,0,0,0,7,,,50,,,,,,,,,,,,,,14,,,,,B03,,,1,,1,3,,59,59,1,12,4,120.675834,24.16686,3
11030,66000,387130000C,(04)23274275,(04)23288582,2025,09,27,17,59,臺中市,西屯區,0,1,0,7,2,6,50,4,1,1,5,4,6,6,2,1,10,5,5,2,16,2,9,6,1,F01,7,6,7,21,2,14,,11,11,1,13,4,120.635182,24.166782,2
11031,66000,387130000C,(04)23274275,(04)23288582,2025,09,27,18,0,臺中市,東區,0,1,0,7,1,6,50,13,7,1,5,4,6,6,4,4,9,5,4,2,13,2,9,2,1,C04,7,9,1,10,2,11,,7,7,1,13,4,120.707843,24.142568,2
11032,66000,387130000C,(04)23274275,(04)23288582,2025,09,27,18,0,臺中市,龍井區,0,1,0,6,1,6,30,4,1,1,5,4,6,6,4,4,10,5,5,2,15,3,10,3,1,B03,7,9,1,8,2,5,,12,12,1,6,4,120.594772,24.187023,2
11033,66000,387130000C,(04)23274275,(04)23288582,2025,09,27,18,5,臺中市,西區,0,2,0,7,1,6,50,4,1,1,5,4,6,6,1,1,1,4,5,2,12,2,8,1,1,C01,7,5,1,9,2,12,,84,84,1,12,4,120.657375,24.146713,2
11034,66000,387130000C,(04)23274275,(04)23288582,2025,09,27,18,8,臺中市,南屯區,0,0,0,7,,,50,,,,,,,,,,,,,,13,,,,,B03,,,1,,1,,,59,59,1,12,4,120.646393,24.136014,3
11035,66000,387130000C,(04)23274275,(04)23288582,2025,09,27,18,9,臺中市,大里區,0,0,0,7,,,50,,,,,,,,,,,,,,17,,,,,C03,,,1,,2,,,4,4,1,6,4,120.68012,24.11501,3
11036,66000,387130000C,(04)23274275,(04)23288582,2025,09,27,18,11,臺中市,西區,0,1,0,7,1,6,50,4,2,1,5,4,3,3,4,4,5,5,4,2,12,2,7,1,1,C03,7,8,3,19,2,14,,40,40,1,13,4,120.654804,24.152828,2
11037,66000,387130000C,(04)23274275,(04)23288582,2025,09,27,18,11,臺中市,大里區,0,2,0,7,1,6,30,13,9,1,5,4,6,5,4,4,10,5,5,2,3,2,9,1,1,F01,7,14,7,21,2,11,,59,59,1,13,4,120.678228,24.084016,2
11038,66000,387130000C,(04)23274275,(04)23288582,2025,09,27,18,25,臺中市,太平區,0,0,0,7,,,,,,,,,,,,,,,,,17,,,,,,,,,,,,,86,86,1,,,120.721758,24.158293,3
11039,66000,387130000C,(04)23274275,(04)23288582,2025,09,27,18,26,臺中市,太平區,0,0,0,7,,3,80,,,,,,,,,,,,,,16,,,,,B03,,,1,,2,,,40,40,1,12,4,120.714097,24.14843,3
11040,66000,387130000C,(04)23274275,(04)23288582,2025,09,27,18,32,臺中市,南屯區,0,1,0,7,1,6,0,4,21,1,5,4,6,6,4,4,10,5,5,2,18,3,10,1,1,C03,7,9,1,11,2,16,,59,59,1,6,4,120.635285,24.146665,2
11041,66000,387130000C,(04)23274275,(04)23288582,2025,09,27,18,36,臺中市,東區,0,1,0,7,1,6,50,13,9,1,5,4,6,6,4,4,9,4,5,2,17,3,10,3,1,B03,7,1,1,8,2,8,,51,51,1,13,4,120.702792,24.134122,2
11042,66000,387130000C,(04)23274275,(04)23288582,2025,09,27,18,37,臺中市,北區,0,0,0,7,,,50,,,,,,,,,,,,,,,,,,,B03,,,1,,2,,,50,50,1,12,4,120.677286,24.162125,3
11043,66000,387130000C,(04)23274275,(04)23288582,2025,09,27,18,39,臺中市,神岡區,0,0,0,7,,,50,,,,,,,,,,,,,,30,,,,,B03,,,1,,9,,,49,49,1,13,4,120.681624,24.247342,3
11044,66000,387130000C,(04)23274275,(04)23288582,2025,09,27,18,40,臺中市,北屯區,0,1,0,7,1,6,50,13,9,1,5,4,6,6,4,4,1,4,5,2,13,3,10,1,1,C03,7,9,1,10,2,11,,84,84,1,12,4,120.721287,24.1816,2
11045,66000,387130000C,(04)23274275,(04)23288582,2025,09,27,18,44,臺中市,大里區,0,0,0,7,,,50,,,,,,,,,,,,,,14,,,,,B03,,,1,,2,,,49,49,1,13,4,120.68622,24.114915,3
11046,66000,387130000C,(04)23274275,(04)23288582,2025,09,27,18,46,臺中市,潭子區,0,3,0,7,1,6,50,4,1,1,5,4,6,5,3,1,10,5,5,2,16,2,9,2,1,C03,7,6,1,10,2,11,,24,24,1,13,4,120.699672,24.196173,2
11047,66000,387130000C,(04)23274275,(04)23288582,2025,09,27,18,48,臺中市,西區,0,0,0,7,1,6,50,5,2,1,5,4,6,6,1,1,8,3,4,2,12,,,,,C03,,,1,,1,,,40,40,1,13,4,120.663261,24.163317,3
11048,66000,387130000C,(04)23274275,(04)23288582,2025,09,27,18,50,臺中市,大雅區,0,1,0,7,1,6,50,13,9,1,5,4,6,6,4,4,5,5,5,1,17,2,9,2,1,C03,7,9,3,19,2,14,,84,84,1,13,4,120.624322,24.232294,2
11049,66000,387130000C,(04)23274275,(04)23288582,2025,09,27,18,50,臺中市,西區,0,0,0,7,,,50,,,,,,,,,,,,,,,,,,,B03,,,1,,1,,,49,49,1,6,4,120.653446,24.146565,3
11050,66000,387130000C,(04)23274275,(04)23288582,2025,09,27,18,51,臺中市,梧棲區,0,0,0,7,,,50,,,,,,,,,,,,,,16,,,,,B03,,,1,,1,,,45,45,1,6,4,120.532657,24.259842,3
11051,66000,387130000C,(04)23274275,(04)23288582,2025,09,27,18,52,臺中市,南屯區,0,0,0,7,,,50,,,,,,,,,,,,,,13,,,,,C03,,,1,,2,,,59,59,1,12,4,120.64814,24.146872,3
11052,66000,387130000C,(04)23274275,(04)23288582,2025,09,27,18,52,臺中市,清水區,0,0,0,7,,,60,,,,,,,,,,,,,,,,,,,B03,,,1,,2,,,7,7,1,12,4,120.596946,24.306064,3
11053,66000,387130000C,(04)23274275,(04)23288582,2025,09,27,18,55,臺中市,龍井區,0,1,0,7,3,6,50,3,1,1,5,4,6,6,1,1,5,5,5,2,17,3,10,3,1,B03,7,6,1,8,2,1,,11,11,1,12,4,120.523908,24.180284,2