﻿序號,縣市別代碼,機關代碼,市話,傳真,年,月,日,時,分,縣市,區,死亡數量,受傷數量,2-30,天候,道路照明設備,道路類別,道路速限,道路型態,事故位置,路面鋪裝,路面狀態,路面缺陷,障礙物,視距,號誌種類,號誌動作,分向設施,快車道或一般車道間,快慢車道間,路面邊線,事故類型及型態,受傷程度,主要傷處,保護裝備,行動電話或功能裝置,當事者區分_類別,車輛用途,當事者行動狀態,駕照狀態,駕照種類,飲酒情形,車輛撞擊部位最初,車輛撞擊部位其他,肇事因素個別,肇事因素主要,肇事逃逸,職業,共享經濟或外送平台,GPS座標X,GPS座標Y,事故類別
11054,66000,387130000C,(04)23274275,(04)23288582,2025,09,27,18,59,臺中市,北區,0,1,0,7,1,6,50,13,9,1,5,4,6,3,4,4,5,4,5,2,13,2,9,6,1,F01,7,9,7,21,9,11,14,88,88,1,13,4,120.679716,24.155749,2
11055,66000,387130000C,(04)23274275,(04)23288582,2025,09,27,19,10,臺中市,西屯區,0,0,0,7,,,30,,,,,,,,,,,,,,12,,,,,B03,,,1,,2,,,42,42,1,13,4,120.648818,24.183011,3
11056,66000,387130000C,(04)23274275,(04)23288582,2025,09,27,19,10,臺中市,西屯區,0,0,0,7,,,30,,,,,,,,,,,,,,17,,,,,B03,,,3,,2,,,55,55,1,12,4,120.665195,24.171329,3
11057,66000,387130000C,(04)23274275,(04)23288582,2025,09,27,19,25,臺中市,豐原區,0,0,0,7,,,40,,,,,,,,,,,,,,30,,,,,B03,,,1,,2,,,84,84,1,12,4,120.725259,24.246789,3
11058,66000,387130000C,(04)23274275,(04)23288582,2025,09,27,19,30,臺中市,北屯區,0,0,0,7,,,50,,,,,,,,,,,,,,13,,,,,B03,,,1,,2,,,59,59,1,12,4,120.693357,24.167311,3
11059,66000,387130000C,(04)23274275,(04)23288582,2025,09,27,19,32,臺中市,西屯區,0,2,0,7,1,6,50,4,4,1,5,4,6,6,2,1,10,5,5,2,17,2,8,5,4,C03,7,21,1,10,2,15,,84,84,1,12,4,120.647797,24.17419,2
11060,66000,387130000C,(04)23274275,(04)23288582,2025,09,27,19,32,臺中市,清水區,0,0,0,7,,,50,,,,,,,,,,,,,,,,,,,B03,,,1,,2,,,51,51,1,12,4,120.542348,24.268722,3
11061,66000,387130000C,(04)23274275,(04)23288582,2025,09,27,19,33,臺中市,北屯區,0,0,0,7,,,50,,,,,,,,,,,,,,12,,,,,,,,,,,,,85,85,1,,,120.685498,24.172177,4
11062,66000,387130000C,(04)23274275,(04)23288582,2025,09,27,19,34,臺中市,大雅區,0,0,0,7,,,30,,,,,,,,,,,,,,17,,,,,B03,,,1,,2,,,8,8,1,13,4,120.655406,24.228428,3
11063,66000,387130000C,(04)23274275,(04)23288582,2025,09,27,19,34,臺中市,中區,0,2,0,7,1,6,50,4,2,1,5,4,6,6,1,1,9,4,4,2,13,3,10,3,1,B03,7,12,1,8,2,1,,7,7,1,12,4,120.675464,24.141765,2
11064,66000,387130000C,(04)23274275,(04)23288582,2025,09,27,19,34,臺中市,石岡區,0,1,0,7,1,6,30,4,1,1,3,4,6,6,4,4,10,5,5,1,18,2,9,1,4,C03,7,5,1,10,1,14,,84,84,1,12,4,120.782501,24.270603,2
11065,66000,387130000C,(04)23274275,(04)23288582,2025,09,27,19,36,臺中市,西區,0,1,0,7,1,6,50,4,1,1,5,4,6,6,1,1,10,5,5,2,16,3,10,5,4,B03,7,5,1,8,2,2,,11,11,1,13,4,120.666736,24.141067,2
11066,66000,387130000C,(04)23274275,(04)23288582,2025,09,27,19,41,臺中市,西屯區,0,0,0,7,,,40,,,,,,,,,,,,,,12,,,,,B03,,,1,,1,,,51,51,1,12,4,120.646124,24.187801,3
11067,66000,387130000C,(04)23274275,(04)23288582,2025,09,27,19,45,臺中市,北屯區,0,0,0,7,,,30,,,,,,,,,,,,,,11,,,,,B03,,,1,,1,,,87,87,1,6,4,120.698029,24.188002,3
11068,66000,387130000C,(04)23274275,(04)23288582,2025,09,27,19,45,臺中市,霧峰區,0,0,0,7,,,50,,,,,,,,,,,,,,,,,,,B03,,,1,,2,,,7,7,1,12,4,120.663501,24.073155,4
11069,66000,387130000C,(04)23274275,(04)23288582,2025,09,27,19,53,臺中市,北區,0,1,0,7,1,6,50,4,1,1,5,4,6,6,2,1,5,4,4,2,17,2,9,1,1,C03,7,1,1,10,2,11,12,51,51,1,13,4,120.685971,24.146441,2
11070,66000,387130000C,(04)23274275,(04)23288582,2025,09,27,20,0,臺中市,西屯區,0,0,0,7,,,50,,,,,,,,,,,,,,13,,,,,B03,,,1,,1,,,59,59,1,13,4,120.616891,24.188607,3
11071,66000,387130000C,(04)23274275,(04)23288582,2025,09,27,20,8,臺中市,南屯區,0,0,0,7,1,6,50,13,9,1,5,4,6,6,4,4,3,4,5,2,12,,,,,C03,,,1,,1,,,8,8,1,12,4,120.649826,24.150773,3
11072,66000,387130000C,(04)23274275,(04)23288582,2025,09,27,20,13,臺中市,后里區,0,1,0,7,1,6,50,13,7,1,5,4,6,6,4,4,5,4,4,1,13,3,10,1,1,C01,7,9,1,10,2,11,,84,84,1,6,4,120.716284,24.309891,2
11073,66000,387130000C,(04)23274275,(04)23288582,2025,09,27,20,13,臺中市,豐原區,0,0,0,7,,,50,,,,,,,,,,,,,,17,,,,,B03,,,1,,2,,,49,49,1,12,4,120.725748,24.246442,3
11074,66000,387130000C,(04)23274275,(04)23288582,2025,09,27,20,15,臺中市,烏日區,0,0,0,7,,,30,,,,,,,,,,,,,,,,,,,C03,,,1,,1,,,15,15,1,6,4,120.629617,24.10252,3
11075,66000,387130000C,(04)23274275,(04)23288582,2025,09,27,20,18,臺中市,西區,0,0,0,7,,,50,,,,,,,,,,,,,,,,,,,C03,,,1,,1,,,7,7,1,12,4,120.653151,24.150704,3
11076,66000,387130000C,(04)23274275,(04)23288582,2025,09,27,20,20,臺中市,南屯區,0,2,0,7,1,6,50,4,1,1,5,4,1,6,2,1,5,4,4,2,17,3,10,3,1,B03,7,11,1,8,9,16,,11,11,1,12,4,120.652554,24.156433,2
11077,66000,387130000C,(04)23274275,(04)23288582,2025,09,27,20,24,臺中市,霧峰區,0,1,0,7,1,6,50,3,1,1,5,4,6,6,1,1,10,5,5,2,12,2,9,2,1,C03,7,6,3,19,2,12,,42,42,1,12,4,120.699862,24.073803,2
11078,66000,387130000C,(04)23274275,(04)23288582,2025,09,27,20,30,臺中市,西屯區,0,0,0,7,,,0,,,,,,,,,,,,,,16,,,,,F01,,,7,,1,,,84,84,1,12,4,120.615115,24.182957,3
11079,66000,387130000C,(04)23274275,(04)23288582,2025,09,27,20,37,臺中市,南區,0,1,0,7,1,6,50,18,9,1,5,4,6,6,4,4,10,5,5,2,17,3,10,3,1,B03,7,15,1,8,2,2,,84,84,1,12,4,120.670495,24.126529,2
11080,66000,387130000C,(04)23274275,(04)23288582,2025,09,27,20,51,臺中市,大雅區,0,1,0,7,1,6,30,11,9,1,5,4,6,6,4,4,10,5,5,2,18,2,9,2,1,C03,7,9,1,10,2,12,,84,84,1,12,4,120.666098,24.210633,2
11081,66000,387130000C,(04)23274275,(04)23288582,2025,09,27,20,59,臺中市,烏日區,0,1,0,7,1,6,70,4,2,1,5,4,6,6,2,1,10,5,5,2,12,3,10,3,1,B03,7,7,1,8,2,2,,84,84,1,6,4,120.590019,24.113384,2
11082,66000,387130000C,(04)23274275,(04)23288582,2025,09,27,21,6,臺中市,西屯區,0,0,0,7,,,50,,,,,,,,,,,,,,12,,,,,B03,,,1,,1,,,7,7,1,13,4,120.654682,24.167983,3
11083,66000,387130000C,(04)23274275,(04)23288582,2025,09,27,21,10,臺中市,龍井區,0,0,0,6,,,30,,,,,,,,,,,,,,27,,,,,B02,,,1,,2,,,8,8,1,6,4,120.592317,24.188053,3
11084,66000,387130000C,(04)23274275,(04)23288582,2025,09,27,21,14,臺中市,中區,0,0,0,6,,,40,,,,,,,,,,,,,,,,,,,B03,,,1,,2,,,7,7,1,13,4,120.67477,24.143007,3
11085,66000,387130000C,(04)23274275,(04)23288582,2025,09,27,21,19,臺中市,大肚區,0,0,0,6,,,50,,,,,,,,,,,,,,14,,,,,B03,,,1,,2,,,49,49,1,6,4,120.58022,24.172303,3
11086,66000,387130000C,(04)23274275,(04)23288582,2025,09,27,21,21,臺中市,北區,0,2,0,7,1,6,50,5,1,1,5,4,6,6,2,1,10,5,5,2,13,2,9,1,1,C03,7,9,1,10,2,11,,59,59,1,12,4,120.68616,24.146227,2
11087,66000,387130000C,(04)23274275,(04)23288582,2025,09,27,21,26,臺中市,西屯區,0,1,0,7,1,6,40,13,8,1,5,4,6,6,4,4,1,4,1,2,13,2,8,5,4,C03,7,8,1,10,2,11,,7,7,1,12,4,120.648833,24.163408,2
11088,66000,387130000C,(04)23274275,(04)23288582,2025,09,27,21,35,臺中市,大雅區,0,1,0,7,1,6,50,3,2,1,5,4,6,6,4,4,5,5,5,1,18,2,9,2,1,C03,7,21,1,10,7,14,,53,53,1,13,4,120.624936,24.209043,2
11089,66000,387130000C,(04)23274275,(04)23288582,2025,09,27,21,43,臺中市,南屯區,0,1,0,7,1,6,50,13,7,1,5,4,6,6,2,1,1,4,4,2,18,2,9,1,1,C03,7,9,1,10,2,12,,59,59,1,6,4,120.640572,24.151663,2
11090,66000,387130000C,(04)23274275,(04)23288582,2025,09,27,21,43,臺中市,大里區,0,0,0,7,,,30,,,,,,,,,,,,,,11,,,,,B03,,,1,,2,,,8,8,1,13,4,120.700176,24.108008,3
11091,66000,387130000C,(04)23274275,(04)23288582,2025,09,27,21,48,臺中市,南屯區,0,1,0,7,1,6,50,13,9,1,5,4,6,6,4,4,9,5,5,2,17,3,10,2,1,C03,7,9,1,10,2,14,,84,84,1,13,4,120.646347,24.149664,2
11092,66000,387130000C,(04)23274275,(04)23288582,2025,09,27,21,51,臺中市,大甲區,0,0,0,7,,,,,,,,,,,,,,,,,,,,,,,,,,,,,,119,119,1,,,120.622043,24.343579,3
11093,66000,387130000C,(04)23274275,(04)23288582,2025,09,27,21,58,臺中市,大里區,0,1,0,7,1,6,30,13,9,1,5,4,6,6,4,4,10,5,5,2,30,2,9,2,1,C03,7,9,1,10,2,12,,58,58,1,13,4,120.696438,24.088058,2
11094,66000,387130000C,(04)23274275,(04)23288582,2025,09,27,22,0,臺中市,太平區,0,0,0,7,,,30,,,,,,,,,,,,,,17,,,,,B03,,,1,,2,,,49,49,1,6,4,120.726848,24.146073,3
11095,66000,387130000C,(04)23274275,(04)23288582,2025,09,27,22,2,臺中市,沙鹿區,0,1,0,7,1,6,30,4,1,1,5,4,6,6,4,4,10,5,5,2,15,3,10,3,1,B03,7,9,1,8,1,5,,15,15,1,12,4,120.563972,24.248439,2
11096,66000,387130000C,(04)23274275,(04)23288582,2025,09,27,22,4,臺中市,北區,0,0,0,7,1,6,50,4,21,1,5,4,6,6,1,1,1,5,5,2,17,3,10,1,1,C03,7,9,1,10,1,14,,39,39,1,12,4,120.675461,24.165517,3
11097,66000,387130000C,(04)23274275,(04)23288582,2025,09,27,22,6,臺中市,南區,0,0,0,7,,,50,,,,,,,,,,,,,,14,,,,,B03,,,1,,2,,,49,49,1,12,4,120.660988,24.112714,3
11098,66000,387130000C,(04)23274275,(04)23288582,2025,09,27,22,9,臺中市,太平區,0,3,0,7,1,6,50,3,1,1,5,4,6,6,4,4,10,5,5,2,17,2,8,5,4,F01,7,6,7,21,2,12,,14,14,1,13,4,120.717438,24.119767,2
11099,66000,387130000C,(04)23274275,(04)23288582,2025,09,27,22,15,臺中市,西區,0,0,0,6,,,50,,,,,,,,,,,,,,,,,,,B03,,,1,,1,,,49,49,1,13,4,120.675855,24.133176,3
11100,66000,387130000C,(04)23274275,(04)23288582,2025,09,27,22,25,臺中市,西屯區,0,0,0,7,,3,80,,,,,,,,,,,,,,13,,,,,B03,,,1,,2,,,7,7,1,13,4,120.626444,24.1587,3
11101,66000,387130000C,(04)23274275,(04)23288582,2025,09,27,22,43,臺中市,沙鹿區,0,0,0,6,,,60,,,,,,,,,,,,,,,,,,,B03,,,1,,2,,,82,82,1,13,4,120.590296,24.25012,3
11102,66000,387130000C,(04)23274275,(04)23288582,2025,09,27,22,52,臺中市,東區,0,1,0,7,1,6,50,3,1,1,5,4,6,6,4,4,3,4,5,2,18,2,9,2,1,C03,7,9,1,10,2,14,,85,85,1,13,4,120.686524,24.135964,2
11103,66000,387130000C,(04)23274275,(04)23288582,2025,09,27,23,4,臺中市,西屯區,0,0,0,7,,,0,,,,,,,,,,,,,,14,,,,,B03,,,1,,1,,,49,49,1,13,4,120.646156,24.184858,3
11104,66000,387130000C,(04)23274275,(04)23288582,2025,09,27,23,5,臺中市,清水區,0,0,0,7,,,50,,,,,,,,,,,,,,,,,,,A11,,,1,,2,,,84,84,1,12,4,120.575763,24.27034,3
11105,66000,387130000C,(04)23274275,(04)23288582,2025,09,27,23,15,臺中市,太平區,0,0,0,7,,,50,,,,,,,,,,,,,,,,,,,B03,,,1,,2,,,14,14,1,6,4,120.719967,24.123661,3
11106,66000,387130000C,(04)23274275,(04)23288582,2025,09,27,23,16,臺中市,大雅區,0,3,0,7,1,6,60,4,1,1,5,4,6,6,2,1,3,5,5,1,12,2,9,2,1,C03,7,1,1,10,2,11,,51,51,1,13,4,120.646629,24.222667,2
11107,66000,387130000C,(04)23274275,(04)23288582,2025,09,27,23,16,臺中市,西區,0,1,0,6,1,6,50,4,1,1,5,4,6,6,1,1,10,5,5,2,17,3,10,3,1,B03,7,5,1,8,2,5,,84,84,1,13,4,120.670251,24.146339,2
11108,66000,387130000C,(04)23274275,(04)23288582,2025,09,27,23,38,臺中市,西區,0,2,0,6,1,6,30,4,1,1,5,4,6,6,4,4,10,5,5,2,17,2,9,1,1,C03,7,9,1,10,2,12,,15,15,1,13,4,120.658002,24.15598,2
11109,66000,387130000C,(04)23274275,(04)23288582,2025,09,27,23,50,臺中市,大雅區,0,1,0,7,1,6,50,11,9,1,5,4,6,6,4,4,1,5,5,2,27,2,3,3,1,B12,7,9,1,8,2,1,,59,59,1,13,4,120.668447,24.215994,2
11110,66000,387130000C,(04)23274275,(04)23288582,2025,09,28,0,10,臺中市,太平區,0,1,0,7,1,6,50,4,1,1,5,4,6,6,1,1,10,5,5,2,15,3,10,3,1,B03,7,9,1,8,2,5,,21,21,1,6,4,120.703143,24.153451,2
11111,66000,387130000C,(04)23274275,(04)23288582,2025,09,28,0,25,臺中市,南屯區,0,2,0,7,1,6,50,4,1,1,5,4,6,6,2,1,5,4,5,2,17,2,9,3,1,B03,7,5,1,8,2,5,,4,4,1,6,4,120.649979,24.136377,2
11112,66000,387130000C,(04)23274275,(04)23288582,2025,09,28,0,46,臺中市,北屯區,0,0,0,7,,,50,,,,,,,,,,,,,,13,,,,,C03,,,1,,1,,,7,7,1,6,4,120.687343,24.184798,3
11113,66000,387130000C,(04)23274275,(04)23288582,2025,09,28,0,50,臺中市,太平區,0,0,0,7,,,50,,,,,,,,,,,,,,,,,,,B03,,,1,,2,,,49,49,1,6,4,120.705828,24.159638,3
11114,66000,387130000C,(04)23274275,(04)23288582,2025,09,28,1,46,臺中市,北屯區,0,1,0,7,2,6,30,4,2,1,5,4,6,6,2,1,5,5,4,1,13,2,8,1,1,C03,7,4,1,10,2,11,,59,59,1,5,4,120.678076,24.19497,2
11115,66000,387130000C,(04)23274275,(04)23288582,2025,09,28,1,54,臺中市,中區,0,0,0,6,,,50,,,,,,,,,,,,,,,,,,,B01,,,1,,2,,,84,84,1,13,4,120.683627,24.141629,3
11116,66000,387130000C,(04)23274275,(04)23288582,2025,09,28,3,0,臺中市,北區,0,0,0,7,,,50,,,,,,,,,,,,,,17,,,,,B12,,,3,,11,,,47,47,1,13,4,120.664943,24.165071,3
11117,66000,387130000C,(04)23274275,(04)23288582,2025,09,28,3,11,臺中市,北區,0,0,0,7,1,6,40,13,21,2,5,4,6,6,4,4,1,4,4,2,17,3,10,6,5,C03,8,13,7,21,10,12,,87,87,1,12,5,120.68875,24.153665,3
11118,66000,387130000C,(04)23274275,(04)23288582,2025,09,28,3,14,臺中市,西屯區,0,1,0,7,2,6,50,13,9,1,5,4,6,6,4,4,1,4,5,2,23,2,9,5,4,C03,7,9,3,19,2,14,,84,84,1,13,4,120.646164,24.169454,2
11119,66000,387130000C,(04)23274275,(04)23288582,2025,09,28,3,25,臺中市,神岡區,0,1,0,7,1,6,50,4,1,1,5,4,6,6,1,1,1,4,5,1,3,3,10,5,4,B03,7,6,1,8,2,5,,59,59,1,12,4,120.696055,24.24843,2
11120,66000,387130000C,(04)23274275,(04)23288582,2025,09,28,4,40,臺中市,大里區,0,0,0,7,,,70,,,,,,,,,,,,,,,,,,,B12,,,1,,2,,,84,84,1,6,4,120.670591,24.109274,3
11121,66000,387130000C,(04)23274275,(04)23288582,2025,09,28,4,41,臺中市,大里區,0,2,0,7,1,6,50,3,2,1,5,4,6,6,1,1,10,4,4,1,17,2,9,3,1,B03,7,9,5,19,7,1,,84,84,1,12,4,120.674553,24.100517,2
11122,66000,387130000C,(04)23274275,(04)23288582,2025,09,28,6,28,臺中市,后里區,0,0,0,7,,,40,,,,,,,,,,,,,,15,,,,,C03,,,1,,1,,,12,12,1,6,4,120.742346,24.332226,3
11123,66000,387130000C,(04)23274275,(04)23288582,2025,09,28,6,55,臺中市,北屯區,0,1,0,7,3,6,40,13,8,1,5,4,6,6,4,4,1,5,5,2,17,2,9,2,1,F01,7,9,7,21,2,11,,84,84,1,6,4,120.725202,24.161837,2
11124,66000,387130000C,(04)23274275,(04)23288582,2025,09,28,6,59,臺中市,龍井區,0,0,0,7,,,70,,,,,,,,,,,,,,,,,,,B03,,,3,,1,,,48,48,1,13,4,120.50572,24.209739,3
11125,66000,387130000C,(04)23274275,(04)23288582,2025,09,28,7,20,臺中市,北屯區,0,1,0,7,2,6,50,3,2,1,5,4,6,6,1,1,5,2,4,2,13,3,10,2,1,C03,7,9,3,19,2,11,,7,7,1,12,4,120.750466,24.197996,2
11126,66000,387130000C,(04)23274275,(04)23288582,2025,09,28,7,22,臺中市,西區,0,0,0,7,,,50,,,,,,,,,,,,,,,,,,,B03,,,1,,2,,,84,84,1,6,4,120.672495,24.13918,3
11127,66000,387130000C,(04)23274275,(04)23288582,2025,09,28,7,30,臺中市,大甲區,0,1,0,7,2,6,50,4,1,1,5,4,6,6,1,1,10,5,5,2,16,3,10,3,1,B03,7,6,1,8,2,5,,11,11,1,6,4,120.624134,24.346608,2
11128,66000,387130000C,(04)23274275,(04)23288582,2025,09,28,7,32,臺中市,北區,0,0,0,7,,,50,,,,,,,,,,,,,,13,,,,,B03,,,1,,1,,,84,84,1,12,4,120.679175,24.172777,3
11129,66000,387130000C,(04)23274275,(04)23288582,2025,09,28,7,41,臺中市,神岡區,0,1,0,7,2,6,50,4,1,1,5,4,6,6,1,1,10,5,5,2,15,4,11,5,4,C03,7,9,1,10,2,11,,21,21,1,12,4,120.688297,24.239963,2
11130,66000,387130000C,(04)23274275,(04)23288582,2025,09,28,7,41,臺中市,神岡區,0,1,0,7,2,6,30,4,1,1,5,4,6,6,4,4,10,5,5,2,15,2,8,5,4,C03,7,9,1,10,2,12,,15,15,1,12,4,120.685668,24.24865,2
11131,66000,387130000C,(04)23274275,(04)23288582,2025,09,28,7,43,臺中市,后里區,0,0,0,7,2,6,50,13,9,1,5,4,6,6,4,4,9,5,5,1,17,3,10,2,1,C03,7,1,3,19,2,16,,51,51,1,12,4,120.714018,24.306218,3
11132,66000,387130000C,(04)23274275,(04)23288582,2025,09,28,7,50,臺中市,沙鹿區,0,0,0,7,,,30,,,,,,,,,,,,,,11,,,,,B03,,,1,,2,,,84,84,1,6,4,120.593456,24.218413,3
11133,66000,387130000C,(04)23274275,(04)23288582,2025,09,28,7,53,臺中市,豐原區,0,0,0,7,,,50,,,,,,,,,,,,,,14,,,,,A11,,,1,,2,,,49,49,1,13,4,120.711579,24.261985,3
11134,66000,387130000C,(04)23274275,(04)23288582,2025,09,28,7,55,臺中市,后里區,0,1,0,7,2,6,50,13,9,1,5,4,6,6,4,4,5,5,5,1,17,3,10,3,1,B12,7,9,3,19,2,5,,84,84,1,12,4,120.712748,24.306508,2
11135,66000,387130000C,(04)23274275,(04)23288582,2025,09,28,7,58,臺中市,北屯區,0,2,0,7,2,6,30,13,13,1,5,4,6,6,2,1,10,5,5,2,10,2,9,5,4,F01,7,9,7,21,2,11,,84,84,1,12,4,120.702401,24.186508,2
11136,66000,387130000C,(04)23274275,(04)23288582,2025,09,28,8,18,臺中市,神岡區,0,0,0,7,,,30,,,,,,,,,,,,,,14,,,,,B03,,,1,,2,,,49,49,1,13,4,120.655687,24.272303,3
11137,66000,387130000C,(04)23274275,(04)23288582,2025,09,28,8,29,臺中市,龍井區,0,1,0,7,2,6,50,3,1,1,5,4,6,6,3,1,10,5,5,2,16,3,10,3,1,B03,7,6,1,8,2,5,,11,11,1,6,4,120.57433,24.196176,2
11138,66000,387130000C,(04)23274275,(04)23288582,2025,09,28,8,40,臺中市,太平區,0,0,0,7,2,6,50,13,7,1,5,4,6,6,4,4,5,4,4,1,3,,,6,5,H01,8,16,7,21,10,17,,95,95,1,12,5,120.726953,24.150032,4
11139,66000,387130000C,(04)23274275,(04)23288582,2025,09,28,8,46,臺中市,西屯區,0,2,0,7,2,6,50,13,9,1,5,4,6,6,1,1,5,4,5,1,16,2,8,1,1,C03,7,11,5,19,2,14,,45,45,1,12,4,120.639256,24.179811,2
11140,66000,387130000C,(04)23274275,(04)23288582,2025,09,28,8,47,臺中市,西屯區,0,0,0,7,,,30,,,,,,,,,,,,,,16,,,,,B03,,,1,,1,,,14,14,1,12,4,120.6454,24.168836,3
11141,66000,387130000C,(04)23274275,(04)23288582,2025,09,28,8,49,臺中市,豐原區,0,0,0,7,,,50,,,,,,,,,,,,,,12,,,,,B03,,,1,,2,,,51,51,1,12,4,120.722361,24.247344,3
11142,66000,387130000C,(04)23274275,(04)23288582,2025,09,28,8,59,臺中市,后里區,0,1,0,7,2,6,30,4,1,1,5,4,6,6,4,4,4,5,4,2,30,,,,,,,,,,,,,119,119,1,,,120.698322,24.310366,2
11143,66000,387130000C,(04)23274275,(04)23288582,2025,09,28,9,0,臺中市,南屯區,0,0,0,7,3,6,30,13,9,1,5,4,6,6,4,4,10,5,5,2,12,,,,,B03,,,1,,1,,,51,51,1,12,4,120.636204,24.137619,3
11144,66000,387130000C,(04)23274275,(04)23288582,2025,09,28,9,1,臺中市,北屯區,0,2,0,7,2,6,50,13,9,1,5,4,6,6,4,4,9,5,5,2,16,2,8,1,1,C03,7,9,1,10,2,14,,1,1,1,12,4,120.671951,24.178119,2
11145,66000,387130000C,(04)23274275,(04)23288582,2025,09,28,9,7,臺中市,霧峰區,0,1,0,7,2,6,50,4,1,1,5,4,6,6,1,1,10,5,5,2,16,3,10,5,4,B03,7,5,1,8,2,5,,11,11,1,12,4,120.696068,24.065618,2
11146,66000,387130000C,(04)23274275,(04)23288582,2025,09,28,9,9,臺中市,大雅區,0,0,0,7,,,50,,,,,,,,,,,,,,,,,,,B03,,,1,,2,,,50,50,1,13,4,120.650486,24.218654,3
11147,66000,387130000C,(04)23274275,(04)23288582,2025,09,28,9,14,臺中市,西屯區,0,2,0,7,2,6,50,13,9,1,5,4,6,6,4,4,5,5,5,2,9,2,9,5,4,C03,7,9,3,19,2,11,,84,84,1,12,4,120.668312,24.177058,2
11148,66000,387130000C,(04)23274275,(04)23288582,2025,09,28,9,17,臺中市,北屯區,0,0,0,7,,,50,,,,,,,,,,,,,,17,,,,,B03,,,1,,1,,,50,50,1,6,4,120.701047,24.178336,3
11149,66000,387130000C,(04)23274275,(04)23288582,2025,09,28,9,17,臺中市,北屯區,0,0,0,7,,,50,,,,,,,,,,,,,,,,,,,B03,,,1,,1,,,84,84,1,13,4,120.673706,24.186351,3
11150,66000,387130000C,(04)23274275,(04)23288582,2025,09,28,9,17,臺中市,霧峰區,0,0,0,7,,,40,,,,,,,,,,,,,,,,,,,B03,,,1,,1,,,84,84,1,13,4,120.677754,24.039523,3
11151,66000,387130000C,(04)23274275,(04)23288582,2025,09,28,9,18,臺中市,南屯區,0,0,0,7,,,50,,,,,,,,,,,,,,,,,,,C03,,,1,,1,,,51,51,1,12,4,120.640037,24.151081,3
11152,66000,387130000C,(04)23274275,(04)23288582,2025,09,28,9,20,臺中市,清水區,0,0,0,7,2,6,50,13,9,1,5,4,6,6,4,4,8,4,4,2,12,,,,,B03,,,1,,2,,,56,56,1,12,4,120.554414,24.264356,3
11153,66000,387130000C,(04)23274275,(04)23288582,2025,09,28,9,20,臺中市,神岡區,0,1,0,7,2,6,30,13,9,1,5,4,6,6,4,4,10,5,5,2,18,2,9,5,4,F01,7,9,7,21,2,12,,84,84,1,13,4,120.694836,24.232248,2
11154,66000,387130000C,(04)23274275,(04)23288582,2025,09,28,9,20,臺中市,豐原區,0,0,0,7,2,6,50,13,9,1,5,4,6,6,4,4,10,5,5,2,12,3,10,3,1,B03,7,5,1,8,2,8,,8,8,1,12,4,120.730574,24.230188,3
11155,66000,387130000C,(04)23274275,(04)23288582,2025,09,28,9,29,臺中市,霧峰區,0,2,0,7,2,6,50,4,1,1,5,4,6,6,4,4,10,5,5,2,17,2,9,2,1,C03,7,6,1,10,2,11,,14,14,1,13,4,120.697517,24.062682,2
11156,66000,387130000C,(04)23274275,(04)23288582,2025,09,28,9,29,臺中市,清水區,0,1,0,7,2,6,50,4,1,1,5,4,6,6,1,1,8,4,4,2,16,2,9,1,1,C03,7,9,1,10,2,11,,21,21,1,12,4,120.614688,24.288044,2
11157,66000,387130000C,(04)23274275,(04)23288582,2025,09,28,9,33,臺中市,北屯區,0,2,0,7,2,6,50,4,1,1,5,4,6,6,2,1,10,5,5,2,16,3,10,3,1,B03,7,5,1,8,2,6,,11,11,1,12,4,120.719478,24.18209,2
11158,66000,387130000C,(04)23274275,(04)23288582,2025,09,28,9,40,臺中市,豐原區,0,0,0,7,,,50,,,,,,,,,,,,,,12,,,,,B03,,,1,,2,,,40,40,1,13,4,120.749105,24.26767,4
11159,66000,387130000C,(04)23274275,(04)23288582,2025,09,28,9,45,臺中市,西區,0,1,0,7,3,6,50,4,1,1,5,4,6,6,1,1,10,5,5,2,16,3,10,3,1,B03,7,5,1,8,1,2,,47,47,1,12,4,120.676959,24.134996,2
11160,66000,387130000C,(04)23274275,(04)23288582,2025,09,28,9,48,臺中市,北屯區,0,1,0,7,2,6,50,4,1,1,5,4,6,6,2,1,4,3,5,2,16,3,10,3,1,B12,7,6,1,8,2,6,,11,11,1,12,4,120.704151,24.183818,2
11161,66000,387130000C,(04)23274275,(04)23288582,2025,09,28,9,50,臺中市,太平區,0,0,0,7,,,30,,,,,,,,,,,,,,14,,,,,B03,,,1,,2,,,49,49,1,12,4,120.718033,24.124884,3
11162,66000,387130000C,(04)23274275,(04)23288582,2025,09,28,9,56,臺中市,西屯區,0,1,0,7,2,6,30,13,8,1,5,4,6,6,4,4,10,5,5,2,18,2,9,5,4,C03,7,9,1,10,2,11,,59,59,1,13,4,120.633271,24.175981,2
11163,66000,387130000C,(04)23274275,(04)23288582,2025,09,28,10,2,臺中市,南屯區,0,1,0,7,3,6,50,4,1,1,5,4,6,6,1,1,10,5,5,2,17,2,9,2,1,C03,7,5,1,11,1,11,,22,22,1,12,4,120.638401,24.133953,2