﻿序號,縣市別代碼,機關代碼,市話,傳真,年,月,日,時,分,縣市,區,死亡數量,受傷數量,2-30,天候,道路照明設備,道路類別,道路速限,道路型態,事故位置,路面鋪裝,路面狀態,路面缺陷,障礙物,視距,號誌種類,號誌動作,分向設施,快車道或一般車道間,快慢車道間,路面邊線,事故類型及型態,受傷程度,主要傷處,保護裝備,行動電話或功能裝置,當事者區分_類別,車輛用途,當事者行動狀態,駕照狀態,駕照種類,飲酒情形,車輛撞擊部位最初,車輛撞擊部位其他,肇事因素個別,肇事因素主要,肇事逃逸,職業,共享經濟或外送平台,GPS座標X,GPS座標Y,事故類別
11164,66000,387130000C,(04)23274275,(04)23288582,2025,09,28,10,3,臺中市,北屯區,0,0,0,7,,,50,,,,,,,,,,,,,,11,,,,,B03,,,1,,1,,,84,84,1,12,4,120.740469,24.179241,4
11165,66000,387130000C,(04)23274275,(04)23288582,2025,09,28,10,4,臺中市,豐原區,0,0,0,7,,,50,,,,,,,,,,,,,,16,,,,,B03,,,1,,2,,,14,14,1,12,4,120.717566,24.252738,3
11166,66000,387130000C,(04)23274275,(04)23288582,2025,09,28,10,6,臺中市,北屯區,0,1,0,7,3,6,50,13,9,1,5,4,6,6,4,4,1,5,5,2,18,2,9,2,1,F03,7,9,7,21,2,12,,84,84,1,6,4,120.66981,24.17681,2
11167,66000,387130000C,(04)23274275,(04)23288582,2025,09,28,10,6,臺中市,豐原區,0,2,0,7,2,6,50,4,1,1,5,4,6,6,3,1,5,5,5,2,12,2,9,1,1,C03,7,6,1,10,2,12,,84,84,1,12,4,120.730311,24.24847,2
11168,66000,387130000C,(04)23274275,(04)23288582,2025,09,28,10,8,臺中市,北屯區,0,0,0,7,,,50,,,,,,,,,,,,,,13,,,,,B12,,,1,,1,,,56,56,1,12,4,120.70582,24.18002,3
11169,66000,387130000C,(04)23274275,(04)23288582,2025,09,28,10,8,臺中市,石岡區,0,1,0,7,2,6,70,13,8,1,5,4,6,6,4,4,1,4,4,1,12,3,10,5,4,B03,7,7,1,8,2,7,,85,85,1,13,4,120.814426,24.261272,2
11170,66000,387130000C,(04)23274275,(04)23288582,2025,09,28,10,9,臺中市,西屯區,0,0,0,7,,,50,,,,,,,,,,,,,,13,,,,,C01,,,1,,1,,,7,7,1,12,4,120.651506,24.20781,3
11171,66000,387130000C,(04)23274275,(04)23288582,2025,09,28,10,14,臺中市,北區,0,0,0,7,,,50,,,,,,,,,,,,,,17,,,,,C03,,,1,,1,,,87,87,1,13,4,120.679012,24.161652,3
11172,66000,387130000C,(04)23274275,(04)23288582,2025,09,28,10,15,臺中市,沙鹿區,0,1,0,7,3,6,50,3,1,1,5,4,6,6,1,1,10,5,5,2,16,2,8,1,1,C03,7,6,1,10,2,14,,48,48,1,6,4,120.556065,24.221033,2
11173,66000,387130000C,(04)23274275,(04)23288582,2025,09,28,10,19,臺中市,北屯區,0,0,0,7,,,50,,,,,,,,,,,,,,12,,,,,B03,,,1,,1,,,8,8,1,12,4,120.72195,24.182455,3
11174,66000,387130000C,(04)23274275,(04)23288582,2025,09,28,10,33,臺中市,太平區,0,0,0,7,,,50,,,,,,,,,,,,,,17,,,,,B03,,,1,,2,,,50,50,1,13,4,120.72525,24.144502,3
11175,66000,387130000C,(04)23274275,(04)23288582,2025,09,28,10,39,臺中市,西屯區,0,0,0,7,,,60,,,,,,,,,,,,,,13,,,,,B03,,,1,,2,,,59,59,1,12,4,120.62167,24.179866,3
11176,66000,387130000C,(04)23274275,(04)23288582,2025,09,28,10,42,臺中市,東區,0,2,0,7,2,6,50,13,9,1,5,4,6,6,4,4,1,4,5,2,12,2,9,2,1,C03,7,7,3,19,2,12,,40,40,1,6,4,120.699552,24.132717,2
11177,66000,387130000C,(04)23274275,(04)23288582,2025,09,28,10,47,臺中市,北屯區,0,0,0,7,,,50,,,,,,,,,,,,,,,,,,,C03,,,1,,1,,,7,7,1,13,4,120.74109,24.179742,3
11178,66000,387130000C,(04)23274275,(04)23288582,2025,09,28,10,50,臺中市,大甲區,0,0,0,7,,,50,,,,,,,,,,,,,,12,,,,,C03,,,1,,2,,,50,50,1,6,4,120.624252,24.343897,3
11179,66000,387130000C,(04)23274275,(04)23288582,2025,09,28,10,53,臺中市,霧峰區,0,0,0,7,,,40,,,,,,,,,,,,,,17,,,,,F06,,,7,,2,,,49,49,1,12,4,120.697101,24.064268,3
11180,66000,387130000C,(04)23274275,(04)23288582,2025,09,28,10,59,臺中市,西區,0,1,0,7,2,6,50,4,8,1,5,4,6,6,4,4,5,4,4,2,17,3,10,5,4,B03,7,5,1,8,2,5,,14,14,1,12,4,120.654826,24.148514,2
11181,66000,387130000C,(04)23274275,(04)23288582,2025,09,28,10,59,臺中市,豐原區,0,1,0,7,2,6,50,4,1,1,5,4,6,6,1,1,10,5,5,2,16,3,10,5,4,B03,7,5,1,10,2,5,,11,11,1,12,4,120.74766,24.266563,2
11182,66000,387130000C,(04)23274275,(04)23288582,2025,09,28,11,0,臺中市,西區,0,0,0,7,3,6,50,3,1,1,5,4,6,6,2,1,10,5,5,2,13,,,,,B03,,,1,,1,,,7,7,1,13,4,120.663459,24.150877,3
11183,66000,387130000C,(04)23274275,(04)23288582,2025,09,28,11,4,臺中市,西區,0,0,0,7,,,50,,,,,,,,,,,,,,30,,,,,B03,,,1,,9,,,50,50,1,12,4,120.660086,24.150287,3
11184,66000,387130000C,(04)23274275,(04)23288582,2025,09,28,11,8,臺中市,西屯區,0,1,0,7,2,6,30,13,9,1,5,4,6,6,4,4,10,5,5,2,12,2,9,4,1,C03,7,9,1,10,2,12,,82,82,1,12,4,120.649752,24.17494,2
11185,66000,387130000C,(04)23274275,(04)23288582,2025,09,28,11,9,臺中市,大里區,0,2,0,7,3,6,30,3,1,1,5,4,6,6,4,4,10,5,5,2,16,2,9,1,1,C03,7,6,1,10,2,12,,14,14,1,13,4,120.70054,24.092108,2
11186,66000,387130000C,(04)23274275,(04)23288582,2025,09,28,11,11,臺中市,北屯區,0,0,0,7,,,50,,,,,,,,,,,,,,13,,,,,B02,,,1,,1,,,7,7,1,12,4,120.686673,24.199244,3
11187,66000,387130000C,(04)23274275,(04)23288582,2025,09,28,11,11,臺中市,烏日區,0,0,0,7,,,50,,,,,,,,,,,,,,14,,,,,B03,,,1,,2,,,49,49,1,6,4,120.624182,24.102695,3
11188,66000,387130000C,(04)23274275,(04)23288582,2025,09,28,11,14,臺中市,豐原區,0,2,0,7,2,6,50,13,7,1,5,4,6,6,2,1,5,5,4,2,18,2,9,1,1,C03,7,15,1,10,2,12,,84,84,1,12,4,120.720451,24.243411,2
11189,66000,387130000C,(04)23274275,(04)23288582,2025,09,28,11,19,臺中市,豐原區,0,1,0,7,2,6,40,13,8,1,5,4,6,6,4,4,9,5,4,2,18,2,7,5,4,C04,7,9,1,10,2,16,,84,84,1,13,4,120.70876,24.255182,2
11190,66000,387130000C,(04)23274275,(04)23288582,2025,09,28,11,22,臺中市,烏日區,0,0,0,7,,,60,,,,,,,,,,,,,,,,,,,B03,,,1,,2,,,59,59,1,12,4,120.627945,24.104416,3
11191,66000,387130000C,(04)23274275,(04)23288582,2025,09,28,11,30,臺中市,太平區,0,0,0,7,,,30,,,,,,,,,,,,,,,,,,,B03,,,1,,1,,,84,84,1,12,4,120.723378,24.142877,3
11192,66000,387130000C,(04)23274275,(04)23288582,2025,09,28,11,31,臺中市,東區,0,1,0,7,2,6,50,4,1,1,5,4,6,6,4,4,10,5,5,2,16,3,10,3,1,B03,7,5,1,8,2,2,,11,11,1,12,4,120.693535,24.126554,2
11193,66000,387130000C,(04)23274275,(04)23288582,2025,09,28,11,34,臺中市,西區,0,1,0,7,3,6,30,4,1,1,5,4,6,6,4,4,10,5,5,2,15,3,10,1,1,C03,7,9,1,10,2,12,,15,15,1,6,4,120.660749,24.149604,2
11194,66000,387130000C,(04)23274275,(04)23288582,2025,09,28,11,45,臺中市,潭子區,0,1,0,7,3,6,50,5,1,1,5,4,6,6,1,1,5,4,5,2,17,2,8,2,1,C03,7,5,1,10,2,11,,84,84,1,13,4,120.720052,24.191855,2
11195,66000,387130000C,(04)23274275,(04)23288582,2025,09,28,11,48,臺中市,北區,0,0,0,7,,,50,,,,,,,,,,,,,,13,,,,,C03,,,1,,1,,,7,7,1,13,4,120.685279,24.16407,3
11196,66000,387130000C,(04)23274275,(04)23288582,2025,09,28,11,48,臺中市,北屯區,0,1,0,7,2,6,50,13,9,1,5,4,6,6,4,4,4,5,5,2,17,2,9,2,1,C03,7,1,1,10,2,11,14,51,51,1,13,4,120.670914,24.17498,2
11197,66000,387130000C,(04)23274275,(04)23288582,2025,09,28,11,57,臺中市,西屯區,0,0,0,7,,,50,,,,,,,,,,,,,,13,,,,,B11,,,1,,1,,,59,59,1,12,4,120.657662,24.196034,3
11198,66000,387130000C,(04)23274275,(04)23288582,2025,09,28,12,0,臺中市,大雅區,0,0,0,7,,,50,,,,,,,,,,,,,,,,,,,B03,,,1,,2,,,84,84,1,13,4,120.668336,24.218562,3
11199,66000,387130000C,(04)23274275,(04)23288582,2025,09,28,12,0,臺中市,太平區,0,1,0,7,2,6,50,3,9,1,5,4,6,6,4,4,5,5,5,2,13,2,9,2,1,C03,7,9,3,19,2,12,14,84,84,1,12,4,120.720445,24.154584,2
11200,66000,387130000C,(04)23274275,(04)23288582,2025,09,28,12,3,臺中市,北屯區,0,0,0,7,,,50,,,,,,,,,,,,,,13,,,,,B03,,,1,,1,,,84,84,1,12,4,120.713742,24.164237,3
11201,66000,387130000C,(04)23274275,(04)23288582,2025,09,28,12,5,臺中市,豐原區,0,1,0,7,2,6,50,4,1,1,5,4,6,6,1,1,1,4,4,2,16,2,2,3,1,B03,7,5,1,8,2,2,,11,11,1,12,4,120.712947,24.262177,2
11202,66000,387130000C,(04)23274275,(04)23288582,2025,09,28,12,8,臺中市,龍井區,0,0,0,7,,,50,,,,,,,,,,,,,,13,,,,,B03,,,1,,2,,,8,8,1,6,4,120.524448,24.210625,3
11203,66000,387130000C,(04)23274275,(04)23288582,2025,09,28,12,10,臺中市,西屯區,0,0,0,7,,,50,,,,,,,,,,,,,,17,,,,,,,,,,,,,119,119,1,,,120.621448,24.187557,3
11204,66000,387130000C,(04)23274275,(04)23288582,2025,09,28,12,10,臺中市,東勢區,0,0,0,7,,,50,,,,,,,,,,,,,,,,,,,B12,,,1,,1,,,84,84,1,12,4,120.832409,24.247516,3
11205,66000,387130000C,(04)23274275,(04)23288582,2025,09,28,12,11,臺中市,西區,0,0,0,7,,,40,,,,,,,,,,,,,,17,,,,,B03,,,1,,11,,,84,84,1,12,4,120.656976,24.141678,3
11206,66000,387130000C,(04)23274275,(04)23288582,2025,09,28,12,15,臺中市,南屯區,0,0,0,7,3,6,50,13,9,1,5,4,,6,4,4,3,4,5,2,12,,,,,B03,,,1,,9,,,50,50,2,12,4,120.639524,24.142035,3
11207,66000,387130000C,(04)23274275,(04)23288582,2025,09,28,12,20,臺中市,大里區,0,3,0,7,2,6,60,4,2,1,5,4,6,6,1,1,1,2,4,2,13,2,9,1,1,C03,7,9,1,10,2,11,,7,7,1,13,4,120.669843,24.103482,2
11208,66000,387130000C,(04)23274275,(04)23288582,2025,09,28,12,23,臺中市,南屯區,0,0,0,7,,,50,,,,,,,,,,,,,,,,,,,B12,,,1,,1,,,49,49,1,13,4,120.650135,24.12973,3
11209,66000,387130000C,(04)23274275,(04)23288582,2025,09,28,12,27,臺中市,西屯區,0,0,0,7,,,30,,,,,,,,,,,,,,12,,,,,B02,,,1,,2,,,50,50,1,12,4,120.658112,24.159473,3
11210,66000,387130000C,(04)23274275,(04)23288582,2025,09,28,12,29,臺中市,北屯區,0,2,0,7,3,6,50,4,1,1,5,4,6,6,1,1,10,5,5,2,16,3,10,3,1,B03,7,5,1,8,2,2,,11,11,1,6,4,120.694687,24.175451,2
11211,66000,387130000C,(04)23274275,(04)23288582,2025,09,28,12,31,臺中市,南區,0,1,0,7,2,6,50,13,9,1,5,4,6,6,4,4,5,4,5,2,13,3,10,3,1,B03,7,9,1,8,2,2,,84,84,1,6,4,120.662913,24.116938,2
11212,66000,387130000C,(04)23274275,(04)23288582,2025,09,28,12,31,臺中市,南區,0,0,0,7,,,50,,,,,,,,,,,,,,,,,,,C03,,,1,,1,,,59,59,1,13,4,120.657882,24.11706,3
11213,66000,387130000C,(04)23274275,(04)23288582,2025,09,28,12,32,臺中市,南屯區,0,0,0,7,,,50,,,,,,,,,,,,,,,,,,,B12,,,1,,1,,,84,84,1,12,4,120.625839,24.14072,3
11214,66000,387130000C,(04)23274275,(04)23288582,2025,09,28,12,34,臺中市,大雅區,0,2,0,7,3,6,30,4,1,1,5,4,6,6,1,1,10,5,5,1,15,3,10,3,1,B03,7,9,1,8,1,4,,21,21,1,13,4,120.662693,24.220265,2
11215,66000,387130000C,(04)23274275,(04)23288582,2025,09,28,12,39,臺中市,新社區,0,0,0,7,,,50,,,,,,,,,,,,,,,,,,,B12,,,1,,1,,,84,84,1,12,4,120.797475,24.202932,3
11216,66000,387130000C,(04)23274275,(04)23288582,2025,09,28,12,40,臺中市,龍井區,0,2,0,6,3,6,50,4,1,1,5,4,6,6,1,1,10,5,5,2,16,3,10,1,1,C03,7,6,1,10,2,14,,20,20,1,6,4,120.545522,24.209498,2
11217,66000,387130000C,(04)23274275,(04)23288582,2025,09,28,12,40,臺中市,清水區,0,1,0,7,3,6,50,4,1,1,5,4,6,6,4,4,5,5,5,1,17,3,10,3,1,B03,7,9,1,8,2,1,,15,15,1,12,4,120.556441,24.262153,2
11218,66000,387130000C,(04)23274275,(04)23288582,2025,09,28,12,48,臺中市,南屯區,0,0,0,7,,,50,,,,,,,,,,,,,,,,,,,C03,,,1,,1,,,59,59,1,12,4,120.646437,24.137585,3
11219,66000,387130000C,(04)23274275,(04)23288582,2025,09,28,12,54,臺中市,太平區,0,0,0,7,,,50,,,,,,,,,,,,,,14,,,,,B03,,,1,,2,,,49,49,1,13,4,120.715289,24.146912,3
11220,66000,387130000C,(04)23274275,(04)23288582,2025,09,28,12,55,臺中市,西屯區,0,0,0,7,,,30,,,,,,,,,,,,,,7,,,,,B03,,,1,,1,,,59,59,1,13,4,120.650524,24.170449,3
11221,66000,387130000C,(04)23274275,(04)23288582,2025,09,28,12,57,臺中市,外埔區,0,0,0,7,2,6,50,4,1,1,5,4,6,6,1,1,5,5,5,1,17,3,10,2,1,C03,7,1,1,10,2,11,,51,51,1,12,4,120.663004,24.340197,3
11222,66000,387130000C,(04)23274275,(04)23288582,2025,09,28,13,1,臺中市,豐原區,0,0,0,7,,,50,,,,,,,,,,,,,,13,,,,,B12,,,1,,2,,,7,7,1,12,4,120.715278,24.256103,3
11223,66000,387130000C,(04)23274275,(04)23288582,2025,09,28,13,6,臺中市,北屯區,0,2,0,7,3,6,50,3,1,1,5,4,6,6,4,4,10,5,5,2,16,2,8,2,1,C03,7,1,1,10,2,12,,51,51,1,12,4,120.706153,24.165527,2
11224,66000,387130000C,(04)23274275,(04)23288582,2025,09,28,13,6,臺中市,西屯區,0,0,0,7,,,60,,,,,,,,,,,,,,12,,,,,A04,,,1,,2,,,40,40,1,12,4,120.638697,24.169617,3
11225,66000,387130000C,(04)23274275,(04)23288582,2025,09,28,13,12,臺中市,沙鹿區,0,0,0,7,,,50,,,,,,,,,,,,,,13,,,,,B03,,,1,,1,,,7,7,1,6,4,120.560445,24.240846,3
11226,66000,387130000C,(04)23274275,(04)23288582,2025,09,28,13,14,臺中市,潭子區,0,1,0,7,3,6,30,11,9,1,5,4,6,6,4,4,10,5,5,1,17,3,10,3,1,B03,7,9,1,8,2,4,,41,41,1,13,4,120.682564,24.213134,2
11227,66000,387130000C,(04)23274275,(04)23288582,2025,09,28,13,17,臺中市,太平區,0,0,0,7,,,30,,,,,,,,,,,,,,,,,,,B03,,,1,,2,,,84,84,1,12,4,120.729292,24.153605,3
11228,66000,387130000C,(04)23274275,(04)23288582,2025,09,28,13,17,臺中市,清水區,0,0,0,7,,,50,,,,,,,,,,,,,,,,,,,B03,,,1,,11,,,87,87,1,12,4,120.575834,24.271681,3
11229,66000,387130000C,(04)23274275,(04)23288582,2025,09,28,13,22,臺中市,東區,0,0,0,7,,,50,,,,,,,,,,,,,,,,,,,B03,,,1,,1,,,7,7,1,6,4,120.709269,24.135319,3
11230,66000,387130000C,(04)23274275,(04)23288582,2025,09,28,13,25,臺中市,龍井區,0,2,0,7,2,6,40,13,8,1,5,4,6,6,4,4,3,5,5,2,13,2,9,2,1,C03,7,9,1,10,2,11,,7,7,1,6,4,120.591246,24.183591,2
11231,66000,387130000C,(04)23274275,(04)23288582,2025,09,28,13,26,臺中市,北屯區,0,0,0,7,,,0,,,,,,,,,,,,,,24,,,,,B02,,,1,8,9,,,84,84,1,6,4,120.701975,24.180216,3
11232,66000,387130000C,(04)23274275,(04)23288582,2025,09,28,13,28,臺中市,南區,0,1,0,7,2,6,50,4,2,1,5,4,6,6,1,1,10,5,5,2,17,3,10,3,1,B03,7,15,1,8,2,8,,84,84,1,13,4,120.683682,24.130303,2
11233,66000,387130000C,(04)23274275,(04)23288582,2025,09,28,13,28,臺中市,太平區,0,1,0,7,2,6,50,3,2,1,5,4,6,6,4,4,5,4,5,1,16,3,10,3,1,B03,7,5,1,8,2,6,,47,47,1,12,4,120.715315,24.126943,2
11234,66000,387130000C,(04)23274275,(04)23288582,2025,09,28,13,29,臺中市,南屯區,0,2,0,7,3,6,50,4,1,1,5,4,6,6,2,1,10,5,5,2,15,2,9,5,4,B03,7,9,1,8,2,1,,21,21,1,6,4,120.635014,24.152599,2
11235,66000,387130000C,(04)23274275,(04)23288582,2025,09,28,13,29,臺中市,北屯區,0,0,0,7,,,30,,,,,,,,,,,,,,14,,,,,B03,,,1,,9,,,49,49,1,6,4,120.700632,24.175042,3
11236,66000,387130000C,(04)23274275,(04)23288582,2025,09,28,13,33,臺中市,大甲區,0,1,0,7,2,6,70,11,8,1,5,4,6,6,4,4,1,4,4,1,14,3,10,3,1,B12,7,2,1,8,2,6,,49,49,1,6,4,120.641398,24.401665,2
11237,66000,387130000C,(04)23274275,(04)23288582,2025,09,28,13,35,臺中市,清水區,0,0,0,7,,,50,,,,,,,,,,,,,,17,,,,,A11,,,1,,9,,,85,85,1,12,4,120.548316,24.264322,3
11238,66000,387130000C,(04)23274275,(04)23288582,2025,09,28,13,37,臺中市,東區,0,0,0,7,,,50,,,,,,,,,,,,,,12,,,,,C03,,,1,,1,,,84,84,1,12,4,120.683186,24.134218,3
11239,66000,387130000C,(04)23274275,(04)23288582,2025,09,28,13,37,臺中市,龍井區,0,0,0,7,,,50,,,,,,,,,,,,,,13,,,,,B03,,,1,,1,,,51,51,1,6,4,120.545876,24.193159,3
11240,66000,387130000C,(04)23274275,(04)23288582,2025,09,28,13,45,臺中市,西區,0,0,0,7,,,50,,,,,,,,,,,,,,13,,,,,B01,,,1,,1,,,84,84,1,12,4,120.657726,24.147972,3
11241,66000,387130000C,(04)23274275,(04)23288582,2025,09,28,13,46,臺中市,清水區,0,0,0,7,,,30,,,,,,,,,,,,,,,,,,,B03,,,1,,2,,,51,51,1,12,4,120.582399,24.289844,4
11242,66000,387130000C,(04)23274275,(04)23288582,2025,09,28,13,51,臺中市,北屯區,0,0,0,7,,,50,,,,,,,,,,,,,,14,,,,,B03,,,1,,2,,,49,49,1,12,4,120.682428,24.184939,3
11243,66000,387130000C,(04)23274275,(04)23288582,2025,09,28,13,51,臺中市,大甲區,0,1,0,7,2,6,50,4,1,1,5,4,6,6,1,1,5,5,4,1,18,2,9,2,1,C03,7,5,1,10,2,11,,22,22,1,6,4,120.624592,24.340723,2
11244,66000,387130000C,(04)23274275,(04)23288582,2025,09,28,13,52,臺中市,南區,0,0,0,7,,,50,,,,,,,,,,,,,,14,,,,,B03,,,1,,1,,,49,49,1,6,4,120.667513,24.128507,3
11245,66000,387130000C,(04)23274275,(04)23288582,2025,09,28,13,56,臺中市,西屯區,0,0,0,7,,,50,,,,,,,,,,,,,,13,,,,,B03,,,1,,2,,,59,59,1,12,4,120.657466,24.158388,3
11246,66000,387130000C,(04)23274275,(04)23288582,2025,09,28,14,10,臺中市,豐原區,0,0,0,7,,,50,,,,,,,,,,,,,,16,,,,,B03,,,1,,2,,,51,51,1,12,4,120.708434,24.250057,3
11247,66000,387130000C,(04)23274275,(04)23288582,2025,09,28,14,10,臺中市,豐原區,0,0,0,7,,,40,,,,,,,,,,,,,,17,,,,,B03,,,1,,2,,,8,8,1,13,4,120.725924,24.256836,3
11248,66000,387130000C,(04)23274275,(04)23288582,2025,09,28,14,16,臺中市,西區,0,0,0,7,,,50,,,,,,,,,,,,,,30,,,,,B03,,,1,,2,,,51,51,1,6,4,120.661314,24.155564,3
11249,66000,387130000C,(04)23274275,(04)23288582,2025,09,28,14,20,臺中市,太平區,0,1,0,7,2,6,50,4,1,1,5,4,6,6,1,1,10,5,5,2,16,2,8,2,1,C03,7,6,1,10,2,13,,48,48,1,13,4,120.718231,24.148836,2
11250,66000,387130000C,(04)23274275,(04)23288582,2025,09,28,14,21,臺中市,西區,0,1,0,7,3,6,40,18,8,1,5,4,6,6,4,4,10,5,1,2,13,3,10,3,1,B03,7,9,1,8,2,1,,7,7,1,12,4,120.659183,24.157013,2
11251,66000,387130000C,(04)23274275,(04)23288582,2025,09,28,14,21,臺中市,西屯區,0,0,0,7,,,50,,,,,,,,,,,,,,12,,,,,B03,,,1,,1,,,8,8,1,12,4,120.642717,24.164118,3
11252,66000,387130000C,(04)23274275,(04)23288582,2025,09,28,14,26,臺中市,大雅區,0,0,0,7,,,0,,,,,,,,,,,,,,14,,,,,B03,,,1,,9,,,49,49,1,13,4,120.666204,24.235195,3
11253,66000,387130000C,(04)23274275,(04)23288582,2025,09,28,14,26,臺中市,南屯區,0,0,0,7,3,6,50,13,9,1,5,4,6,6,4,4,5,4,5,2,12,,,,,C03,,,1,,1,,,40,40,1,12,4,120.650841,24.146981,3
11254,66000,387130000C,(04)23274275,(04)23288582,2025,09,28,14,28,臺中市,北區,0,1,0,7,2,6,50,3,2,1,5,4,6,6,2,1,10,5,5,2,12,3,10,3,1,B03,7,5,1,8,2,5,,84,84,1,13,4,120.680674,24.162979,2
11255,66000,387130000C,(04)23274275,(04)23288582,2025,09,28,14,34,臺中市,烏日區,0,0,0,7,,,50,,,,,,,,,,,,,,,,,,,B03,,,1,,1,,,84,84,1,13,4,120.626121,24.110531,3
11256,66000,387130000C,(04)23274275,(04)23288582,2025,09,28,14,37,臺中市,東區,0,0,0,7,,,50,,,,,,,,,,,,,,,,,,,B03,,,1,,1,,,82,82,1,6,4,120.685949,24.140137,3
11257,66000,387130000C,(04)23274275,(04)23288582,2025,09,28,14,37,臺中市,南屯區,0,0,0,7,,,50,,,,,,,,,,,,,,13,,,,,B03,,,1,,1,,,59,59,1,12,4,120.6375,24.151435,3
11258,66000,387130000C,(04)23274275,(04)23288582,2025,09,28,14,38,臺中市,南區,0,1,0,7,3,6,50,4,1,1,5,4,6,6,4,4,10,5,5,2,13,3,10,2,1,C03,7,9,1,10,2,11,,7,7,1,13,4,120.684321,24.130622,2
11259,66000,387130000C,(04)23274275,(04)23288582,2025,09,28,14,50,臺中市,潭子區,0,1,0,7,3,6,50,11,14,1,5,4,6,6,4,4,9,5,5,1,19,2,9,1,1,C03,7,9,1,10,2,11,,84,84,1,13,4,120.678793,24.223049,2
11260,66000,387130000C,(04)23274275,(04)23288582,2025,09,28,14,50,臺中市,東勢區,0,0,0,7,2,6,60,3,1,1,5,4,6,6,1,1,10,5,5,2,17,,,,,B03,,,1,,2,,,47,47,1,12,4,120.824734,24.25694,3
11261,66000,387130000C,(04)23274275,(04)23288582,2025,09,28,14,51,臺中市,西屯區,0,2,0,7,2,6,50,4,9,1,5,4,6,6,2,1,10,5,5,2,16,3,10,5,4,B03,7,5,1,8,2,2,,11,11,1,12,4,120.635798,24.18195,2
11262,66000,387130000C,(04)23274275,(04)23288582,2025,09,28,14,52,臺中市,南屯區,0,0,0,7,,,50,,,,,,,,,,,,,,,,,,,B03,,,1,,1,,,50,50,1,6,4,120.629286,24.150923,3
11263,66000,387130000C,(04)23274275,(04)23288582,2025,09,28,14,52,臺中市,北屯區,0,0,0,7,,,50,,,,,,,,,,,,,,13,,,,,B03,,,1,,2,,,7,7,1,13,4,120.667513,24.179744,3
11264,66000,387130000C,(04)23274275,(04)23288582,2025,09,28,14,54,臺中市,烏日區,0,0,0,7,,,50,,,,,,,,,,,,,,13,,,,,B02,,,1,,2,,,7,7,1,6,4,120.59373,24.108981,3
11265,66000,387130000C,(04)23274275,(04)23288582,2025,09,28,15,0,臺中市,南屯區,0,0,0,7,,,50,,,,,,,,,,,,,,,,,,,B03,,,1,,11,,,84,84,1,12,4,120.614529,24.145284,3
11266,66000,387130000C,(04)23274275,(04)23288582,2025,09,28,15,2,臺中市,西屯區,0,1,0,7,3,6,50,3,1,1,5,4,6,6,2,1,3,4,5,2,17,3,10,5,4,C03,7,1,1,10,2,11,,51,51,1,13,2,120.643801,24.163405,2
11267,66000,387130000C,(04)23274275,(04)23288582,2025,09,28,15,5,臺中市,太平區,0,1,0,7,2,6,50,4,4,1,5,4,6,6,1,1,5,4,5,2,13,2,9,1,1,C03,7,9,1,10,2,11,,84,84,1,5,4,120.714118,24.149182,2
11268,66000,387130000C,(04)23274275,(04)23288582,2025,09,28,15,8,臺中市,大里區,0,1,0,7,2,6,40,4,1,1,5,4,6,6,1,1,10,5,5,2,18,2,9,1,1,C03,7,9,1,10,2,14,,84,84,1,13,4,120.708958,24.082644,2
11269,66000,387130000C,(04)23274275,(04)23288582,2025,09,28,15,11,臺中市,東區,0,0,0,7,,,40,,,,,,,,,,,,,,12,,,,,,,,,,,,,119,119,1,,,120.690421,24.125464,3
11270,66000,387130000C,(04)23274275,(04)23288582,2025,09,28,15,21,臺中市,太平區,0,3,0,7,2,6,50,5,1,1,5,4,6,6,2,1,5,5,5,1,13,2,9,2,1,C03,7,9,1,10,2,11,,85,85,1,12,4,120.722269,24.11251,2
11271,66000,387130000C,(04)23274275,(04)23288582,2025,09,28,15,22,臺中市,南區,0,0,0,7,,,50,,,,,,,,,,,,,,17,,,,,B03,,,1,,2,,,56,56,1,12,4,120.681013,24.118805,4
11272,66000,387130000C,(04)23274275,(04)23288582,2025,09,28,15,25,臺中市,北區,0,0,0,7,,,40,,,,,,,,,,,,,,,,,,,B03,,,1,,1,,,51,51,1,12,4,120.68075,24.148919,3
11273,66000,387130000C,(04)23274275,(04)23288582,2025,09,28,15,30,臺中市,沙鹿區,0,0,0,7,,,50,,,,,,,,,,,,,,13,,,,,B03,,,1,,2,,,7,7,1,6,4,120.568198,24.254644,3
11274,66000,387130000C,(04)23274275,(04)23288582,2025,09,28,15,32,臺中市,西屯區,0,2,0,7,2,6,40,4,1,1,5,4,6,6,2,1,10,5,5,2,13,2,9,1,1,C03,7,9,5,19,2,11,,7,7,1,13,4,120.646454,24.164454,2
11275,66000,387130000C,(04)23274275,(04)23288582,2025,09,28,15,34,臺中市,北區,0,0,0,7,,,50,,,,,,,,,,,,,,13,,,,,B01,,,1,,2,,,59,59,1,13,4,120.681481,24.148709,3