﻿序號,縣市別代碼,機關代碼,市話,傳真,年,月,日,時,分,縣市,區,死亡數量,受傷數量,2-30,天候,道路照明設備,道路類別,道路速限,道路型態,事故位置,路面鋪裝,路面狀態,路面缺陷,障礙物,視距,號誌種類,號誌動作,分向設施,快車道或一般車道間,快慢車道間,路面邊線,事故類型及型態,受傷程度,主要傷處,保護裝備,行動電話或功能裝置,當事者區分_類別,車輛用途,當事者行動狀態,駕照狀態,駕照種類,飲酒情形,車輛撞擊部位最初,車輛撞擊部位其他,肇事因素個別,肇事因素主要,肇事逃逸,職業,共享經濟或外送平台,GPS座標X,GPS座標Y,事故類別
11276,66000,387130000C,(04)23274275,(04)23288582,2025,09,28,15,35,臺中市,太平區,0,0,0,7,,,30,,,,,,,,,,,,,,10,,,,,C03,,,1,,2,,,47,47,1,13,4,120.719896,24.147722,3
11277,66000,387130000C,(04)23274275,(04)23288582,2025,09,28,15,36,臺中市,大里區,0,0,0,7,,,50,,,,,,,,,,,,,,17,,,,,B03,,,1,,2,,,8,8,1,13,4,120.684191,24.115307,3
11278,66000,387130000C,(04)23274275,(04)23288582,2025,09,28,15,39,臺中市,北屯區,0,0,0,7,,,50,,,,,,,,,,,,,,14,,,,,B03,,,1,,1,,,49,49,1,12,4,120.659534,24.190875,3
11279,66000,387130000C,(04)23274275,(04)23288582,2025,09,28,15,40,臺中市,中區,0,0,0,7,,,50,,,,,,,,,,,,,,17,,,,,B03,,,1,,1,,,1,1,1,12,4,120.684466,24.137462,3
11280,66000,387130000C,(04)23274275,(04)23288582,2025,09,28,15,44,臺中市,南屯區,0,2,0,7,3,6,50,4,1,1,5,4,6,6,2,1,10,5,5,2,16,3,10,2,4,C03,7,5,1,10,2,12,,47,47,1,6,4,120.653329,24.128826,2
11281,66000,387130000C,(04)23274275,(04)23288582,2025,09,28,15,50,臺中市,北屯區,0,0,0,7,,,50,,,,,,,,,,,,,,13,,,,,B03,,,1,,1,,,7,7,1,6,4,120.70015,24.182766,3
11282,66000,387130000C,(04)23274275,(04)23288582,2025,09,28,15,50,臺中市,清水區,0,1,0,7,3,6,50,13,8,1,5,4,6,6,4,4,1,4,4,2,17,2,7,6,1,F01,7,9,7,21,2,11,,7,7,1,12,4,120.573953,24.265608,2
11283,66000,387130000C,(04)23274275,(04)23288582,2025,09,28,15,52,臺中市,西屯區,0,1,0,7,2,6,50,13,9,1,5,4,6,6,4,4,1,4,5,2,17,2,7,2,1,C03,7,5,1,10,2,12,,8,8,1,12,2,120.646508,24.154695,2
11284,66000,387130000C,(04)23274275,(04)23288582,2025,09,28,15,53,臺中市,北屯區,0,1,0,7,3,6,50,3,1,1,5,4,6,6,3,1,10,5,5,2,16,3,10,3,1,B03,7,5,1,8,2,2,,84,84,1,6,4,120.738212,24.176321,2
11285,66000,387130000C,(04)23274275,(04)23288582,2025,09,28,15,54,臺中市,南屯區,0,0,0,7,,,50,,,,,,,,,,,,,,17,,,,,B03,,,1,,2,,,51,51,1,12,4,120.626028,24.143859,3
11286,66000,387130000C,(04)23274275,(04)23288582,2025,09,28,16,2,臺中市,西屯區,0,0,0,7,,,50,,,,,,,,,,,,,,16,,,,,B03,,,1,,1,,,14,14,1,12,4,120.642386,24.162285,3
11287,66000,387130000C,(04)23274275,(04)23288582,2025,09,28,16,5,臺中市,南屯區,0,2,0,6,2,6,50,4,1,1,5,4,6,6,1,1,5,5,5,2,16,2,9,1,1,C03,7,11,1,10,2,12,,45,45,1,6,4,120.650622,24.153595,2
11288,66000,387130000C,(04)23274275,(04)23288582,2025,09,28,16,6,臺中市,潭子區,0,1,0,7,3,6,50,13,9,1,5,4,6,6,4,4,3,4,5,2,17,2,9,1,1,C03,7,9,3,19,9,11,,59,59,1,12,4,120.71259,24.221336,2
11289,66000,387130000C,(04)23274275,(04)23288582,2025,09,28,16,8,臺中市,大甲區,0,0,0,7,,,50,,,,,,,,,,,,,,,,,,,C03,,,1,,1,,,20,20,1,6,4,120.626025,24.3558,3
11290,66000,387130000C,(04)23274275,(04)23288582,2025,09,28,16,9,臺中市,西區,0,1,0,7,3,6,50,4,1,1,5,4,6,6,2,1,10,5,5,2,23,2,9,3,1,B03,7,6,1,8,2,8,,59,59,1,6,4,120.666797,24.153156,2
11291,66000,387130000C,(04)23274275,(04)23288582,2025,09,28,16,13,臺中市,清水區,0,0,0,7,,,30,,,,,,,,,,,,,,,,,,,B03,,,1,,2,,,8,8,1,12,4,120.576889,24.302071,3
11292,66000,387130000C,(04)23274275,(04)23288582,2025,09,28,16,17,臺中市,北屯區,0,0,0,7,,,50,,,,,,,,,,,,,,9,,,,,B03,,,1,,9,,,21,21,2,6,4,120.714946,24.174145,3
11293,66000,387130000C,(04)23274275,(04)23288582,2025,09,28,16,19,臺中市,后里區,0,0,0,7,3,6,50,3,1,1,5,4,6,6,4,4,9,5,5,1,13,3,10,1,1,F03,7,6,7,21,2,11,,84,84,1,4,4,120.726833,24.309152,3
11294,66000,387130000C,(04)23274275,(04)23288582,2025,09,28,16,20,臺中市,豐原區,0,0,0,7,,,50,,,,,,,,,,,,,,17,,,,,B03,,,1,,1,,,84,84,2,12,4,120.741573,24.251071,3
11295,66000,387130000C,(04)23274275,(04)23288582,2025,09,28,16,23,臺中市,大里區,0,0,0,7,,,30,,,,,,,,,,,,,,17,,,,,B12,,,1,,2,,,58,58,1,13,4,120.704391,24.09502,3
11296,66000,387130000C,(04)23274275,(04)23288582,2025,09,28,16,24,臺中市,沙鹿區,0,1,0,7,2,6,60,13,9,1,5,4,6,6,1,1,1,4,5,1,13,3,10,3,1,B03,7,9,1,8,2,1,,7,7,1,6,4,120.57515,24.252488,2
11297,66000,387130000C,(04)23274275,(04)23288582,2025,09,28,16,27,臺中市,西屯區,0,0,0,7,,,40,,,,,,,,,,,,,,13,,,,,B03,,,1,,2,,,7,7,1,13,4,120.643474,24.164767,3
11298,66000,387130000C,(04)23274275,(04)23288582,2025,09,28,16,32,臺中市,大里區,0,0,0,7,,,,,,,,,,,,,,,,,17,,,,,,,,,,,,,86,86,1,,,120.680374,24.114941,3
11299,66000,387130000C,(04)23274275,(04)23288582,2025,09,28,16,36,臺中市,南區,0,2,0,7,2,6,50,13,9,1,5,4,6,6,4,4,9,4,5,2,17,2,8,2,1,C03,7,9,1,10,2,12,14,7,7,1,13,4,120.660523,24.115576,2
11300,66000,387130000C,(04)23274275,(04)23288582,2025,09,28,16,37,臺中市,大里區,0,0,0,7,,,50,,,,,,,,,,,,,,12,,,,,F03,,,1,,2,,,71,71,1,13,4,120.685404,24.113255,3
11301,66000,387130000C,(04)23274275,(04)23288582,2025,09,28,16,39,臺中市,北屯區,0,0,0,7,,,50,,,,,,,,,,,,,,13,,,,,B03,,,1,,8,,,53,53,1,6,4,120.710906,24.171911,3
11302,66000,387130000C,(04)23274275,(04)23288582,2025,09,28,16,42,臺中市,后里區,0,0,0,7,,,30,,,,,,,,,,,,,,14,,,,,B03,,,1,,2,,,49,49,1,13,4,120.727029,24.312873,3
11303,66000,387130000C,(04)23274275,(04)23288582,2025,09,28,16,44,臺中市,北區,0,0,0,7,,,50,,,,,,,,,,,,,,,,,,,B03,,,5,,1,,,8,8,1,12,4,120.686163,24.152005,3
11304,66000,387130000C,(04)23274275,(04)23288582,2025,09,28,16,45,臺中市,南屯區,0,2,0,7,3,6,50,4,1,1,5,4,6,6,4,4,9,4,4,2,13,2,9,2,1,C03,7,9,3,19,2,11,,59,59,1,12,4,120.634395,24.155778,2
11305,66000,387130000C,(04)23274275,(04)23288582,2025,09,28,16,48,臺中市,石岡區,0,1,0,7,2,8,10,13,13,1,5,4,6,6,4,4,9,5,5,1,17,3,10,6,4,F01,7,15,7,21,1,15,,84,84,1,12,4,120.774561,24.277898,2
11306,66000,387130000C,(04)23274275,(04)23288582,2025,09,28,16,50,臺中市,霧峰區,0,0,0,7,,,50,,,,,,,,,,,,,,17,,,,,C03,,,1,,2,,,51,51,1,13,4,120.70007,24.074591,4
11307,66000,387130000C,(04)23274275,(04)23288582,2025,09,28,16,59,臺中市,北區,0,0,0,7,,,50,,,,,,,,,,,,,,,,,,,B03,,,1,,1,,,84,84,1,12,4,120.686802,24.154276,3
11308,66000,387130000C,(04)23274275,(04)23288582,2025,09,28,17,0,臺中市,大雅區,0,0,0,7,,,30,,,,,,,,,,,,,,,,,,,B03,,,5,,2,,,45,45,1,13,4,120.655423,24.246713,3
11309,66000,387130000C,(04)23274275,(04)23288582,2025,09,28,17,0,臺中市,龍井區,0,1,0,7,1,6,30,13,9,1,5,4,6,6,4,4,10,5,5,2,13,3,10,3,1,B03,7,9,1,8,2,1,,7,7,1,6,4,120.585433,24.184379,2
11310,66000,387130000C,(04)23274275,(04)23288582,2025,09,28,17,3,臺中市,南區,0,1,0,7,3,6,50,4,9,1,5,4,6,6,2,1,5,5,5,2,18,2,9,5,4,F01,7,9,7,21,2,15,,84,84,1,12,4,120.665791,24.123484,2
11311,66000,387130000C,(04)23274275,(04)23288582,2025,09,28,17,5,臺中市,龍井區,0,1,0,7,1,6,50,4,1,1,5,4,6,6,4,4,10,5,5,2,17,3,10,3,1,B03,7,1,1,8,2,8,,51,51,1,6,4,120.586557,24.181516,2
11312,66000,387130000C,(04)23274275,(04)23288582,2025,09,28,17,10,臺中市,龍井區,0,1,0,7,1,6,30,11,9,1,5,4,6,6,4,4,10,5,5,1,19,2,9,1,1,C03,7,6,1,10,2,11,,43,43,1,6,4,120.575712,24.189374,2
11313,66000,387130000C,(04)23274275,(04)23288582,2025,09,28,17,11,臺中市,豐原區,0,0,0,7,,,30,,,,,,,,,,,,,,11,,,,,B03,,,1,,2,,,8,8,1,12,4,120.704203,24.231586,3
11314,66000,387130000C,(04)23274275,(04)23288582,2025,09,28,17,12,臺中市,南屯區,0,0,0,7,,,50,,,,,,,,,,,,,,17,,,,,B03,,,1,,2,,,49,49,1,6,4,120.631115,24.150725,3
11315,66000,387130000C,(04)23274275,(04)23288582,2025,09,28,17,12,臺中市,西屯區,0,0,0,7,,,70,,,,,,,,,,,,,,13,,,,,B03,,,1,,1,,,59,59,1,12,4,120.644745,24.194838,3
11316,66000,387130000C,(04)23274275,(04)23288582,2025,09,28,17,30,臺中市,中區,0,0,0,7,,,50,,,,,,,,,,,,,,12,,,,,A04,,,1,,2,,,8,8,1,12,4,120.683232,24.141396,3
11317,66000,387130000C,(04)23274275,(04)23288582,2025,09,28,17,33,臺中市,大雅區,0,0,0,7,,,0,,,,,,,,,,,,,,14,,,,,C03,,,1,,2,,,49,49,1,12,2,120.648324,24.226293,3
11318,66000,387130000C,(04)23274275,(04)23288582,2025,09,28,17,34,臺中市,烏日區,0,0,0,7,,,50,,,,,,,,,,,,,,,,,,,B03,,,1,,2,,,8,8,1,6,4,120.624982,24.106281,3
11319,66000,387130000C,(04)23274275,(04)23288582,2025,09,28,17,36,臺中市,大里區,0,2,0,7,3,6,50,3,1,1,5,4,6,6,2,1,5,4,5,1,16,2,9,5,4,C03,7,1,1,10,2,14,,26,26,1,13,4,120.695718,24.104344,2
11320,66000,387130000C,(04)23274275,(04)23288582,2025,09,28,17,37,臺中市,西區,0,1,0,7,2,6,50,5,2,1,5,4,6,6,1,1,10,5,5,2,18,2,8,5,4,C03,7,1,1,10,2,14,,84,84,1,13,4,120.665141,24.137521,2
11321,66000,387130000C,(04)23274275,(04)23288582,2025,09,28,17,40,臺中市,霧峰區,0,0,0,6,,,40,,,,,,,,,,,,,,17,,,,,B03,,,1,,2,,,20,20,1,13,4,120.715098,24.074134,3
11322,66000,387130000C,(04)23274275,(04)23288582,2025,09,28,17,40,臺中市,清水區,0,0,0,7,,,50,,,,,,,,,,,,,,17,,,,,B03,,,1,,2,,,45,45,1,12,4,120.578713,24.269497,3
11323,66000,387130000C,(04)23274275,(04)23288582,2025,09,28,17,41,臺中市,南屯區,0,2,0,7,1,6,50,4,9,1,5,4,6,6,4,4,5,5,5,2,15,3,10,3,1,B03,7,9,1,8,2,4,,20,20,1,12,4,120.650584,24.133529,2
11324,66000,387130000C,(04)23274275,(04)23288582,2025,09,28,17,45,臺中市,大甲區,0,0,0,7,,,70,,,,,,,,,,,,,,13,,,,,C03,,,1,,1,,,7,7,1,6,4,120.648308,24.376176,3
11325,66000,387130000C,(04)23274275,(04)23288582,2025,09,28,17,47,臺中市,東區,0,1,0,7,3,6,50,18,9,1,5,4,6,6,4,4,5,5,5,2,16,3,10,5,4,B03,7,5,1,8,1,5,,20,20,1,12,4,120.709229,24.140669,2
11326,66000,387130000C,(04)23274275,(04)23288582,2025,09,28,17,47,臺中市,南區,0,0,0,7,,,40,,,,,,,,,,,,,,13,,,,,C03,,,1,,1,,,7,7,1,12,4,120.655776,24.114866,3
11327,66000,387130000C,(04)23274275,(04)23288582,2025,09,28,17,50,臺中市,西區,0,0,0,7,,,50,,,,,,,,,,,,,,10,,,,,B02,,,1,,2,,,4,4,1,12,4,120.662333,24.158275,3
11328,66000,387130000C,(04)23274275,(04)23288582,2025,09,28,17,50,臺中市,后里區,0,3,0,7,3,6,40,11,13,1,5,4,6,6,4,4,5,5,5,1,12,2,9,6,1,F01,7,9,7,21,2,12,,84,84,1,2,4,120.732896,24.290856,2
11329,66000,387130000C,(04)23274275,(04)23288582,2025,09,28,17,53,臺中市,中區,0,0,0,7,3,6,50,4,1,1,5,4,6,6,2,1,10,5,5,2,13,,,,,C03,,,1,,1,,,7,7,1,13,4,120.680235,24.143079,3
11330,66000,387130000C,(04)23274275,(04)23288582,2025,09,28,17,53,臺中市,東區,0,0,0,7,,,50,,,,,,,,,,,,,,12,,,,,C03,,,1,,1,,,39,39,1,13,4,120.705068,24.148288,3
11331,66000,387130000C,(04)23274275,(04)23288582,2025,09,28,17,53,臺中市,后里區,0,1,0,7,1,6,50,13,9,1,5,4,6,6,4,4,9,5,5,1,16,3,10,3,1,B03,7,11,1,8,2,4,,45,45,1,6,4,120.696045,24.31846,2
11332,66000,387130000C,(04)23274275,(04)23288582,2025,09,28,17,58,臺中市,西屯區,0,0,0,7,,,50,,,,,,,,,,,,,,13,,,,,B03,,,1,,1,,,59,59,1,13,4,120.645496,24.163206,3
11333,66000,387130000C,(04)23274275,(04)23288582,2025,09,28,17,59,臺中市,北屯區,0,1,0,7,2,6,50,13,9,1,5,4,6,6,4,4,1,4,5,2,18,2,9,1,1,C03,7,9,1,10,2,12,,84,84,1,12,4,120.680744,24.176034,2
11334,66000,387130000C,(04)23274275,(04)23288582,2025,09,28,18,1,臺中市,豐原區,0,0,0,7,,,50,,,,,,,,,,,,,,17,,,,,B03,,,1,,2,,,84,84,1,12,4,120.717938,24.252256,3
11335,66000,387130000C,(04)23274275,(04)23288582,2025,09,28,18,4,臺中市,西屯區,0,0,0,7,,,50,,,,,,,,,,,,,,13,,,,,B03,,,1,,1,,,87,87,1,12,4,120.639601,24.182748,3
11336,66000,387130000C,(04)23274275,(04)23288582,2025,09,28,18,9,臺中市,中區,0,1,0,7,1,6,50,4,1,1,5,4,6,6,1,1,9,4,5,2,17,3,10,3,1,B03,7,6,1,8,2,5,,11,11,1,12,4,120.678757,24.141681,2
11337,66000,387130000C,(04)23274275,(04)23288582,2025,09,28,18,10,臺中市,大里區,0,0,0,7,,,40,,,,,,,,,,,,,,12,,,,,F03,,,7,,2,,,71,71,1,13,4,120.694668,24.111065,3
11338,66000,387130000C,(04)23274275,(04)23288582,2025,09,28,18,18,臺中市,北屯區,0,0,0,7,,,50,,,,,,,,,,,,,,13,,,,,B03,,,1,8,1,,,84,84,1,6,4,120.682813,24.172958,3
11339,66000,387130000C,(04)23274275,(04)23288582,2025,09,28,18,30,臺中市,西屯區,0,0,0,7,,,50,,,,,,,,,,,,,,17,,,,,B03,,,1,,9,,,51,51,1,12,4,120.59384,24.18435,3
11340,66000,387130000C,(04)23274275,(04)23288582,2025,09,28,18,40,臺中市,烏日區,0,0,0,7,,3,40,,,,,,,,,,,,,,,,,,,B03,,,1,,2,,,7,7,1,13,4,120.614716,24.104906,3
11341,66000,387130000C,(04)23274275,(04)23288582,2025,09,28,18,40,臺中市,神岡區,0,0,0,7,,,1,,,,,,,,,,,,,,13,,,,,B03,,,1,,1,,,56,56,1,12,4,120.658865,24.276816,3
11342,66000,387130000C,(04)23274275,(04)23288582,2025,09,28,18,47,臺中市,南屯區,0,0,0,7,,,50,,,,,,,,,,,,,,14,,,,,B03,,,1,,1,,,49,49,1,12,4,120.639911,24.150002,3
11343,66000,387130000C,(04)23274275,(04)23288582,2025,09,28,18,55,臺中市,太平區,0,0,0,7,,,50,,,,,,,,,,,,,,,,,,,B03,,,1,,2,,,84,84,1,12,4,120.723012,24.133944,3
11344,66000,387130000C,(04)23274275,(04)23288582,2025,09,28,18,58,臺中市,東區,0,1,0,7,1,6,50,4,1,1,5,4,6,6,1,1,9,4,4,2,13,2,9,2,1,C03,7,9,1,10,2,11,,7,7,1,13,4,120.687248,24.130359,2
11345,66000,387130000C,(04)23274275,(04)23288582,2025,09,28,19,4,臺中市,西屯區,0,0,0,7,,,50,,,,,,,,,,,,,,13,,,,,B03,,,1,,2,,,7,7,1,13,4,120.644313,24.171603,3
11346,66000,387130000C,(04)23274275,(04)23288582,2025,09,28,19,15,臺中市,龍井區,0,0,0,6,,,50,,,,,,,,,,,,,,13,,,,,C03,,,1,,2,,,7,7,1,6,4,120.5926,24.181542,3
11347,66000,387130000C,(04)23274275,(04)23288582,2025,09,28,19,20,臺中市,北屯區,0,0,0,7,,,50,,,,,,,,,,,,,,13,,,,,B03,,,1,,1,,,7,7,1,6,4,120.686552,24.195196,3
11348,66000,387130000C,(04)23274275,(04)23288582,2025,09,28,19,20,臺中市,沙鹿區,0,0,0,7,,,50,,,,,,,,,,,,,,11,,,,,C03,,,1,,2,,,6,6,1,12,4,120.560636,24.237882,4
11349,66000,387130000C,(04)23274275,(04)23288582,2025,09,28,19,21,臺中市,北屯區,0,0,0,7,,,50,,,,,,,,,,,,,,13,,,,,B03,,,1,,2,,,59,59,1,12,4,120.686251,24.188697,3
11350,66000,387130000C,(04)23274275,(04)23288582,2025,09,28,19,26,臺中市,豐原區,0,0,0,7,1,6,30,11,9,1,5,4,6,6,4,4,10,5,5,1,19,3,10,5,4,B03,7,9,1,8,8,16,,53,53,1,12,4,120.732747,24.243632,3
11351,66000,387130000C,(04)23274275,(04)23288582,2025,09,28,19,26,臺中市,豐原區,0,0,0,7,,,30,,,,,,,,,,,,,,14,,,,,B03,,,1,,1,,,49,49,1,12,4,120.732498,24.243266,3
11352,66000,387130000C,(04)23274275,(04)23288582,2025,09,28,19,31,臺中市,梧棲區,0,0,0,7,,,30,,,,,,,,,,,,,,14,,,,,B03,,,1,,2,,,50,50,1,12,4,120.554601,24.258234,3
11353,66000,387130000C,(04)23274275,(04)23288582,2025,09,28,19,33,臺中市,北區,0,0,0,7,,,50,,,,,,,,,,,,,,,,,,,B03,,,1,,1,,,7,7,1,12,4,120.674725,24.162554,3
11354,66000,387130000C,(04)23274275,(04)23288582,2025,09,28,19,33,臺中市,清水區,0,0,0,7,,,50,,,,,,,,,,,,,,,,,,,B03,,,1,,2,,,8,8,1,12,4,120.569911,24.276166,3
11355,66000,387130000C,(04)23274275,(04)23288582,2025,09,28,19,36,臺中市,南屯區,0,0,0,7,,,50,,,,,,,,,,,,,,16,,,,,B03,,,1,,2,,,84,84,1,6,4,120.623927,24.153614,3
11356,66000,387130000C,(04)23274275,(04)23288582,2025,09,28,19,38,臺中市,沙鹿區,0,0,0,7,1,6,50,13,9,1,5,4,6,6,3,1,4,5,5,1,12,,,,,C03,,,1,,1,,,4,4,1,12,4,120.573824,24.229068,3
11357,66000,387130000C,(04)23274275,(04)23288582,2025,09,28,19,39,臺中市,北屯區,0,1,0,7,1,6,30,3,1,1,5,4,6,6,4,4,10,5,5,2,17,3,10,3,1,B01,7,5,1,8,2,8,,14,14,1,6,4,120.704854,24.169226,2
11358,66000,387130000C,(04)23274275,(04)23288582,2025,09,28,19,40,臺中市,大甲區,0,1,0,7,1,6,50,4,1,1,5,4,6,6,1,1,10,5,5,2,16,2,9,1,1,C03,7,6,1,10,2,12,,48,48,1,6,4,120.627614,24.351157,2
11359,66000,387130000C,(04)23274275,(04)23288582,2025,09,28,19,59,臺中市,大里區,0,0,0,7,,,50,,,,,,,,,,,,,,16,,,,,C03,,,1,,2,,,11,11,1,13,2,120.694914,24.111444,3
11360,66000,387130000C,(04)23274275,(04)23288582,2025,09,28,20,2,臺中市,南屯區,0,0,0,7,1,6,40,13,8,1,5,4,6,6,4,4,3,4,4,2,12,,,,,C03,,,1,,9,,,59,59,2,12,4,120.640417,24.148367,3
11361,66000,387130000C,(04)23274275,(04)23288582,2025,09,28,20,13,臺中市,潭子區,0,0,0,6,,,40,,,,,,,,,,,,,,,,,,,B03,,,1,,2,,,41,41,1,13,4,120.696587,24.204502,3
11362,66000,387130000C,(04)23274275,(04)23288582,2025,09,28,20,25,臺中市,西屯區,0,1,0,7,1,6,50,3,1,1,5,4,6,6,2,1,10,5,5,2,16,3,10,5,4,B01,7,6,1,4,2,4,,11,11,1,13,4,120.662087,24.165431,2
11363,66000,387130000C,(04)23274275,(04)23288582,2025,09,28,20,29,臺中市,大雅區,0,1,0,7,1,6,50,4,1,1,5,4,6,6,1,1,1,5,5,1,17,3,10,3,1,B03,7,6,1,8,2,5,,11,11,1,13,4,120.645263,24.225553,2
11364,66000,387130000C,(04)23274275,(04)23288582,2025,09,28,20,35,臺中市,南區,0,0,0,7,,,50,,,,,,,,,,,,,,17,,,,,B03,,,1,,2,,,85,85,1,12,4,120.670245,24.114468,3
11365,66000,387130000C,(04)23274275,(04)23288582,2025,09,28,20,38,臺中市,北屯區,0,1,0,7,1,6,50,13,24,1,5,4,6,6,4,4,10,5,5,2,18,2,9,2,1,C03,7,15,1,10,2,14,,84,84,1,12,4,120.686991,24.169031,2
11366,66000,387130000C,(04)23274275,(04)23288582,2025,09,28,20,45,臺中市,大里區,0,0,0,7,,,50,,,,,,,,,,,,,,17,,,,,B03,,,1,,9,,,58,58,1,13,4,120.698143,24.080502,3
11367,66000,387130000C,(04)23274275,(04)23288582,2025,09,28,20,56,臺中市,西屯區,0,0,0,7,,,70,,,,,,,,,,,,,,13,,,,,B03,,,1,,1,,,59,59,1,12,4,120.623946,24.178759,3
11368,66000,387130000C,(04)23274275,(04)23288582,2025,09,28,21,6,臺中市,太平區,0,0,0,7,,,50,,,,,,,,,,,,,,13,,,,,C03,,,1,,1,,,59,59,1,6,4,120.706933,24.159393,3
11369,66000,387130000C,(04)23274275,(04)23288582,2025,09,28,21,12,臺中市,西區,0,1,0,7,1,6,50,4,1,1,5,4,6,6,1,1,10,5,5,2,17,3,10,3,1,B03,7,5,1,4,2,2,,47,47,1,12,4,120.674256,24.14284,2
11370,66000,387130000C,(04)23274275,(04)23288582,2025,09,28,21,13,臺中市,南屯區,0,1,0,6,1,6,50,4,2,1,5,4,6,6,2,1,5,4,4,2,17,2,9,2,1,C03,7,9,1,10,2,11,,7,7,1,12,4,120.640719,24.146487,2
11371,66000,387130000C,(04)23274275,(04)23288582,2025,09,28,21,13,臺中市,大里區,0,0,0,7,,,60,,,,,,,,,,,,,,14,,,,,A05,,,1,,2,,,82,82,1,13,4,120.691723,24.100535,3
11372,66000,387130000C,(04)23274275,(04)23288582,2025,09,28,21,18,臺中市,南區,0,0,0,7,,,50,,,,,,,,,,,,,,14,,,,,B03,,,1,,1,,,49,49,1,13,4,120.683155,24.121419,4
11373,66000,387130000C,(04)23274275,(04)23288582,2025,09,28,21,25,臺中市,潭子區,0,0,0,6,,,50,,,,,,,,,,,,,,,,,,,B03,,,1,,2,,,8,8,1,13,4,120.678006,24.205761,3
11374,66000,387130000C,(04)23274275,(04)23288582,2025,09,28,21,25,臺中市,北區,0,0,0,7,,,50,,,,,,,,,,,,,,,,,,,B03,,,1,,11,,,84,84,1,13,4,120.684955,24.168093,3
11375,66000,387130000C,(04)23274275,(04)23288582,2025,09,28,21,30,臺中市,北區,0,3,0,7,1,6,50,3,1,1,5,4,6,6,4,4,10,5,5,2,16,2,4,1,1,C03,7,6,1,10,2,12,,14,14,1,12,4,120.674282,24.172242,2
11376,66000,387130000C,(04)23274275,(04)23288582,2025,09,28,21,35,臺中市,中區,0,1,0,6,1,6,50,4,1,1,5,4,6,6,1,1,10,5,5,2,17,2,9,1,1,C03,7,9,1,10,2,11,,7,7,1,13,4,120.681997,24.143728,2
11377,66000,387130000C,(04)23274275,(04)23288582,2025,09,28,21,35,臺中市,東區,0,0,0,7,,,50,,,,,,,,,,,,,,14,,,,,B03,,,1,,1,,,49,49,1,13,4,120.703763,24.131367,3
11378,66000,387130000C,(04)23274275,(04)23288582,2025,09,28,21,46,臺中市,沙鹿區,0,0,0,7,,,50,,,,,,,,,,,,,,13,,,,,C03,,,1,,2,,,7,7,1,6,4,120.57478,24.227405,4
11379,66000,387130000C,(04)23274275,(04)23288582,2025,09,28,21,47,臺中市,西屯區,0,0,0,7,,,40,,,,,,,,,,,,,,13,,,,,B01,,,1,,1,,,7,7,1,12,4,120.650341,24.162439,4
11380,66000,387130000C,(04)23274275,(04)23288582,2025,09,28,21,48,臺中市,北區,0,1,0,7,1,6,50,13,9,1,5,4,6,6,4,4,9,5,5,2,18,,,,,,,,,,,,,118,118,1,,,120.682258,24.147281,2
11381,66000,387130000C,(04)23274275,(04)23288582,2025,09,28,22,0,臺中市,西屯區,0,0,0,7,,,50,,,,,,,,,,,,,,,,,,,B03,,,1,,2,,,8,8,1,12,4,120.646226,24.182828,3
11382,66000,387130000C,(04)23274275,(04)23288582,2025,09,28,22,4,臺中市,南屯區,0,0,0,7,,,50,,,,,,,,,,,,,,14,,,,,B03,,,5,,1,,,49,49,1,6,4,120.62617,24.140563,3
11383,66000,387130000C,(04)23274275,(04)23288582,2025,09,28,22,6,臺中市,北區,0,0,0,7,,,30,,,,,,,,,,,,,,14,,,,,B03,,,1,,2,,,49,49,1,13,4,120.679409,24.167632,3
11384,66000,387130000C,(04)23274275,(04)23288582,2025,09,28,22,7,臺中市,西屯區,0,0,0,7,,,50,,,,,,,,,,,,,,13,,,,,B03,,,1,,1,,,57,57,1,12,4,120.641018,24.167806,3
11385,66000,387130000C,(04)23274275,(04)23288582,2025,09,28,22,16,臺中市,南屯區,0,0,0,7,,,50,,,,,,,,,,,,,,,,,,,B03,,,1,,1,,,59,59,1,13,4,120.620707,24.152164,3
11386,66000,387130000C,(04)23274275,(04)23288582,2025,09,28,22,17,臺中市,西屯區,0,1,0,7,1,6,50,13,9,1,5,4,6,6,4,4,5,4,5,2,9,3,10,5,4,B03,7,13,1,8,2,4,,84,84,1,12,4,120.65067,24.157174,2
11387,66000,387130000C,(04)23274275,(04)23288582,2025,09,28,22,26,臺中市,西屯區,0,0,0,7,,,50,,,,,,,,,,,,,,16,,,,,B03,,,1,,1,,,51,51,1,12,4,120.642754,24.164539,3
11388,66000,387130000C,(04)23274275,(04)23288582,2025,09,28,22,28,臺中市,太平區,0,3,0,7,1,6,50,4,1,1,5,4,6,6,1,1,10,5,5,2,17,2,2,5,4,B03,7,6,1,8,2,1,2,11,11,1,6,4,120.716164,24.13343,2
11389,66000,387130000C,(04)23274275,(04)23288582,2025,09,28,22,29,臺中市,梧棲區,0,0,0,7,,,60,,,,,,,,,,,,,,13,,,,,B03,,,1,,2,,,56,56,1,12,4,120.551315,24.244372,3