﻿序號,縣市別代碼,機關代碼,市話,傳真,年,月,日,時,分,縣市,區,死亡數量,受傷數量,2-30,天候,道路照明設備,道路類別,道路速限,道路型態,事故位置,路面鋪裝,路面狀態,路面缺陷,障礙物,視距,號誌種類,號誌動作,分向設施,快車道或一般車道間,快慢車道間,路面邊線,事故類型及型態,受傷程度,主要傷處,保護裝備,行動電話或功能裝置,當事者區分_類別,車輛用途,當事者行動狀態,駕照狀態,駕照種類,飲酒情形,車輛撞擊部位最初,車輛撞擊部位其他,肇事因素個別,肇事因素主要,肇事逃逸,職業,共享經濟或外送平台,GPS座標X,GPS座標Y,事故類別
11390,66000,387130000C,(04)23274275,(04)23288582,2025,09,28,22,47,臺中市,豐原區,0,0,0,7,,,60,,,,,,,,,,,,,,13,,,,,B03,,,1,,1,,,84,84,1,12,4,120.719821,24.263863,4
11391,66000,387130000C,(04)23274275,(04)23288582,2025,09,28,22,50,臺中市,北屯區,0,0,0,7,,,50,,,,,,,,,,,,,,17,,,,,B03,,,1,,1,,,84,84,1,12,4,120.686938,24.197172,3
11392,66000,387130000C,(04)23274275,(04)23288582,2025,09,28,22,50,臺中市,北屯區,0,0,0,7,,,50,,,,,,,,,,,,,,13,,,,,B03,,,1,,1,,,7,7,1,6,4,120.705978,24.16948,3
11393,66000,387130000C,(04)23274275,(04)23288582,2025,09,28,23,9,臺中市,東區,0,3,0,7,1,6,50,4,1,1,5,4,6,6,1,1,10,5,5,2,13,2,9,1,1,C03,7,9,2,19,2,11,,7,7,1,12,4,120.708153,24.140841,2
11394,66000,387130000C,(04)23274275,(04)23288582,2025,09,28,23,20,臺中市,西屯區,0,0,0,7,,,30,,,,,,,,,,,,,,12,,,,,A11,,,,,,,,8,8,1,12,5,120.647832,24.182893,3
11395,66000,387130000C,(04)23274275,(04)23288582,2025,09,28,23,36,臺中市,大雅區,0,1,0,7,1,6,50,13,9,1,5,4,6,6,4,4,5,5,5,1,2,3,10,1,1,C03,7,9,3,19,1,12,,8,8,2,13,4,120.646971,24.218347,2
11396,66000,387130000C,(04)23274275,(04)23288582,2025,09,28,23,40,臺中市,神岡區,0,1,0,7,1,6,30,13,9,1,5,4,6,6,4,4,10,5,5,1,17,2,9,5,4,C03,7,9,3,19,7,12,,53,53,1,12,4,120.651718,24.275406,2
11397,66000,387130000C,(04)23274275,(04)23288582,2025,09,28,23,48,臺中市,北屯區,0,1,0,7,1,6,0,13,21,4,5,4,6,6,4,4,10,5,5,2,18,2,9,1,1,C03,7,9,3,19,1,14,,82,82,1,12,4,120.702122,24.172661,2
11398,66000,387130000C,(04)23274275,(04)23288582,2025,09,29,0,5,臺中市,北區,0,1,0,7,2,6,50,4,1,1,5,4,6,6,1,1,5,4,5,2,18,2,9,1,1,C03,7,9,1,10,2,16,,84,84,1,13,4,120.676911,24.165194,2
11399,66000,387130000C,(04)23274275,(04)23288582,2025,09,29,0,16,臺中市,烏日區,0,1,0,7,1,6,50,13,9,1,5,4,6,6,4,4,10,5,5,2,18,2,7,1,1,C03,7,9,1,10,2,11,12,84,84,1,6,4,120.60319,24.108446,2
11400,66000,387130000C,(04)23274275,(04)23288582,2025,09,29,0,27,臺中市,北屯區,0,0,0,7,,,50,,,,,,,,,,,,,,17,,,,,B03,,,1,,1,,,7,7,1,6,4,120.711955,24.164564,3
11401,66000,387130000C,(04)23274275,(04)23288582,2025,09,29,0,48,臺中市,梧棲區,0,1,0,7,1,6,70,13,14,1,5,4,6,6,4,4,1,3,4,1,12,2,9,1,1,C03,7,9,1,10,2,11,,59,59,1,12,4,120.557712,24.255311,2
11402,66000,387130000C,(04)23274275,(04)23288582,2025,09,29,1,4,臺中市,太平區,0,1,0,7,1,6,40,13,9,1,5,4,6,6,4,4,5,5,5,1,30,2,9,1,1,C03,7,9,1,10,2,11,,84,84,1,12,4,120.780129,24.108804,2
11403,66000,387130000C,(04)23274275,(04)23288582,2025,09,29,1,6,臺中市,后里區,0,1,0,7,1,6,40,13,14,1,5,4,6,6,4,4,1,4,2,1,26,2,9,1,1,C03,7,9,2,19,2,11,,59,59,1,12,4,120.679963,24.308825,2
11404,66000,387130000C,(04)23274275,(04)23288582,2025,09,29,1,27,臺中市,豐原區,0,2,0,7,1,6,50,5,4,1,5,4,6,6,1,1,5,4,4,2,13,2,9,2,1,C03,7,9,1,10,2,11,,59,59,1,12,4,120.717567,24.251864,2
11405,66000,387130000C,(04)23274275,(04)23288582,2025,09,29,1,42,臺中市,北屯區,0,2,0,7,1,6,50,13,7,1,5,4,6,6,4,4,5,2,4,2,13,2,9,1,1,C03,7,9,1,10,2,11,,59,59,1,12,4,120.733278,24.165757,2
11406,66000,387130000C,(04)23274275,(04)23288582,2025,09,29,2,38,臺中市,豐原區,0,1,0,7,2,6,50,3,1,1,5,4,6,6,3,1,10,5,5,2,16,3,10,5,4,B03,7,6,1,8,2,1,,11,11,1,13,4,120.698952,24.246639,2
11407,66000,387130000C,(04)23274275,(04)23288582,2025,09,29,3,52,臺中市,新社區,0,2,0,7,1,6,50,11,9,1,5,4,6,6,4,4,8,5,5,2,18,2,9,1,1,C01,7,6,1,9,2,12,,84,84,1,12,4,120.844653,24.159806,2
11408,66000,387130000C,(04)23274275,(04)23288582,2025,09,29,5,26,臺中市,北屯區,0,1,0,7,3,6,50,5,1,1,5,4,6,6,1,1,10,5,5,2,9,3,10,2,1,C03,7,9,1,10,2,11,,84,84,1,6,4,120.69068,24.172723,2
11409,66000,387130000C,(04)23274275,(04)23288582,2025,09,29,5,57,臺中市,中區,0,2,0,7,2,6,50,4,1,1,5,4,6,6,1,1,10,5,5,2,18,2,9,2,1,C03,7,9,1,10,2,12,,84,84,1,12,4,120.679497,24.142426,2
11410,66000,387130000C,(04)23274275,(04)23288582,2025,09,29,6,36,臺中市,西屯區,0,1,0,7,3,6,50,4,1,1,5,4,6,6,1,1,1,4,4,2,15,3,10,5,4,B03,7,9,1,8,2,4,,21,21,1,12,4,120.656061,24.193914,2
11411,66000,387130000C,(04)23274275,(04)23288582,2025,09,29,7,10,臺中市,南屯區,0,1,0,7,2,6,40,3,8,1,5,4,6,6,4,4,1,4,1,2,17,3,10,1,1,F01,7,15,7,21,2,14,,84,84,1,13,4,120.58554,24.166399,2
11412,66000,387130000C,(04)23274275,(04)23288582,2025,09,29,7,15,臺中市,龍井區,0,0,0,7,,,50,,,,,,,,,,,,,,12,,,,,C03,,,1,,2,,,94,94,1,6,4,120.596526,24.188682,3
11413,66000,387130000C,(04)23274275,(04)23288582,2025,09,29,7,27,臺中市,豐原區,0,1,0,7,2,6,40,5,1,1,5,4,6,6,1,1,5,4,4,2,17,4,11,5,4,C03,7,1,1,10,2,12,,51,51,1,13,4,120.715539,24.248373,2
11414,66000,387130000C,(04)23274275,(04)23288582,2025,09,29,7,35,臺中市,南屯區,0,1,0,7,1,6,50,4,1,1,5,4,6,6,1,1,10,5,5,2,17,3,10,2,1,C03,7,5,1,10,2,12,,84,84,1,12,4,120.643997,24.132016,2
11415,66000,387130000C,(04)23274275,(04)23288582,2025,09,29,7,40,臺中市,北屯區,0,0,0,7,,,30,,,,,,,,,,,,,,15,,,,,C03,,,1,,1,,,39,39,1,12,4,120.670612,24.178786,3
11416,66000,387130000C,(04)23274275,(04)23288582,2025,09,29,7,52,臺中市,大里區,0,1,0,7,2,6,50,4,1,1,5,4,6,6,1,1,5,5,5,2,16,3,10,3,1,B03,7,5,1,8,2,5,,47,47,1,13,4,120.679805,24.105438,2
11417,66000,387130000C,(04)23274275,(04)23288582,2025,09,29,7,59,臺中市,神岡區,0,0,0,7,,,30,,,,,,,,,,,,,,17,,,,,C03,,,1,,2,,,58,58,1,6,4,120.68325,24.24861,3
11418,66000,387130000C,(04)23274275,(04)23288582,2025,09,29,8,5,臺中市,清水區,0,0,0,7,,,30,,,,,,,,,,,,,,,,,,,B03,,,1,,2,,,14,14,1,12,4,120.614613,24.290139,3
11419,66000,387130000C,(04)23274275,(04)23288582,2025,09,29,8,9,臺中市,豐原區,0,0,0,7,,,50,,,,,,,,,,,,,,12,,,,,B03,,,1,,2,,,8,8,1,12,4,120.714468,24.239525,3
11420,66000,387130000C,(04)23274275,(04)23288582,2025,09,29,8,18,臺中市,南區,0,1,0,7,2,6,50,4,1,1,5,4,6,6,1,1,9,4,4,2,17,3,10,3,1,B03,7,6,1,8,2,1,,48,48,1,12,4,120.679635,24.132803,2
11421,66000,387130000C,(04)23274275,(04)23288582,2025,09,29,8,20,臺中市,南屯區,0,0,0,7,3,6,50,13,9,1,5,4,6,6,4,4,1,4,5,2,12,,,,,B03,,,1,,9,,,40,40,2,12,4,120.646302,24.128629,3
11422,66000,387130000C,(04)23274275,(04)23288582,2025,09,29,8,41,臺中市,東區,0,1,0,7,2,6,50,5,1,1,5,4,6,6,3,1,10,5,5,2,16,2,9,1,1,C03,7,1,1,10,2,13,,51,51,1,5,4,120.692486,24.149542,2
11423,66000,387130000C,(04)23274275,(04)23288582,2025,09,29,8,43,臺中市,沙鹿區,0,1,0,7,2,6,30,4,2,1,5,4,6,6,4,4,10,5,5,1,17,2,9,5,4,C03,7,9,1,10,2,12,,15,15,1,13,4,120.574495,24.260992,2
11424,66000,387130000C,(04)23274275,(04)23288582,2025,09,29,8,47,臺中市,大里區,0,1,0,7,2,6,50,13,9,1,5,4,6,6,4,4,5,4,5,1,17,2,9,2,1,C03,7,9,1,10,2,12,,26,26,1,12,4,120.680926,24.10961,2
11425,66000,387130000C,(04)23274275,(04)23288582,2025,09,29,8,50,臺中市,西區,0,1,0,7,2,6,50,4,1,1,5,4,6,6,4,4,10,5,5,2,15,2,9,1,1,C03,7,9,1,10,2,11,12,15,15,1,13,4,120.654467,24.15467,2
11426,66000,387130000C,(04)23274275,(04)23288582,2025,09,29,9,0,臺中市,北區,0,0,0,7,,,50,,,,,,,,,,,,,,17,,,,,B03,,,3,,9,,,51,51,1,13,4,120.670596,24.158216,3
11427,66000,387130000C,(04)23274275,(04)23288582,2025,09,29,9,1,臺中市,豐原區,0,2,0,7,2,6,50,13,9,1,5,4,6,6,4,4,5,5,5,2,12,2,9,1,1,C03,7,8,1,10,2,14,,34,34,1,12,4,120.71517,24.259988,2
11428,66000,387130000C,(04)23274275,(04)23288582,2025,09,29,9,6,臺中市,豐原區,0,1,0,7,2,6,30,3,1,1,5,4,6,1,4,4,10,5,5,2,16,3,10,5,4,C03,7,6,1,10,2,14,,14,14,1,13,4,120.720278,24.238999,2
11429,66000,387130000C,(04)23274275,(04)23288582,2025,09,29,9,10,臺中市,北屯區,0,2,0,7,2,6,50,5,2,1,5,4,6,6,1,1,10,5,5,2,3,2,9,6,5,H01,8,16,7,21,2,17,,95,95,1,12,5,120.733708,24.176932,2
11430,66000,387130000C,(04)23274275,(04)23288582,2025,09,29,9,11,臺中市,太平區,0,2,0,7,2,6,50,4,1,1,5,4,6,6,4,4,5,5,5,2,15,2,9,1,1,C03,7,9,1,10,2,12,,15,15,1,6,4,120.719221,24.12575,2
11431,66000,387130000C,(04)23274275,(04)23288582,2025,09,29,9,17,臺中市,霧峰區,0,0,0,7,,,40,,,,,,,,,,,,,,14,,,,,B12,,,1,,2,,,49,49,1,6,4,120.693426,24.048512,3
11432,66000,387130000C,(04)23274275,(04)23288582,2025,09,29,9,20,臺中市,北屯區,0,2,0,7,2,6,50,13,9,1,5,4,6,6,4,4,1,4,5,2,13,2,9,1,1,C03,7,9,1,10,2,11,,59,59,1,12,4,120.699943,24.177663,2
11433,66000,387130000C,(04)23274275,(04)23288582,2025,09,29,9,24,臺中市,神岡區,0,1,0,7,2,6,50,3,2,1,5,4,6,6,4,4,9,5,5,1,16,3,10,5,4,B12,7,1,1,8,2,8,,51,51,1,12,4,120.634462,24.272142,2
11434,66000,387130000C,(04)23274275,(04)23288582,2025,09,29,9,26,臺中市,南區,0,1,0,7,2,6,40,13,8,1,5,4,6,6,4,4,1,4,4,2,18,2,9,1,1,C03,7,9,1,10,2,14,,84,84,1,12,4,120.671704,24.129624,2
11435,66000,387130000C,(04)23274275,(04)23288582,2025,09,29,9,39,臺中市,西屯區,0,1,0,7,2,6,50,13,9,1,5,4,6,6,4,4,10,2,5,2,18,2,9,1,1,C03,7,9,1,10,2,14,,84,84,1,13,4,120.596812,24.200755,2
11436,66000,387130000C,(04)23274275,(04)23288582,2025,09,29,9,40,臺中市,霧峰區,0,0,0,7,,,50,,,,,,,,,,,,,,,,,,,,,,,,,,,118,118,1,,,120.696479,24.057853,3
11437,66000,387130000C,(04)23274275,(04)23288582,2025,09,29,9,44,臺中市,大雅區,0,0,0,7,,,50,,,,,,,,,,,,,,13,,,,,B03,,,1,,2,,,84,84,1,12,4,120.668507,24.219355,3
11438,66000,387130000C,(04)23274275,(04)23288582,2025,09,29,9,44,臺中市,大里區,0,1,0,7,3,6,40,13,8,1,5,4,6,6,4,4,5,5,1,1,18,2,9,1,1,C03,7,9,1,10,2,12,,5,5,1,13,4,120.69651,24.110533,2
11439,66000,387130000C,(04)23274275,(04)23288582,2025,09,29,9,47,臺中市,西區,0,2,0,7,3,6,50,13,9,1,5,4,6,6,4,4,1,4,5,2,18,2,9,1,1,C03,7,9,1,10,2,12,,84,84,1,6,4,120.668099,24.13045,2
11440,66000,387130000C,(04)23274275,(04)23288582,2025,09,29,9,49,臺中市,大里區,0,1,0,7,2,6,50,5,1,1,5,4,6,6,1,1,1,2,4,2,16,2,9,1,1,C03,7,5,1,10,2,11,,47,47,1,13,4,120.68089,24.104852,2
11441,66000,387130000C,(04)23274275,(04)23288582,2025,09,29,9,52,臺中市,大雅區,0,1,0,7,2,6,50,5,2,1,5,4,6,6,1,1,5,4,5,1,17,2,9,1,1,C03,7,9,1,10,2,11,,7,7,1,12,4,120.650697,24.227599,2
11442,66000,387130000C,(04)23274275,(04)23288582,2025,09,29,9,59,臺中市,北區,0,0,0,7,,,50,,,,,,,,,,,,,,12,,,,,C03,,,1,,2,,,85,85,1,12,4,120.681326,24.146907,4
11443,66000,387130000C,(04)23274275,(04)23288582,2025,09,29,9,59,臺中市,太平區,0,0,0,7,,,50,,,,,,,,,,,,,,16,,,,,C03,,,1,,1,,,7,7,1,12,4,120.716276,24.156679,3
11444,66000,387130000C,(04)23274275,(04)23288582,2025,09,29,10,0,臺中市,烏日區,0,0,0,7,,,50,,,,,,,,,,,,,,16,,,,,B03,,,1,,9,,,87,87,1,6,4,120.628383,24.102333,3
11445,66000,387130000C,(04)23274275,(04)23288582,2025,09,29,10,2,臺中市,太平區,0,0,0,6,2,6,30,13,14,1,5,4,6,6,4,4,5,5,4,1,17,3,10,3,1,B03,7,3,1,8,1,1,,50,50,1,6,4,120.71998,24.12981,3
11446,66000,387130000C,(04)23274275,(04)23288582,2025,09,29,10,7,臺中市,豐原區,0,0,0,7,,,50,,,,,,,,,,,,,,13,,,,,B03,,,1,,2,,,84,84,1,12,4,120.713047,24.262246,3
11447,66000,387130000C,(04)23274275,(04)23288582,2025,09,29,10,12,臺中市,沙鹿區,0,2,0,7,2,6,30,3,1,1,5,4,6,6,4,4,1,5,5,1,16,2,8,1,1,C03,7,5,1,10,2,14,,12,12,1,6,4,120.572839,24.231651,2
11448,66000,387130000C,(04)23274275,(04)23288582,2025,09,29,10,17,臺中市,北區,0,0,0,7,,,30,,,,,,,,,,,,,,17,,,,,B03,,,1,,1,,,8,8,1,13,4,120.701861,24.157267,3
11449,66000,387130000C,(04)23274275,(04)23288582,2025,09,29,10,18,臺中市,豐原區,0,2,0,7,2,6,50,3,4,1,5,4,6,6,2,1,1,5,4,2,12,2,8,1,1,C03,7,12,3,19,2,11,,59,59,1,12,4,120.722553,24.255563,2
11450,66000,387130000C,(04)23274275,(04)23288582,2025,09,29,10,23,臺中市,大里區,0,0,0,7,,,30,,,,,,,,,,,,,,13,,,,,B03,,,3,,2,,,22,22,1,12,4,120.701539,24.096169,3
11451,66000,387130000C,(04)23274275,(04)23288582,2025,09,29,10,25,臺中市,清水區,0,4,0,7,3,6,50,4,1,1,5,4,6,6,1,1,1,4,5,1,17,2,9,2,1,C03,7,9,1,10,2,14,,21,21,1,12,4,120.56149,24.277118,2
11452,66000,387130000C,(04)23274275,(04)23288582,2025,09,29,10,26,臺中市,太平區,0,0,0,7,,,50,,,,,,,,,,,,,,17,,,,,C03,,,1,,9,,,1,1,1,12,4,120.716545,24.126517,3
11453,66000,387130000C,(04)23274275,(04)23288582,2025,09,29,10,27,臺中市,大甲區,0,1,0,7,2,6,50,4,2,1,5,4,6,6,1,1,5,5,5,1,13,3,10,3,1,B03,7,9,1,8,2,1,,7,7,1,12,4,120.621051,24.35156,2
11454,66000,387130000C,(04)23274275,(04)23288582,2025,09,29,10,29,臺中市,大里區,0,0,0,7,,,50,,,,,,,,,,,,,,,,,,,B03,,,1,,2,,,7,7,1,12,4,120.701493,24.125026,3
11455,66000,387130000C,(04)23274275,(04)23288582,2025,09,29,10,30,臺中市,龍井區,0,0,0,7,,,50,,,,,,,,,,,,,,,,,,,B12,,,1,,1,,,50,50,1,6,4,120.540459,24.210412,4
11456,66000,387130000C,(04)23274275,(04)23288582,2025,09,29,10,40,臺中市,南屯區,0,1,0,7,2,6,50,3,1,1,5,4,6,6,4,4,9,5,5,2,16,2,9,2,1,C03,7,6,1,10,2,14,,13,13,1,12,4,120.628179,24.114926,2
11457,66000,387130000C,(04)23274275,(04)23288582,2025,09,29,10,40,臺中市,和平區,0,1,0,7,3,9,30,12,9,1,5,4,6,6,4,4,10,5,5,1,18,2,1,1,1,C03,7,9,1,10,9,12,,87,87,1,13,4,121.256768,24.251027,2
11458,66000,387130000C,(04)23274275,(04)23288582,2025,09,29,10,43,臺中市,大甲區,0,0,0,7,,,30,,,,,,,,,,,,,,,,,,,B03,,,1,,2,,,8,8,1,6,4,120.616413,24.346338,3
11459,66000,387130000C,(04)23274275,(04)23288582,2025,09,29,10,45,臺中市,北屯區,0,0,0,7,,,50,,,,,,,,,,,,,,9,,,,,B03,,,1,10,2,,,40,40,1,12,4,120.667126,24.180084,3
11460,66000,387130000C,(04)23274275,(04)23288582,2025,09,29,10,46,臺中市,北屯區,0,2,0,7,2,6,50,13,9,1,5,4,6,6,4,4,1,3,5,2,17,2,9,2,1,C03,7,9,1,10,2,11,12,7,7,1,12,4,120.701613,24.181393,2
11461,66000,387130000C,(04)23274275,(04)23288582,2025,09,29,10,51,臺中市,北屯區,0,0,0,7,,,50,,,,,,,,,,,,,,13,,,,,A12,,,1,,2,,,84,84,1,12,4,120.697745,24.170349,3
11462,66000,387130000C,(04)23274275,(04)23288582,2025,09,29,10,52,臺中市,后里區,0,0,0,7,,,50,,,,,,,,,,,,,,13,,,,,B03,,,1,,2,,,59,59,1,12,4,120.710586,24.310669,3
11463,66000,387130000C,(04)23274275,(04)23288582,2025,09,29,10,59,臺中市,西屯區,0,0,0,7,,,50,,,,,,,,,,,,,,,,,,,B03,,,1,,1,,,59,59,1,12,4,120.624448,24.179334,3
11464,66000,387130000C,(04)23274275,(04)23288582,2025,09,29,11,0,臺中市,西屯區,0,0,0,7,,,50,,,,,,,,,,,,,,12,,,,,B03,,,1,,2,,,45,45,1,12,4,120.604222,24.186657,3
11465,66000,387130000C,(04)23274275,(04)23288582,2025,09,29,11,2,臺中市,南屯區,0,1,0,7,2,6,50,3,2,1,5,4,6,6,4,4,1,4,5,1,16,3,10,3,1,B01,7,5,1,3,2,2,,14,14,1,12,4,120.625058,24.140794,2
11466,66000,387130000C,(04)23274275,(04)23288582,2025,09,29,11,3,臺中市,霧峰區,0,1,0,7,2,6,50,3,1,1,5,4,6,6,4,4,10,5,5,2,16,3,10,3,1,B03,7,6,1,8,2,1,,14,14,1,6,4,120.675146,24.064877,2
11467,66000,387130000C,(04)23274275,(04)23288582,2025,09,29,11,7,臺中市,北屯區,0,0,0,7,,,50,,,,,,,,,,,,,,12,,,,,B03,,,1,,2,,,8,8,1,12,4,120.719675,24.178419,3
11468,66000,387130000C,(04)23274275,(04)23288582,2025,09,29,11,8,臺中市,霧峰區,0,1,0,7,2,6,40,3,2,1,5,4,6,6,4,4,5,5,5,1,17,3,10,5,4,B03,7,11,1,8,2,8,,45,45,1,12,4,120.711882,24.080377,2
11469,66000,387130000C,(04)23274275,(04)23288582,2025,09,29,11,10,臺中市,西屯區,0,0,0,7,,,50,,,,,,,,,,,,,,13,,,,,B03,,,1,,1,,,39,39,1,12,4,120.647888,24.172215,3
11470,66000,387130000C,(04)23274275,(04)23288582,2025,09,29,11,13,臺中市,霧峰區,0,0,0,7,,,50,,,,,,,,,,,,,,16,,,,,C03,,,3,,2,,,14,14,1,6,4,120.679431,24.062654,3
11471,66000,387130000C,(04)23274275,(04)23288582,2025,09,29,11,15,臺中市,太平區,0,0,0,7,,,50,,,,,,,,,,,,,,13,,,,,B03,,,1,,1,,,56,56,1,12,4,120.713341,24.149452,3
11472,66000,387130000C,(04)23274275,(04)23288582,2025,09,29,11,16,臺中市,北屯區,0,1,0,7,2,6,50,3,1,1,5,4,6,6,4,4,10,5,5,2,16,3,10,2,1,C03,7,6,1,10,2,12,,14,14,1,12,4,120.67443,24.177408,2
11473,66000,387130000C,(04)23274275,(04)23288582,2025,09,29,11,16,臺中市,北屯區,0,0,0,7,,,50,,,,,,,,,,,,,,17,,,,,B03,,,1,,2,,,50,50,1,12,4,120.712487,24.17257,3
11474,66000,387130000C,(04)23274275,(04)23288582,2025,09,29,11,18,臺中市,大甲區,0,0,0,7,,,50,,,,,,,,,,,,,,12,,,,,B03,,,1,,2,,,59,59,1,6,4,120.627283,24.348082,3
11475,66000,387130000C,(04)23274275,(04)23288582,2025,09,29,11,19,臺中市,霧峰區,0,0,0,7,,,50,,,,,,,,,,,,,,17,,,,,C03,,,1,,2,,,84,84,1,6,4,120.711995,24.074759,3
11476,66000,387130000C,(04)23274275,(04)23288582,2025,09,29,11,21,臺中市,北區,0,0,0,7,,,50,,,,,,,,,,,,,,17,,,,,B03,,,1,,9,,,8,8,1,13,4,120.687584,24.15781,3
11477,66000,387130000C,(04)23274275,(04)23288582,2025,09,29,11,26,臺中市,梧棲區,0,1,0,7,3,6,40,5,1,1,5,4,6,6,1,1,10,5,5,2,16,2,8,1,1,C03,7,9,1,10,2,11,,6,6,1,6,4,120.524388,24.221656,2
11478,66000,387130000C,(04)23274275,(04)23288582,2025,09,29,11,27,臺中市,烏日區,0,1,0,7,3,6,50,4,1,1,5,4,6,6,1,1,5,5,4,2,12,2,8,1,1,C03,7,12,1,10,1,11,12,7,7,1,5,4,120.621314,24.103137,2
11479,66000,387130000C,(04)23274275,(04)23288582,2025,09,29,11,28,臺中市,大雅區,0,1,0,7,2,6,50,3,2,1,5,4,6,6,4,4,5,4,5,1,15,2,9,1,1,C03,7,11,1,10,2,11,,45,45,1,13,4,120.649253,24.22697,2
11480,66000,387130000C,(04)23274275,(04)23288582,2025,09,29,11,30,臺中市,和平區,0,0,0,7,3,7,30,11,9,1,5,4,6,6,4,4,10,5,5,1,14,,,,,A11,,,1,,2,,,49,49,1,12,4,121.295609,24.317983,3
11481,66000,387130000C,(04)23274275,(04)23288582,2025,09,29,11,31,臺中市,霧峰區,0,1,0,7,2,9,50,3,1,1,5,4,6,6,4,4,10,5,5,2,16,3,10,1,1,C03,7,6,1,9,2,11,,14,14,1,13,4,120.697198,24.064519,2
11482,66000,387130000C,(04)23274275,(04)23288582,2025,09,29,11,38,臺中市,南屯區,0,0,0,7,,,50,,,,,,,,,,,,,,,,,,,B01,,,1,,1,,,51,51,1,12,4,120.635148,24.152389,3
11483,66000,387130000C,(04)23274275,(04)23288582,2025,09,29,11,42,臺中市,大甲區,0,0,0,7,,,70,,,,,,,,,,,,,,,,,,,B03,,,1,,1,,,78,78,1,6,4,120.61694,24.347865,4
11484,66000,387130000C,(04)23274275,(04)23288582,2025,09,29,11,49,臺中市,北屯區,0,0,0,7,,,50,,,,,,,,,,,,,,,,,,,B03,,,1,,1,,,87,87,1,12,4,120.72469,24.176166,3
11485,66000,387130000C,(04)23274275,(04)23288582,2025,09,29,11,51,臺中市,太平區,0,2,0,7,2,6,50,4,1,1,5,4,6,6,4,4,10,5,5,2,15,3,10,2,1,C03,7,9,1,10,2,11,,15,15,1,12,4,120.71637,24.145415,2
11486,66000,387130000C,(04)23274275,(04)23288582,2025,09,29,11,54,臺中市,沙鹿區,0,0,0,7,,,50,,,,,,,,,,,,,,,,,,,B03,,,1,,2,,,42,42,1,6,4,120.568151,24.254656,3
11487,66000,387130000C,(04)23274275,(04)23288582,2025,09,29,11,59,臺中市,東勢區,0,0,0,7,,,50,,,,,,,,,,,,,,12,,,,,B13,,,1,,1,,,50,50,1,13,4,120.830298,24.253607,3
11488,66000,387130000C,(04)23274275,(04)23288582,2025,09,29,11,59,臺中市,神岡區,0,1,0,7,2,6,30,3,1,1,5,4,5,6,4,4,1,5,5,2,17,3,10,3,1,B03,7,5,1,8,2,5,,84,84,1,6,4,120.707711,24.258083,2
11489,66000,387130000C,(04)23274275,(04)23288582,2025,09,29,12,0,臺中市,龍井區,0,1,0,7,2,6,50,3,9,1,5,4,6,6,4,4,5,5,5,1,12,2,8,2,1,C03,7,9,1,10,2,14,,8,8,1,6,4,120.523678,24.207622,2
11490,66000,387130000C,(04)23274275,(04)23288582,2025,09,29,12,10,臺中市,大肚區,0,2,0,7,2,6,50,13,9,1,5,4,6,6,4,4,5,4,5,1,11,2,7,1,1,C03,7,6,1,10,2,11,,39,39,1,12,4,120.54454,24.153634,2
11491,66000,387130000C,(04)23274275,(04)23288582,2025,09,29,12,11,臺中市,沙鹿區,0,0,0,7,,,50,,,,,,,,,,,,,,,,,,,B12,,,1,,2,,,40,40,1,13,4,120.575603,24.248801,3
11492,66000,387130000C,(04)23274275,(04)23288582,2025,09,29,12,17,臺中市,北區,0,0,0,7,,,50,,,,,,,,,,,,,,9,,,,,A12,,,1,,1,,,78,78,1,13,4,120.679818,24.158708,3
11493,66000,387130000C,(04)23274275,(04)23288582,2025,09,29,12,19,臺中市,梧棲區,0,0,0,7,,,50,,,,,,,,,,,,,,13,,,,,B03,,,1,,1,,,7,7,1,6,4,120.534677,24.253384,4
11494,66000,387130000C,(04)23274275,(04)23288582,2025,09,29,12,20,臺中市,西區,0,1,0,7,3,6,50,13,9,1,5,4,6,6,4,4,5,5,5,2,17,3,10,3,1,B03,7,1,3,19,9,8,,51,51,1,12,4,120.66975,24.140759,2
11495,66000,387130000C,(04)23274275,(04)23288582,2025,09,29,12,20,臺中市,南屯區,0,0,0,7,3,6,50,13,9,1,5,4,6,6,4,4,1,4,5,2,14,,,,,B03,,,1,,1,,,49,49,1,12,4,120.647151,24.149161,3
11496,66000,387130000C,(04)23274275,(04)23288582,2025,09,29,12,21,臺中市,霧峰區,0,0,0,7,,,40,,,,,,,,,,,,,,17,,,,,B03,,,1,,1,,,84,84,1,6,4,120.696776,24.065305,3
11497,66000,387130000C,(04)23274275,(04)23288582,2025,09,29,12,25,臺中市,西區,0,0,0,7,,,50,,,,,,,,,,,,,,29,,,,,B02,,,1,,9,,,85,85,1,12,4,120.668396,24.147723,3
11498,66000,387130000C,(04)23274275,(04)23288582,2025,09,29,12,25,臺中市,大里區,0,1,0,7,2,6,50,3,1,1,5,4,6,6,4,4,5,5,5,2,16,3,10,3,1,B03,7,5,1,8,2,4,,14,14,1,13,4,120.712504,24.083366,2