﻿序號,縣市別代碼,機關代碼,市話,傳真,年,月,日,時,分,縣市,區,死亡數量,受傷數量,2-30,天候,道路照明設備,道路類別,道路速限,道路型態,事故位置,路面鋪裝,路面狀態,路面缺陷,障礙物,視距,號誌種類,號誌動作,分向設施,快車道或一般車道間,快慢車道間,路面邊線,事故類型及型態,受傷程度,主要傷處,保護裝備,行動電話或功能裝置,當事者區分_類別,車輛用途,當事者行動狀態,駕照狀態,駕照種類,飲酒情形,車輛撞擊部位最初,車輛撞擊部位其他,肇事因素個別,肇事因素主要,肇事逃逸,職業,共享經濟或外送平台,GPS座標X,GPS座標Y,事故類別
11610,66000,387130000C,(04)23274275,(04)23288582,2025,09,29,17,38,臺中市,東區,0,1,0,7,1,6,50,4,1,1,5,4,6,6,1,1,10,5,5,2,16,3,10,3,1,B03,7,6,1,8,2,1,,11,11,1,12,4,120.704968,24.143109,2
11611,66000,387130000C,(04)23274275,(04)23288582,2025,09,29,17,39,臺中市,豐原區,0,0,0,7,,,50,,,,,,,,,,,,,,14,,,,,B03,,,1,,2,,,49,49,1,13,4,120.706394,24.247919,4
11612,66000,387130000C,(04)23274275,(04)23288582,2025,09,29,17,40,臺中市,豐原區,0,1,0,7,1,6,50,5,4,1,5,4,6,6,1,1,5,5,5,2,17,3,10,3,1,B03,7,6,1,8,2,8,,84,84,1,12,4,120.720078,24.249252,2
11613,66000,387130000C,(04)23274275,(04)23288582,2025,09,29,17,42,臺中市,大甲區,0,0,0,7,,,,,,,,,,,,,,,,,,,,,,,,,,,,,,119,119,1,,,120.62232,24.346955,4
11614,66000,387130000C,(04)23274275,(04)23288582,2025,09,29,17,45,臺中市,沙鹿區,0,1,0,7,2,6,50,13,9,1,5,4,6,6,4,4,9,5,5,2,17,3,10,1,1,C03,7,11,1,10,1,11,,45,45,1,13,4,120.575512,24.226443,2
11615,66000,387130000C,(04)23274275,(04)23288582,2025,09,29,17,52,臺中市,豐原區,0,0,0,7,,,50,,,,,,,,,,,,,,17,,,,,C03,,,1,,2,,,45,45,1,12,4,120.712173,24.239604,4
11616,66000,387130000C,(04)23274275,(04)23288582,2025,09,29,17,55,臺中市,沙鹿區,0,3,0,7,1,6,50,13,9,1,5,4,6,6,4,4,8,4,5,2,17,2,9,2,1,C03,7,11,1,10,2,14,,45,45,1,12,4,120.579364,24.217944,2
11617,66000,387130000C,(04)23274275,(04)23288582,2025,09,29,17,58,臺中市,大里區,0,0,0,7,,,50,,,,,,,,,,,,,,14,,,,,B03,,,1,,2,,,49,49,1,13,4,120.697833,24.105523,3
11618,66000,387130000C,(04)23274275,(04)23288582,2025,09,29,18,0,臺中市,北屯區,0,0,0,7,,,50,,,,,,,,,,,,,,13,,,,,B12,,,1,,1,,,7,7,1,6,4,120.721429,24.182008,3
11619,66000,387130000C,(04)23274275,(04)23288582,2025,09,29,18,6,臺中市,南區,0,0,0,7,,,50,,,,,,,,,,,,,,13,,,,,B03,,,1,,2,,,84,84,1,12,4,120.645502,24.111993,3
11620,66000,387130000C,(04)23274275,(04)23288582,2025,09,29,18,9,臺中市,大雅區,0,1,0,7,1,6,50,3,2,1,5,4,6,6,1,1,5,4,5,1,13,2,9,2,1,C03,7,9,1,10,2,11,,7,7,1,13,4,120.656797,24.230446,2
11621,66000,387130000C,(04)23274275,(04)23288582,2025,09,29,18,15,臺中市,南屯區,0,0,0,7,,,60,,,,,,,,,,,,,,13,,,,,C03,,,1,,1,,,7,7,1,12,4,120.637718,24.142429,4
11622,66000,387130000C,(04)23274275,(04)23288582,2025,09,29,18,15,臺中市,大肚區,0,1,0,7,1,6,50,3,4,1,5,4,6,6,2,1,10,5,5,2,13,3,10,1,1,C03,7,9,1,10,2,11,,7,7,1,6,4,120.576349,24.118781,2
11623,66000,387130000C,(04)23274275,(04)23288582,2025,09,29,18,16,臺中市,烏日區,0,1,0,7,2,6,50,4,1,1,5,4,6,6,4,4,10,5,5,2,17,2,9,5,4,C03,7,9,1,9,2,12,,7,7,1,12,4,120.631785,24.105258,2
11624,66000,387130000C,(04)23274275,(04)23288582,2025,09,29,18,17,臺中市,霧峰區,0,0,0,6,,,50,,,,,,,,,,,,,,18,,,,,C03,,,1,,11,,,84,84,1,13,4,120.699123,24.068982,3
11625,66000,387130000C,(04)23274275,(04)23288582,2025,09,29,18,18,臺中市,大雅區,0,1,0,7,1,6,30,4,1,1,5,4,6,6,4,4,10,5,5,2,15,2,9,1,1,C03,7,9,1,10,2,12,14,12,12,1,13,2,120.643899,24.215906,2
11626,66000,387130000C,(04)23274275,(04)23288582,2025,09,29,18,18,臺中市,龍井區,0,0,0,7,,,30,,,,,,,,,,,,,,,,,,,C03,,,1,,2,,,7,7,1,6,4,120.549914,24.189684,3
11627,66000,387130000C,(04)23274275,(04)23288582,2025,09,29,18,18,臺中市,大甲區,0,0,0,7,,,50,,,,,,,,,,,,,,,,,,,B03,,,1,,1,,,59,59,1,6,4,120.618412,24.345865,3
11628,66000,387130000C,(04)23274275,(04)23288582,2025,09,29,18,24,臺中市,中區,0,0,0,7,,,50,,,,,,,,,,,,,,13,,,,,C03,,,1,,1,,,84,84,1,12,4,120.685721,24.143193,3
11629,66000,387130000C,(04)23274275,(04)23288582,2025,09,29,18,26,臺中市,梧棲區,0,0,0,7,,,50,,,,,,,,,,,,,,14,,,,,B03,,,1,,1,,,50,50,1,12,4,120.534856,24.259283,3
11630,66000,387130000C,(04)23274275,(04)23288582,2025,09,29,18,30,臺中市,北屯區,0,0,0,7,,,50,,,,,,,,,,,,,,9,,,,,B03,,,1,,1,,,87,87,1,6,4,120.705128,24.188526,3
11631,66000,387130000C,(04)23274275,(04)23288582,2025,09,29,18,31,臺中市,大里區,0,1,0,7,1,6,80,13,9,1,5,4,6,6,4,4,2,4,5,1,13,3,10,5,4,B03,7,9,1,8,2,5,,84,84,1,13,4,120.690704,24.098029,2
11632,66000,387130000C,(04)23274275,(04)23288582,2025,09,29,18,31,臺中市,大里區,0,1,0,7,1,6,50,8,9,1,5,4,6,6,4,4,1,4,4,1,18,2,9,1,1,C03,7,9,3,19,1,12,,59,59,1,12,4,120.697082,24.11106,2
11633,66000,387130000C,(04)23274275,(04)23288582,2025,09,29,18,35,臺中市,南區,0,2,0,7,1,6,50,4,1,1,5,4,6,6,3,1,5,5,5,2,16,2,9,2,1,C03,7,6,1,10,2,11,,24,24,1,13,4,120.666816,24.115799,2
11634,66000,387130000C,(04)23274275,(04)23288582,2025,09,29,18,35,臺中市,東區,0,1,0,7,1,6,50,5,1,1,5,4,6,6,1,1,10,5,5,2,13,3,10,1,1,C03,7,9,1,10,2,11,,7,7,1,6,4,120.6946,24.14264,2
11635,66000,387130000C,(04)23274275,(04)23288582,2025,09,29,18,35,臺中市,太平區,0,0,0,7,,,50,,,,,,,,,,,,,,,,,,,C03,,,1,,1,,,84,84,1,12,4,120.721023,24.151979,3
11636,66000,387130000C,(04)23274275,(04)23288582,2025,09,29,18,41,臺中市,沙鹿區,0,0,0,7,,,50,,,,,,,,,,,,,,17,,,,,B03,,,1,,2,,,8,8,1,6,4,120.579117,24.223975,3
11637,66000,387130000C,(04)23274275,(04)23288582,2025,09,29,18,44,臺中市,太平區,0,1,0,7,1,6,50,4,1,1,5,4,6,6,4,4,10,5,5,2,15,3,10,2,1,C03,7,1,1,10,2,14,,51,51,1,12,4,120.724545,24.141307,2
11638,66000,387130000C,(04)23274275,(04)23288582,2025,09,29,18,50,臺中市,西屯區,0,0,0,7,,,50,,,,,,,,,,,,,,13,,,,,B02,,,1,,1,,,7,7,1,13,4,120.648267,24.16779,3
11639,66000,387130000C,(04)23274275,(04)23288582,2025,09,29,18,51,臺中市,東區,0,1,0,7,1,6,50,4,1,1,5,4,3,6,2,1,10,5,5,2,12,3,10,3,1,A04,7,9,1,2,2,2,,26,26,1,12,4,120.705141,24.148312,2
11640,66000,387130000C,(04)23274275,(04)23288582,2025,09,29,19,0,臺中市,霧峰區,0,1,0,6,1,6,40,13,9,1,5,4,6,6,1,1,9,4,4,2,17,3,10,3,1,B03,7,13,1,8,11,15,,84,84,1,13,4,120.698409,24.061787,2
11641,66000,387130000C,(04)23274275,(04)23288582,2025,09,29,19,4,臺中市,清水區,0,0,0,7,,,50,,,,,,,,,,,,,,,,,,,,,,,,,,,119,119,1,,,120.560502,24.27869,4
11642,66000,387130000C,(04)23274275,(04)23288582,2025,09,29,19,10,臺中市,大里區,0,1,0,7,1,6,40,3,2,1,5,4,6,6,1,1,1,5,4,2,13,2,8,1,1,C03,7,9,1,10,2,12,,7,7,1,13,4,120.687456,24.106569,2
11643,66000,387130000C,(04)23274275,(04)23288582,2025,09,29,19,10,臺中市,神岡區,0,0,0,7,,,50,,,,,,,,,,,,,,14,,,,,B03,,,1,,2,,,49,49,1,13,4,120.68447,24.246687,3
11644,66000,387130000C,(04)23274275,(04)23288582,2025,09,29,19,12,臺中市,太平區,0,1,0,7,1,6,40,13,9,1,5,4,6,6,4,4,5,4,5,2,27,2,9,1,1,C03,7,9,1,10,2,11,,84,84,1,5,4,120.706218,24.127598,2
11645,66000,387130000C,(04)23274275,(04)23288582,2025,09,29,19,15,臺中市,龍井區,0,1,0,7,1,6,50,13,9,1,5,4,6,6,4,4,5,5,5,1,18,2,9,1,1,C03,7,9,1,10,2,12,,6,6,1,6,4,120.513364,24.198213,2
11646,66000,387130000C,(04)23274275,(04)23288582,2025,09,29,19,23,臺中市,南屯區,0,2,0,7,1,6,50,4,1,1,5,4,6,6,2,1,10,5,5,2,16,2,9,2,4,C03,7,6,1,10,2,12,,11,11,1,6,4,120.625997,24.112952,2
11647,66000,387130000C,(04)23274275,(04)23288582,2025,09,29,19,29,臺中市,霧峰區,0,0,0,7,,,40,,,,,,,,,,,,,,,,,,,B03,,,1,,2,,,35,35,1,13,4,120.662944,24.063028,3
11648,66000,387130000C,(04)23274275,(04)23288582,2025,09,29,19,30,臺中市,南屯區,0,0,0,7,1,6,50,13,9,1,5,4,6,6,4,4,5,5,5,2,12,,,,,C03,,,1,,1,,,84,84,1,12,4,120.643971,24.136762,3
11649,66000,387130000C,(04)23274275,(04)23288582,2025,09,29,19,31,臺中市,西屯區,0,1,0,7,1,6,50,5,1,1,5,4,5,6,2,1,10,5,5,2,18,2,8,1,1,C01,7,5,1,9,2,12,,87,87,1,12,4,120.656664,24.200457,2
11650,66000,387130000C,(04)23274275,(04)23288582,2025,09,29,19,32,臺中市,霧峰區,0,0,0,6,,,40,,,,,,,,,,,,,,18,,,,,B03,,,1,,11,,,84,84,2,13,4,120.697763,24.064423,3
11651,66000,387130000C,(04)23274275,(04)23288582,2025,09,29,19,44,臺中市,后里區,0,0,0,7,1,6,40,4,4,1,5,4,6,6,,1,5,5,5,1,14,3,10,3,1,B03,7,2,1,8,2,3,,49,49,1,6,4,120.723572,24.294755,3
11652,66000,387130000C,(04)23274275,(04)23288582,2025,09,29,19,48,臺中市,北屯區,0,0,0,7,,,50,,,,,,,,,,,,,,11,,,,,B03,,,1,,1,,,8,8,1,6,4,120.688318,24.169932,4
11653,66000,387130000C,(04)23274275,(04)23288582,2025,09,29,19,52,臺中市,北屯區,0,1,0,7,1,6,50,13,9,1,5,4,6,6,4,4,5,5,5,2,18,2,9,1,1,C03,7,9,1,10,2,12,,82,82,1,6,4,120.698632,24.172777,2
11654,66000,387130000C,(04)23274275,(04)23288582,2025,09,29,19,58,臺中市,南屯區,0,0,0,7,,,50,,,,,,,,,,,,,,12,,,,,B03,,,1,,2,,,76,76,1,12,4,120.626453,24.115157,3
11655,66000,387130000C,(04)23274275,(04)23288582,2025,09,29,19,58,臺中市,西屯區,0,1,0,7,1,6,50,3,1,1,5,4,6,6,2,1,10,5,5,2,13,2,1,5,4,B03,7,9,1,8,2,1,,59,59,1,12,4,120.647539,24.195883,2
11656,66000,387130000C,(04)23274275,(04)23288582,2025,09,29,20,1,臺中市,北區,0,1,0,7,1,6,50,4,1,1,5,4,6,6,2,1,10,5,5,2,13,2,9,1,1,C03,7,9,1,10,2,11,,7,7,1,12,4,120.682595,24.146047,2
11657,66000,387130000C,(04)23274275,(04)23288582,2025,09,29,20,1,臺中市,西屯區,0,0,0,7,,,50,,,,,,,,,,,,,,13,,,,,B02,,,5,,1,,,59,59,1,12,4,120.656331,24.200403,3
11658,66000,387130000C,(04)23274275,(04)23288582,2025,09,29,20,9,臺中市,南區,0,0,0,7,,,50,,,,,,,,,,,,,,17,,,,,B03,,,1,,2,,,84,84,1,12,4,120.651682,24.112765,3
11659,66000,387130000C,(04)23274275,(04)23288582,2025,09,29,20,10,臺中市,南區,0,0,0,7,,,50,,,,,,,,,,,,,,13,,,,,C03,,,3,,2,,,7,7,1,12,4,120.650389,24.120461,3
11660,66000,387130000C,(04)23274275,(04)23288582,2025,09,29,20,13,臺中市,大雅區,0,0,0,7,,,50,,,,,,,,,,,,,,,,,,,C03,,,1,,2,,,84,84,1,13,4,120.646346,24.222602,3
11661,66000,387130000C,(04)23274275,(04)23288582,2025,09,29,20,13,臺中市,西屯區,0,0,0,7,,,50,,,,,,,,,,,,,,12,,,,,B03,,,1,,1,,,40,40,1,13,4,120.647219,24.195798,3
11662,66000,387130000C,(04)23274275,(04)23288582,2025,09,29,20,21,臺中市,西屯區,0,1,0,7,1,6,40,13,8,1,5,4,6,6,4,4,1,5,1,2,18,2,9,1,1,C03,7,9,1,10,2,12,,59,59,1,12,4,120.607371,24.183691,2
11663,66000,387130000C,(04)23274275,(04)23288582,2025,09,29,20,22,臺中市,龍井區,0,0,0,7,1,6,50,13,9,1,5,4,6,6,4,4,10,5,5,2,11,,,,,B03,,,1,,1,,,8,8,1,6,4,120.572364,24.179578,3
11664,66000,387130000C,(04)23274275,(04)23288582,2025,09,29,20,26,臺中市,西區,0,2,0,6,1,6,50,13,8,1,5,4,6,6,4,4,9,4,4,2,18,2,9,5,4,C03,7,9,1,10,2,11,,84,84,1,12,4,120.66564,24.132193,2
11665,66000,387130000C,(04)23274275,(04)23288582,2025,09,29,20,34,臺中市,北屯區,0,0,0,7,,,50,,,,,,,,,,,,,,13,,,,,B03,,,3,19,1,,,84,84,1,6,4,120.694376,24.161453,3
11666,66000,387130000C,(04)23274275,(04)23288582,2025,09,29,20,35,臺中市,北區,0,0,0,7,,,50,,,,,,,,,,,,,,15,,,,,C03,,,1,,1,,,12,12,1,13,2,120.671739,24.168767,3
11667,66000,387130000C,(04)23274275,(04)23288582,2025,09,29,20,35,臺中市,西屯區,0,1,0,7,1,6,50,4,1,1,5,4,6,6,2,1,10,5,5,2,11,3,10,2,1,C03,7,6,1,10,2,11,,36,36,1,12,4,120.644569,24.185072,2
11668,66000,387130000C,(04)23274275,(04)23288582,2025,09,29,20,36,臺中市,西區,0,0,0,6,,,50,,,,,,,,,,,,,,,,,,,B03,,,1,,2,,,49,49,1,13,4,120.655351,24.15624,3
11669,66000,387130000C,(04)23274275,(04)23288582,2025,09,29,20,46,臺中市,龍井區,0,2,0,7,1,6,30,3,1,1,5,4,6,6,4,4,5,5,5,2,16,2,8,2,1,C03,7,6,1,10,2,11,14,12,12,1,6,4,120.586052,24.187083,2
11670,66000,387130000C,(04)23274275,(04)23288582,2025,09,29,20,50,臺中市,石岡區,0,0,0,7,,,50,,,,,,,,,,,,,,,,,,,B03,,,1,,2,,,7,7,1,12,4,120.81647,24.260138,3
11671,66000,387130000C,(04)23274275,(04)23288582,2025,09,29,21,12,臺中市,西屯區,0,0,0,7,,,30,,,,,,,,,,,,,,14,,,,,B03,,,1,,2,,,49,49,1,12,4,120.586929,24.175935,3
11672,66000,387130000C,(04)23274275,(04)23288582,2025,09,29,21,20,臺中市,南屯區,0,0,0,7,,,50,,,,,,,,,,,,,,,,,,,B03,,,1,,2,,,58,58,1,6,4,120.626551,24.151663,3
11673,66000,387130000C,(04)23274275,(04)23288582,2025,09,29,21,31,臺中市,西屯區,0,0,0,7,,,50,,,,,,,,,,,,,,13,,,,,B03,,,1,,1,,,59,59,1,13,4,120.636809,24.171007,3
11674,66000,387130000C,(04)23274275,(04)23288582,2025,09,29,21,38,臺中市,北區,0,2,0,7,1,6,50,4,1,1,5,4,6,6,4,4,5,5,4,2,12,2,8,2,1,C03,7,10,1,10,2,14,,43,43,1,12,4,120.693054,24.154273,2
11675,66000,387130000C,(04)23274275,(04)23288582,2025,09,29,21,46,臺中市,北區,0,1,0,7,3,6,50,4,2,1,5,4,6,6,1,1,5,2,4,2,16,3,10,5,4,B03,7,5,1,8,2,2,,11,11,1,13,4,120.662631,24.170332,2
11676,66000,387130000C,(04)23274275,(04)23288582,2025,09,29,21,49,臺中市,大雅區,0,0,0,7,,,50,,,,,,,,,,,,,,,,,,,C03,,,1,,1,,,84,84,1,12,4,120.629075,24.206171,3
11677,66000,387130000C,(04)23274275,(04)23288582,2025,09,29,21,50,臺中市,南屯區,0,1,0,6,1,6,50,4,2,1,5,4,6,6,4,4,5,4,4,2,17,3,10,2,1,C03,7,6,1,10,2,11,,39,39,1,12,4,120.642806,24.148794,2
11678,66000,387130000C,(04)23274275,(04)23288582,2025,09,29,22,5,臺中市,西屯區,0,1,0,7,1,6,50,4,1,1,5,4,6,6,2,1,10,5,5,2,12,2,8,5,4,C03,7,5,3,19,2,12,,8,8,1,12,4,120.642624,24.164244,2
11679,66000,387130000C,(04)23274275,(04)23288582,2025,09,29,22,9,臺中市,大安區,0,1,0,7,1,6,50,13,9,1,5,4,5,6,4,4,10,4,5,1,18,2,9,1,1,C03,7,9,1,10,7,14,12,59,59,1,6,4,120.608687,24.369584,2
11680,66000,387130000C,(04)23274275,(04)23288582,2025,09,29,22,26,臺中市,清水區,0,0,0,7,,,70,,,,,,,,,,,,,,13,,,,,B03,,,1,,1,,,7,7,1,10,4,120.603329,24.311483,3
11681,66000,387130000C,(04)23274275,(04)23288582,2025,09,29,22,27,臺中市,沙鹿區,0,0,0,7,,,50,,,,,,,,,,,,,,13,,,,,B03,,,1,,2,,,7,7,1,6,4,120.580544,24.209606,3
11682,66000,387130000C,(04)23274275,(04)23288582,2025,09,29,22,47,臺中市,潭子區,0,1,0,7,1,6,50,4,2,1,5,2,6,6,1,1,5,5,5,2,18,2,9,2,1,C03,7,12,1,10,2,12,,84,84,1,12,4,120.70759,24.197578,2
11683,66000,387130000C,(04)23274275,(04)23288582,2025,09,29,23,0,臺中市,北區,0,1,0,7,1,6,50,4,1,1,5,4,1,6,1,1,1,4,4,2,29,2,8,2,1,C03,7,9,1,10,2,11,,59,59,1,12,4,120.676421,24.157514,2
11684,66000,387130000C,(04)23274275,(04)23288582,2025,09,29,23,2,臺中市,東區,0,1,0,7,3,6,50,13,8,1,5,4,6,6,4,4,5,4,4,2,18,2,9,5,4,C03,7,7,1,10,2,15,,84,84,1,6,4,120.703004,24.139011,2
11685,66000,387130000C,(04)23274275,(04)23288582,2025,09,29,23,17,臺中市,南區,0,0,0,7,,,50,,,,,,,,,,,,,,17,,,,,B03,,,1,,2,,,8,8,1,12,4,120.652498,24.122127,3
11686,66000,387130000C,(04)23274275,(04)23288582,2025,09,29,23,42,臺中市,霧峰區,0,0,0,7,,,30,,,,,,,,,,,,,,17,,,,,B03,,,1,,2,,,87,87,1,13,4,120.664479,24.046879,3
11687,66000,387130000C,(04)23274275,(04)23288582,2025,09,29,23,45,臺中市,西區,0,2,0,7,1,6,50,3,1,1,5,4,6,6,4,4,10,5,5,2,17,2,9,2,1,C03,7,9,1,10,2,14,12,85,85,1,12,4,120.674268,24.141399,2
11688,66000,387130000C,(04)23274275,(04)23288582,2025,09,30,0,36,臺中市,南區,0,0,0,7,,,50,,,,,,,,,,,,,,,,,,,C03,,,1,,1,,,7,7,1,6,4,120.6549,24.115786,3
11689,66000,387130000C,(04)23274275,(04)23288582,2025,09,30,1,4,臺中市,西屯區,0,0,0,7,,,30,,,,,,,,,,,,,,17,,,,,B12,,,1,,2,,,59,59,1,12,4,120.64546,24.180489,3
11690,66000,387130000C,(04)23274275,(04)23288582,2025,09,30,1,11,臺中市,梧棲區,0,2,0,7,1,6,40,4,1,1,5,4,5,6,4,4,10,5,5,2,15,3,10,1,1,C03,7,9,1,10,2,11,,12,12,1,6,4,120.557913,24.241913,2
11691,66000,387130000C,(04)23274275,(04)23288582,2025,09,30,1,24,臺中市,中區,0,1,0,7,1,6,50,5,1,1,5,4,6,6,1,1,10,5,5,2,17,2,9,2,1,C03,7,6,1,10,2,14,,84,84,1,12,4,120.681744,24.144541,2
11692,66000,387130000C,(04)23274275,(04)23288582,2025,09,30,2,25,臺中市,大里區,0,1,0,7,1,6,50,13,7,1,5,4,6,6,1,1,5,4,5,2,13,2,9,3,1,B03,7,9,1,5,2,1,,55,55,1,13,4,120.684631,24.079678,2
11693,66000,387130000C,(04)23274275,(04)23288582,2025,09,30,2,36,臺中市,大里區,0,0,0,6,1,6,30,13,14,1,5,4,6,6,4,4,10,5,5,1,24,,,,,B12,,,1,,2,,,84,84,1,12,4,120.686927,24.114294,3
11694,66000,387130000C,(04)23274275,(04)23288582,2025,09,30,3,0,臺中市,大肚區,0,0,0,7,,,50,,,,,,,,,,,,,,12,,,,,B03,,,1,,9,,,84,84,1,6,4,120.578825,24.175103,3
11695,66000,387130000C,(04)23274275,(04)23288582,2025,09,30,5,13,臺中市,清水區,0,1,0,7,1,6,50,13,7,1,5,4,6,6,1,1,1,4,4,1,13,3,10,3,1,B12,7,9,1,8,2,1,,84,84,1,12,4,120.572098,24.27481,2
11696,66000,387130000C,(04)23274275,(04)23288582,2025,09,30,6,4,臺中市,清水區,0,1,0,7,3,6,50,3,1,1,5,4,6,6,4,4,9,4,4,2,16,3,10,3,1,B03,7,6,1,8,2,5,,20,20,1,12,4,120.576452,24.268156,2
11697,66000,387130000C,(04)23274275,(04)23288582,2025,09,30,6,24,臺中市,西屯區,0,1,0,7,2,6,50,13,9,1,5,4,6,6,1,1,1,4,5,2,13,3,10,2,1,C03,7,9,1,10,2,11,,7,7,1,12,4,120.663944,24.172412,2
11698,66000,387130000C,(04)23274275,(04)23288582,2025,09,30,6,28,臺中市,豐原區,0,1,0,7,2,6,30,4,9,1,5,4,6,6,4,4,10,5,5,2,15,3,10,1,1,C03,7,9,1,10,2,12,,15,15,1,12,4,120.71139,24.244775,2
11699,66000,387130000C,(04)23274275,(04)23288582,2025,09,30,6,30,臺中市,潭子區,0,1,0,7,2,6,40,3,1,1,5,4,6,6,4,4,10,5,5,2,16,3,10,3,1,B03,7,5,1,8,2,4,,13,13,1,12,4,120.711105,24.231653,2
11700,66000,387130000C,(04)23274275,(04)23288582,2025,09,30,6,33,臺中市,中區,0,1,0,7,2,6,50,3,2,1,5,4,6,6,1,1,10,5,5,2,30,2,9,2,1,C03,7,15,1,10,2,12,,84,84,1,12,4,120.684262,24.137211,2
11701,66000,387130000C,(04)23274275,(04)23288582,2025,09,30,6,35,臺中市,西屯區,0,0,0,7,,,40,,,,,,,,,,,,,,,,,,,C03,,,1,,2,,,59,59,1,12,4,120.642074,24.157071,3
11702,66000,387130000C,(04)23274275,(04)23288582,2025,09,30,6,51,臺中市,潭子區,0,0,0,7,,,50,,,,,,,,,,,,,,14,,,,,B12,,,1,,2,,,50,50,1,13,4,120.713116,24.229642,3
11703,66000,387130000C,(04)23274275,(04)23288582,2025,09,30,7,0,臺中市,東區,0,0,0,7,,,50,,,,,,,,,,,,,,16,,,,,,,,,,,,,119,119,1,,,120.700153,24.138818,3
11704,66000,387130000C,(04)23274275,(04)23288582,2025,09,30,7,2,臺中市,大肚區,0,1,0,7,2,6,50,13,7,1,5,4,6,6,4,4,1,4,4,1,13,2,9,1,1,C03,7,9,1,10,2,14,,7,7,1,6,4,120.556614,24.128025,2
11705,66000,387130000C,(04)23274275,(04)23288582,2025,09,30,7,3,臺中市,北區,0,1,0,7,2,6,50,4,1,1,5,4,6,6,1,1,10,5,5,2,18,2,9,5,4,C03,7,14,1,10,1,14,,84,84,1,12,4,120.685574,24.153539,2
11706,66000,387130000C,(04)23274275,(04)23288582,2025,09,30,7,3,臺中市,外埔區,0,1,0,7,2,6,50,13,7,1,5,4,6,6,4,4,9,4,4,2,12,3,10,3,1,B03,7,5,1,8,2,2,,20,20,1,12,4,120.654746,24.332093,2
11707,66000,387130000C,(04)23274275,(04)23288582,2025,09,30,7,5,臺中市,大里區,0,0,0,7,,,50,,,,,,,,,,,,,,12,,,,,C03,,,1,,2,,,84,84,1,12,4,120.69244,24.081556,3
11708,66000,387130000C,(04)23274275,(04)23288582,2025,09,30,7,9,臺中市,西區,0,1,0,7,2,6,50,3,2,1,5,4,6,6,4,4,9,5,5,2,16,3,10,3,1,B03,7,5,1,8,2,5,,65,65,1,12,4,120.676183,24.141293,2
11709,66000,387130000C,(04)23274275,(04)23288582,2025,09,30,7,10,臺中市,太平區,0,2,0,7,3,6,50,4,1,1,5,4,6,6,1,1,5,5,4,1,11,2,7,6,1,F01,7,9,7,21,2,11,,84,84,1,12,4,120.729836,24.109267,2
11710,66000,387130000C,(04)23274275,(04)23288582,2025,09,30,7,12,臺中市,西屯區,0,1,0,7,3,6,50,3,1,1,5,4,6,6,1,1,10,5,5,2,12,3,10,5,4,B03,7,9,1,8,2,6,,84,84,1,13,4,120.602388,24.159336,2
11711,66000,387130000C,(04)23274275,(04)23288582,2025,09,30,7,13,臺中市,北屯區,0,0,0,7,,,50,,,,,,,,,,,,,,13,,,,,C03,,,1,,1,,,7,7,1,13,4,120.701989,24.182014,3
11712,66000,387130000C,(04)23274275,(04)23288582,2025,09,30,7,13,臺中市,西屯區,0,0,0,7,,,40,,,,,,,,,,,,,,13,,,,,C03,,,1,,2,,,7,7,1,12,4,120.609316,24.184171,4
11713,66000,387130000C,(04)23274275,(04)23288582,2025,09,30,7,13,臺中市,龍井區,0,0,0,7,,,50,,,,,,,,,,,,,,13,,,,,B03,,,1,,1,,,7,7,1,6,4,120.584856,24.183547,3
11714,66000,387130000C,(04)23274275,(04)23288582,2025,09,30,7,14,臺中市,沙鹿區,0,1,0,7,2,6,50,4,2,1,5,4,6,6,1,1,5,5,5,2,9,3,10,3,1,B03,7,9,1,8,2,5,,8,8,1,12,4,120.562165,24.238759,2
11715,66000,387130000C,(04)23274275,(04)23288582,2025,09,30,7,15,臺中市,北屯區,0,0,0,7,,3,40,,,,,,,,,,,,,,13,,,,,B03,,,1,,1,,,84,84,1,12,4,120.694144,24.201018,3
11716,66000,387130000C,(04)23274275,(04)23288582,2025,09,30,7,22,臺中市,南區,0,1,0,7,2,6,50,3,1,1,5,4,6,6,1,1,9,4,4,2,17,3,10,3,1,B03,7,11,1,8,2,5,,45,45,1,12,4,120.669746,24.111206,2
11717,66000,387130000C,(04)23274275,(04)23288582,2025,09,30,7,23,臺中市,太平區,0,2,0,7,3,6,50,5,1,1,5,4,6,6,1,1,3,4,5,2,16,2,9,2,1,F03,7,5,7,21,2,14,,84,84,1,4,4,120.713077,24.143523,2
11718,66000,387130000C,(04)23274275,(04)23288582,2025,09,30,7,24,臺中市,西屯區,0,1,0,7,2,6,50,13,9,1,5,4,6,6,1,1,1,4,5,1,12,3,10,2,1,C03,7,15,1,10,1,11,,59,59,1,12,4,120.661307,24.171835,2
11719,66000,387130000C,(04)23274275,(04)23288582,2025,09,30,7,24,臺中市,沙鹿區,0,2,0,7,2,6,50,5,2,1,5,4,6,6,1,1,8,3,4,1,17,3,10,5,4,B03,7,5,1,8,2,2,,47,47,1,13,4,120.569422,24.23712,2
11720,66000,387130000C,(04)23274275,(04)23288582,2025,09,30,7,25,臺中市,南區,0,0,0,7,,,50,,,,,,,,,,,,,,13,,,,,A04,,,1,,1,,,84,84,1,6,4,120.683907,24.119053,3