﻿序號,縣市別代碼,機關代碼,市話,傳真,年,月,日,時,分,縣市,區,死亡數量,受傷數量,2-30,天候,道路照明設備,道路類別,道路速限,道路型態,事故位置,路面鋪裝,路面狀態,路面缺陷,障礙物,視距,號誌種類,號誌動作,分向設施,快車道或一般車道間,快慢車道間,路面邊線,事故類型及型態,受傷程度,主要傷處,保護裝備,行動電話或功能裝置,當事者區分_類別,車輛用途,當事者行動狀態,駕照狀態,駕照種類,飲酒情形,車輛撞擊部位最初,車輛撞擊部位其他,肇事因素個別,肇事因素主要,肇事逃逸,職業,共享經濟或外送平台,GPS座標X,GPS座標Y,事故類別
11831,66000,387130000C,(04)23274275,(04)23288582,2025,09,30,10,17,臺中市,西屯區,0,1,0,7,2,6,50,4,1,1,5,4,6,6,2,1,10,5,5,2,16,3,10,3,1,B12,7,6,1,8,2,2,,11,11,1,12,4,120.626128,24.184542,2
11832,66000,387130000C,(04)23274275,(04)23288582,2025,09,30,10,17,臺中市,大里區,0,1,0,7,2,6,50,4,1,1,5,4,6,6,1,1,5,4,5,1,15,3,10,3,1,B03,7,9,1,8,2,2,,84,84,1,13,4,120.69913,24.110186,2
11833,66000,387130000C,(04)23274275,(04)23288582,2025,09,30,10,20,臺中市,南屯區,0,1,0,7,3,6,30,4,1,1,5,4,6,6,4,4,10,5,5,2,15,3,10,3,1,B03,7,9,1,8,2,7,,12,12,1,12,4,120.635944,24.137392,2
11834,66000,387130000C,(04)23274275,(04)23288582,2025,09,30,10,20,臺中市,西屯區,0,1,0,7,2,6,50,3,1,1,4,4,6,6,1,1,10,5,5,1,18,2,9,2,1,C03,7,5,1,10,2,12,,59,59,1,12,4,120.645096,24.16288,2
11835,66000,387130000C,(04)23274275,(04)23288582,2025,09,30,10,21,臺中市,太平區,0,0,0,7,,,30,,,,,,,,,,,,,,,,,,,C03,,,1,,2,,,59,59,1,12,4,120.727591,24.152152,3
11836,66000,387130000C,(04)23274275,(04)23288582,2025,09,30,10,23,臺中市,西區,0,0,0,7,,,50,,,,,,,,,,,,,,,,,,,B03,,,1,,1,,,40,40,1,12,4,120.676181,24.134298,3
11837,66000,387130000C,(04)23274275,(04)23288582,2025,09,30,10,29,臺中市,太平區,0,0,0,7,,,30,,,,,,,,,,,,,,14,,,,,B12,,,1,,2,,,49,49,1,12,4,120.710535,24.153597,3
11838,66000,387130000C,(04)23274275,(04)23288582,2025,09,30,10,35,臺中市,西屯區,0,2,0,7,2,6,50,4,1,1,5,4,6,6,1,1,10,5,5,2,16,3,10,5,4,B03,7,6,1,8,2,5,,11,11,1,12,4,120.659799,24.161223,2
11839,66000,387130000C,(04)23274275,(04)23288582,2025,09,30,10,37,臺中市,大里區,0,0,0,7,,,50,,,,,,,,,,,,,,16,,,,,C03,,,1,,2,,,59,59,1,12,4,120.701231,24.100183,3
11840,66000,387130000C,(04)23274275,(04)23288582,2025,09,30,10,42,臺中市,北屯區,0,0,0,7,,,30,,,,,,,,,,,,,,15,,,,,B03,,,1,,1,,,14,14,1,12,4,120.71518,24.177354,3
11841,66000,387130000C,(04)23274275,(04)23288582,2025,09,30,10,43,臺中市,東區,0,0,0,7,,,50,,,,,,,,,,,,,,17,,,,,B12,,,1,,1,,,8,8,1,12,4,120.684855,24.135389,3
11842,66000,387130000C,(04)23274275,(04)23288582,2025,09,30,10,44,臺中市,和平區,0,0,0,7,,,50,13,9,1,5,4,6,6,4,4,9,4,5,1,13,3,10,1,1,C02,7,9,1,9,2,11,,7,7,1,10,4,120.903816,24.168838,3
11843,66000,387130000C,(04)23274275,(04)23288582,2025,09,30,10,44,臺中市,豐原區,0,1,0,7,2,6,50,13,8,1,5,4,6,6,4,4,5,5,4,2,16,2,9,1,1,C03,7,9,4,19,2,14,,84,84,1,12,4,120.727136,24.252324,2
11844,66000,387130000C,(04)23274275,(04)23288582,2025,09,30,10,47,臺中市,北屯區,0,0,0,7,,,50,,,,,,,,,,,,,,35,,,,,B12,,,1,,1,,,78,78,1,13,4,120.672507,24.175859,3
11845,66000,387130000C,(04)23274275,(04)23288582,2025,09,30,10,48,臺中市,南屯區,0,0,0,7,,,40,,,,,,,,,,,,,,,,,,,B03,,,1,,1,,,84,84,1,12,4,120.609702,24.138425,3
11846,66000,387130000C,(04)23274275,(04)23288582,2025,09,30,10,48,臺中市,北屯區,0,0,0,7,,3,80,,,,,,,,,,,,,,13,,,,,B03,,,1,,1,,,59,59,1,12,4,120.694144,24.201018,3
11847,66000,387130000C,(04)23274275,(04)23288582,2025,09,30,10,48,臺中市,大里區,0,1,0,7,2,6,50,3,1,1,5,4,6,6,4,4,9,4,5,2,16,3,10,3,1,B03,7,6,1,8,2,6,,14,14,1,12,4,120.698452,24.109494,2
11848,66000,387130000C,(04)23274275,(04)23288582,2025,09,30,10,49,臺中市,中區,0,0,0,7,,,50,,,,,,,,,,,,,,,,,,,B01,,,1,4,1,,,84,84,1,13,4,120.685915,24.139751,3
11849,66000,387130000C,(04)23274275,(04)23288582,2025,09,30,10,51,臺中市,北屯區,0,0,0,7,,,50,,,,,,,,,,,,,,16,,,,,C03,,,1,,1,,,8,8,1,12,4,120.690746,24.163,3
11850,66000,387130000C,(04)23274275,(04)23288582,2025,09,30,10,52,臺中市,西屯區,0,0,0,7,,,40,,,,,,,,,,,,,,12,,,,,A02,,,1,,2,,,51,51,1,13,4,120.658261,24.195496,3
11851,66000,387130000C,(04)23274275,(04)23288582,2025,09,30,10,55,臺中市,大里區,0,1,0,7,2,6,50,13,8,1,5,4,6,6,4,4,5,5,4,2,30,2,9,5,4,G02,7,9,7,8,2,17,,84,84,1,13,4,120.69703,24.107258,2
11852,66000,387130000C,(04)23274275,(04)23288582,2025,09,30,11,4,臺中市,北區,0,0,0,7,,,50,,,,,,,,,,,,,,14,,,,,A12,,,1,,1,,,49,49,1,12,4,120.689163,24.158157,3
11853,66000,387130000C,(04)23274275,(04)23288582,2025,09,30,11,6,臺中市,外埔區,0,1,0,7,2,6,30,5,2,1,5,4,6,6,4,4,10,5,5,2,11,2,9,1,1,C03,7,9,1,10,5,11,,53,53,1,12,4,120.64288,24.343386,2
11854,66000,387130000C,(04)23274275,(04)23288582,2025,09,30,11,8,臺中市,潭子區,0,0,0,7,,3,40,,,,,,,,,,,,,,,,,,,B03,,,1,,2,,,84,84,1,13,4,120.709739,24.200514,3
11855,66000,387130000C,(04)23274275,(04)23288582,2025,09,30,11,9,臺中市,霧峰區,0,0,0,7,,,40,,,,,,,,,,,,,,17,,,,,B02,,,1,,1,,,76,76,1,6,4,120.698626,24.062779,3
11856,66000,387130000C,(04)23274275,(04)23288582,2025,09,30,11,11,臺中市,龍井區,0,0,0,7,,,50,,,,,,,,,,,,,,,,,,,A12,,,1,,1,,,87,87,1,6,4,120.538696,24.192984,3
11857,66000,387130000C,(04)23274275,(04)23288582,2025,09,30,11,19,臺中市,沙鹿區,0,0,0,7,,,50,,,,,,,,,,,,,,,,,,,B03,,,1,,11,,,59,59,1,13,4,120.565453,24.249734,3
11858,66000,387130000C,(04)23274275,(04)23288582,2025,09,30,11,20,臺中市,南區,0,0,0,7,,,50,,,,,,,,,,,,,,14,,,,,B12,,,1,,1,,,49,49,1,13,4,120.681544,24.134052,3
11859,66000,387130000C,(04)23274275,(04)23288582,2025,09,30,11,21,臺中市,大里區,0,0,0,7,,,50,,,,,,,,,,,,,,12,,,,,A12,,,1,,1,,,59,59,1,12,4,120.718973,24.098209,3
11860,66000,387130000C,(04)23274275,(04)23288582,2025,09,30,11,21,臺中市,梧棲區,0,1,0,7,3,6,50,13,9,1,5,4,6,6,4,4,5,5,5,1,18,2,9,1,1,C03,7,9,1,10,2,16,,87,87,1,6,4,120.5392,24.250762,2
11861,66000,387130000C,(04)23274275,(04)23288582,2025,09,30,11,26,臺中市,南區,0,0,0,7,,,50,,,,,,,,,,,,,,17,,,,,B03,,,1,,2,,,59,59,1,12,4,120.679378,24.117772,3
11862,66000,387130000C,(04)23274275,(04)23288582,2025,09,30,11,28,臺中市,東區,0,0,0,7,,,50,,,,,,,,,,,,,,17,,,,,B01,,,1,,2,,,4,4,1,6,4,120.694626,24.149766,3
11863,66000,387130000C,(04)23274275,(04)23288582,2025,09,30,11,32,臺中市,霧峰區,0,1,0,7,2,6,50,13,9,1,5,4,6,6,4,4,9,5,5,1,19,2,9,2,1,C03,7,9,1,10,2,14,,84,84,1,6,4,120.691533,24.057872,2
11864,66000,387130000C,(04)23274275,(04)23288582,2025,09,30,11,37,臺中市,南屯區,0,0,0,7,,,50,,,,,,,,,,,,,,,,,,,B03,,,1,,1,,,59,59,1,12,4,120.623716,24.150593,3
11865,66000,387130000C,(04)23274275,(04)23288582,2025,09,30,11,39,臺中市,潭子區,0,1,0,7,3,6,60,13,8,1,5,4,6,6,4,4,1,4,4,1,17,3,10,3,1,B03,7,7,1,8,2,16,,85,85,1,13,4,120.704502,24.204446,2
11866,66000,387130000C,(04)23274275,(04)23288582,2025,09,30,11,39,臺中市,東勢區,0,1,0,7,2,6,50,5,1,1,5,4,6,6,1,1,10,5,5,2,17,2,9,1,1,F02,7,9,7,21,2,12,,21,21,1,12,4,120.826988,24.255319,2
11867,66000,387130000C,(04)23274275,(04)23288582,2025,09,30,11,48,臺中市,霧峰區,0,1,0,7,3,6,50,13,8,1,5,4,6,6,4,4,1,4,4,1,18,2,9,1,1,C03,7,9,1,10,2,12,,84,84,1,12,4,120.700003,24.075426,2
11868,66000,387130000C,(04)23274275,(04)23288582,2025,09,30,11,50,臺中市,南屯區,0,0,0,7,3,6,50,13,9,1,5,4,6,6,1,1,5,2,5,2,13,,,,,B12,,,1,,1,,,7,7,1,12,4,120.614301,24.139132,3
11869,66000,387130000C,(04)23274275,(04)23288582,2025,09,30,11,50,臺中市,西屯區,0,0,0,7,,,50,,,,,,,,,,,,,,,,,,,C03,,,1,,1,,,59,59,1,12,4,120.606551,24.188924,3
11870,66000,387130000C,(04)23274275,(04)23288582,2025,09,30,11,52,臺中市,西區,0,0,0,7,,,50,,,,,,,,,,,,,,,,,,,B03,,,1,,1,,,40,40,1,6,4,120.673839,24.14706,3
11871,66000,387130000C,(04)23274275,(04)23288582,2025,09,30,12,0,臺中市,西屯區,0,0,0,7,,,40,,,,,,,,,,,,,,13,,,,,B12,,,1,,1,,,58,58,1,12,4,120.62904,24.162561,3
11872,66000,387130000C,(04)23274275,(04)23288582,2025,09,30,12,3,臺中市,西區,0,0,0,7,,,50,,,,,,,,,,,,,,,,,,,C03,,,1,,1,,,6,6,1,12,4,120.667509,24.146539,3
11873,66000,387130000C,(04)23274275,(04)23288582,2025,09,30,12,7,臺中市,南屯區,0,1,0,7,2,6,50,13,9,1,5,4,6,6,1,1,8,3,5,1,12,3,10,1,1,C03,7,8,1,10,1,13,,40,40,1,12,4,120.647243,24.14701,2
11874,66000,387130000C,(04)23274275,(04)23288582,2025,09,30,12,10,臺中市,西區,0,0,0,7,,,30,,,,,,,,,,,,,,14,,,,,B03,,,1,,2,,,49,49,1,12,4,120.675844,24.133974,3
11875,66000,387130000C,(04)23274275,(04)23288582,2025,09,30,12,10,臺中市,東區,0,0,0,7,,,50,,,,,,,,,,,,,,30,,,,,,,,,,,,,119,119,1,,,120.685973,24.135946,4
11876,66000,387130000C,(04)23274275,(04)23288582,2025,09,30,12,10,臺中市,大里區,0,1,0,7,3,6,40,3,2,1,5,4,6,6,4,4,1,4,4,1,13,2,7,1,1,C03,7,9,1,10,2,11,,7,7,1,13,4,120.676133,24.103184,2
11877,66000,387130000C,(04)23274275,(04)23288582,2025,09,30,12,11,臺中市,太平區,0,0,0,6,,,50,,,,,,,,,,,,,,,,,,,B03,,,1,,2,,,45,45,1,12,4,120.728593,24.134858,3
11878,66000,387130000C,(04)23274275,(04)23288582,2025,09,30,12,14,臺中市,北區,0,0,0,7,,,50,,,,,,,,,,,,,,17,,,,,B12,,,1,,1,,,84,84,1,13,4,120.684224,24.147507,3
11879,66000,387130000C,(04)23274275,(04)23288582,2025,09,30,12,15,臺中市,沙鹿區,0,1,0,7,2,6,30,11,9,1,5,4,6,6,4,4,10,5,5,2,27,2,3,3,1,A12,7,9,1,7,2,5,,84,84,1,6,4,120.583434,24.221114,2
11880,66000,387130000C,(04)23274275,(04)23288582,2025,09,30,12,17,臺中市,大里區,0,0,0,7,,,50,,,,,,,,,,,,,,13,,,,,C03,,,1,,2,,,84,84,1,5,4,120.69697,24.084361,3
11881,66000,387130000C,(04)23274275,(04)23288582,2025,09,30,12,22,臺中市,梧棲區,0,1,0,7,3,6,50,4,2,1,5,4,6,6,1,1,5,5,5,2,13,3,10,3,1,B03,7,1,1,8,2,5,,51,51,1,6,4,120.536663,24.266714,2
11882,66000,387130000C,(04)23274275,(04)23288582,2025,09,30,12,22,臺中市,豐原區,0,0,0,7,,,30,,,,,,,,,,,,,,24,,,,,A11,,,1,,2,,,59,59,1,12,4,120.720254,24.251272,3
11883,66000,387130000C,(04)23274275,(04)23288582,2025,09,30,12,25,臺中市,北屯區,0,1,0,7,2,6,50,4,1,1,5,4,6,6,2,1,10,5,5,2,16,3,10,3,1,B03,7,11,1,8,2,5,,45,45,1,12,4,120.687031,24.18554,2
11884,66000,387130000C,(04)23274275,(04)23288582,2025,09,30,12,25,臺中市,龍井區,0,0,0,7,,,60,,,,,,,,,,,,,,13,,,,,B03,,,1,,1,,,7,7,1,6,4,120.587174,24.185782,3
11885,66000,387130000C,(04)23274275,(04)23288582,2025,09,30,12,29,臺中市,太平區,0,1,0,7,2,6,50,4,1,1,5,4,6,6,2,1,5,5,5,2,16,3,10,3,1,B03,7,5,1,8,2,2,,47,47,1,6,4,120.701661,24.153666,2
11886,66000,387130000C,(04)23274275,(04)23288582,2025,09,30,12,30,臺中市,南屯區,0,0,0,7,3,6,50,13,9,1,5,4,6,6,1,1,5,4,5,2,13,,,,,B03,,,1,,1,,,7,7,1,12,4,120.643921,24.13821,3
11887,66000,387130000C,(04)23274275,(04)23288582,2025,09,30,12,34,臺中市,北屯區,0,0,0,7,,,50,,,,,,,,,,,,,,13,,,,,B03,,,1,,2,,,84,84,1,13,4,120.697598,24.17042,3
11888,66000,387130000C,(04)23274275,(04)23288582,2025,09,30,12,34,臺中市,烏日區,0,0,0,7,,,50,,,,,,,,,,,,,,12,,,,,B03,,,1,,1,,,8,8,1,6,4,120.622173,24.106842,3
11889,66000,387130000C,(04)23274275,(04)23288582,2025,09,30,12,36,臺中市,北屯區,0,0,0,7,,,50,,,,,,,,,,,,,,13,,,,,B03,,,5,19,1,,,7,7,1,13,4,120.684084,24.172353,3
11890,66000,387130000C,(04)23274275,(04)23288582,2025,09,30,12,36,臺中市,龍井區,0,0,0,7,,,30,,,,,,,,,,,,,,25,,,,,A11,,,1,,2,,,29,29,1,6,4,120.575909,24.183255,3
11891,66000,387130000C,(04)23274275,(04)23288582,2025,09,30,12,38,臺中市,大肚區,0,0,0,7,,,50,,,,,,,,,,,,,,14,,,,,B03,,,1,,2,,,49,49,1,13,4,120.54394,24.158997,3
11892,66000,387130000C,(04)23274275,(04)23288582,2025,09,30,12,39,臺中市,北屯區,0,0,0,6,,,50,,,,,,,,,,,,,,11,,,,,B03,,,1,,1,,,84,84,1,6,4,120.676309,24.193341,3
11893,66000,387130000C,(04)23274275,(04)23288582,2025,09,30,12,39,臺中市,大里區,0,0,0,7,,,30,,,,,,,,,,,,,,14,,,,,B03,,,1,,1,,,49,49,1,6,4,120.697876,24.079388,3
11894,66000,387130000C,(04)23274275,(04)23288582,2025,09,30,12,40,臺中市,南區,0,0,0,7,,,50,,,,,,,,,,,,,,12,,,,,F01,,,7,,2,,,40,40,1,12,4,120.654711,24.116178,3
11895,66000,387130000C,(04)23274275,(04)23288582,2025,09,30,12,46,臺中市,豐原區,0,1,0,7,3,6,50,5,1,1,5,4,6,6,1,1,5,5,4,2,17,2,9,1,4,C03,7,5,1,10,2,12,,47,47,1,12,2,120.716915,24.253208,2
11896,66000,387130000C,(04)23274275,(04)23288582,2025,09,30,12,50,臺中市,大肚區,0,1,0,7,2,6,40,13,14,1,5,4,6,6,4,4,1,4,4,1,30,2,9,1,1,C04,7,9,1,10,2,12,,6,6,1,6,4,120.545473,24.160299,2
11897,66000,387130000C,(04)23274275,(04)23288582,2025,09,30,12,52,臺中市,東區,0,1,0,7,2,6,50,13,9,1,5,4,6,6,4,4,10,5,5,2,17,2,9,1,1,C03,7,9,1,10,2,11,,7,7,1,12,4,120.694993,24.147684,2
11898,66000,387130000C,(04)23274275,(04)23288582,2025,09,30,12,53,臺中市,西屯區,0,0,0,7,,,50,,,,,,,,,,,,,,17,,,,,C03,,,1,,1,,,50,50,1,12,4,120.658003,24.163068,3
11899,66000,387130000C,(04)23274275,(04)23288582,2025,09,30,12,54,臺中市,西屯區,0,0,0,7,,,40,,,,,,,,,,,,,,13,,,,,C03,,,1,,1,,,7,7,1,13,4,120.644782,24.165014,3
11900,66000,387130000C,(04)23274275,(04)23288582,2025,09,30,12,55,臺中市,北屯區,0,0,0,7,,,50,,,,,,,,,,,,,,17,,,,,,,,,,,,,119,119,1,,,120.698328,24.185295,4
11901,66000,387130000C,(04)23274275,(04)23288582,2025,09,30,12,59,臺中市,西區,0,0,0,7,,,50,,,,,,,,,,,,,,,,,,,C03,,,1,,1,,,40,40,1,12,4,120.671193,24.14667,3
11902,66000,387130000C,(04)23274275,(04)23288582,2025,09,30,12,59,臺中市,梧棲區,0,2,0,7,3,6,50,4,1,1,5,4,6,6,4,4,10,5,5,2,15,2,9,1,1,C03,7,9,1,10,2,12,,15,15,1,6,4,120.533625,24.258126,2
11903,66000,387130000C,(04)23274275,(04)23288582,2025,09,30,13,2,臺中市,南屯區,0,2,0,7,2,6,50,13,9,1,5,4,6,6,4,4,8,3,5,1,17,2,9,1,1,C03,7,1,1,10,2,14,,51,51,1,12,2,120.610926,24.138245,2
11904,66000,387130000C,(04)23274275,(04)23288582,2025,09,30,13,3,臺中市,神岡區,0,1,0,7,2,6,50,4,1,1,5,4,6,6,4,4,10,5,5,2,16,3,10,5,4,B03,7,6,1,8,2,1,,48,48,1,13,4,120.660199,24.272026,2
11905,66000,387130000C,(04)23274275,(04)23288582,2025,09,30,13,7,臺中市,西屯區,0,0,0,7,,,50,,,,,,,,,,,,,,16,,,,,C03,,,1,,1,,,11,11,1,13,4,120.650893,24.170869,3
11906,66000,387130000C,(04)23274275,(04)23288582,2025,09,30,13,14,臺中市,沙鹿區,0,1,0,7,2,6,50,4,1,1,5,4,6,6,1,1,3,4,3,2,17,3,10,3,1,A12,7,9,1,7,2,1,,56,56,1,13,4,120.567523,24.203842,2
11907,66000,387130000C,(04)23274275,(04)23288582,2025,09,30,13,20,臺中市,大肚區,0,0,0,7,,,50,,,,,,,,,,,,,,,,,,,B02,,,1,,2,,,51,51,1,6,4,120.536237,24.168066,3
11908,66000,387130000C,(04)23274275,(04)23288582,2025,09,30,13,21,臺中市,西區,0,0,0,7,,,50,,,,,,,,,,,,,,,,,,,B03,,,1,,1,,,49,49,1,12,4,120.660497,24.141085,3
11909,66000,387130000C,(04)23274275,(04)23288582,2025,09,30,13,22,臺中市,南屯區,0,0,0,7,,,50,,,,,,,,,,,,,,17,,,,,A11,,,1,,1,,,8,8,1,6,4,120.604487,24.1469,3
11910,66000,387130000C,(04)23274275,(04)23288582,2025,09,30,13,28,臺中市,南屯區,0,0,0,7,,,50,,,,,,,,,,,,,,12,,,,,B03,,,1,,1,,,84,84,1,12,4,120.607449,24.138739,3
11911,66000,387130000C,(04)23274275,(04)23288582,2025,09,30,13,30,臺中市,大安區,0,1,0,7,2,6,30,13,9,1,5,4,6,6,4,4,10,5,5,2,8,3,10,3,1,B12,7,9,1,8,2,5,,59,59,1,6,4,120.583118,24.367864,2
11912,66000,387130000C,(04)23274275,(04)23288582,2025,09,30,13,32,臺中市,北屯區,0,0,0,7,,,50,,,,,,,,,,,,,,,,,,,B03,,,1,,1,,,59,59,1,12,4,120.680502,24.180582,3
11913,66000,387130000C,(04)23274275,(04)23288582,2025,09,30,13,33,臺中市,太平區,0,0,0,7,2,3,80,10,9,1,5,4,6,6,4,4,2,3,5,1,17,3,10,3,1,B12,7,8,1,8,2,7,,40,40,1,6,4,120.731237,24.103929,3
11914,66000,387130000C,(04)23274275,(04)23288582,2025,09,30,13,35,臺中市,豐原區,0,1,0,7,2,6,50,13,9,1,5,4,6,6,4,4,10,5,5,2,24,2,9,2,1,C03,7,9,1,10,2,11,,84,84,1,13,4,120.722609,24.252178,2
11915,66000,387130000C,(04)23274275,(04)23288582,2025,09,30,13,36,臺中市,北屯區,0,0,0,7,,,50,,,,,,,,,,,,,,13,,,,,B03,,,1,,1,,,7,7,1,13,4,120.706985,24.169659,3
11916,66000,387130000C,(04)23274275,(04)23288582,2025,09,30,13,40,臺中市,太平區,0,0,0,7,,,30,,,,,,,,,,,,,,,,,,,C03,,,1,,2,,,14,14,1,12,4,120.712086,24.150041,3
11917,66000,387130000C,(04)23274275,(04)23288582,2025,09,30,13,47,臺中市,沙鹿區,0,0,0,7,,,50,,,,,,,,,,,,,,14,,,,,A12,,,1,,2,,,49,49,1,6,4,120.568601,24.230492,3
11918,66000,387130000C,(04)23274275,(04)23288582,2025,09,30,13,49,臺中市,西區,0,1,0,7,2,6,50,4,1,1,5,4,6,6,4,4,10,5,5,2,15,2,8,1,1,C03,7,9,1,9,1,11,,15,15,1,13,4,120.660925,24.148437,2
11919,66000,387130000C,(04)23274275,(04)23288582,2025,09,30,13,49,臺中市,東區,0,1,0,7,2,6,50,4,2,1,5,4,6,6,1,1,10,5,5,2,13,2,9,2,1,C03,7,9,1,10,1,11,,7,7,1,12,2,120.692326,24.142709,2
11920,66000,387130000C,(04)23274275,(04)23288582,2025,09,30,13,50,臺中市,北屯區,0,1,0,7,2,6,50,13,9,1,5,4,6,6,4,4,1,4,5,2,18,2,9,2,1,C03,7,12,1,10,9,14,,59,59,1,12,4,120.671342,24.189352,2
11921,66000,387130000C,(04)23274275,(04)23288582,2025,09,30,13,51,臺中市,大里區,0,1,0,7,2,6,50,3,1,1,5,4,6,6,1,1,10,5,5,2,15,3,10,3,1,B03,7,9,1,8,7,8,,21,21,1,12,4,120.690196,24.123375,2
11922,66000,387130000C,(04)23274275,(04)23288582,2025,09,30,14,2,臺中市,西屯區,0,1,0,7,2,6,50,3,1,1,5,4,6,6,2,1,10,5,5,2,16,3,10,5,4,B03,7,5,3,19,2,6,,47,47,1,13,4,120.645198,24.162841,2
11923,66000,387130000C,(04)23274275,(04)23288582,2025,09,30,14,5,臺中市,南區,0,2,0,7,2,6,50,4,1,1,5,4,6,6,2,1,10,5,5,2,16,3,10,3,1,B03,7,5,1,8,2,2,,11,11,1,12,4,120.669918,24.119015,2
11924,66000,387130000C,(04)23274275,(04)23288582,2025,09,30,14,6,臺中市,沙鹿區,0,1,0,7,2,6,50,13,5,1,5,4,6,6,4,4,10,5,5,2,17,3,10,3,1,B03,7,11,1,8,2,4,,45,45,1,12,4,120.56743,24.22799,2
11925,66000,387130000C,(04)23274275,(04)23288582,2025,09,30,14,7,臺中市,大雅區,0,0,0,7,,,30,,,,,,,,,,,,,,17,,,,,A12,,,1,,1,,,84,84,1,13,4,120.621795,24.225453,3
11926,66000,387130000C,(04)23274275,(04)23288582,2025,09,30,14,7,臺中市,豐原區,0,1,0,7,2,6,50,5,1,1,5,4,6,6,1,1,10,5,5,2,15,4,11,2,1,C03,7,9,1,10,2,11,,21,21,1,13,4,120.721732,24.248888,2
11927,66000,387130000C,(04)23274275,(04)23288582,2025,09,30,14,10,臺中市,南屯區,0,1,0,7,3,6,50,13,9,1,5,4,6,6,1,1,5,2,5,2,12,2,9,1,1,C03,7,6,1,10,2,12,,8,8,1,12,4,120.649719,24.155621,2
11928,66000,387130000C,(04)23274275,(04)23288582,2025,09,30,14,10,臺中市,太平區,0,1,0,7,3,6,30,11,9,1,5,4,6,6,4,4,5,5,5,1,18,2,9,1,1,C03,7,9,1,10,2,12,,84,84,1,12,4,120.817896,24.089156,2
11929,66000,387130000C,(04)23274275,(04)23288582,2025,09,30,14,11,臺中市,北區,0,0,0,7,,,50,,,,,,,,,,,,,,14,,,,,B12,,,1,,1,,,49,49,1,12,4,120.682243,24.164901,3
11930,66000,387130000C,(04)23274275,(04)23288582,2025,09,30,14,16,臺中市,西區,0,0,0,7,,,50,,,,,,,,,,,,,,,,,,,B03,,,1,,1,,,40,40,1,12,4,120.665275,24.147883,3
11931,66000,387130000C,(04)23274275,(04)23288582,2025,09,30,14,17,臺中市,東區,0,0,0,7,,,50,,,,,,,,,,,,,,16,,,,,C03,,,1,,1,,,48,48,1,6,4,120.690342,24.129657,3
11932,66000,387130000C,(04)23274275,(04)23288582,2025,09,30,14,18,臺中市,南屯區,0,0,0,7,,,30,,,,,,,,,,,,,,17,,,,,B03,,,1,,1,,,82,82,1,12,4,120.653628,24.143569,3
11933,66000,387130000C,(04)23274275,(04)23288582,2025,09,30,14,20,臺中市,大雅區,0,0,0,7,,,50,,,,,,,,,,,,,,,,,,,C03,,,1,,1,,,20,20,1,12,4,120.647558,24.215411,3
11934,66000,387130000C,(04)23274275,(04)23288582,2025,09,30,14,20,臺中市,烏日區,0,0,0,7,,,50,,,,,,,,,,,,,,13,,,,,B01,,,1,,1,,,7,7,1,6,4,120.617141,24.11616,3
11935,66000,387130000C,(04)23274275,(04)23288582,2025,09,30,14,20,臺中市,豐原區,0,0,0,7,,,50,,,,,,,,,,,,,,13,,,,,B03,,,1,,2,,,7,7,1,12,4,120.711167,24.250985,3
11936,66000,387130000C,(04)23274275,(04)23288582,2025,09,30,14,24,臺中市,中區,0,1,0,7,3,6,50,3,2,1,5,4,6,6,4,4,5,5,4,2,13,2,9,1,1,C03,7,9,1,10,2,11,,7,7,1,6,4,120.677029,24.145374,2
11937,66000,387130000C,(04)23274275,(04)23288582,2025,09,30,14,28,臺中市,北屯區,0,0,0,7,,3,80,,,,,,,,,,,,,,13,,,,,A11,,,1,,1,,,7,7,1,13,4,120.720772,24.169767,3
11938,66000,387130000C,(04)23274275,(04)23288582,2025,09,30,14,30,臺中市,西區,0,2,0,7,2,6,50,3,1,1,5,4,6,6,4,4,5,4,5,2,13,2,9,2,1,C03,7,9,1,10,2,11,13,7,7,1,12,4,120.66185,24.153224,2
11939,66000,387130000C,(04)23274275,(04)23288582,2025,09,30,14,30,臺中市,南屯區,0,2,0,7,3,6,50,4,2,1,5,4,6,6,2,1,5,5,4,2,13,2,9,2,4,C03,7,9,1,10,2,11,,84,84,1,6,4,120.640359,24.146885,2
11940,66000,387130000C,(04)23274275,(04)23288582,2025,09,30,14,34,臺中市,北屯區,0,1,0,7,3,6,50,13,9,1,5,4,6,6,4,4,5,5,5,2,12,2,9,2,1,C03,7,8,1,10,2,14,,40,40,1,12,4,120.719633,24.176098,2
11941,66000,387130000C,(04)23274275,(04)23288582,2025,09,30,14,34,臺中市,大里區,0,1,0,7,3,6,50,5,1,1,5,4,6,6,1,1,5,5,5,2,16,2,9,1,1,C03,7,9,1,10,2,14,,7,7,1,12,4,120.69543,24.096889,2