﻿序號,縣市別代碼,機關代碼,市話,傳真,年,月,日,時,分,縣市,區,死亡數量,受傷數量,2-30,天候,道路照明設備,道路類別,道路速限,道路型態,事故位置,路面鋪裝,路面狀態,路面缺陷,障礙物,視距,號誌種類,號誌動作,分向設施,快車道或一般車道間,快慢車道間,路面邊線,事故類型及型態,受傷程度,主要傷處,保護裝備,行動電話或功能裝置,當事者區分_類別,車輛用途,當事者行動狀態,駕照狀態,駕照種類,飲酒情形,車輛撞擊部位最初,車輛撞擊部位其他,肇事因素個別,肇事因素主要,肇事逃逸,職業,共享經濟或外送平台,GPS座標X,GPS座標Y,事故類別
11942,66000,387130000C,(04)23274275,(04)23288582,2025,09,30,14,34,臺中市,大里區,0,0,0,7,,,60,,,,,,,,,,,,,,13,,,,,B12,,,1,,2,,,7,7,1,6,4,120.676086,24.085557,3
11943,66000,387130000C,(04)23274275,(04)23288582,2025,09,30,14,36,臺中市,西屯區,0,0,0,7,,,60,,,,,,,,,,,,,,,,,,,B03,,,1,,1,,,7,7,1,12,4,120.634283,24.176855,3
11944,66000,387130000C,(04)23274275,(04)23288582,2025,09,30,14,37,臺中市,潭子區,0,0,0,7,,,60,,,,,,,,,,,,,,,,,,,B03,,,1,,2,,,84,84,1,13,4,120.705453,24.211187,3
11945,66000,387130000C,(04)23274275,(04)23288582,2025,09,30,14,40,臺中市,南屯區,0,1,0,7,2,6,30,4,1,1,5,4,6,6,4,4,9,5,5,2,17,3,10,3,1,B03,7,9,1,8,2,2,,15,15,1,12,4,120.612791,24.148444,2
11946,66000,387130000C,(04)23274275,(04)23288582,2025,09,30,14,40,臺中市,龍井區,0,1,0,7,2,6,60,4,1,1,5,4,6,6,1,1,10,5,5,2,16,3,10,3,1,B03,7,5,1,8,2,2,,11,11,1,6,4,120.522942,24.196422,2
11947,66000,387130000C,(04)23274275,(04)23288582,2025,09,30,14,43,臺中市,太平區,0,1,0,7,2,6,50,13,9,1,5,4,6,6,4,4,9,5,4,2,17,3,10,3,1,B03,7,11,1,8,2,4,,84,84,1,6,4,120.717135,24.15212,2
11948,66000,387130000C,(04)23274275,(04)23288582,2025,09,30,14,45,臺中市,南屯區,0,1,0,7,1,6,50,13,9,1,5,4,6,6,2,1,8,3,4,1,13,2,8,1,1,C03,7,9,1,10,2,11,,7,7,1,12,4,120.608483,24.147118,2
11949,66000,387130000C,(04)23274275,(04)23288582,2025,09,30,14,50,臺中市,烏日區,0,2,0,7,3,6,50,13,9,1,5,4,6,6,4,4,5,4,5,1,13,2,9,1,1,C03,7,9,1,10,5,15,12,7,7,1,6,4,120.624696,24.105504,2
11950,66000,387130000C,(04)23274275,(04)23288582,2025,09,30,14,51,臺中市,西屯區,0,2,0,7,2,6,50,13,9,1,5,4,6,6,4,4,1,4,5,2,13,2,9,5,4,C04,7,9,1,10,2,11,,85,85,1,13,4,120.646702,24.156887,2
11951,66000,387130000C,(04)23274275,(04)23288582,2025,09,30,14,53,臺中市,西屯區,0,0,0,7,,,50,,,,,,,,,,,,,,12,,,,,B01,,,1,,1,,,40,40,1,12,4,120.650297,24.163835,3
11952,66000,387130000C,(04)23274275,(04)23288582,2025,09,30,14,54,臺中市,霧峰區,0,0,0,7,2,6,50,4,1,1,5,4,6,,1,1,10,5,5,2,17,,,,,B12,,,1,,2,,,68,68,1,6,4,120.679931,24.070808,3
11953,66000,387130000C,(04)23274275,(04)23288582,2025,09,30,14,55,臺中市,北屯區,0,1,0,7,3,6,50,5,1,1,5,4,6,6,1,1,10,5,5,2,17,3,10,3,1,B03,7,5,1,8,2,2,,11,11,1,12,4,120.691474,24.172696,2
11954,66000,387130000C,(04)23274275,(04)23288582,2025,09,30,14,55,臺中市,太平區,0,0,0,7,,,30,,,,,,,,,,,,,,,,,,,B12,,,1,,2,,,49,49,1,12,4,120.713216,24.126987,3
11955,66000,387130000C,(04)23274275,(04)23288582,2025,09,30,14,59,臺中市,西屯區,0,0,0,7,2,6,60,13,7,1,5,4,6,6,1,1,1,4,1,2,13,,,,,B03,,,1,,1,,,7,7,1,13,4,120.649182,24.163222,3
11956,66000,387130000C,(04)23274275,(04)23288582,2025,09,30,15,0,臺中市,神岡區,0,0,0,7,,,30,,,,,,,,,,,,,,25,,,,,B11,,,1,,2,,,8,8,1,13,4,120.713832,24.257839,3
11957,66000,387130000C,(04)23274275,(04)23288582,2025,09,30,15,2,臺中市,北屯區,0,0,0,7,,,50,,,,,,,,,,,,,,,,,,,B03,,,1,,9,,,84,84,1,13,4,120.701469,24.170623,3
11958,66000,387130000C,(04)23274275,(04)23288582,2025,09,30,15,2,臺中市,外埔區,0,0,0,7,2,6,50,3,9,1,5,4,6,6,1,1,5,5,5,1,13,3,10,1,1,C03,7,9,1,10,2,6,,84,84,1,6,4,120.634202,24.331017,3
11959,66000,387130000C,(04)23274275,(04)23288582,2025,09,30,15,6,臺中市,大雅區,0,0,0,7,,,50,,,,,,,,,,,,,,,,,,,B03,,,1,,1,,,87,87,1,12,4,120.648043,24.222042,3
11960,66000,387130000C,(04)23274275,(04)23288582,2025,09,30,15,15,臺中市,烏日區,0,1,0,7,2,6,40,13,8,1,5,4,6,6,4,4,5,4,4,2,9,3,10,1,1,C03,7,9,1,8,2,16,,87,87,1,6,4,120.62465,24.106211,2
11961,66000,387130000C,(04)23274275,(04)23288582,2025,09,30,15,17,臺中市,梧棲區,0,0,0,7,,,50,,,,,,,,,,,,,,16,,,,,B03,,,1,,1,,,51,51,1,6,4,120.537438,24.245933,3
11962,66000,387130000C,(04)23274275,(04)23288582,2025,09,30,15,20,臺中市,西屯區,0,0,0,7,,,50,,,,,,,,,,,,,,12,,,,,B03,,,1,,1,,,40,40,1,12,4,120.61516,24.182417,3
11963,66000,387130000C,(04)23274275,(04)23288582,2025,09,30,15,22,臺中市,南屯區,0,2,0,7,3,6,50,3,1,1,5,4,6,6,4,4,10,5,5,2,16,2,9,2,4,C03,7,6,1,10,2,12,,14,14,1,6,4,120.610213,24.138433,2
11964,66000,387130000C,(04)23274275,(04)23288582,2025,09,30,15,23,臺中市,西屯區,0,0,0,7,,,70,,,,,,,,,,,,,,13,,,,,B03,,,1,,1,,,7,7,1,12,4,120.624335,24.17867,3
11965,66000,387130000C,(04)23274275,(04)23288582,2025,09,30,15,25,臺中市,東區,0,1,0,7,1,6,50,13,9,1,5,4,6,4,4,4,10,4,4,2,12,3,10,3,1,B03,7,1,1,10,2,4,,51,51,1,12,4,120.688836,24.143106,2
11966,66000,387130000C,(04)23274275,(04)23288582,2025,09,30,15,26,臺中市,中區,0,2,0,7,2,6,50,4,1,1,5,4,6,6,4,4,10,5,5,2,15,2,3,5,4,B01,7,9,1,4,2,5,,15,15,1,13,4,120.678476,24.145842,2
11967,66000,387130000C,(04)23274275,(04)23288582,2025,09,30,15,26,臺中市,北屯區,0,0,0,7,,,50,,,,,,,,,,,,,,13,,,,,B03,,,1,,1,,,7,7,1,6,4,120.694209,24.170475,3
11968,66000,387130000C,(04)23274275,(04)23288582,2025,09,30,15,27,臺中市,西區,0,1,0,7,2,6,50,13,9,1,5,4,6,6,4,4,1,5,5,2,12,2,7,2,1,C03,7,3,1,10,2,14,,50,50,1,12,4,120.670909,24.146499,2
11969,66000,387130000C,(04)23274275,(04)23288582,2025,09,30,15,28,臺中市,沙鹿區,0,0,0,7,,,50,,,,,,,,,,,,,,,,,,,A41,,,1,,1,,,40,40,1,13,4,120.55679,24.212767,3
11970,66000,387130000C,(04)23274275,(04)23288582,2025,09,30,15,30,臺中市,西屯區,0,1,0,7,2,6,30,4,1,1,5,4,6,6,4,4,10,5,5,2,15,2,9,5,4,C03,7,9,1,10,2,11,,12,12,1,12,4,120.605473,24.18648,2
11971,66000,387130000C,(04)23274275,(04)23288582,2025,09,30,15,32,臺中市,北區,0,1,0,7,2,6,50,4,2,1,5,4,6,6,4,4,10,5,5,2,16,3,10,3,1,B03,7,5,1,8,2,5,,84,84,1,12,4,120.67212,24.166271,2
11972,66000,387130000C,(04)23274275,(04)23288582,2025,09,30,15,46,臺中市,西屯區,0,0,0,7,,,50,,,,,,,,,,,,,,12,,,,,A05,,,1,,9,,,8,8,1,12,4,120.649307,24.16269,3
11973,66000,387130000C,(04)23274275,(04)23288582,2025,09,30,15,46,臺中市,神岡區,0,1,0,7,2,6,50,3,1,1,5,4,6,6,2,1,10,5,5,1,16,2,9,5,4,C03,7,6,3,19,2,14,,11,11,1,13,4,120.690429,24.247876,2
11974,66000,387130000C,(04)23274275,(04)23288582,2025,09,30,15,47,臺中市,太平區,0,0,0,7,2,6,40,13,9,1,5,4,6,6,4,4,9,5,5,2,16,3,10,1,1,C03,7,9,1,10,2,14,,84,84,1,6,4,120.714737,24.122553,3
11975,66000,387130000C,(04)23274275,(04)23288582,2025,09,30,15,49,臺中市,中區,0,0,0,7,,,50,,,,,,,,,,,,,,,,,,,B01,,,1,,1,,,39,39,1,12,4,120.676638,24.140969,3
11976,66000,387130000C,(04)23274275,(04)23288582,2025,09,30,15,49,臺中市,北屯區,0,0,0,7,,,50,,,,,,,,,,,,,,13,,,,,B03,,,1,,1,,,7,7,1,6,4,120.66892,24.177938,3
11977,66000,387130000C,(04)23274275,(04)23288582,2025,09,30,15,50,臺中市,西屯區,0,0,0,7,,,30,,,,,,,,,,,,,,13,,,,,C03,,,1,,1,,,7,7,1,12,4,120.603578,24.175013,3
11978,66000,387130000C,(04)23274275,(04)23288582,2025,09,30,15,53,臺中市,北屯區,0,0,0,7,,3,80,,,,,,,,,,,,,,12,,,,,D02,,,1,8,1,,,40,40,1,10,4,120.720224,24.172048,3
11979,66000,387130000C,(04)23274275,(04)23288582,2025,09,30,15,55,臺中市,北屯區,0,0,0,7,,,50,,,,,,,,,,,,,,16,,,,,B03,,,1,,1,,,13,13,1,6,4,120.70077,24.179707,3
11980,66000,387130000C,(04)23274275,(04)23288582,2025,09,30,15,56,臺中市,北區,0,2,0,7,3,6,50,4,2,1,5,4,6,6,1,1,3,2,4,2,15,2,9,5,4,C03,7,9,1,10,2,11,,21,21,1,13,4,120.688358,24.156341,2
11981,66000,387130000C,(04)23274275,(04)23288582,2025,09,30,15,59,臺中市,沙鹿區,0,3,0,7,2,6,30,3,1,1,5,4,6,6,4,4,10,5,5,1,17,2,8,1,1,C03,7,6,1,10,2,13,,48,48,1,6,4,120.560773,24.246332,2
11982,66000,387130000C,(04)23274275,(04)23288582,2025,09,30,16,0,臺中市,南屯區,0,0,0,7,,,50,,,,,,,,,,,,,,17,,,,,A12,,,1,,1,,,8,8,1,12,4,120.637625,24.143453,3
11983,66000,387130000C,(04)23274275,(04)23288582,2025,09,30,16,2,臺中市,西區,0,0,1,7,2,6,50,13,9,1,5,4,6,6,4,4,9,4,5,2,12,3,10,3,1,B03,7,7,1,8,2,2,,40,40,1,12,4,120.678952,24.139018,2
11984,66000,387130000C,(04)23274275,(04)23288582,2025,09,30,16,2,臺中市,沙鹿區,0,1,0,7,2,6,40,13,12,1,5,4,6,6,4,4,1,4,4,1,17,2,9,1,1,C03,7,9,1,10,2,12,,82,82,1,12,4,120.602131,24.249104,2
11985,66000,387130000C,(04)23274275,(04)23288582,2025,09,30,16,3,臺中市,西屯區,0,1,0,7,2,6,40,4,1,1,5,4,6,6,4,4,10,5,5,2,12,3,10,2,1,C03,7,9,1,10,2,12,,7,7,1,12,4,120.62019,24.185178,2
11986,66000,387130000C,(04)23274275,(04)23288582,2025,09,30,16,4,臺中市,后里區,0,1,0,7,3,6,50,3,2,1,5,4,6,6,4,4,5,5,5,1,18,2,9,1,1,C03,7,9,1,10,2,16,,6,6,1,6,4,120.709437,24.31512,2
11987,66000,387130000C,(04)23274275,(04)23288582,2025,09,30,16,8,臺中市,北屯區,0,1,0,7,3,6,50,4,1,1,5,4,6,6,1,1,10,5,5,2,17,2,9,2,1,C03,7,9,1,10,2,12,,84,84,1,6,4,120.694243,24.171852,2
11988,66000,387130000C,(04)23274275,(04)23288582,2025,09,30,16,10,臺中市,烏日區,0,0,0,7,,,40,,,,,,,,,,,,,,13,,,,,B03,,,1,,1,,,7,7,1,6,4,120.608893,24.112618,3
11989,66000,387130000C,(04)23274275,(04)23288582,2025,09,30,16,12,臺中市,東區,0,1,0,7,2,6,30,4,1,1,5,4,3,3,4,4,10,5,5,2,15,2,9,2,1,C03,7,9,1,10,2,12,,15,15,1,12,4,120.689445,24.132075,2
11990,66000,387130000C,(04)23274275,(04)23288582,2025,09,30,16,14,臺中市,北屯區,0,1,0,7,2,6,50,4,1,1,5,4,6,6,1,1,10,5,5,2,17,3,10,3,1,B12,7,5,1,8,2,2,,8,8,1,6,4,120.669443,24.177252,2
11991,66000,387130000C,(04)23274275,(04)23288582,2025,09,30,16,15,臺中市,西屯區,0,2,0,7,2,6,60,4,1,1,5,4,6,6,2,1,1,4,1,2,16,3,10,5,4,B03,7,5,1,8,2,2,,38,38,1,13,4,120.649796,24.162755,2
11992,66000,387130000C,(04)23274275,(04)23288582,2025,09,30,16,18,臺中市,大雅區,0,1,0,7,1,6,40,13,8,1,5,4,6,6,4,4,1,5,4,1,17,2,9,1,1,C03,7,9,1,10,2,11,14,7,7,1,12,4,120.647809,24.21963,2
11993,66000,387130000C,(04)23274275,(04)23288582,2025,09,30,16,18,臺中市,南屯區,0,1,0,7,2,6,50,4,2,1,5,4,6,6,2,1,9,4,5,2,12,2,9,1,1,C03,7,9,1,10,2,11,,59,59,1,12,4,120.643453,24.151144,2
11994,66000,387130000C,(04)23274275,(04)23288582,2025,09,30,16,18,臺中市,太平區,0,1,0,7,3,6,40,13,7,1,5,4,6,6,4,4,5,5,4,2,17,2,8,1,1,C03,7,1,1,10,2,16,,39,39,1,12,4,120.727135,24.105054,2
11995,66000,387130000C,(04)23274275,(04)23288582,2025,09,30,16,20,臺中市,太平區,0,1,0,7,2,6,50,4,1,1,5,4,6,6,2,1,5,5,5,2,16,3,10,3,1,B03,7,6,1,8,2,1,,48,48,1,6,4,120.709314,24.160334,2
11996,66000,387130000C,(04)23274275,(04)23288582,2025,09,30,16,24,臺中市,沙鹿區,0,0,0,7,,,50,,,,,,,,,,,,,,,,,,,C03,,,1,,1,,,65,65,1,13,4,120.559434,24.234815,3
11997,66000,387130000C,(04)23274275,(04)23288582,2025,09,30,16,25,臺中市,西區,0,1,0,7,2,6,50,4,1,1,5,4,6,6,1,1,10,5,5,2,12,2,9,1,1,C03,7,6,1,2,2,14,,65,65,1,13,4,120.67358,24.140607,2
11998,66000,387130000C,(04)23274275,(04)23288582,2025,09,30,16,26,臺中市,北區,0,0,0,7,,,50,,,,,,,,,,,,,,,,,,,C03,,,1,,2,,,11,11,1,12,4,120.682364,24.16033,4
11999,66000,387130000C,(04)23274275,(04)23288582,2025,09,30,16,31,臺中市,南區,0,2,0,7,3,6,50,13,9,1,5,4,6,6,4,4,9,5,5,2,9,2,8,5,4,C03,7,9,1,10,2,12,,84,84,1,12,4,120.652575,24.114547,2
12000,66000,387130000C,(04)23274275,(04)23288582,2025,09,30,16,37,臺中市,北屯區,0,0,0,7,,,50,,,,,,,,,,,,,,,,,,,B03,,,1,,1,,,84,84,1,13,4,120.740939,24.17832,3
12001,66000,387130000C,(04)23274275,(04)23288582,2025,09,30,16,39,臺中市,霧峰區,0,0,0,7,,,50,,,,,,,,,,,,,,17,,,,,F01,,,7,,9,,,84,84,1,13,4,120.698347,24.067331,3
12002,66000,387130000C,(04)23274275,(04)23288582,2025,09,30,16,42,臺中市,大里區,0,0,0,7,,,30,,,,,,,,,,,,,,,,,,,B03,,,1,,2,,,50,50,1,12,4,120.703811,24.104617,3
12003,66000,387130000C,(04)23274275,(04)23288582,2025,09,30,16,43,臺中市,潭子區,0,4,0,7,3,6,30,3,1,1,5,4,6,6,4,4,10,5,5,2,17,2,9,2,2,C03,7,6,1,10,2,14,,14,14,1,13,4,120.693552,24.224542,2
12004,66000,387130000C,(04)23274275,(04)23288582,2025,09,30,16,45,臺中市,大雅區,0,2,0,7,2,6,30,11,9,1,5,4,6,6,4,4,10,5,5,2,11,2,9,2,1,C03,7,9,2,19,2,11,,41,41,1,13,4,120.600642,24.22197,2
12005,66000,387130000C,(04)23274275,(04)23288582,2025,09,30,16,45,臺中市,北屯區,0,1,0,7,2,6,50,13,9,1,5,4,6,6,4,4,5,4,5,2,12,3,10,3,1,B03,7,5,1,10,2,2,,41,41,1,6,4,120.673184,24.190037,2
12006,66000,387130000C,(04)23274275,(04)23288582,2025,09,30,16,46,臺中市,龍井區,0,1,0,7,2,6,40,4,1,1,5,4,6,6,2,1,10,5,5,2,16,3,10,5,4,B12,7,5,1,6,2,2,,8,8,1,12,4,120.580157,24.189864,2
12007,66000,387130000C,(04)23274275,(04)23288582,2025,09,30,16,47,臺中市,北屯區,0,0,0,7,,,50,,,,,,,,,,,,,,17,,,,,B03,,,1,,1,,,50,50,1,6,4,120.710723,24.178781,3
12008,66000,387130000C,(04)23274275,(04)23288582,2025,09,30,16,47,臺中市,西屯區,0,0,0,7,,,50,,,,,,,,,,,,,,13,,,,,C03,,,1,,1,,,7,7,1,12,4,120.615954,24.188907,3
12009,66000,387130000C,(04)23274275,(04)23288582,2025,09,30,16,47,臺中市,沙鹿區,0,0,0,7,,,50,,,,,,,,,,,,,,,,,,,B03,,,1,,2,,,7,7,1,12,4,120.571257,24.198269,3
12010,66000,387130000C,(04)23274275,(04)23288582,2025,09,30,16,48,臺中市,北區,0,2,0,7,2,6,30,13,9,1,5,4,6,6,4,4,10,5,5,2,13,2,9,1,1,C03,7,9,1,10,2,11,,7,7,1,12,4,120.667629,24.170972,2
12011,66000,387130000C,(04)23274275,(04)23288582,2025,09,30,16,48,臺中市,龍井區,0,0,0,7,,,50,,,,,,,,,,,,,,,,,,,B03,,,1,,2,,,59,59,1,6,4,120.563816,24.197565,3
12012,66000,387130000C,(04)23274275,(04)23288582,2025,09,30,16,49,臺中市,南區,0,0,0,7,,,50,,,,,,,,,,,,,,,,,,,B03,,,1,,1,,,83,83,1,6,4,120.668494,24.113863,3
12013,66000,387130000C,(04)23274275,(04)23288582,2025,09,30,16,50,臺中市,北區,0,2,0,7,2,6,40,3,1,1,5,4,6,6,4,4,5,4,4,2,13,2,9,1,1,C03,7,9,1,10,2,12,,59,59,1,12,4,120.668866,24.170006,2
12014,66000,387130000C,(04)23274275,(04)23288582,2025,09,30,16,51,臺中市,南屯區,0,2,0,7,3,6,30,4,1,1,5,4,6,6,4,4,10,5,5,2,15,2,9,2,4,C03,7,9,1,10,2,11,,12,12,1,6,4,120.612426,24.159833,2
12015,66000,387130000C,(04)23274275,(04)23288582,2025,09,30,16,52,臺中市,北屯區,0,0,0,7,,,50,,,,,,,,,,,,,,13,,,,,B03,,,1,8,2,,,84,84,1,6,4,120.695937,24.164648,3
12016,66000,387130000C,(04)23274275,(04)23288582,2025,09,30,16,55,臺中市,西屯區,0,0,0,7,,,50,,,,,,,,,,,,,,12,,,,,B03,,,1,,1,,,20,20,1,12,4,120.615409,24.186086,3
12017,66000,387130000C,(04)23274275,(04)23288582,2025,09,30,16,57,臺中市,西屯區,0,0,0,7,,,40,,,,,,,,,,,,,,13,,,,,B03,,,1,,1,,,7,7,1,12,4,120.635484,24.171313,3
12018,66000,387130000C,(04)23274275,(04)23288582,2025,09,30,17,0,臺中市,北屯區,0,2,0,7,3,6,50,13,8,1,5,4,6,6,4,4,5,5,4,2,13,2,9,2,1,C03,7,9,1,10,2,11,,7,7,1,6,4,120.710949,24.18334,2
12019,66000,387130000C,(04)23274275,(04)23288582,2025,09,30,17,1,臺中市,西區,0,0,0,7,,,50,,,,,,,,,,,,,,,,,,,B03,,,1,,1,,,7,7,1,12,4,120.653889,24.150785,3
12020,66000,387130000C,(04)23274275,(04)23288582,2025,09,30,17,3,臺中市,西屯區,0,0,0,7,1,6,50,3,2,1,5,4,6,6,4,4,1,4,5,2,12,,,,,A11,,,1,,2,,,8,8,1,13,4,120.641244,24.156306,3
12021,66000,387130000C,(04)23274275,(04)23288582,2025,09,30,17,4,臺中市,西區,0,0,0,7,,,30,,,,,,,,,,,,,,,,,,,B03,,,1,,1,,,8,8,1,6,4,120.667113,24.147586,3
12022,66000,387130000C,(04)23274275,(04)23288582,2025,09,30,17,4,臺中市,西屯區,0,2,0,7,2,6,50,4,1,1,5,4,6,6,1,1,10,5,5,2,12,3,10,5,1,C03,7,9,1,10,2,14,,39,39,1,12,4,120.649796,24.162755,2
12023,66000,387130000C,(04)23274275,(04)23288582,2025,09,30,17,6,臺中市,龍井區,0,1,0,7,2,6,60,5,1,1,5,4,6,6,1,1,10,5,5,2,16,3,10,3,1,B03,7,5,1,8,2,2,,8,8,1,6,4,120.536043,24.194643,2
12024,66000,387130000C,(04)23274275,(04)23288582,2025,09,30,17,8,臺中市,南屯區,0,1,0,7,2,6,50,13,7,1,5,4,6,6,2,1,8,3,4,1,13,3,10,3,1,B12,7,9,1,8,2,1,,84,84,1,12,4,120.641451,24.150962,2
12025,66000,387130000C,(04)23274275,(04)23288582,2025,09,30,17,8,臺中市,霧峰區,0,1,0,7,2,6,30,4,2,1,5,4,6,6,4,4,10,5,5,1,16,2,9,5,4,C03,7,5,1,10,2,11,,14,14,1,12,4,120.67458,24.035658,2
12026,66000,387130000C,(04)23274275,(04)23288582,2025,09,30,17,9,臺中市,西屯區,0,0,0,7,,,30,,,,,,,,,,,,,,16,,,,,C02,,,1,,1,,,84,84,1,12,4,120.646976,24.174888,3
12027,66000,387130000C,(04)23274275,(04)23288582,2025,09,30,17,10,臺中市,大雅區,0,0,0,7,,,40,,,,,,,,,,,,,,,,,,,F03,,,7,,1,,,84,84,1,13,4,120.650966,24.209548,3
12028,66000,387130000C,(04)23274275,(04)23288582,2025,09,30,17,10,臺中市,北區,0,0,0,7,,,50,,,,,,,,,,,,,,,,,,,B03,,,1,,1,,,7,7,1,13,4,120.691892,24.15993,3
12029,66000,387130000C,(04)23274275,(04)23288582,2025,09,30,17,12,臺中市,南屯區,0,0,0,7,,,60,,,,,,,,,,,,,,13,,,,,C03,,,1,,1,,,59,59,1,12,4,120.616286,24.146186,3
12030,66000,387130000C,(04)23274275,(04)23288582,2025,09,30,17,14,臺中市,西屯區,0,1,0,7,2,6,50,4,4,1,5,4,6,6,1,1,1,4,5,2,13,2,9,2,1,C03,7,9,1,10,1,11,,7,7,1,12,4,120.632545,24.170095,2
12031,66000,387130000C,(04)23274275,(04)23288582,2025,09,30,17,19,臺中市,南屯區,0,1,0,7,3,6,50,13,9,1,5,4,6,6,4,4,3,4,5,2,17,2,9,1,1,C03,7,9,1,10,2,11,,85,85,1,12,4,120.60425,24.146928,2
12032,66000,387130000C,(04)23274275,(04)23288582,2025,09,30,17,20,臺中市,西區,0,1,0,7,2,6,40,4,1,1,5,4,6,6,1,1,10,5,5,2,13,2,9,2,1,C03,7,9,1,10,2,11,,84,84,1,12,4,120.672721,24.1359,2
12033,66000,387130000C,(04)23274275,(04)23288582,2025,09,30,17,20,臺中市,北屯區,0,0,0,7,,,40,,,,,,,,,,,,,,13,,,,,C03,,,1,,1,,,7,7,1,6,4,120.689805,24.162848,3
12034,66000,387130000C,(04)23274275,(04)23288582,2025,09,30,17,20,臺中市,霧峰區,0,1,0,7,3,6,40,13,9,1,5,4,6,6,4,4,9,5,4,2,13,2,9,1,1,C03,7,9,3,19,2,14,,84,84,1,13,4,120.715689,24.072477,2
12035,66000,387130000C,(04)23274275,(04)23288582,2025,09,30,17,21,臺中市,豐原區,0,1,0,7,1,6,60,13,8,1,5,4,3,6,4,4,1,4,4,1,13,2,8,2,1,C03,7,9,1,10,2,11,14,7,7,1,13,4,120.728265,24.2402,2
12036,66000,387130000C,(04)23274275,(04)23288582,2025,09,30,17,23,臺中市,太平區,0,0,0,7,,,30,,,,,,,,,,,,,,,,,,,B12,,,1,,1,,,84,84,1,12,4,120.712782,24.132629,3
12037,66000,387130000C,(04)23274275,(04)23288582,2025,09,30,17,23,臺中市,沙鹿區,0,0,0,6,,,50,,,,,,,,,,,,,,13,,,,,C03,,,1,,2,,,84,84,1,12,4,120.578633,24.214828,3
12038,66000,387130000C,(04)23274275,(04)23288582,2025,09,30,17,24,臺中市,沙鹿區,0,0,0,7,,,50,,,,,,,,,,,,,,,,,,,B03,,,1,,1,,,7,7,1,13,4,120.563795,24.239502,3
12039,66000,387130000C,(04)23274275,(04)23288582,2025,09,30,17,25,臺中市,北區,0,1,0,7,3,6,50,5,1,1,5,4,6,6,2,1,10,5,5,2,17,3,10,5,4,C03,7,15,1,10,2,12,,84,84,1,13,4,120.686315,24.154822,2
12040,66000,387130000C,(04)23274275,(04)23288582,2025,09,30,17,25,臺中市,南區,0,0,0,7,,,50,,,,,,,,,,,,,,9,,,,,B11,,,1,,1,,,49,49,1,13,4,120.655315,24.13046,3
12041,66000,387130000C,(04)23274275,(04)23288582,2025,09,30,17,29,臺中市,大甲區,0,2,0,7,1,6,50,13,9,1,5,4,6,6,4,4,5,5,5,1,12,2,9,5,4,C03,7,9,1,10,2,12,,7,7,1,6,4,120.627259,24.345823,2
12042,66000,387130000C,(04)23274275,(04)23288582,2025,09,30,17,30,臺中市,西區,0,0,0,6,,,,,,,,,,,,,,,,,,,,,,,,,,,,,,86,86,1,,,120.660773,24.153272,3
12043,66000,387130000C,(04)23274275,(04)23288582,2025,09,30,17,30,臺中市,西屯區,0,0,0,7,,,40,,,,,,,,,,,,,,13,,,,,C03,,,3,,1,,,7,7,1,12,4,120.648941,24.162403,3
12044,66000,387130000C,(04)23274275,(04)23288582,2025,09,30,17,30,臺中市,西屯區,0,0,0,7,,,30,,,,,,,,,,,,,,12,,,,,B12,,,1,,1,,,8,8,1,12,4,120.662618,24.17477,3
12045,66000,387130000C,(04)23274275,(04)23288582,2025,09,30,17,30,臺中市,大甲區,0,0,0,7,,,50,,,,,,,,,,,,,,12,,,,,B03,,,1,,2,,,50,50,1,6,4,120.645049,24.404526,3
12046,66000,387130000C,(04)23274275,(04)23288582,2025,09,30,17,31,臺中市,西屯區,0,0,0,7,1,6,50,13,,1,5,4,6,6,1,1,1,4,5,2,13,,,,,B03,,,1,,2,,,7,7,1,13,4,120.647762,24.168453,3
12047,66000,387130000C,(04)23274275,(04)23288582,2025,09,30,17,35,臺中市,潭子區,0,1,0,7,1,6,50,13,9,1,5,4,6,6,4,4,5,5,5,1,12,2,9,2,1,C03,7,1,3,19,2,14,,51,51,1,12,4,120.700873,24.195483,2
12048,66000,387130000C,(04)23274275,(04)23288582,2025,09,30,17,35,臺中市,大里區,0,0,0,7,,,50,,,,,,,,,,,,,,17,,,,,C03,,,1,,2,,,20,20,1,13,4,120.68995,24.100847,3
12049,66000,387130000C,(04)23274275,(04)23288582,2025,09,30,17,40,臺中市,沙鹿區,0,2,0,7,1,6,50,5,1,1,5,4,6,6,1,1,10,5,5,2,17,2,9,2,1,C03,7,5,1,10,2,11,,22,22,1,6,4,120.569427,24.237568,2
12050,66000,387130000C,(04)23274275,(04)23288582,2025,09,30,17,42,臺中市,神岡區,0,0,0,7,,,50,,,,,,,,,,,,,,14,,,,,H04,,,7,,2,,,109,109,1,12,5,120.684161,24.246487,3
12051,66000,387130000C,(04)23274275,(04)23288582,2025,09,30,17,42,臺中市,神岡區,0,1,0,7,2,6,30,3,2,1,5,4,6,6,4,4,10,5,5,1,9,3,10,6,5,H04,8,20,7,21,10,17,,109,109,1,13,5,120.689779,24.24815,2
12052,66000,387130000C,(04)23274275,(04)23288582,2025,09,30,17,45,臺中市,沙鹿區,0,0,0,7,,,50,,,,,,,,,,,,,,17,,,,,B12,,,1,,2,,,59,59,1,6,4,120.572187,24.194968,3