﻿序號,縣市別代碼,機關代碼,市話,傳真,年,月,日,時,分,縣市,區,死亡數量,受傷數量,2-30,天候,道路照明設備,道路類別,道路速限,道路型態,事故位置,路面鋪裝,路面狀態,路面缺陷,障礙物,視距,號誌種類,號誌動作,分向設施,快車道或一般車道間,快慢車道間,路面邊線,事故類型及型態,受傷程度,主要傷處,保護裝備,行動電話或功能裝置,當事者區分_類別,車輛用途,當事者行動狀態,駕照狀態,駕照種類,飲酒情形,車輛撞擊部位最初,車輛撞擊部位其他,肇事因素個別,肇事因素主要,肇事逃逸,職業,共享經濟或外送平台,GPS座標X,GPS座標Y,事故類別
12053,66000,387130000C,(04)23274275,(04)23288582,2025,09,30,17,46,臺中市,南屯區,0,1,0,7,1,6,50,4,1,1,5,4,6,6,2,1,8,3,5,1,17,3,10,3,1,B03,7,6,1,8,1,1,,11,11,1,12,4,120.652893,24.153465,2
12054,66000,387130000C,(04)23274275,(04)23288582,2025,09,30,17,49,臺中市,西屯區,0,0,0,7,,3,80,,,,,,,,,,,,,,13,,,,,B03,,,1,,2,,,59,59,1,12,4,120.654478,24.199089,3
12055,66000,387130000C,(04)23274275,(04)23288582,2025,09,30,17,50,臺中市,太平區,0,1,0,7,1,6,50,13,9,1,5,4,6,6,4,4,9,5,5,2,17,3,10,3,1,B03,7,1,1,8,2,8,,51,51,1,12,4,120.72301,24.157741,2
12056,66000,387130000C,(04)23274275,(04)23288582,2025,09,30,17,50,臺中市,烏日區,0,0,0,7,,,50,,,,,,,,,,,,,,9,,,,,B03,,,1,,1,,,50,50,1,6,4,120.641138,24.10858,3
12057,66000,387130000C,(04)23274275,(04)23288582,2025,09,30,17,51,臺中市,南區,0,1,0,7,1,6,50,13,13,1,5,4,6,6,4,4,10,5,5,1,18,2,9,1,1,F01,7,9,7,21,2,12,,84,84,1,12,3,120.674471,24.131913,2
12058,66000,387130000C,(04)23274275,(04)23288582,2025,09,30,17,52,臺中市,北區,0,1,0,7,3,6,50,3,2,1,5,4,6,6,4,4,3,2,5,2,13,2,9,5,4,C03,7,9,1,10,2,11,,7,7,1,13,4,120.686848,24.15546,2
12059,66000,387130000C,(04)23274275,(04)23288582,2025,09,30,17,52,臺中市,北屯區,0,1,0,7,1,6,50,13,9,1,5,4,6,6,4,4,3,4,5,2,18,2,9,1,1,C03,7,9,5,10,2,12,,84,84,1,13,4,120.682117,24.179075,2
12060,66000,387130000C,(04)23274275,(04)23288582,2025,09,30,17,52,臺中市,北屯區,0,0,0,7,,,50,,,,,,,,,,,,,,13,,,,,B03,,,1,,2,,,7,7,1,6,4,120.686062,24.170902,3
12061,66000,387130000C,(04)23274275,(04)23288582,2025,09,30,17,52,臺中市,豐原區,0,1,0,7,1,6,50,3,1,1,5,4,6,6,4,4,1,4,4,1,16,3,10,5,4,B03,7,6,1,8,2,2,,14,14,1,12,4,120.734375,24.259942,2
12062,66000,387130000C,(04)23274275,(04)23288582,2025,09,30,17,55,臺中市,北屯區,0,0,0,7,,3,40,,,,,,,,,,,,,,13,,,,,B03,,,1,,2,,,7,7,1,12,4,120.720477,24.165813,3
12063,66000,387130000C,(04)23274275,(04)23288582,2025,09,30,18,0,臺中市,北屯區,0,1,0,7,3,6,50,4,1,1,5,4,6,6,1,1,10,5,5,2,16,3,10,3,1,B03,7,6,1,8,1,1,,11,11,1,6,4,120.688503,24.163104,2
12064,66000,387130000C,(04)23274275,(04)23288582,2025,09,30,18,3,臺中市,外埔區,0,0,0,7,1,6,50,13,14,1,5,4,6,6,4,4,9,5,5,1,17,3,10,3,1,B03,7,3,1,8,1,5,,8,8,1,6,4,120.648094,24.346468,3
12065,66000,387130000C,(04)23274275,(04)23288582,2025,09,30,18,4,臺中市,北屯區,0,0,0,7,,,50,,,,,,,,,,,,,,14,,,,,B03,,,1,8,1,,,84,84,1,6,4,120.704413,24.174449,3
12066,66000,387130000C,(04)23274275,(04)23288582,2025,09,30,18,4,臺中市,沙鹿區,0,2,0,7,2,6,50,13,9,1,5,4,6,6,4,4,5,5,5,2,17,3,10,1,1,C03,7,9,1,10,1,14,,1,1,1,13,4,120.56048,24.238126,2
12067,66000,387130000C,(04)23274275,(04)23288582,2025,09,30,18,4,臺中市,東勢區,0,0,0,7,,,50,,,,,,,,,,,,,,,,,,,B03,,,1,,1,,,84,84,1,12,4,120.843296,24.244506,3
12068,66000,387130000C,(04)23274275,(04)23288582,2025,09,30,18,5,臺中市,潭子區,0,1,0,6,1,6,40,4,1,1,5,4,6,6,1,1,1,4,4,1,17,2,9,2,1,C03,7,5,1,10,2,11,,84,84,1,13,4,120.691236,24.215989,2
12069,66000,387130000C,(04)23274275,(04)23288582,2025,09,30,18,6,臺中市,東區,0,3,0,7,1,6,50,3,1,1,5,4,6,6,4,4,10,5,5,2,15,2,9,2,1,C03,7,1,1,10,2,11,,51,51,1,12,4,120.706789,24.136469,2
12070,66000,387130000C,(04)23274275,(04)23288582,2025,09,30,18,10,臺中市,北區,0,1,0,7,1,6,50,4,2,1,5,4,6,6,1,1,1,2,5,2,13,2,9,1,1,C03,7,9,5,19,9,12,14,7,7,1,12,4,120.675969,24.173472,2
12071,66000,387130000C,(04)23274275,(04)23288582,2025,09,30,18,10,臺中市,西屯區,0,1,0,7,2,6,40,3,1,1,5,4,6,6,2,1,10,5,5,2,13,2,8,1,1,C03,7,9,1,10,2,11,,59,59,1,12,4,120.639115,24.168891,2
12072,66000,387130000C,(04)23274275,(04)23288582,2025,09,30,18,11,臺中市,西區,0,1,0,6,1,6,50,3,1,1,5,4,6,6,1,1,10,5,5,2,17,2,9,1,1,C03,7,9,1,10,2,11,,7,7,1,12,4,120.678407,24.139437,2
12073,66000,387130000C,(04)23274275,(04)23288582,2025,09,30,18,15,臺中市,北屯區,0,0,0,7,,,50,,,,,,,,,,,,,,17,,,,,B03,,,1,,9,,,51,51,1,6,4,120.692796,24.182677,3
12074,66000,387130000C,(04)23274275,(04)23288582,2025,09,30,18,18,臺中市,北屯區,0,0,0,7,,,50,,,,,,,,,,,,,,13,,,,,B03,,,1,8,1,,,87,87,1,12,4,120.702864,24.164686,4
12075,66000,387130000C,(04)23274275,(04)23288582,2025,09,30,18,20,臺中市,西屯區,0,2,0,7,1,6,50,13,9,1,5,4,6,6,4,4,7,5,5,2,17,3,10,6,1,F01,7,9,7,21,2,16,,73,73,1,3,4,120.664742,24.170516,2
12076,66000,387130000C,(04)23274275,(04)23288582,2025,09,30,18,20,臺中市,西屯區,0,0,0,7,,,40,,,,,,,,,,,,,,13,,,,,B03,,,1,,1,,,7,7,1,12,4,120.638836,24.169112,3
12077,66000,387130000C,(04)23274275,(04)23288582,2025,09,30,18,20,臺中市,龍井區,0,0,0,7,,,50,,,,,,,,,,,,,,,,,,,C03,,,1,,2,,,8,8,1,12,4,120.5926,24.181542,3
12078,66000,387130000C,(04)23274275,(04)23288582,2025,09,30,18,21,臺中市,東區,0,0,0,7,,,50,,,,,,,,,,,,,,12,,,,,B03,,,1,,1,,,8,8,1,12,4,120.689189,24.136948,3
12079,66000,387130000C,(04)23274275,(04)23288582,2025,09,30,18,22,臺中市,西區,0,0,0,7,,,50,,,,,,,,,,,,,,13,,,,,C03,,,1,,1,,,7,7,1,12,4,120.661699,24.150845,3
12080,66000,387130000C,(04)23274275,(04)23288582,2025,09,30,18,22,臺中市,北區,0,2,0,7,1,6,50,3,9,1,5,4,6,6,4,4,1,4,5,2,13,3,10,3,1,B03,7,9,1,8,2,1,,56,56,1,12,4,120.677192,24.15225,2
12081,66000,387130000C,(04)23274275,(04)23288582,2025,09,30,18,24,臺中市,北區,0,2,0,7,3,6,50,13,24,1,5,4,6,6,4,4,10,4,5,2,17,2,9,5,4,C03,7,9,1,10,2,11,,59,59,1,13,4,120.678132,24.167918,2
12082,66000,387130000C,(04)23274275,(04)23288582,2025,09,30,18,25,臺中市,南屯區,0,0,0,7,,,60,,,,,,,,,,,,,,12,,,,,B03,,,1,,11,,,8,8,1,12,4,120.646789,24.146405,3
12083,66000,387130000C,(04)23274275,(04)23288582,2025,09,30,18,25,臺中市,東勢區,0,0,0,7,,,60,,,,,,,,,,,,,,,,,,,B12,,,1,,1,,,43,43,1,13,4,120.824437,24.257959,3
12084,66000,387130000C,(04)23274275,(04)23288582,2025,09,30,18,26,臺中市,北區,0,1,0,7,1,6,50,4,1,1,5,4,6,6,4,4,10,5,5,2,16,3,10,3,1,B03,7,6,1,8,2,2,,14,14,1,12,4,120.674825,24.147878,2
12085,66000,387130000C,(04)23274275,(04)23288582,2025,09,30,18,27,臺中市,沙鹿區,0,1,0,6,1,6,50,4,1,1,5,4,6,6,4,4,5,4,4,1,15,2,9,4,1,C02,7,9,1,9,2,11,12,12,12,1,12,4,120.57354,24.201253,2
12086,66000,387130000C,(04)23274275,(04)23288582,2025,09,30,18,29,臺中市,烏日區,0,0,0,7,,,50,,,,,,,,,,,,,,,,,,,B03,,,1,,1,,,58,58,1,12,4,120.610811,24.11383,3
12087,66000,387130000C,(04)23274275,(04)23288582,2025,09,30,18,30,臺中市,北屯區,0,0,0,7,,3,80,,,,,,,,,,,,,,13,,,,,B03,,,1,,1,,,59,59,1,6,4,120.694144,24.201018,3
12088,66000,387130000C,(04)23274275,(04)23288582,2025,09,30,18,30,臺中市,龍井區,0,5,0,7,2,6,50,13,9,1,5,4,6,6,4,4,4,5,5,1,17,2,9,2,1,C04,7,9,1,10,2,14,,59,59,1,6,4,120.550477,24.190721,2
12089,66000,387130000C,(04)23274275,(04)23288582,2025,09,30,18,34,臺中市,西屯區,0,0,0,7,,,30,,,,,,,,,,,,,,13,,,,,B03,,,1,,1,,,7,7,1,12,4,120.629732,24.165589,3
12090,66000,387130000C,(04)23274275,(04)23288582,2025,09,30,18,37,臺中市,北屯區,0,0,0,7,,,50,,,,,,,,,,,,,,,,,,,B03,,,1,,1,,,7,7,1,13,4,120.722769,24.181688,3
12091,66000,387130000C,(04)23274275,(04)23288582,2025,09,30,18,40,臺中市,龍井區,0,1,0,7,1,6,50,4,1,1,5,4,6,6,1,1,10,5,5,2,15,2,9,2,1,C03,7,9,3,19,2,13,,21,21,1,6,4,120.545561,24.209505,2
12092,66000,387130000C,(04)23274275,(04)23288582,2025,09,30,18,43,臺中市,西屯區,0,0,0,7,,3,80,,,,,,,,,,,,,,13,,,,,B03,,,1,,1,,,7,7,1,12,4,120.635555,24.181217,3
12093,66000,387130000C,(04)23274275,(04)23288582,2025,09,30,18,50,臺中市,南屯區,0,1,0,7,1,6,50,13,7,1,5,4,6,6,4,4,5,5,4,2,12,2,9,1,1,C03,7,9,5,10,2,12,,85,85,1,12,4,120.61268,24.139321,2
12094,66000,387130000C,(04)23274275,(04)23288582,2025,09,30,18,51,臺中市,太平區,0,1,0,7,1,6,40,4,1,1,5,4,6,6,1,1,10,5,5,2,18,2,9,1,1,C03,7,9,1,10,2,14,,84,84,1,5,4,120.712899,24.149567,2
12095,66000,387130000C,(04)23274275,(04)23288582,2025,09,30,18,51,臺中市,大甲區,0,1,0,7,1,6,50,3,1,1,5,4,6,6,4,4,5,5,5,2,16,3,10,3,1,B12,7,6,1,8,2,8,,48,48,1,6,4,120.642362,24.365625,2
12096,66000,387130000C,(04)23274275,(04)23288582,2025,09,30,18,52,臺中市,南屯區,0,0,0,7,,,50,,,,,,,,,,,,,,13,,,,,B01,,,1,,1,,,7,7,1,6,4,120.635285,24.151292,3
12097,66000,387130000C,(04)23274275,(04)23288582,2025,09,30,18,53,臺中市,梧棲區,0,0,0,7,,,60,,,,,,,,,,,,,,13,,,,,B03,,,1,,1,,,58,58,1,12,4,120.525371,24.225091,3
12098,66000,387130000C,(04)23274275,(04)23288582,2025,09,30,18,57,臺中市,大里區,0,1,0,7,1,6,30,13,14,1,5,4,6,6,4,4,1,4,4,1,17,3,10,1,1,C03,7,1,1,10,2,11,,51,51,1,12,4,120.68359,24.104132,2
12099,66000,387130000C,(04)23274275,(04)23288582,2025,09,30,19,1,臺中市,大里區,0,0,0,7,,,50,,,,,,,,,,,,,,16,,,,,F03,,,7,,1,,,14,14,1,12,4,120.693189,24.092305,3
12100,66000,387130000C,(04)23274275,(04)23288582,2025,09,30,19,6,臺中市,北區,0,0,0,7,,,50,,,,,,,,,,,,,,,,,,,C03,,,1,,11,,,49,49,1,13,4,120.685106,24.160738,3
12101,66000,387130000C,(04)23274275,(04)23288582,2025,09,30,19,7,臺中市,西區,0,0,0,7,,,50,,,,,,,,,,,,,,,3,10,1,1,C03,7,9,1,10,2,12,,84,84,1,6,4,120.659368,24.146833,3
12102,66000,387130000C,(04)23274275,(04)23288582,2025,09,30,19,7,臺中市,太平區,0,0,0,7,,3,80,,,,,,,,,,,,,,13,,,,,B03,,,1,,1,,,84,84,1,12,4,120.714097,24.14843,3
12103,66000,387130000C,(04)23274275,(04)23288582,2025,09,30,19,9,臺中市,大雅區,0,1,0,7,1,6,0,3,1,1,5,4,6,6,4,4,10,4,5,1,9,3,10,1,1,C03,7,5,1,10,2,11,,84,84,1,12,4,120.654314,24.224968,2
12104,66000,387130000C,(04)23274275,(04)23288582,2025,09,30,19,9,臺中市,西區,0,0,0,6,,,50,,,,,,,,,,,,,,,,,,,B02,,,1,,9,,,8,8,1,12,4,120.652896,24.147082,3
12105,66000,387130000C,(04)23274275,(04)23288582,2025,09,30,19,12,臺中市,霧峰區,0,0,0,7,,,80,,,,,,,,,,,,,,,,,,,B03,,,1,,1,,,84,84,1,13,4,120.735001,24.044318,3
12106,66000,387130000C,(04)23274275,(04)23288582,2025,09,30,19,14,臺中市,南屯區,0,0,0,7,,3,40,,,,,,,,,,,,,,17,,,,,B03,,,1,,1,,,7,7,1,12,4,120.621618,24.134699,3
12107,66000,387130000C,(04)23274275,(04)23288582,2025,09,30,19,17,臺中市,太平區,0,1,0,7,3,6,50,4,1,1,5,4,6,6,4,4,5,5,5,2,15,3,10,3,1,B03,7,9,1,8,2,5,,12,12,1,12,4,120.720402,24.152895,2
12108,66000,387130000C,(04)23274275,(04)23288582,2025,09,30,19,20,臺中市,北屯區,0,2,0,7,1,6,40,4,1,1,5,4,6,6,1,1,10,5,5,2,9,2,8,1,1,F03,7,9,7,21,2,11,,59,59,1,4,4,120.665135,24.183947,2
12109,66000,387130000C,(04)23274275,(04)23288582,2025,09,30,19,22,臺中市,南屯區,0,1,0,7,1,6,60,3,2,1,5,4,6,6,4,4,5,4,5,2,14,3,10,3,1,B03,7,2,1,8,2,3,,49,49,1,12,4,120.648338,24.136912,2
12110,66000,387130000C,(04)23274275,(04)23288582,2025,09,30,19,25,臺中市,霧峰區,0,1,0,7,1,6,50,4,2,1,5,4,6,6,1,1,5,2,4,2,17,3,10,5,4,B03,7,1,1,8,2,16,,84,84,1,12,4,120.697983,24.059559,2
12111,66000,387130000C,(04)23274275,(04)23288582,2025,09,30,19,25,臺中市,沙鹿區,0,3,0,7,1,6,60,13,8,1,5,4,6,6,4,4,1,4,1,2,16,3,10,3,1,B12,7,7,1,8,2,5,,40,40,1,6,4,120.570027,24.201145,2
12112,66000,387130000C,(04)23274275,(04)23288582,2025,09,30,19,29,臺中市,北屯區,0,0,0,7,,,30,,,,,,,,,,,,,,16,,,,,C03,,,1,10,1,,,1,1,1,6,4,120.726193,24.156875,3
12113,66000,387130000C,(04)23274275,(04)23288582,2025,09,30,19,33,臺中市,大肚區,0,1,0,7,1,6,50,3,1,1,5,4,6,6,2,1,10,5,5,2,16,3,10,5,4,B03,7,6,1,8,2,1,,11,11,1,12,4,120.574433,24.169817,2
12114,66000,387130000C,(04)23274275,(04)23288582,2025,09,30,19,34,臺中市,西屯區,0,1,0,7,1,6,50,13,9,1,5,4,6,6,2,1,5,5,5,2,13,3,10,5,4,C03,7,9,1,10,2,11,,7,7,1,13,4,120.659405,24.165603,2
12115,66000,387130000C,(04)23274275,(04)23288582,2025,09,30,19,35,臺中市,潭子區,0,0,0,7,,3,80,,,,,,,,,,,,,,17,,,,,A05,,,1,,2,,,40,40,1,12,4,120.719624,24.196114,3
12116,66000,387130000C,(04)23274275,(04)23288582,2025,09,30,19,37,臺中市,豐原區,0,1,0,7,1,6,50,4,1,1,5,4,6,6,1,1,10,5,5,2,16,3,10,3,1,B03,7,5,1,8,2,2,,47,47,1,12,4,120.70612,24.250038,2
12117,66000,387130000C,(04)23274275,(04)23288582,2025,09,30,19,51,臺中市,潭子區,0,2,0,7,1,6,30,4,1,1,5,4,6,6,4,4,10,5,5,2,15,2,9,2,1,C03,7,9,1,10,2,11,,15,15,1,12,4,120.707331,24.205972,2
12118,66000,387130000C,(04)23274275,(04)23288582,2025,09,30,19,54,臺中市,西區,0,2,0,7,1,6,50,3,1,1,5,4,6,6,1,1,10,5,5,2,16,2,9,1,1,C03,7,6,1,10,2,12,,23,23,1,6,4,120.661678,24.141244,2
12119,66000,387130000C,(04)23274275,(04)23288582,2025,09,30,19,55,臺中市,東區,0,2,0,7,1,6,40,13,7,1,5,4,6,6,4,4,9,5,4,2,17,2,9,5,4,C03,7,1,1,10,2,12,,51,51,1,12,4,120.704537,24.137993,2
12120,66000,387130000C,(04)23274275,(04)23288582,2025,09,30,19,55,臺中市,西屯區,0,2,0,7,1,6,50,4,1,1,5,4,6,6,2,1,10,5,5,2,16,2,9,2,4,C03,7,6,1,10,2,11,,11,11,1,12,4,120.661882,24.170187,2
12121,66000,387130000C,(04)23274275,(04)23288582,2025,09,30,20,0,臺中市,北屯區,0,0,0,7,,3,80,,,,,,,,,,,,,,13,,,,,B03,,,1,,1,,,7,7,1,6,4,120.722331,24.188286,3
12122,66000,387130000C,(04)23274275,(04)23288582,2025,09,30,20,3,臺中市,梧棲區,0,1,0,7,1,6,50,4,1,1,5,4,6,6,4,4,10,5,5,2,15,2,9,1,1,C03,7,9,1,10,2,12,,15,15,1,12,4,120.533036,24.256845,2
12123,66000,387130000C,(04)23274275,(04)23288582,2025,09,30,20,5,臺中市,大雅區,0,1,0,7,1,6,50,13,9,1,5,4,6,6,4,4,5,4,5,1,17,3,10,1,1,C03,7,6,3,19,9,11,,39,39,2,12,4,120.654657,24.229387,2
12124,66000,387130000C,(04)23274275,(04)23288582,2025,09,30,20,10,臺中市,西屯區,0,1,0,7,1,6,50,5,1,1,5,4,6,6,1,1,10,5,5,2,16,2,1,3,1,B03,7,6,1,8,2,8,,85,85,1,13,4,120.594844,24.190815,2
12125,66000,387130000C,(04)23274275,(04)23288582,2025,09,30,20,10,臺中市,龍井區,0,0,0,7,,,30,,,,,,,,,,,,,,,,,,,C03,,,1,,1,,,7,7,1,12,4,120.58921,24.179816,3
12126,66000,387130000C,(04)23274275,(04)23288582,2025,09,30,20,14,臺中市,大肚區,0,1,0,7,3,6,50,13,9,1,5,4,6,6,4,4,9,5,5,2,18,2,8,5,4,F03,7,9,7,21,2,14,,56,56,1,13,4,120.540634,24.152948,2
12127,66000,387130000C,(04)23274275,(04)23288582,2025,09,30,20,19,臺中市,清水區,0,2,0,7,1,6,50,13,14,1,5,4,6,6,4,4,1,2,5,1,17,2,7,2,1,C03,7,9,1,10,2,12,,8,8,1,13,4,120.556522,24.278903,2
12128,66000,387130000C,(04)23274275,(04)23288582,2025,09,30,20,20,臺中市,烏日區,0,1,0,7,1,6,50,14,24,1,5,4,6,6,4,4,10,5,5,2,18,2,7,1,1,C03,7,9,1,10,2,16,,87,87,1,6,4,120.600834,24.112741,2
12129,66000,387130000C,(04)23274275,(04)23288582,2025,09,30,20,23,臺中市,潭子區,0,2,0,7,1,6,30,3,1,1,5,4,6,6,4,4,10,5,5,2,16,2,9,2,1,C03,7,6,1,10,2,11,,14,14,1,12,4,120.704907,24.219056,2
12130,66000,387130000C,(04)23274275,(04)23288582,2025,09,30,20,23,臺中市,西屯區,0,0,0,7,,,40,,,,,,,,,,,,,,12,,,,,B03,,,1,,2,,,8,8,1,12,4,120.616415,24.182722,3
12131,66000,387130000C,(04)23274275,(04)23288582,2025,09,30,20,24,臺中市,中區,0,1,0,7,1,6,50,3,1,1,5,4,6,6,4,4,10,5,5,2,12,3,10,5,4,A04,7,9,1,2,2,2,,8,8,1,12,4,120.679777,24.144311,2
12132,66000,387130000C,(04)23274275,(04)23288582,2025,09,30,20,27,臺中市,北屯區,0,1,0,7,1,6,0,4,21,1,5,4,6,6,4,4,10,5,5,2,18,2,9,6,1,F01,7,5,7,21,2,14,,58,58,1,6,1,120.685303,24.170844,2
12133,66000,387130000C,(04)23274275,(04)23288582,2025,09,30,20,28,臺中市,西屯區,0,0,0,7,,,50,,,,,,,,,,,,,,14,,,,,B03,,,1,,1,,,49,49,1,12,4,120.603571,24.185557,3
12134,66000,387130000C,(04)23274275,(04)23288582,2025,09,30,20,28,臺中市,大里區,0,0,0,7,,,50,,,,,,,,,,,,,,,,,,,B03,,,1,,9,,,50,50,1,12,4,120.68814,24.120486,3
12135,66000,387130000C,(04)23274275,(04)23288582,2025,09,30,20,38,臺中市,西屯區,0,0,0,7,,,50,,,,,,,,,,,,,,30,,,,,C03,,,1,,1,,,84,84,1,12,4,120.645206,24.171815,4
12136,66000,387130000C,(04)23274275,(04)23288582,2025,09,30,20,40,臺中市,南屯區,0,0,0,7,,,40,,,,,,,,,,,,,,,,,,,B03,,,1,,1,,,50,50,1,6,4,120.636979,24.15415,3
12137,66000,387130000C,(04)23274275,(04)23288582,2025,09,30,20,47,臺中市,西屯區,0,0,0,7,,,50,,,,,,,,,,,,,,14,,,,,B03,,,1,,1,,,49,49,1,12,4,120.664124,24.164519,3
12138,66000,387130000C,(04)23274275,(04)23288582,2025,09,30,20,54,臺中市,東區,0,0,0,7,,,50,,,,,,,,,,,,,,,,,,,,,,,,,,,87,87,1,12,,120.685536,24.129767,3
12139,66000,387130000C,(04)23274275,(04)23288582,2025,09,30,20,58,臺中市,南區,0,2,0,7,1,6,50,4,1,1,5,4,6,6,1,1,5,5,5,2,11,3,10,3,1,B01,7,6,1,8,2,8,,11,11,1,6,4,120.659379,24.113906,2
12140,66000,387130000C,(04)23274275,(04)23288582,2025,09,30,21,1,臺中市,西區,0,0,0,7,,,50,,,,,,,,,,,,,,13,,,,,B03,,,1,,2,,,7,7,1,13,4,120.67988,24.137919,3
12141,66000,387130000C,(04)23274275,(04)23288582,2025,09,30,21,4,臺中市,大里區,0,1,0,7,1,6,40,4,2,1,5,4,6,6,1,1,1,2,4,1,13,3,10,1,1,C03,7,12,1,10,2,12,,7,7,1,13,4,120.691397,24.100599,2
12142,66000,387130000C,(04)23274275,(04)23288582,2025,09,30,21,11,臺中市,西區,0,0,0,7,,,50,,,,,,,,,,,,,,,,,,,B03,,,1,,1,,,84,84,1,12,4,120.665255,24.145565,3
12143,66000,387130000C,(04)23274275,(04)23288582,2025,09,30,21,11,臺中市,西屯區,0,2,0,7,1,6,10,3,2,1,5,4,6,6,4,4,1,5,5,2,3,2,9,6,5,H01,8,16,7,21,10,17,,98,98,1,13,5,120.641822,24.173932,2
12144,66000,387130000C,(04)23274275,(04)23288582,2025,09,30,21,17,臺中市,豐原區,0,0,0,7,,,30,,,,,,,,,,,,,,17,,,,,B03,,,1,,2,,,49,49,1,13,4,120.723242,24.255713,3
12145,66000,387130000C,(04)23274275,(04)23288582,2025,09,30,21,18,臺中市,南區,0,0,0,7,,,40,,,,,,,,,,,,,,12,,,,,B13,,,1,,1,,,84,84,1,12,4,120.669977,24.112411,3
12146,66000,387130000C,(04)23274275,(04)23288582,2025,09,30,21,20,臺中市,霧峰區,0,0,0,7,,,50,,,,,,,,,,,,,,,,,,,,,,,,,,,118,118,1,,,120.733051,24.069436,3
12147,66000,387130000C,(04)23274275,(04)23288582,2025,09,30,21,22,臺中市,西屯區,0,2,0,7,1,6,50,4,1,1,5,4,6,6,1,1,10,5,5,2,13,2,8,5,4,C03,7,9,1,10,2,11,,59,59,1,12,4,120.633045,24.172172,2
12148,66000,387130000C,(04)23274275,(04)23288582,2025,09,30,21,36,臺中市,沙鹿區,0,0,0,6,,,50,,,,,,,,,,,,,,17,,,,,B03,,,1,,2,,,51,51,1,12,4,120.567129,24.227703,3
12149,66000,387130000C,(04)23274275,(04)23288582,2025,09,30,21,45,臺中市,北區,0,0,0,7,,,40,,,,,,,,,,,,,,,,,,,B03,,,1,,1,,,49,49,1,12,4,120.686051,24.159162,3
12150,66000,387130000C,(04)23274275,(04)23288582,2025,09,30,21,49,臺中市,梧棲區,0,0,0,7,,,0,,,,,,,,,,,,,,14,,,,,C03,,,1,,2,,,87,87,1,5,4,120.548226,24.247323,3
12151,66000,387130000C,(04)23274275,(04)23288582,2025,09,30,21,50,臺中市,南屯區,0,1,0,6,1,6,50,13,9,1,5,4,6,6,4,4,5,4,4,2,18,2,9,2,1,C03,7,9,1,10,2,11,,59,59,1,12,4,120.622888,24.140467,2
12152,66000,387130000C,(04)23274275,(04)23288582,2025,09,30,22,8,臺中市,沙鹿區,0,0,0,7,,,60,,,,,,,,,,,,,,17,,,,,B03,,,1,,2,,,45,45,1,6,4,120.597197,24.250169,3
12153,66000,387130000C,(04)23274275,(04)23288582,2025,09,30,22,11,臺中市,北區,0,1,0,7,1,6,50,4,1,1,5,4,6,6,2,1,10,5,5,2,17,3,10,1,1,C03,7,1,1,10,5,16,,51,51,1,13,4,120.675476,24.165463,2
12154,66000,387130000C,(04)23274275,(04)23288582,2025,09,30,22,25,臺中市,西屯區,0,0,0,7,,,30,,,,,,,,,,,,,,17,,,,,B03,,,1,,1,,,8,8,1,12,4,120.653399,24.166257,3
12155,66000,387130000C,(04)23274275,(04)23288582,2025,09,30,22,33,臺中市,西屯區,0,1,0,7,1,6,50,5,1,1,5,4,6,6,2,1,10,5,5,2,12,2,9,2,1,C03,7,6,1,10,2,14,,48,48,1,12,4,120.64608,24.171774,2
12156,66000,387130000C,(04)23274275,(04)23288582,2025,09,30,22,59,臺中市,豐原區,0,0,0,7,,,30,,,,,,,,,,,,,,19,,,,,B03,,,5,,9,,,84,84,1,12,4,120.713336,24.232121,3
12157,66000,387130000C,(04)23274275,(04)23288582,2025,09,30,23,2,臺中市,豐原區,0,1,0,7,1,6,50,4,1,1,5,4,6,3,4,4,5,5,4,1,15,2,7,5,4,B03,7,9,1,8,2,8,,12,12,1,13,4,120.715653,24.249261,2
12158,66000,387130000C,(04)23274275,(04)23288582,2025,09,30,23,10,臺中市,西屯區,0,0,0,7,,,50,,,,,,,,,,,,,,,,,,,B03,,,1,,2,,,50,50,1,12,4,120.651567,24.158093,3
12159,66000,387130000C,(04)23274275,(04)23288582,2025,09,30,23,19,臺中市,西屯區,0,0,0,7,,,50,,,,,,,,,,,,,,12,,,,,C03,,,1,,1,,,85,85,1,12,4,120.626121,24.184568,3
12160,66000,387130000C,(04)23274275,(04)23288582,2025,09,30,23,37,臺中市,大雅區,0,1,0,7,1,6,50,4,1,1,5,4,6,6,1,1,10,4,5,1,19,2,9,1,1,C02,7,9,1,9,2,14,,84,84,1,12,4,120.644905,24.225639,2
12161,66000,387130000C,(04)23274275,(04)23288582,2025,09,30,23,39,臺中市,東區,0,1,0,7,1,6,30,4,1,1,5,4,6,6,4,4,10,5,5,2,15,2,9,1,1,C03,7,9,1,10,2,14,,12,12,1,6,4,120.688863,24.1362,2
12162,66000,387130000C,(04)23274275,(04)23288582,2025,09,30,23,47,臺中市,清水區,0,0,0,7,,,60,,,,,,,,,,,,,,,,,,,B03,,,1,,2,,,82,82,1,12,4,120.547213,24.27519